window_id,window_hour,period_role,interval_start_utc,interval_end_utc,local_date,dam_lz_houston_usd_per_mwh,erco_solar_generation_mwh,erco_wind_generation_mwh,erco_consumed_co2_intensity_lbs_per_kwh,forecast_cutoff_utc,forecast_method,forecast_erco_solar_generation_mwh,forecast_erco_wind_generation_mwh,forecast_consumed_co2_lbs_per_kwh
2025-04-01_30d_d168_h3,0,context,2025-03-25T02:00:00Z,2025-03-25T03:00:00Z,2025-03-24,101.26,0.0,8466.0,0.8874340104220478,,,,,
2025-04-01_30d_d168_h3,1,context,2025-03-25T03:00:00Z,2025-03-25T04:00:00Z,2025-03-24,49.05,0.0,10559.0,0.8706537923455064,,,,,
2025-04-01_30d_d168_h3,2,context,2025-03-25T04:00:00Z,2025-03-25T05:00:00Z,2025-03-24,37.49,0.0,12817.0,0.8182043812934389,,,,,
2025-04-01_30d_d168_h3,3,context,2025-03-25T05:00:00Z,2025-03-25T06:00:00Z,2025-03-25,30.26,0.0,15569.0,0.7067512022841557,,,,,
2025-04-01_30d_d168_h3,4,context,2025-03-25T06:00:00Z,2025-03-25T07:00:00Z,2025-03-25,26.86,0.0,16395.0,0.6691130757158015,,,,,
2025-04-01_30d_d168_h3,5,context,2025-03-25T07:00:00Z,2025-03-25T08:00:00Z,2025-03-25,24.61,0.0,16699.0,0.6441503949627195,,,,,
2025-04-01_30d_d168_h3,6,context,2025-03-25T08:00:00Z,2025-03-25T09:00:00Z,2025-03-25,23.26,0.0,15886.0,0.6501583216025534,,,,,
2025-04-01_30d_d168_h3,7,context,2025-03-25T09:00:00Z,2025-03-25T10:00:00Z,2025-03-25,23.81,0.0,14896.0,0.6748884436495419,,,,,
2025-04-01_30d_d168_h3,8,context,2025-03-25T10:00:00Z,2025-03-25T11:00:00Z,2025-03-25,26.63,0.0,13874.0,0.7284348751221117,,,,,
2025-04-01_30d_d168_h3,9,context,2025-03-25T11:00:00Z,2025-03-25T12:00:00Z,2025-03-25,29.17,0.0,13183.0,0.7708203747616146,,,,,
2025-04-01_30d_d168_h3,10,context,2025-03-25T12:00:00Z,2025-03-25T13:00:00Z,2025-03-25,28.12,355.0,12716.0,0.7883888729190163,,,,,
2025-04-01_30d_d168_h3,11,context,2025-03-25T13:00:00Z,2025-03-25T14:00:00Z,2025-03-25,24.19,8332.0,11177.0,0.6606409166886803,,,,,
2025-04-01_30d_d168_h3,12,context,2025-03-25T14:00:00Z,2025-03-25T15:00:00Z,2025-03-25,13.62,20762.0,8399.0,0.46765293835740884,,,,,
2025-04-01_30d_d168_h3,13,context,2025-03-25T15:00:00Z,2025-03-25T16:00:00Z,2025-03-25,13.69,24017.0,8799.0,0.3946300705357041,,,,,
2025-04-01_30d_d168_h3,14,context,2025-03-25T16:00:00Z,2025-03-25T17:00:00Z,2025-03-25,20.29,23469.0,9405.0,0.38948907500004815,,,,,
2025-04-01_30d_d168_h3,15,context,2025-03-25T17:00:00Z,2025-03-25T18:00:00Z,2025-03-25,27.53,24104.0,8196.0,0.4287383489423786,,,,,
2025-04-01_30d_d168_h3,16,context,2025-03-25T18:00:00Z,2025-03-25T19:00:00Z,2025-03-25,35.62,24571.0,7519.0,0.4843572959617585,,,,,
2025-04-01_30d_d168_h3,17,context,2025-03-25T19:00:00Z,2025-03-25T20:00:00Z,2025-03-25,42.53,24509.0,7204.0,0.530244712677161,,,,,
2025-04-01_30d_d168_h3,18,context,2025-03-25T20:00:00Z,2025-03-25T21:00:00Z,2025-03-25,54.87,23620.0,7327.0,0.5592752614050713,,,,,
2025-04-01_30d_d168_h3,19,context,2025-03-25T21:00:00Z,2025-03-25T22:00:00Z,2025-03-25,53.99,22342.0,7483.0,0.587328128222152,,,,,
2025-04-01_30d_d168_h3,20,context,2025-03-25T22:00:00Z,2025-03-25T23:00:00Z,2025-03-25,67.32,18907.0,8201.0,0.6273574574271928,,,,,
2025-04-01_30d_d168_h3,21,context,2025-03-25T23:00:00Z,2025-03-26T00:00:00Z,2025-03-25,86.33,8763.0,9893.0,0.7183087411358561,,,,,
2025-04-01_30d_d168_h3,22,context,2025-03-26T00:00:00Z,2025-03-26T01:00:00Z,2025-03-25,155.98,1130.0,12066.0,0.7659414815452578,,,,,
2025-04-01_30d_d168_h3,23,context,2025-03-26T01:00:00Z,2025-03-26T02:00:00Z,2025-03-25,92.15,0.0,15986.0,0.7584911941925342,,,,,
2025-04-01_30d_d168_h3,24,context,2025-03-26T02:00:00Z,2025-03-26T03:00:00Z,2025-03-25,41.1,0.0,20126.0,0.7110521761060768,,,,,
2025-04-01_30d_d168_h3,25,context,2025-03-26T03:00:00Z,2025-03-26T04:00:00Z,2025-03-25,32.48,0.0,22507.0,0.6569391475318115,,,,,
2025-04-01_30d_d168_h3,26,context,2025-03-26T04:00:00Z,2025-03-26T05:00:00Z,2025-03-25,30.16,0.0,22918.0,0.6157497255545266,,,,,
2025-04-01_30d_d168_h3,27,context,2025-03-26T05:00:00Z,2025-03-26T06:00:00Z,2025-03-26,25.6,0.0,22857.0,0.5962983848127814,,,,,
2025-04-01_30d_d168_h3,28,context,2025-03-26T06:00:00Z,2025-03-26T07:00:00Z,2025-03-26,26.09,0.0,22076.0,0.5959740617555701,,,,,
2025-04-01_30d_d168_h3,29,context,2025-03-26T07:00:00Z,2025-03-26T08:00:00Z,2025-03-26,24.11,0.0,20789.0,0.6123958649471409,,,,,
2025-04-01_30d_d168_h3,30,context,2025-03-26T08:00:00Z,2025-03-26T09:00:00Z,2025-03-26,22.88,0.0,19381.0,0.6340976563884354,,,,,
2025-04-01_30d_d168_h3,31,context,2025-03-26T09:00:00Z,2025-03-26T10:00:00Z,2025-03-26,21.59,0.0,17842.0,0.6634346638962969,,,,,
2025-04-01_30d_d168_h3,32,context,2025-03-26T10:00:00Z,2025-03-26T11:00:00Z,2025-03-26,24.88,0.0,16598.0,0.7236900573943018,,,,,
2025-04-01_30d_d168_h3,33,context,2025-03-26T11:00:00Z,2025-03-26T12:00:00Z,2025-03-26,32.72,0.0,15669.0,0.7410144589280073,,,,,
2025-04-01_30d_d168_h3,34,context,2025-03-26T12:00:00Z,2025-03-26T13:00:00Z,2025-03-26,41.53,170.0,14572.0,0.7398167747833916,,,,,
2025-04-01_30d_d168_h3,35,context,2025-03-26T13:00:00Z,2025-03-26T14:00:00Z,2025-03-26,35.41,3436.0,13396.0,0.7355275598496074,,,,,
2025-04-01_30d_d168_h3,36,context,2025-03-26T14:00:00Z,2025-03-26T15:00:00Z,2025-03-26,27.46,8771.0,11977.0,0.6744480336492823,,,,,
2025-04-01_30d_d168_h3,37,context,2025-03-26T15:00:00Z,2025-03-26T16:00:00Z,2025-03-26,24.76,11561.0,13368.0,0.5920131530319559,,,,,
2025-04-01_30d_d168_h3,38,context,2025-03-26T16:00:00Z,2025-03-26T17:00:00Z,2025-03-26,24.67,14393.0,13910.0,0.5227961354909727,,,,,
2025-04-01_30d_d168_h3,39,context,2025-03-26T17:00:00Z,2025-03-26T18:00:00Z,2025-03-26,26.04,16053.0,13920.0,0.4756187858201896,,,,,
2025-04-01_30d_d168_h3,40,context,2025-03-26T18:00:00Z,2025-03-26T19:00:00Z,2025-03-26,31.7,15599.0,14887.0,0.47093402958065056,,,,,
2025-04-01_30d_d168_h3,41,context,2025-03-26T19:00:00Z,2025-03-26T20:00:00Z,2025-03-26,30.99,14666.0,15456.0,0.4953419138533098,,,,,
2025-04-01_30d_d168_h3,42,context,2025-03-26T20:00:00Z,2025-03-26T21:00:00Z,2025-03-26,36.55,13779.0,15282.0,0.5225477428122313,,,,,
2025-04-01_30d_d168_h3,43,context,2025-03-26T21:00:00Z,2025-03-26T22:00:00Z,2025-03-26,39.91,12920.0,15489.0,0.5411762275250914,,,,,
2025-04-01_30d_d168_h3,44,context,2025-03-26T22:00:00Z,2025-03-26T23:00:00Z,2025-03-26,48.61,9966.0,16862.0,0.5734630472985812,,,,,
2025-04-01_30d_d168_h3,45,context,2025-03-26T23:00:00Z,2025-03-27T00:00:00Z,2025-03-26,47.09,5785.0,19229.0,0.5992973662679719,,,,,
2025-04-01_30d_d168_h3,46,context,2025-03-27T00:00:00Z,2025-03-27T01:00:00Z,2025-03-26,51.23,974.0,21875.0,0.627537327991315,,,,,
2025-04-01_30d_d168_h3,47,context,2025-03-27T01:00:00Z,2025-03-27T02:00:00Z,2025-03-26,42.0,0.0,23630.0,0.616268124745602,,,,,
2025-04-01_30d_d168_h3,48,context,2025-03-27T02:00:00Z,2025-03-27T03:00:00Z,2025-03-26,35.4,0.0,25366.0,0.5957246045132223,,,,,
2025-04-01_30d_d168_h3,49,context,2025-03-27T03:00:00Z,2025-03-27T04:00:00Z,2025-03-26,25.39,0.0,24634.0,0.5823442025611912,,,,,
2025-04-01_30d_d168_h3,50,context,2025-03-27T04:00:00Z,2025-03-27T05:00:00Z,2025-03-26,24.38,0.0,24019.0,0.5490477180030029,,,,,
2025-04-01_30d_d168_h3,51,context,2025-03-27T05:00:00Z,2025-03-27T06:00:00Z,2025-03-27,23.61,0.0,23167.0,0.5420162897285467,,,,,
2025-04-01_30d_d168_h3,52,context,2025-03-27T06:00:00Z,2025-03-27T07:00:00Z,2025-03-27,21.15,0.0,20606.0,0.5890832815681141,,,,,
2025-04-01_30d_d168_h3,53,context,2025-03-27T07:00:00Z,2025-03-27T08:00:00Z,2025-03-27,22.02,0.0,18664.0,0.6189459599061848,,,,,
2025-04-01_30d_d168_h3,54,context,2025-03-27T08:00:00Z,2025-03-27T09:00:00Z,2025-03-27,23.01,0.0,16880.0,0.6623376707919537,,,,,
2025-04-01_30d_d168_h3,55,context,2025-03-27T09:00:00Z,2025-03-27T10:00:00Z,2025-03-27,25.52,0.0,15718.0,0.7051874061004884,,,,,
2025-04-01_30d_d168_h3,56,context,2025-03-27T10:00:00Z,2025-03-27T11:00:00Z,2025-03-27,28.62,0.0,14888.0,0.7461586220566294,,,,,
2025-04-01_30d_d168_h3,57,context,2025-03-27T11:00:00Z,2025-03-27T12:00:00Z,2025-03-27,39.09,0.0,14080.0,0.7709955658903275,,,,,
2025-04-01_30d_d168_h3,58,context,2025-03-27T12:00:00Z,2025-03-27T13:00:00Z,2025-03-27,43.24,171.0,12808.0,0.7737565117995403,,,,,
2025-04-01_30d_d168_h3,59,context,2025-03-27T13:00:00Z,2025-03-27T14:00:00Z,2025-03-27,43.65,4116.0,11307.0,0.7493367254395427,,,,,
2025-04-01_30d_d168_h3,60,context,2025-03-27T14:00:00Z,2025-03-27T15:00:00Z,2025-03-27,36.65,9981.0,9374.0,0.691866714943637,,,,,
2025-04-01_30d_d168_h3,61,context,2025-03-27T15:00:00Z,2025-03-27T16:00:00Z,2025-03-27,31.15,11598.0,11830.0,0.6088225091576089,,,,,
2025-04-01_30d_d168_h3,62,context,2025-03-27T16:00:00Z,2025-03-27T17:00:00Z,2025-03-27,31.77,13446.0,13051.0,0.5179363528574266,,,,,
2025-04-01_30d_d168_h3,63,context,2025-03-27T17:00:00Z,2025-03-27T18:00:00Z,2025-03-27,27.15,14516.0,12563.0,0.5124944458142519,,,,,
2025-04-01_30d_d168_h3,64,context,2025-03-27T18:00:00Z,2025-03-27T19:00:00Z,2025-03-27,28.24,14632.0,12396.0,0.5436262292245386,,,,,
2025-04-01_30d_d168_h3,65,context,2025-03-27T19:00:00Z,2025-03-27T20:00:00Z,2025-03-27,26.23,13437.0,12150.0,0.5854701208465717,,,,,
2025-04-01_30d_d168_h3,66,context,2025-03-27T20:00:00Z,2025-03-27T21:00:00Z,2025-03-27,26.94,12627.0,12968.0,0.5888510361563796,,,,,
2025-04-01_30d_d168_h3,67,context,2025-03-27T21:00:00Z,2025-03-27T22:00:00Z,2025-03-27,27.56,10771.0,14596.0,0.5700074968049905,,,,,
2025-04-01_30d_d168_h3,68,context,2025-03-27T22:00:00Z,2025-03-27T23:00:00Z,2025-03-27,29.46,7742.0,15667.0,0.608782203443305,,,,,
2025-04-01_30d_d168_h3,69,context,2025-03-27T23:00:00Z,2025-03-28T00:00:00Z,2025-03-27,37.49,3975.0,16836.0,0.6550626343137796,,,,,
2025-04-01_30d_d168_h3,70,context,2025-03-28T00:00:00Z,2025-03-28T01:00:00Z,2025-03-27,48.35,624.0,17080.0,0.7151958946683271,,,,,
2025-04-01_30d_d168_h3,71,context,2025-03-28T01:00:00Z,2025-03-28T02:00:00Z,2025-03-27,50.79,0.0,17574.0,0.7082249409763499,,,,,
2025-04-01_30d_d168_h3,72,context,2025-03-28T02:00:00Z,2025-03-28T03:00:00Z,2025-03-27,46.47,0.0,17079.0,0.7232588071034048,,,,,
2025-04-01_30d_d168_h3,73,context,2025-03-28T03:00:00Z,2025-03-28T04:00:00Z,2025-03-27,36.87,0.0,14875.0,0.7727593789304201,,,,,
2025-04-01_30d_d168_h3,74,context,2025-03-28T04:00:00Z,2025-03-28T05:00:00Z,2025-03-27,33.19,0.0,13391.0,0.8002308559613441,,,,,
2025-04-01_30d_d168_h3,75,context,2025-03-28T05:00:00Z,2025-03-28T06:00:00Z,2025-03-28,27.5,0.0,12320.0,0.8172078018944385,,,,,
2025-04-01_30d_d168_h3,76,context,2025-03-28T06:00:00Z,2025-03-28T07:00:00Z,2025-03-28,26.51,0.0,9975.0,0.8678441805729207,,,,,
2025-04-01_30d_d168_h3,77,context,2025-03-28T07:00:00Z,2025-03-28T08:00:00Z,2025-03-28,25.6,0.0,9397.0,0.8834973064991068,,,,,
2025-04-01_30d_d168_h3,78,context,2025-03-28T08:00:00Z,2025-03-28T09:00:00Z,2025-03-28,29.99,0.0,9913.0,0.8748821175981394,,,,,
2025-04-01_30d_d168_h3,79,context,2025-03-28T09:00:00Z,2025-03-28T10:00:00Z,2025-03-28,33.16,0.0,9992.0,0.8749300058086611,,,,,
2025-04-01_30d_d168_h3,80,context,2025-03-28T10:00:00Z,2025-03-28T11:00:00Z,2025-03-28,36.19,0.0,10117.0,0.8708015551485002,,,,,
2025-04-01_30d_d168_h3,81,context,2025-03-28T11:00:00Z,2025-03-28T12:00:00Z,2025-03-28,49.07,1.0,9297.0,0.8659967876986403,,,,,
2025-04-01_30d_d168_h3,82,context,2025-03-28T12:00:00Z,2025-03-28T13:00:00Z,2025-03-28,52.97,41.0,8134.0,0.8622293311104066,,,,,
2025-04-01_30d_d168_h3,83,context,2025-03-28T13:00:00Z,2025-03-28T14:00:00Z,2025-03-28,52.79,2000.0,7469.0,0.8406528699500838,,,,,
2025-04-01_30d_d168_h3,84,context,2025-03-28T14:00:00Z,2025-03-28T15:00:00Z,2025-03-28,41.02,6653.0,7602.0,0.7879985299083748,,,,,
2025-04-01_30d_d168_h3,85,context,2025-03-28T15:00:00Z,2025-03-28T16:00:00Z,2025-03-28,36.68,10806.0,7043.0,0.7199522580492147,,,,,
2025-04-01_30d_d168_h3,86,context,2025-03-28T16:00:00Z,2025-03-28T17:00:00Z,2025-03-28,34.76,14628.0,5462.0,0.6825754444015633,,,,,
2025-04-01_30d_d168_h3,87,context,2025-03-28T17:00:00Z,2025-03-28T18:00:00Z,2025-03-28,30.7,15696.0,4115.0,0.6870551176547725,,,,,
2025-04-01_30d_d168_h3,88,context,2025-03-28T18:00:00Z,2025-03-28T19:00:00Z,2025-03-28,27.13,15422.0,3447.0,0.7119102936033356,,,,,
2025-04-01_30d_d168_h3,89,context,2025-03-28T19:00:00Z,2025-03-28T20:00:00Z,2025-03-28,26.31,14762.0,3975.0,0.7203226157238359,,,,,
2025-04-01_30d_d168_h3,90,context,2025-03-28T20:00:00Z,2025-03-28T21:00:00Z,2025-03-28,27.35,14232.0,5073.0,0.7149413504991992,,,,,
2025-04-01_30d_d168_h3,91,context,2025-03-28T21:00:00Z,2025-03-28T22:00:00Z,2025-03-28,27.02,14800.0,5985.0,0.6863179209417757,,,,,
2025-04-01_30d_d168_h3,92,context,2025-03-28T22:00:00Z,2025-03-28T23:00:00Z,2025-03-28,31.42,13469.0,7138.0,0.6859325146254047,,,,,
2025-04-01_30d_d168_h3,93,context,2025-03-28T23:00:00Z,2025-03-29T00:00:00Z,2025-03-28,41.04,10150.0,9337.0,0.6899733911508933,,,,,
2025-04-01_30d_d168_h3,94,context,2025-03-29T00:00:00Z,2025-03-29T01:00:00Z,2025-03-28,49.35,1990.0,12017.0,0.7444452667625914,,,,,
2025-04-01_30d_d168_h3,95,context,2025-03-29T01:00:00Z,2025-03-29T02:00:00Z,2025-03-28,34.79,1.0,16826.0,0.7223002135401728,,,,,
2025-04-01_30d_d168_h3,96,context,2025-03-29T02:00:00Z,2025-03-29T03:00:00Z,2025-03-28,27.46,0.0,20900.0,0.6563128557911038,,,,,
2025-04-01_30d_d168_h3,97,context,2025-03-29T03:00:00Z,2025-03-29T04:00:00Z,2025-03-28,27.17,0.0,22318.0,0.6270326414620477,,,,,
2025-04-01_30d_d168_h3,98,context,2025-03-29T04:00:00Z,2025-03-29T05:00:00Z,2025-03-28,26.51,0.0,22769.0,0.6001733623924902,,,,,
2025-04-01_30d_d168_h3,99,context,2025-03-29T05:00:00Z,2025-03-29T06:00:00Z,2025-03-29,24.84,0.0,22809.0,0.5507453567189363,,,,,
2025-04-01_30d_d168_h3,100,context,2025-03-29T06:00:00Z,2025-03-29T07:00:00Z,2025-03-29,26.0,0.0,22707.0,0.5225774456497264,,,,,
2025-04-01_30d_d168_h3,101,context,2025-03-29T07:00:00Z,2025-03-29T08:00:00Z,2025-03-29,23.66,0.0,22558.0,0.5061497276127739,,,,,
2025-04-01_30d_d168_h3,102,context,2025-03-29T08:00:00Z,2025-03-29T09:00:00Z,2025-03-29,22.56,0.0,22082.0,0.5202517576333526,,,,,
2025-04-01_30d_d168_h3,103,context,2025-03-29T09:00:00Z,2025-03-29T10:00:00Z,2025-03-29,21.91,0.0,21653.0,0.5351672498193223,,,,,
2025-04-01_30d_d168_h3,104,context,2025-03-29T10:00:00Z,2025-03-29T11:00:00Z,2025-03-29,24.79,0.0,20845.0,0.5557832235883432,,,,,
2025-04-01_30d_d168_h3,105,context,2025-03-29T11:00:00Z,2025-03-29T12:00:00Z,2025-03-29,25.63,0.0,20329.0,0.5783202474546537,,,,,
2025-04-01_30d_d168_h3,106,context,2025-03-29T12:00:00Z,2025-03-29T13:00:00Z,2025-03-29,27.46,121.0,19599.0,0.600681226575228,,,,,
2025-04-01_30d_d168_h3,107,context,2025-03-29T13:00:00Z,2025-03-29T14:00:00Z,2025-03-29,24.58,4141.0,16755.0,0.5945842528724965,,,,,
2025-04-01_30d_d168_h3,108,context,2025-03-29T14:00:00Z,2025-03-29T15:00:00Z,2025-03-29,21.36,10722.0,13662.0,0.5689399850641005,,,,,
2025-04-01_30d_d168_h3,109,context,2025-03-29T15:00:00Z,2025-03-29T16:00:00Z,2025-03-29,19.63,14859.0,12476.0,0.5335177368573993,,,,,
2025-04-01_30d_d168_h3,110,context,2025-03-29T16:00:00Z,2025-03-29T17:00:00Z,2025-03-29,21.45,17543.0,10375.0,0.5269389631370522,,,,,
2025-04-01_30d_d168_h3,111,context,2025-03-29T17:00:00Z,2025-03-29T18:00:00Z,2025-03-29,23.98,21320.0,8906.0,0.48246079578981965,,,,,
2025-04-01_30d_d168_h3,112,context,2025-03-29T18:00:00Z,2025-03-29T19:00:00Z,2025-03-29,28.63,22398.0,8915.0,0.49583431484256835,,,,,
2025-04-01_30d_d168_h3,113,context,2025-03-29T19:00:00Z,2025-03-29T20:00:00Z,2025-03-29,30.06,22903.0,11140.0,0.477152588551939,,,,,
2025-04-01_30d_d168_h3,114,context,2025-03-29T20:00:00Z,2025-03-29T21:00:00Z,2025-03-29,37.22,22378.0,13714.0,0.4582890016073128,,,,,
2025-04-01_30d_d168_h3,115,context,2025-03-29T21:00:00Z,2025-03-29T22:00:00Z,2025-03-29,36.19,21241.0,16674.0,0.4299520368785547,,,,,
2025-04-01_30d_d168_h3,116,context,2025-03-29T22:00:00Z,2025-03-29T23:00:00Z,2025-03-29,35.25,17225.0,19263.0,0.4336584412677896,,,,,
2025-04-01_30d_d168_h3,117,context,2025-03-29T23:00:00Z,2025-03-30T00:00:00Z,2025-03-29,35.89,8598.0,20242.0,0.5503911592356776,,,,,
2025-04-01_30d_d168_h3,118,context,2025-03-30T00:00:00Z,2025-03-30T01:00:00Z,2025-03-29,45.0,1449.0,21392.0,0.6336764894463214,,,,,
2025-04-01_30d_d168_h3,119,context,2025-03-30T01:00:00Z,2025-03-30T02:00:00Z,2025-03-29,41.89,2.0,20522.0,0.6625135476688826,,,,,
2025-04-01_30d_d168_h3,120,context,2025-03-30T02:00:00Z,2025-03-30T03:00:00Z,2025-03-29,42.49,0.0,18386.0,0.7053196115289453,,,,,
2025-04-01_30d_d168_h3,121,context,2025-03-30T03:00:00Z,2025-03-30T04:00:00Z,2025-03-29,39.28,0.0,15817.0,0.7561196768390372,,,,,
2025-04-01_30d_d168_h3,122,context,2025-03-30T04:00:00Z,2025-03-30T05:00:00Z,2025-03-29,34.61,0.0,14153.0,0.793053766565647,,,,,
2025-04-01_30d_d168_h3,123,context,2025-03-30T05:00:00Z,2025-03-30T06:00:00Z,2025-03-30,35.2,0.0,12705.0,0.8085779157934252,,,,,
2025-04-01_30d_d168_h3,124,context,2025-03-30T06:00:00Z,2025-03-30T07:00:00Z,2025-03-30,32.66,0.0,13012.0,0.7976225400891649,,,,,
2025-04-01_30d_d168_h3,125,context,2025-03-30T07:00:00Z,2025-03-30T08:00:00Z,2025-03-30,29.17,0.0,14616.0,0.7588146644728928,,,,,
2025-04-01_30d_d168_h3,126,context,2025-03-30T08:00:00Z,2025-03-30T09:00:00Z,2025-03-30,25.22,0.0,15697.0,0.7394901496332303,,,,,
2025-04-01_30d_d168_h3,127,context,2025-03-30T09:00:00Z,2025-03-30T10:00:00Z,2025-03-30,23.2,0.0,16283.0,0.7288171956674082,,,,,
2025-04-01_30d_d168_h3,128,context,2025-03-30T10:00:00Z,2025-03-30T11:00:00Z,2025-03-30,24.08,0.0,16432.0,0.7211160105120327,,,,,
2025-04-01_30d_d168_h3,129,context,2025-03-30T11:00:00Z,2025-03-30T12:00:00Z,2025-03-30,24.38,0.0,16629.0,0.7202591837888813,,,,,
2025-04-01_30d_d168_h3,130,context,2025-03-30T12:00:00Z,2025-03-30T13:00:00Z,2025-03-30,24.04,128.0,16725.0,0.7189739170398397,,,,,
2025-04-01_30d_d168_h3,131,context,2025-03-30T13:00:00Z,2025-03-30T14:00:00Z,2025-03-30,22.42,4209.0,16365.0,0.655469916518325,,,,,
2025-04-01_30d_d168_h3,132,context,2025-03-30T14:00:00Z,2025-03-30T15:00:00Z,2025-03-30,21.04,11194.0,15098.0,0.543021935810832,,,,,
2025-04-01_30d_d168_h3,133,context,2025-03-30T15:00:00Z,2025-03-30T16:00:00Z,2025-03-30,21.74,14221.0,15322.0,0.49171176554888735,,,,,
2025-04-01_30d_d168_h3,134,context,2025-03-30T16:00:00Z,2025-03-30T17:00:00Z,2025-03-30,23.39,17469.0,12860.0,0.47280051834565806,,,,,
2025-04-01_30d_d168_h3,135,context,2025-03-30T17:00:00Z,2025-03-30T18:00:00Z,2025-03-30,26.39,19327.0,10202.0,0.4938290400657749,,,,,
2025-04-01_30d_d168_h3,136,context,2025-03-30T18:00:00Z,2025-03-30T19:00:00Z,2025-03-30,34.09,19967.0,7859.0,0.5514436045497063,,,,,
2025-04-01_30d_d168_h3,137,context,2025-03-30T19:00:00Z,2025-03-30T20:00:00Z,2025-03-30,37.92,20116.0,6186.0,0.6075209562258971,,,,,
2025-04-01_30d_d168_h3,138,context,2025-03-30T20:00:00Z,2025-03-30T21:00:00Z,2025-03-30,32.24,20257.0,5091.0,0.6386125222305608,,,,,
2025-04-01_30d_d168_h3,139,context,2025-03-30T21:00:00Z,2025-03-30T22:00:00Z,2025-03-30,34.58,19616.0,4554.0,0.6525515970059541,,,,,
2025-04-01_30d_d168_h3,140,context,2025-03-30T22:00:00Z,2025-03-30T23:00:00Z,2025-03-30,35.24,16769.0,4256.0,0.6918085785606487,,,,,
2025-04-01_30d_d168_h3,141,context,2025-03-30T23:00:00Z,2025-03-31T00:00:00Z,2025-03-30,58.93,10623.0,4899.0,0.7703784552249346,,,,,
2025-04-01_30d_d168_h3,142,context,2025-03-31T00:00:00Z,2025-03-31T01:00:00Z,2025-03-30,120.72,1996.0,6610.0,0.8374127342115879,,,,,
2025-04-01_30d_d168_h3,143,context,2025-03-31T01:00:00Z,2025-03-31T02:00:00Z,2025-03-30,89.36,2.0,9264.0,0.8491625847819592,,,,,
2025-04-01_30d_d168_h3,144,context,2025-03-31T02:00:00Z,2025-03-31T03:00:00Z,2025-03-30,56.03,0.0,12238.0,0.8288009003633575,,,,,
2025-04-01_30d_d168_h3,145,context,2025-03-31T03:00:00Z,2025-03-31T04:00:00Z,2025-03-30,38.63,0.0,13730.0,0.807092200424273,,,,,
2025-04-01_30d_d168_h3,146,context,2025-03-31T04:00:00Z,2025-03-31T05:00:00Z,2025-03-30,31.38,0.0,13057.0,0.8159448947743704,,,,,
2025-04-01_30d_d168_h3,147,context,2025-03-31T05:00:00Z,2025-03-31T06:00:00Z,2025-03-31,33.63,0.0,11762.0,0.8357678748487026,,,,,
2025-04-01_30d_d168_h3,148,context,2025-03-31T06:00:00Z,2025-03-31T07:00:00Z,2025-03-31,33.89,0.0,9704.0,0.8716996340794451,,,,,
2025-04-01_30d_d168_h3,149,context,2025-03-31T07:00:00Z,2025-03-31T08:00:00Z,2025-03-31,34.31,0.0,7086.0,0.9189305684269591,,,,,
2025-04-01_30d_d168_h3,150,context,2025-03-31T08:00:00Z,2025-03-31T09:00:00Z,2025-03-31,35.07,0.0,5120.0,0.9594938999680998,,,,,
2025-04-01_30d_d168_h3,151,context,2025-03-31T09:00:00Z,2025-03-31T10:00:00Z,2025-03-31,38.45,0.0,5753.0,0.9550420083905449,,,,,
2025-04-01_30d_d168_h3,152,context,2025-03-31T10:00:00Z,2025-03-31T11:00:00Z,2025-03-31,39.85,0.0,7484.0,0.9197061303858095,,,,,
2025-04-01_30d_d168_h3,153,context,2025-03-31T11:00:00Z,2025-03-31T12:00:00Z,2025-03-31,42.81,0.0,7863.0,0.8844128062544787,,,,,
2025-04-01_30d_d168_h3,154,context,2025-03-31T12:00:00Z,2025-03-31T13:00:00Z,2025-03-31,45.5,437.0,8242.0,0.8612029092620541,,,,,
2025-04-01_30d_d168_h3,155,context,2025-03-31T13:00:00Z,2025-03-31T14:00:00Z,2025-03-31,29.23,6986.0,7101.0,0.7846324059873926,,,,,
2025-04-01_30d_d168_h3,156,context,2025-03-31T14:00:00Z,2025-03-31T15:00:00Z,2025-03-31,23.69,17194.0,5173.0,0.6387591413573629,,,,,
2025-04-01_30d_d168_h3,157,context,2025-03-31T15:00:00Z,2025-03-31T16:00:00Z,2025-03-31,28.77,21274.0,4591.0,0.5751718573750058,,,,,
2025-04-01_30d_d168_h3,158,context,2025-03-31T16:00:00Z,2025-03-31T17:00:00Z,2025-03-31,31.63,22519.0,3715.0,0.5631622138503768,,,,,
2025-04-01_30d_d168_h3,159,context,2025-03-31T17:00:00Z,2025-03-31T18:00:00Z,2025-03-31,40.31,24301.0,3462.0,0.5334590195547038,,,,,
2025-04-01_30d_d168_h3,160,context,2025-03-31T18:00:00Z,2025-03-31T19:00:00Z,2025-03-31,55.5,24891.0,2946.0,0.5390480581792398,,,,,
2025-04-01_30d_d168_h3,161,context,2025-03-31T19:00:00Z,2025-03-31T20:00:00Z,2025-03-31,54.2,24874.0,2809.0,0.554836076976995,,,,,
2025-04-01_30d_d168_h3,162,context,2025-03-31T20:00:00Z,2025-03-31T21:00:00Z,2025-03-31,57.92,24940.0,2758.0,0.5630687108535725,,,,,
2025-04-01_30d_d168_h3,163,context,2025-03-31T21:00:00Z,2025-03-31T22:00:00Z,2025-03-31,56.14,24243.0,3182.0,0.577535962346823,,,,,
2025-04-01_30d_d168_h3,164,context,2025-03-31T22:00:00Z,2025-03-31T23:00:00Z,2025-03-31,39.32,21612.0,4230.0,0.6012406283722925,,,,,
2025-04-01_30d_d168_h3,165,context,2025-03-31T23:00:00Z,2025-04-01T00:00:00Z,2025-03-31,56.69,13075.0,5438.0,0.7129778745968429,,,,,
2025-04-01_30d_d168_h3,166,context,2025-04-01T00:00:00Z,2025-04-01T01:00:00Z,2025-03-31,112.38,2267.0,7114.0,0.8149763899856689,,,,,
2025-04-01_30d_d168_h3,167,context,2025-04-01T01:00:00Z,2025-04-01T02:00:00Z,2025-03-31,71.8,3.0,10069.0,0.8300019515674799,,,,,
2025-04-01_30d_d168_h3,168,context,2025-04-01T02:00:00Z,2025-04-01T03:00:00Z,2025-03-31,40.23,0.0,13676.0,0.8031930178675784,,,,,
2025-04-01_30d_d168_h3,169,context,2025-04-01T03:00:00Z,2025-04-01T04:00:00Z,2025-03-31,33.04,0.0,16843.0,0.7350364118968313,,,,,
2025-04-01_30d_d168_h3,170,context,2025-04-01T04:00:00Z,2025-04-01T05:00:00Z,2025-03-31,25.88,0.0,19782.0,0.6459456656841889,,,,,
2025-04-01_30d_d168_h3,171,core,2025-04-01T05:00:00Z,2025-04-01T06:00:00Z,2025-04-01,30.22,0.0,21240.0,0.5869246062493393,2025-03-31T23:00:00Z,direct_ridge_90d_v1,0.0,15809.601312926503,0.7044439001765826
2025-04-01_30d_d168_h3,172,core,2025-04-01T06:00:00Z,2025-04-01T07:00:00Z,2025-04-01,26.52,0.0,21297.0,0.5833608651433145,2025-03-31T23:00:00Z,direct_ridge_90d_v1,0.0,16412.693887833433,0.6875331696763807
2025-04-01_30d_d168_h3,173,core,2025-04-01T07:00:00Z,2025-04-01T08:00:00Z,2025-04-01,25.7,0.0,20466.0,0.5894283224318314,2025-03-31T23:00:00Z,direct_ridge_90d_v1,0.0,15564.064736409207,0.6885323240320063
2025-04-01_30d_d168_h3,174,core,2025-04-01T08:00:00Z,2025-04-01T09:00:00Z,2025-04-01,25.9,1.0,19947.0,0.5916072541051368,2025-03-31T23:00:00Z,direct_ridge_90d_v1,0.0,15496.611030639931,0.6908189497237271
2025-04-01_30d_d168_h3,175,core,2025-04-01T09:00:00Z,2025-04-01T10:00:00Z,2025-04-01,25.56,1.0,20083.0,0.5909423762974284,2025-03-31T23:00:00Z,direct_ridge_90d_v1,0.0,15337.707651081531,0.6955647677889367
2025-04-01_30d_d168_h3,176,core,2025-04-01T10:00:00Z,2025-04-01T11:00:00Z,2025-04-01,30.83,1.0,20595.0,0.5906548603895021,2025-03-31T23:00:00Z,direct_ridge_90d_v1,0.0,14942.75128269496,0.7188992278019273
2025-04-01_30d_d168_h3,177,core,2025-04-01T11:00:00Z,2025-04-01T12:00:00Z,2025-04-01,33.02,1.0,21040.0,0.5891130216447227,2025-03-31T23:00:00Z,direct_ridge_90d_v1,0.0,14304.253464374162,0.730324138774102
2025-04-01_30d_d168_h3,178,core,2025-04-01T12:00:00Z,2025-04-01T13:00:00Z,2025-04-01,33.89,293.0,21349.0,0.5887110364581023,2025-03-31T23:00:00Z,direct_ridge_90d_v1,107.30651763808106,13743.970267494278,0.720021634120247
2025-04-01_30d_d168_h3,179,core,2025-04-01T13:00:00Z,2025-04-01T14:00:00Z,2025-04-01,28.3,3788.0,21155.0,0.5428986767263567,2025-03-31T23:00:00Z,direct_ridge_90d_v1,5504.58136611334,12339.937955756694,0.6355170111160254
2025-04-01_30d_d168_h3,180,core,2025-04-01T14:00:00Z,2025-04-01T15:00:00Z,2025-04-01,25.39,7049.0,20922.0,0.5013848298971897,2025-03-31T23:00:00Z,direct_ridge_90d_v1,14140.158871804584,11192.392775202947,0.5198895734343947
2025-04-01_30d_d168_h3,181,core,2025-04-01T15:00:00Z,2025-04-01T16:00:00Z,2025-04-01,25.5,8231.0,22375.0,0.4683716268771811,2025-03-31T23:00:00Z,direct_ridge_90d_v1,16492.90493692439,11429.34276560361,0.47076203459187926
2025-04-01_30d_d168_h3,182,core,2025-04-01T16:00:00Z,2025-04-01T17:00:00Z,2025-04-01,26.15,8823.0,23127.0,0.44608161425024406,2025-03-31T23:00:00Z,direct_ridge_90d_v1,17734.66878250206,11173.028474852917,0.4430682673645015
2025-04-01_30d_d168_h3,183,core,2025-04-01T17:00:00Z,2025-04-01T18:00:00Z,2025-04-01,26.81,9754.0,23428.0,0.43270251292595724,2025-03-31T23:00:00Z,direct_ridge_90d_v1,18431.123743651984,10584.425917431276,0.426130683648786
2025-04-01_30d_d168_h3,184,core,2025-04-01T18:00:00Z,2025-04-01T19:00:00Z,2025-04-01,35.73,10543.0,23928.0,0.41149421959804744,2025-03-31T23:00:00Z,direct_ridge_90d_v1,18651.733521859576,10508.477763785022,0.43015182618009723
2025-04-01_30d_d168_h3,185,core,2025-04-01T19:00:00Z,2025-04-01T20:00:00Z,2025-04-01,39.08,11185.0,24119.0,0.39693157032615806,2025-03-31T23:00:00Z,direct_ridge_90d_v1,18583.43777624318,10885.586002395677,0.4400352636362994
2025-04-01_30d_d168_h3,186,core,2025-04-01T20:00:00Z,2025-04-01T21:00:00Z,2025-04-01,47.75,12301.0,24135.0,0.37868231227935684,2025-03-31T23:00:00Z,direct_ridge_90d_v1,18269.702483483026,11623.514122408424,0.4461759332622994
2025-04-01_30d_d168_h3,187,core,2025-04-01T21:00:00Z,2025-04-01T22:00:00Z,2025-04-01,55.93,11897.0,24278.0,0.3889530580728787,2025-03-31T23:00:00Z,direct_ridge_90d_v1,17842.156231145927,12550.556987871774,0.45066574565614886
2025-04-01_30d_d168_h3,188,core,2025-04-01T22:00:00Z,2025-04-01T23:00:00Z,2025-04-01,51.12,10364.0,24554.0,0.43309560376627515,2025-03-31T23:00:00Z,direct_ridge_90d_v1,16284.94802388931,13501.338294236573,0.4965907025446815
2025-04-01_30d_d168_h3,189,core,2025-04-01T23:00:00Z,2025-04-02T00:00:00Z,2025-04-01,46.91,5404.0,24782.0,0.5033760639598931,2025-03-31T23:00:00Z,direct_ridge_90d_v1,10211.851779537867,13664.976971417074,0.6177043787994195
2025-04-01_30d_d168_h3,190,core,2025-04-02T00:00:00Z,2025-04-02T01:00:00Z,2025-04-01,51.86,1258.0,24616.0,0.5583373664248715,2025-03-31T23:00:00Z,direct_ridge_90d_v1,1677.444773545666,13888.276938881554,0.720054899461303
2025-04-01_30d_d168_h3,191,core,2025-04-02T01:00:00Z,2025-04-02T02:00:00Z,2025-04-01,55.08,2.0,24242.0,0.5778148293461557,2025-03-31T23:00:00Z,direct_ridge_90d_v1,0.0,15144.116788145193,0.7268496457099283
2025-04-01_30d_d168_h3,192,core,2025-04-02T02:00:00Z,2025-04-02T03:00:00Z,2025-04-01,41.63,0.0,25602.0,0.5778621388427617,2025-03-31T23:00:00Z,direct_ridge_90d_v1,0.0,16552.033550156688,0.7109225500116952
2025-04-01_30d_d168_h3,193,core,2025-04-02T03:00:00Z,2025-04-02T04:00:00Z,2025-04-01,39.86,0.0,26570.0,0.5564964132353684,2025-03-31T23:00:00Z,direct_ridge_90d_v1,0.0,17427.365345892824,0.6861209465402791
2025-04-01_30d_d168_h3,194,core,2025-04-02T04:00:00Z,2025-04-02T05:00:00Z,2025-04-01,35.37,0.0,26663.0,0.5349053710325182,2025-03-31T23:00:00Z,direct_ridge_90d_v1,0.0,17771.679583817182,0.655607270974367
2025-04-01_30d_d168_h3,195,core,2025-04-02T05:00:00Z,2025-04-02T06:00:00Z,2025-04-02,32.54,0.0,26332.0,0.5060857531570474,2025-04-01T23:00:00Z,direct_ridge_90d_v1,0.0,18279.448375876902,0.6930919744562135
2025-04-01_30d_d168_h3,196,core,2025-04-02T06:00:00Z,2025-04-02T07:00:00Z,2025-04-02,29.03,0.0,26178.0,0.4825134321498643,2025-04-01T23:00:00Z,direct_ridge_90d_v1,0.0,17841.922597533012,0.6940064753807168
2025-04-01_30d_d168_h3,197,core,2025-04-02T07:00:00Z,2025-04-02T08:00:00Z,2025-04-02,29.42,0.0,25887.0,0.4628933175351772,2025-04-01T23:00:00Z,direct_ridge_90d_v1,0.0,18033.685883969094,0.6854642136676916
2025-04-01_30d_d168_h3,198,core,2025-04-02T08:00:00Z,2025-04-02T09:00:00Z,2025-04-02,27.3,0.0,24866.0,0.46836173440240664,2025-04-01T23:00:00Z,direct_ridge_90d_v1,0.0,17677.49551912566,0.6891037916847319
2025-04-01_30d_d168_h3,199,core,2025-04-02T09:00:00Z,2025-04-02T10:00:00Z,2025-04-02,30.1,0.0,23471.0,0.49668623748192153,2025-04-01T23:00:00Z,direct_ridge_90d_v1,0.0,17146.43067900876,0.7010011379164016
2025-04-01_30d_d168_h3,200,core,2025-04-02T10:00:00Z,2025-04-02T11:00:00Z,2025-04-02,37.08,0.0,23954.0,0.5035519781430146,2025-04-01T23:00:00Z,direct_ridge_90d_v1,0.0,16410.0157345092,0.7262323350467208
2025-04-01_30d_d168_h3,201,core,2025-04-02T11:00:00Z,2025-04-02T12:00:00Z,2025-04-02,38.25,0.0,24444.0,0.5158286649136006,2025-04-01T23:00:00Z,direct_ridge_90d_v1,0.45525538495832546,15781.39696475538,0.7316090054284828
2025-04-01_30d_d168_h3,202,core,2025-04-02T12:00:00Z,2025-04-02T13:00:00Z,2025-04-02,39.41,202.0,21981.0,0.5736319231395018,2025-04-01T23:00:00Z,direct_ridge_90d_v1,230.28142541047475,15142.904878451138,0.7260277652499798
2025-04-01_30d_d168_h3,203,core,2025-04-02T13:00:00Z,2025-04-02T14:00:00Z,2025-04-02,31.17,4018.0,17820.0,0.6087057825652825,2025-04-01T23:00:00Z,direct_ridge_90d_v1,5812.231832879377,14143.44484251822,0.6472800527477011
2025-04-01_30d_d168_h3,204,core,2025-04-02T14:00:00Z,2025-04-02T15:00:00Z,2025-04-02,27.44,9632.0,16011.0,0.5666314603496324,2025-04-01T23:00:00Z,direct_ridge_90d_v1,14136.348856083689,13438.171768010567,0.542853735518578
2025-04-01_30d_d168_h3,205,core,2025-04-02T15:00:00Z,2025-04-02T16:00:00Z,2025-04-02,30.86,12634.0,15307.0,0.5279974816050805,2025-04-01T23:00:00Z,direct_ridge_90d_v1,16356.070777745626,13494.59411028812,0.48968148937879763
2025-04-01_30d_d168_h3,206,core,2025-04-02T16:00:00Z,2025-04-02T17:00:00Z,2025-04-02,34.66,13521.0,11930.0,0.5751737874845319,2025-04-01T23:00:00Z,direct_ridge_90d_v1,17390.45498116485,13426.893883690924,0.4523003097491295
2025-04-01_30d_d168_h3,207,core,2025-04-02T17:00:00Z,2025-04-02T18:00:00Z,2025-04-02,43.2,14355.0,8633.0,0.6204806140982088,2025-04-01T23:00:00Z,direct_ridge_90d_v1,18173.89224899293,13207.11720676235,0.4349947653659425
2025-04-01_30d_d168_h3,208,core,2025-04-02T18:00:00Z,2025-04-02T19:00:00Z,2025-04-02,53.29,15072.0,6731.0,0.6449418544071831,2025-04-01T23:00:00Z,direct_ridge_90d_v1,18338.37231725392,13131.630242842526,0.4411485363502835
2025-04-01_30d_d168_h3,209,core,2025-04-02T19:00:00Z,2025-04-02T20:00:00Z,2025-04-02,63.43,15540.0,5742.0,0.6609416923703493,2025-04-01T23:00:00Z,direct_ridge_90d_v1,18219.162729466207,13092.715891182914,0.45514515571177216
2025-04-01_30d_d168_h3,210,core,2025-04-02T20:00:00Z,2025-04-02T21:00:00Z,2025-04-02,84.22,16688.0,5256.0,0.6570556315968026,2025-04-01T23:00:00Z,direct_ridge_90d_v1,17834.243311842907,13286.507154902556,0.4673754543435018
2025-04-01_30d_d168_h3,211,core,2025-04-02T21:00:00Z,2025-04-02T22:00:00Z,2025-04-02,95.04,15027.0,5754.0,0.6695898918355375,2025-04-01T23:00:00Z,direct_ridge_90d_v1,17668.3639791303,13801.273888625454,0.4755288337642907
2025-04-01_30d_d168_h3,212,core,2025-04-02T22:00:00Z,2025-04-02T23:00:00Z,2025-04-02,97.62,11682.0,6478.0,0.6943439595791513,2025-04-01T23:00:00Z,direct_ridge_90d_v1,16579.59577510675,14491.47417971908,0.5320565504420155
2025-04-01_30d_d168_h3,213,core,2025-04-02T23:00:00Z,2025-04-03T00:00:00Z,2025-04-02,138.86,6441.0,7921.0,0.7291616085844848,2025-04-01T23:00:00Z,direct_ridge_90d_v1,9304.339477099962,15142.220095577737,0.6166635221086775
2025-04-01_30d_d168_h3,214,core,2025-04-03T00:00:00Z,2025-04-03T01:00:00Z,2025-04-02,191.14,1101.0,9637.0,0.7541688800083023,2025-04-01T23:00:00Z,direct_ridge_90d_v1,1533.7916164611072,15316.462901230778,0.7036239833850537
2025-04-01_30d_d168_h3,215,core,2025-04-03T01:00:00Z,2025-04-03T02:00:00Z,2025-04-02,193.12,0.0,12103.0,0.7478735049104468,2025-04-01T23:00:00Z,direct_ridge_90d_v1,0.0,16480.566571777912,0.7117991761747341
2025-04-01_30d_d168_h3,216,core,2025-04-03T02:00:00Z,2025-04-03T03:00:00Z,2025-04-02,107.61,0.0,14523.0,0.7372307270487176,2025-04-01T23:00:00Z,direct_ridge_90d_v1,0.0,17651.42643438382,0.7014267409918421
2025-04-01_30d_d168_h3,217,core,2025-04-03T03:00:00Z,2025-04-03T04:00:00Z,2025-04-02,99.07,0.0,15891.0,0.718918726985243,2025-04-01T23:00:00Z,direct_ridge_90d_v1,0.0,18197.364820830848,0.6845310378576844
2025-04-01_30d_d168_h3,218,core,2025-04-03T04:00:00Z,2025-04-03T05:00:00Z,2025-04-02,50.38,0.0,16682.0,0.687912465146574,2025-04-01T23:00:00Z,direct_ridge_90d_v1,0.0,18352.655308718444,0.6605847494282004
2025-04-01_30d_d168_h3,219,core,2025-04-03T05:00:00Z,2025-04-03T06:00:00Z,2025-04-03,46.77,0.0,17545.0,0.6576728711211611,2025-04-02T23:00:00Z,direct_ridge_90d_v1,0.0,17876.74715742257,0.6686184893805266
2025-04-01_30d_d168_h3,220,core,2025-04-03T06:00:00Z,2025-04-03T07:00:00Z,2025-04-03,43.51,0.0,18581.0,0.6188835946533113,2025-04-02T23:00:00Z,direct_ridge_90d_v1,0.0,17449.109159212145,0.6674682181283529
2025-04-01_30d_d168_h3,221,core,2025-04-03T07:00:00Z,2025-04-03T08:00:00Z,2025-04-03,40.39,0.0,18460.0,0.6036994664113277,2025-04-02T23:00:00Z,direct_ridge_90d_v1,0.0,17603.802651407543,0.6609041305349699
2025-04-01_30d_d168_h3,222,core,2025-04-03T08:00:00Z,2025-04-03T09:00:00Z,2025-04-03,36.38,0.0,18458.0,0.5946518057319836,2025-04-02T23:00:00Z,direct_ridge_90d_v1,0.0,17429.793265451608,0.6694227146622714
2025-04-01_30d_d168_h3,223,core,2025-04-03T09:00:00Z,2025-04-03T10:00:00Z,2025-04-03,35.82,0.0,18622.0,0.5893867026293179,2025-04-02T23:00:00Z,direct_ridge_90d_v1,0.0,16947.120777764074,0.6897907639981024
2025-04-01_30d_d168_h3,224,core,2025-04-03T10:00:00Z,2025-04-03T11:00:00Z,2025-04-03,41.17,0.0,19808.0,0.5644088556352184,2025-04-02T23:00:00Z,direct_ridge_90d_v1,0.0,16516.295986880166,0.7149185180389622
2025-04-01_30d_d168_h3,225,core,2025-04-03T11:00:00Z,2025-04-03T12:00:00Z,2025-04-03,43.71,0.0,21707.0,0.5399596376277898,2025-04-02T23:00:00Z,direct_ridge_90d_v1,0.0,16187.36720479769,0.7204772357183867
2025-04-01_30d_d168_h3,226,core,2025-04-03T12:00:00Z,2025-04-03T13:00:00Z,2025-04-03,43.02,178.0,22781.0,0.5206187369208171,2025-04-02T23:00:00Z,direct_ridge_90d_v1,124.26771367194175,15902.519170305319,0.7127922664225826
2025-04-01_30d_d168_h3,227,core,2025-04-03T13:00:00Z,2025-04-03T14:00:00Z,2025-04-03,33.11,2845.0,23373.0,0.47428018975883685,2025-04-02T23:00:00Z,direct_ridge_90d_v1,5347.421180477805,14761.176778157942,0.6254859263957481
2025-04-01_30d_d168_h3,228,core,2025-04-03T14:00:00Z,2025-04-03T15:00:00Z,2025-04-03,29.08,6959.0,22270.0,0.44732652174542076,2025-04-02T23:00:00Z,direct_ridge_90d_v1,14231.808364116016,13579.379875864106,0.5190910711571254
2025-04-01_30d_d168_h3,229,core,2025-04-03T15:00:00Z,2025-04-03T16:00:00Z,2025-04-03,34.91,8622.0,21136.0,0.4637807005831977,2025-04-02T23:00:00Z,direct_ridge_90d_v1,16826.828352313576,13885.1956146543,0.46040309540723356
2025-04-01_30d_d168_h3,230,core,2025-04-03T16:00:00Z,2025-04-03T17:00:00Z,2025-04-03,42.0,10904.0,19817.0,0.4556700863610418,2025-04-02T23:00:00Z,direct_ridge_90d_v1,18030.348515764577,13870.667017797537,0.42434718340243577
2025-04-01_30d_d168_h3,231,core,2025-04-03T17:00:00Z,2025-04-03T18:00:00Z,2025-04-03,44.55,14570.0,18296.0,0.4072714314900935,2025-04-02T23:00:00Z,direct_ridge_90d_v1,18913.309078077793,13795.30428482902,0.40851883771813546
2025-04-01_30d_d168_h3,232,core,2025-04-03T18:00:00Z,2025-04-03T19:00:00Z,2025-04-03,55.77,15754.0,16943.0,0.42411562294980976,2025-04-02T23:00:00Z,direct_ridge_90d_v1,19141.130188746523,13826.793944930363,0.4171319951912444
2025-04-01_30d_d168_h3,233,core,2025-04-03T19:00:00Z,2025-04-03T20:00:00Z,2025-04-03,63.9,15853.0,15936.0,0.45099963609574484,2025-04-02T23:00:00Z,direct_ridge_90d_v1,19230.48823704872,13923.6085435002,0.4321450881815094
2025-04-01_30d_d168_h3,234,core,2025-04-03T20:00:00Z,2025-04-03T21:00:00Z,2025-04-03,92.93,15133.0,16257.0,0.4652891857557081,2025-04-02T23:00:00Z,direct_ridge_90d_v1,19138.708745663072,14142.504363626742,0.443570011549756
2025-04-01_30d_d168_h3,235,core,2025-04-03T21:00:00Z,2025-04-03T22:00:00Z,2025-04-03,95.81,13832.0,17123.0,0.4739022824922907,2025-04-02T23:00:00Z,direct_ridge_90d_v1,19160.68582968632,14553.927865959971,0.4599009738858972
2025-04-01_30d_d168_h3,236,core,2025-04-03T22:00:00Z,2025-04-03T23:00:00Z,2025-04-03,83.83,11426.0,18574.0,0.48836758694994825,2025-04-02T23:00:00Z,direct_ridge_90d_v1,17878.46427169066,15125.125422177365,0.5317030615692537
2025-04-01_30d_d168_h3,237,core,2025-04-03T23:00:00Z,2025-04-04T00:00:00Z,2025-04-03,85.85,5787.0,21084.0,0.541216861235143,2025-04-02T23:00:00Z,direct_ridge_90d_v1,11050.152191704667,16870.041732554528,0.6364318866291315
2025-04-01_30d_d168_h3,238,core,2025-04-04T00:00:00Z,2025-04-04T01:00:00Z,2025-04-03,98.95,680.0,22823.0,0.5860655725986847,2025-04-02T23:00:00Z,direct_ridge_90d_v1,1866.5125830174175,17459.36651778168,0.7006602529256529
2025-04-01_30d_d168_h3,239,core,2025-04-04T01:00:00Z,2025-04-04T02:00:00Z,2025-04-03,77.29,2.0,22706.0,0.617516357264191,2025-04-02T23:00:00Z,direct_ridge_90d_v1,0.0,18477.23230975213,0.7074716984614553
2025-04-01_30d_d168_h3,240,core,2025-04-04T02:00:00Z,2025-04-04T03:00:00Z,2025-04-03,54.51,1.0,21537.0,0.6388417963605765,2025-04-02T23:00:00Z,direct_ridge_90d_v1,0.0,19184.77236239532,0.7052361807757301
2025-04-01_30d_d168_h3,241,core,2025-04-04T03:00:00Z,2025-04-04T04:00:00Z,2025-04-03,55.25,1.0,20870.0,0.652481987864842,2025-04-02T23:00:00Z,direct_ridge_90d_v1,0.0,19328.680686731375,0.6963128094757963
2025-04-01_30d_d168_h3,242,core,2025-04-04T04:00:00Z,2025-04-04T05:00:00Z,2025-04-03,43.2,1.0,19815.0,0.6584662818091017,2025-04-02T23:00:00Z,direct_ridge_90d_v1,0.0,19315.09715534396,0.6824100538377451
2025-04-01_30d_d168_h3,243,core,2025-04-04T05:00:00Z,2025-04-04T06:00:00Z,2025-04-04,41.25,1.0,19432.0,0.6362922084323581,2025-04-03T23:00:00Z,direct_ridge_90d_v1,0.0,19890.74229747369,0.6263004407135091
2025-04-01_30d_d168_h3,244,core,2025-04-04T06:00:00Z,2025-04-04T07:00:00Z,2025-04-04,38.85,1.0,20093.0,0.6031643943657675,2025-04-03T23:00:00Z,direct_ridge_90d_v1,0.0,20084.898167036743,0.615484933605136
2025-04-01_30d_d168_h3,245,core,2025-04-04T07:00:00Z,2025-04-04T08:00:00Z,2025-04-04,37.11,1.0,20145.0,0.5879111685083317,2025-04-03T23:00:00Z,direct_ridge_90d_v1,0.0,19460.661284968675,0.615966168533878
2025-04-01_30d_d168_h3,246,core,2025-04-04T08:00:00Z,2025-04-04T09:00:00Z,2025-04-04,36.19,1.0,18308.0,0.6131451684324255,2025-04-03T23:00:00Z,direct_ridge_90d_v1,0.0,18906.549177726698,0.6240167928815235
2025-04-01_30d_d168_h3,247,core,2025-04-04T09:00:00Z,2025-04-04T10:00:00Z,2025-04-04,36.21,1.0,15551.0,0.6752524230397371,2025-04-03T23:00:00Z,direct_ridge_90d_v1,0.0,18401.11969466399,0.6348332034369402
2025-04-01_30d_d168_h3,248,core,2025-04-04T10:00:00Z,2025-04-04T11:00:00Z,2025-04-04,39.71,1.0,14502.0,0.7090678782433332,2025-04-03T23:00:00Z,direct_ridge_90d_v1,0.0,17832.20630584151,0.6553375954746364
2025-04-01_30d_d168_h3,249,core,2025-04-04T11:00:00Z,2025-04-04T12:00:00Z,2025-04-04,41.41,1.0,12939.0,0.7321509180503933,2025-04-03T23:00:00Z,direct_ridge_90d_v1,1.7966275646543273,17169.157231315912,0.6649606066275124
2025-04-01_30d_d168_h3,250,core,2025-04-04T12:00:00Z,2025-04-04T13:00:00Z,2025-04-04,40.59,145.0,13099.0,0.73446749724027,2025-04-03T23:00:00Z,direct_ridge_90d_v1,428.9359079702242,16775.158087413845,0.6592976413290382
2025-04-01_30d_d168_h3,251,core,2025-04-04T13:00:00Z,2025-04-04T14:00:00Z,2025-04-04,37.1,1862.0,14436.0,0.7053343801164216,2025-04-03T23:00:00Z,direct_ridge_90d_v1,7072.043228444571,15487.792070520798,0.5703800735244579
2025-04-01_30d_d168_h3,252,core,2025-04-04T14:00:00Z,2025-04-04T15:00:00Z,2025-04-04,41.85,4946.0,15814.0,0.6545704063329659,2025-04-03T23:00:00Z,direct_ridge_90d_v1,15814.617188082462,14009.377358205697,0.4548489511438675
2025-04-01_30d_d168_h3,253,core,2025-04-04T15:00:00Z,2025-04-04T16:00:00Z,2025-04-04,41.34,6590.0,16804.0,0.623989226963019,2025-04-03T23:00:00Z,direct_ridge_90d_v1,18008.96007594926,13985.09910187569,0.40776164247407576
2025-04-01_30d_d168_h3,254,core,2025-04-04T16:00:00Z,2025-04-04T17:00:00Z,2025-04-04,41.71,8371.0,17699.0,0.5848723492730078,2025-04-03T23:00:00Z,direct_ridge_90d_v1,18848.98264686204,13334.276969682676,0.38952780853994845
2025-04-01_30d_d168_h3,255,core,2025-04-04T17:00:00Z,2025-04-04T18:00:00Z,2025-04-04,45.07,10080.0,18294.0,0.5601398872874926,2025-04-03T23:00:00Z,direct_ridge_90d_v1,19571.619091658347,12509.271814611877,0.385494816304145
2025-04-01_30d_d168_h3,256,core,2025-04-04T18:00:00Z,2025-04-04T19:00:00Z,2025-04-04,47.77,10667.0,18758.0,0.5501114174947493,2025-04-03T23:00:00Z,direct_ridge_90d_v1,19842.0169116235,12066.598746752421,0.3937874052031727
2025-04-01_30d_d168_h3,257,core,2025-04-04T19:00:00Z,2025-04-04T20:00:00Z,2025-04-04,51.98,9600.0,19101.0,0.5574426887028087,2025-04-03T23:00:00Z,direct_ridge_90d_v1,19657.871267040253,12133.426390909732,0.4042811211929211
2025-04-01_30d_d168_h3,258,core,2025-04-04T20:00:00Z,2025-04-04T21:00:00Z,2025-04-04,50.12,8021.0,19222.0,0.5761187723245497,2025-04-03T23:00:00Z,direct_ridge_90d_v1,19344.78085155617,12389.782610168346,0.40933599245618346
2025-04-01_30d_d168_h3,259,core,2025-04-04T21:00:00Z,2025-04-04T22:00:00Z,2025-04-04,55.6,6271.0,19027.0,0.6015368211912999,2025-04-03T23:00:00Z,direct_ridge_90d_v1,18734.863351196625,12879.103890777047,0.4198564089508014
2025-04-01_30d_d168_h3,260,core,2025-04-04T22:00:00Z,2025-04-04T23:00:00Z,2025-04-04,50.79,5453.0,19039.0,0.613477244906395,2025-04-03T23:00:00Z,direct_ridge_90d_v1,16182.474394602268,13441.986935941648,0.47488723024170365
2025-04-01_30d_d168_h3,261,core,2025-04-04T23:00:00Z,2025-04-05T00:00:00Z,2025-04-04,47.49,2606.0,19568.0,0.6404079479825217,2025-04-03T23:00:00Z,direct_ridge_90d_v1,11168.536673656385,14204.099879498226,0.5871614379440648
2025-04-01_30d_d168_h3,262,core,2025-04-05T00:00:00Z,2025-04-05T01:00:00Z,2025-04-04,49.45,452.0,19903.0,0.6524751671870737,2025-04-03T23:00:00Z,direct_ridge_90d_v1,1820.908693857191,14714.509918139589,0.6837858367248206
2025-04-01_30d_d168_h3,263,core,2025-04-05T01:00:00Z,2025-04-05T02:00:00Z,2025-04-04,49.32,1.0,20354.0,0.644412846448365,2025-04-03T23:00:00Z,direct_ridge_90d_v1,0.0,15589.858232827413,0.6935973060740568
2025-04-01_30d_d168_h3,264,core,2025-04-05T02:00:00Z,2025-04-05T03:00:00Z,2025-04-04,41.27,0.0,22195.0,0.6329026602110099,2025-04-03T23:00:00Z,direct_ridge_90d_v1,0.0,16580.395985001363,0.6859048639239089
2025-04-01_30d_d168_h3,265,core,2025-04-05T03:00:00Z,2025-04-05T04:00:00Z,2025-04-04,41.82,0.0,23621.0,0.593635480456243,2025-04-03T23:00:00Z,direct_ridge_90d_v1,0.0,17277.60583304829,0.672948423930685
2025-04-01_30d_d168_h3,266,core,2025-04-05T04:00:00Z,2025-04-05T05:00:00Z,2025-04-04,36.84,0.0,23912.0,0.553295269462174,2025-04-03T23:00:00Z,direct_ridge_90d_v1,0.0,17697.15697672674,0.6520430863912426
2025-04-01_30d_d168_h3,267,core,2025-04-05T05:00:00Z,2025-04-05T06:00:00Z,2025-04-05,35.05,0.0,25320.0,0.5077080156431458,2025-04-04T23:00:00Z,direct_ridge_90d_v1,0.0,17850.333459495178,0.7081425499796061
2025-04-01_30d_d168_h3,268,core,2025-04-05T06:00:00Z,2025-04-05T07:00:00Z,2025-04-05,32.13,0.0,24473.0,0.5167058551606751,2025-04-04T23:00:00Z,direct_ridge_90d_v1,0.0,17914.318329739162,0.6940249793663645
2025-04-01_30d_d168_h3,269,core,2025-04-05T07:00:00Z,2025-04-05T08:00:00Z,2025-04-05,29.63,0.0,24018.0,0.5269736703968868,2025-04-04T23:00:00Z,direct_ridge_90d_v1,0.0,17690.20601455903,0.691276164092784
2025-04-01_30d_d168_h3,270,core,2025-04-05T08:00:00Z,2025-04-05T09:00:00Z,2025-04-05,26.14,0.0,23944.0,0.5384939790524874,2025-04-04T23:00:00Z,direct_ridge_90d_v1,0.0,17467.02562788054,0.6913490624245365
2025-04-01_30d_d168_h3,271,core,2025-04-05T09:00:00Z,2025-04-05T10:00:00Z,2025-04-05,25.39,0.0,23405.0,0.5435902642437901,2025-04-04T23:00:00Z,direct_ridge_90d_v1,0.0,17279.091107633794,0.6898485611809712
2025-04-01_30d_d168_h3,272,core,2025-04-05T10:00:00Z,2025-04-05T11:00:00Z,2025-04-05,27.51,0.0,23987.0,0.536090046264823,2025-04-04T23:00:00Z,direct_ridge_90d_v1,0.0,17055.892029612005,0.6928412063802741
2025-04-01_30d_d168_h3,273,core,2025-04-05T11:00:00Z,2025-04-05T12:00:00Z,2025-04-05,32.31,1.0,23484.0,0.5528536571672512,2025-04-04T23:00:00Z,direct_ridge_90d_v1,1.461366181335273,16580.846373093584,0.692576700368448
2025-04-01_30d_d168_h3,274,core,2025-04-05T12:00:00Z,2025-04-05T13:00:00Z,2025-04-05,34.15,74.0,23731.0,0.5554804035038576,2025-04-04T23:00:00Z,direct_ridge_90d_v1,458.22615818873845,15939.532004328792,0.6905302525550054
2025-04-01_30d_d168_h3,275,core,2025-04-05T13:00:00Z,2025-04-05T14:00:00Z,2025-04-05,33.53,1095.0,23695.0,0.5502086067623692,2025-04-04T23:00:00Z,direct_ridge_90d_v1,6226.006912823645,14870.142241285921,0.6209430766404963
2025-04-01_30d_d168_h3,276,core,2025-04-05T14:00:00Z,2025-04-05T15:00:00Z,2025-04-05,39.56,2646.0,23784.0,0.5329655659444817,2025-04-04T23:00:00Z,direct_ridge_90d_v1,13483.033092840913,13790.36824217581,0.5096095022437516
2025-04-01_30d_d168_h3,277,core,2025-04-05T15:00:00Z,2025-04-05T16:00:00Z,2025-04-05,38.78,3837.0,24441.0,0.5128660424852531,2025-04-04T23:00:00Z,direct_ridge_90d_v1,15513.526386861684,13641.854257370813,0.46656992684571413
2025-04-01_30d_d168_h3,278,core,2025-04-05T16:00:00Z,2025-04-05T17:00:00Z,2025-04-05,38.11,5394.0,24454.0,0.4837175240678445,2025-04-04T23:00:00Z,direct_ridge_90d_v1,16727.885858237638,13028.067046446075,0.4527852498901197
2025-04-01_30d_d168_h3,279,core,2025-04-05T17:00:00Z,2025-04-05T18:00:00Z,2025-04-05,42.52,7027.0,24216.0,0.44946485388271107,2025-04-04T23:00:00Z,direct_ridge_90d_v1,17619.664878449512,12284.848188644797,0.4432503762781367
2025-04-01_30d_d168_h3,280,core,2025-04-05T18:00:00Z,2025-04-05T19:00:00Z,2025-04-05,40.29,7820.0,23296.0,0.44232501917675204,2025-04-04T23:00:00Z,direct_ridge_90d_v1,17901.188616573323,11766.778512685036,0.44602450444965475
2025-04-01_30d_d168_h3,281,core,2025-04-05T19:00:00Z,2025-04-05T20:00:00Z,2025-04-05,43.82,7313.0,23335.0,0.44920690921990564,2025-04-04T23:00:00Z,direct_ridge_90d_v1,17710.245161998813,11408.427094032186,0.45601108025311177
2025-04-01_30d_d168_h3,282,core,2025-04-05T20:00:00Z,2025-04-05T21:00:00Z,2025-04-05,40.29,5775.0,23703.0,0.4837253749102461,2025-04-04T23:00:00Z,direct_ridge_90d_v1,17443.933267945296,11401.184839553029,0.4590013317353878
2025-04-01_30d_d168_h3,283,core,2025-04-05T21:00:00Z,2025-04-05T22:00:00Z,2025-04-05,37.91,4778.0,23834.0,0.49690421539467045,2025-04-04T23:00:00Z,direct_ridge_90d_v1,16700.427304157412,11870.049331364899,0.4606252944946993
2025-04-01_30d_d168_h3,284,core,2025-04-05T22:00:00Z,2025-04-05T23:00:00Z,2025-04-05,37.93,3636.0,24543.0,0.49105005627290443,2025-04-04T23:00:00Z,direct_ridge_90d_v1,13758.104040495087,12763.80731802784,0.5101258839210496
2025-04-01_30d_d168_h3,285,core,2025-04-05T23:00:00Z,2025-04-06T00:00:00Z,2025-04-05,35.36,2050.0,25281.0,0.4899706618474018,2025-04-04T23:00:00Z,direct_ridge_90d_v1,8041.429347086272,13813.967283703932,0.6048808445065285
2025-04-01_30d_d168_h3,286,core,2025-04-06T00:00:00Z,2025-04-06T01:00:00Z,2025-04-05,35.37,317.0,26359.0,0.5020134708905537,2025-04-04T23:00:00Z,direct_ridge_90d_v1,1460.7769188283785,14171.85704636628,0.705149722469218
2025-04-01_30d_d168_h3,287,core,2025-04-06T01:00:00Z,2025-04-06T02:00:00Z,2025-04-05,34.99,1.0,26964.0,0.5073030004551933,2025-04-04T23:00:00Z,direct_ridge_90d_v1,0.0,15482.064022502756,0.7109715661024169
2025-04-01_30d_d168_h3,288,core,2025-04-06T02:00:00Z,2025-04-06T03:00:00Z,2025-04-05,31.92,0.0,27392.0,0.47843784953563767,2025-04-04T23:00:00Z,direct_ridge_90d_v1,0.0,16687.28136614972,0.697476190784014
2025-04-01_30d_d168_h3,289,core,2025-04-06T03:00:00Z,2025-04-06T04:00:00Z,2025-04-05,26.5,1.0,27659.0,0.44390929757476333,2025-04-04T23:00:00Z,direct_ridge_90d_v1,0.0,17526.00812616333,0.6781956707517208
2025-04-01_30d_d168_h3,290,core,2025-04-06T04:00:00Z,2025-04-06T05:00:00Z,2025-04-05,23.75,1.0,27564.0,0.41763126177810017,2025-04-04T23:00:00Z,direct_ridge_90d_v1,0.0,17931.177425934624,0.650036502385177
2025-04-01_30d_d168_h3,291,core,2025-04-06T05:00:00Z,2025-04-06T06:00:00Z,2025-04-06,20.77,0.0,26999.0,0.3927762006703311,2025-04-05T23:00:00Z,direct_ridge_90d_v1,0.0,21065.083485798597,0.6016364001540333
2025-04-01_30d_d168_h3,292,core,2025-04-06T06:00:00Z,2025-04-06T07:00:00Z,2025-04-06,20.0,1.0,25289.0,0.4134289321242066,2025-04-05T23:00:00Z,direct_ridge_90d_v1,0.0,20859.26013857169,0.5963705837759495
2025-04-01_30d_d168_h3,293,core,2025-04-06T07:00:00Z,2025-04-06T08:00:00Z,2025-04-06,19.92,1.0,21816.0,0.4917649237773724,2025-04-05T23:00:00Z,direct_ridge_90d_v1,0.0,20637.682294777813,0.5899283962497012
2025-04-01_30d_d168_h3,294,core,2025-04-06T08:00:00Z,2025-04-06T09:00:00Z,2025-04-06,21.07,1.0,19227.0,0.5813374639404996,2025-04-05T23:00:00Z,direct_ridge_90d_v1,0.0,20086.019990796616,0.5947340397490548
2025-04-01_30d_d168_h3,295,core,2025-04-06T09:00:00Z,2025-04-06T10:00:00Z,2025-04-06,23.49,1.0,17964.0,0.6206278025689219,2025-04-05T23:00:00Z,direct_ridge_90d_v1,0.0,19506.207885707936,0.6039591617597357
2025-04-01_30d_d168_h3,296,core,2025-04-06T10:00:00Z,2025-04-06T11:00:00Z,2025-04-06,29.95,0.0,17659.0,0.6390123123325394,2025-04-05T23:00:00Z,direct_ridge_90d_v1,0.0,18885.465097990727,0.6181449868332083
2025-04-01_30d_d168_h3,297,core,2025-04-06T11:00:00Z,2025-04-06T12:00:00Z,2025-04-06,38.03,0.0,17110.0,0.6497599515745905,2025-04-05T23:00:00Z,direct_ridge_90d_v1,1.654474588959261,18349.731155384452,0.622320860922855
2025-04-01_30d_d168_h3,298,core,2025-04-06T12:00:00Z,2025-04-06T13:00:00Z,2025-04-06,39.37,197.0,17190.0,0.6375040552187926,2025-04-05T23:00:00Z,direct_ridge_90d_v1,474.99263175432156,17915.309307192794,0.6190812161056747
2025-04-01_30d_d168_h3,299,core,2025-04-06T13:00:00Z,2025-04-06T14:00:00Z,2025-04-06,31.8,3161.0,17847.0,0.5939786047941275,2025-04-05T23:00:00Z,direct_ridge_90d_v1,6274.70979376742,16802.185417750952,0.5367213672223222
2025-04-01_30d_d168_h3,300,core,2025-04-06T14:00:00Z,2025-04-06T15:00:00Z,2025-04-06,25.31,9104.0,19359.0,0.46296616400734353,2025-04-05T23:00:00Z,direct_ridge_90d_v1,13462.799860624924,15265.87199930062,0.43297407403038474
2025-04-01_30d_d168_h3,301,core,2025-04-06T15:00:00Z,2025-04-06T16:00:00Z,2025-04-06,17.56,12197.0,19919.0,0.37981725343716644,2025-04-05T23:00:00Z,direct_ridge_90d_v1,15475.472482563086,15336.122806135993,0.3903989363346665
2025-04-01_30d_d168_h3,302,core,2025-04-06T16:00:00Z,2025-04-06T17:00:00Z,2025-04-06,15.59,14234.0,20017.0,0.32040267160343544,2025-04-05T23:00:00Z,direct_ridge_90d_v1,16649.25960206335,14767.78169854995,0.37926605226234694
2025-04-01_30d_d168_h3,303,core,2025-04-06T17:00:00Z,2025-04-06T18:00:00Z,2025-04-06,13.2,15997.0,19742.0,0.298039412122544,2025-04-05T23:00:00Z,direct_ridge_90d_v1,17580.98853110971,13870.430883287007,0.3783365980852771
2025-04-01_30d_d168_h3,304,core,2025-04-06T18:00:00Z,2025-04-06T19:00:00Z,2025-04-06,10.36,17387.0,17953.0,0.30209906363267747,2025-04-05T23:00:00Z,direct_ridge_90d_v1,17930.718970758946,13286.44873982389,0.3882730787859062
2025-04-01_30d_d168_h3,305,core,2025-04-06T19:00:00Z,2025-04-06T20:00:00Z,2025-04-06,7.26,17466.0,16485.0,0.3197462571357267,2025-04-05T23:00:00Z,direct_ridge_90d_v1,17760.83855149918,13139.978714606468,0.4021989688600601
2025-04-01_30d_d168_h3,306,core,2025-04-06T20:00:00Z,2025-04-06T21:00:00Z,2025-04-06,8.79,16456.0,15975.0,0.34246691623814546,2025-04-05T23:00:00Z,direct_ridge_90d_v1,17501.5138751668,13141.626388577859,0.4075449679122841
2025-04-01_30d_d168_h3,307,core,2025-04-06T21:00:00Z,2025-04-06T22:00:00Z,2025-04-06,12.27,15679.0,15791.0,0.34126796753991323,2025-04-05T23:00:00Z,direct_ridge_90d_v1,16806.51632475943,13534.86095346105,0.41779428737075297
2025-04-01_30d_d168_h3,308,core,2025-04-06T22:00:00Z,2025-04-06T23:00:00Z,2025-04-06,16.16,14449.0,15066.0,0.3788843765786003,2025-04-05T23:00:00Z,direct_ridge_90d_v1,14315.851511574572,14098.861487960196,0.47203036148140715
2025-04-01_30d_d168_h3,309,core,2025-04-06T23:00:00Z,2025-04-07T00:00:00Z,2025-04-06,24.18,11838.0,13737.0,0.4678144727677169,2025-04-05T23:00:00Z,direct_ridge_90d_v1,7819.902093663955,13908.100060527006,0.580050339521279
2025-04-01_30d_d168_h3,310,core,2025-04-07T00:00:00Z,2025-04-07T01:00:00Z,2025-04-06,56.74,3113.0,10407.0,0.7053767169225176,2025-04-05T23:00:00Z,direct_ridge_90d_v1,1368.0327856848955,14547.649931875358,0.6734913673951037
2025-04-01_30d_d168_h3,311,core,2025-04-07T01:00:00Z,2025-04-07T02:00:00Z,2025-04-06,93.47,15.0,6427.0,0.8227026845586685,2025-04-05T23:00:00Z,direct_ridge_90d_v1,0.0,15740.325078994289,0.6845509804327519
2025-04-01_30d_d168_h3,312,core,2025-04-07T02:00:00Z,2025-04-07T03:00:00Z,2025-04-06,87.07,0.0,4747.0,0.8764965695891824,2025-04-05T23:00:00Z,direct_ridge_90d_v1,0.0,17142.294926450806,0.6730230632601771
2025-04-01_30d_d168_h3,313,core,2025-04-07T03:00:00Z,2025-04-07T04:00:00Z,2025-04-06,69.82,0.0,4241.0,0.9380355540391375,2025-04-05T23:00:00Z,direct_ridge_90d_v1,0.0,18138.256809149127,0.65183583282593
2025-04-01_30d_d168_h3,314,core,2025-04-07T04:00:00Z,2025-04-07T05:00:00Z,2025-04-06,55.8,0.0,3889.0,0.961107794376837,2025-04-05T23:00:00Z,direct_ridge_90d_v1,0.0,18581.352760024813,0.6284387925784428
2025-04-01_30d_d168_h3,315,core,2025-04-07T05:00:00Z,2025-04-07T06:00:00Z,2025-04-07,44.19,0.0,3975.0,0.9550060496035848,2025-04-06T23:00:00Z,direct_ridge_90d_v1,0.0,17187.423353015216,0.7295825479884807
2025-04-01_30d_d168_h3,316,core,2025-04-07T06:00:00Z,2025-04-07T07:00:00Z,2025-04-07,43.24,0.0,3331.0,0.9712687087893372,2025-04-06T23:00:00Z,direct_ridge_90d_v1,0.0,16840.076749060223,0.7238364188424213
2025-04-01_30d_d168_h3,317,core,2025-04-07T07:00:00Z,2025-04-07T08:00:00Z,2025-04-07,43.85,0.0,3082.0,0.9781944146535192,2025-04-06T23:00:00Z,direct_ridge_90d_v1,0.0,16351.884700589537,0.7144005580700079
2025-04-01_30d_d168_h3,318,core,2025-04-07T08:00:00Z,2025-04-07T09:00:00Z,2025-04-07,43.02,0.0,3479.0,0.9756819358036729,2025-04-06T23:00:00Z,direct_ridge_90d_v1,0.0,15813.266736048348,0.715607168161569
2025-04-01_30d_d168_h3,319,core,2025-04-07T09:00:00Z,2025-04-07T10:00:00Z,2025-04-07,43.64,0.0,4219.0,0.9621981410109256,2025-04-06T23:00:00Z,direct_ridge_90d_v1,0.0,15330.177986802297,0.7192900570190969
2025-04-01_30d_d168_h3,320,core,2025-04-07T10:00:00Z,2025-04-07T11:00:00Z,2025-04-07,51.63,0.0,4546.0,0.9425408600421212,2025-04-06T23:00:00Z,direct_ridge_90d_v1,0.0,14842.177613108472,0.729420653031171
2025-04-01_30d_d168_h3,321,core,2025-04-07T11:00:00Z,2025-04-07T12:00:00Z,2025-04-07,93.05,1.0,4728.0,0.9092885482483503,2025-04-06T23:00:00Z,direct_ridge_90d_v1,3.951080176264778,14305.480069920743,0.7336816449446467
2025-04-01_30d_d168_h3,322,core,2025-04-07T12:00:00Z,2025-04-07T13:00:00Z,2025-04-07,88.1,1845.0,4977.0,0.874108585944107,2025-04-06T23:00:00Z,direct_ridge_90d_v1,686.6719907031788,13975.059070738222,0.7266182391902575
2025-04-01_30d_d168_h3,323,core,2025-04-07T13:00:00Z,2025-04-07T14:00:00Z,2025-04-07,32.25,15346.0,4143.0,0.6578789946511387,2025-04-06T23:00:00Z,direct_ridge_90d_v1,6751.959948535793,13143.017991821267,0.6679860302167829
2025-04-01_30d_d168_h3,324,core,2025-04-07T14:00:00Z,2025-04-07T15:00:00Z,2025-04-07,24.3,24707.0,2163.0,0.5169601944126492,2025-04-06T23:00:00Z,direct_ridge_90d_v1,13768.484548190281,11856.622043885638,0.5671049994496614
2025-04-01_30d_d168_h3,325,core,2025-04-07T15:00:00Z,2025-04-07T16:00:00Z,2025-04-07,20.51,25373.0,2540.0,0.5110708955437849,2025-04-06T23:00:00Z,direct_ridge_90d_v1,15746.636613638457,12111.165264935902,0.5250599271703561
2025-04-01_30d_d168_h3,326,core,2025-04-07T16:00:00Z,2025-04-07T17:00:00Z,2025-04-07,18.56,25502.0,3485.0,0.4804363915766645,2025-04-06T23:00:00Z,direct_ridge_90d_v1,16309.333218096392,12144.820685573866,0.5000839565561757
2025-04-01_30d_d168_h3,327,core,2025-04-07T17:00:00Z,2025-04-07T18:00:00Z,2025-04-07,16.22,25885.0,4432.0,0.41528528593733316,2025-04-06T23:00:00Z,direct_ridge_90d_v1,16746.304314631947,12025.185907864838,0.48048299829677077
2025-04-01_30d_d168_h3,328,core,2025-04-07T18:00:00Z,2025-04-07T19:00:00Z,2025-04-07,16.5,25887.0,4556.0,0.3848363407182514,2025-04-06T23:00:00Z,direct_ridge_90d_v1,16913.99985131742,12307.698863199266,0.482261483164494
2025-04-01_30d_d168_h3,329,core,2025-04-07T19:00:00Z,2025-04-07T20:00:00Z,2025-04-07,16.24,25765.0,4280.0,0.37841311623748536,2025-04-06T23:00:00Z,direct_ridge_90d_v1,16696.54331142518,12468.78477606851,0.49249286374918894
2025-04-01_30d_d168_h3,330,core,2025-04-07T20:00:00Z,2025-04-07T21:00:00Z,2025-04-07,15.09,25313.0,4168.0,0.3640274164635144,2025-04-06T23:00:00Z,direct_ridge_90d_v1,16087.124619231967,12670.868945127366,0.5001862542247525
2025-04-01_30d_d168_h3,331,core,2025-04-07T21:00:00Z,2025-04-07T22:00:00Z,2025-04-07,15.64,24091.0,3925.0,0.38030939785240303,2025-04-06T23:00:00Z,direct_ridge_90d_v1,14875.579774400501,13000.811686097466,0.509572817517076
2025-04-01_30d_d168_h3,332,core,2025-04-07T22:00:00Z,2025-04-07T23:00:00Z,2025-04-07,19.59,23687.0,3482.0,0.40100735092121875,2025-04-06T23:00:00Z,direct_ridge_90d_v1,12073.822940131271,13502.45418795068,0.5483670614442713
2025-04-01_30d_d168_h3,333,core,2025-04-07T23:00:00Z,2025-04-08T00:00:00Z,2025-04-07,32.08,17076.0,2707.0,0.5750666150323814,2025-04-06T23:00:00Z,direct_ridge_90d_v1,7074.7658484094445,14274.820586980371,0.6466883928186006
2025-04-01_30d_d168_h3,334,core,2025-04-08T00:00:00Z,2025-04-08T01:00:00Z,2025-04-07,92.49,3444.0,1638.0,0.8664768111592807,2025-04-06T23:00:00Z,direct_ridge_90d_v1,1222.5433021577892,14700.91686675468,0.726615740346414
2025-04-01_30d_d168_h3,335,core,2025-04-08T01:00:00Z,2025-04-08T02:00:00Z,2025-04-07,99.87,17.0,1548.0,0.9325192456099833,2025-04-06T23:00:00Z,direct_ridge_90d_v1,0.0,15716.581085480204,0.7351858248402154
2025-04-01_30d_d168_h3,336,core,2025-04-08T02:00:00Z,2025-04-08T03:00:00Z,2025-04-07,71.1,0.0,2839.0,0.9599417988066556,2025-04-06T23:00:00Z,direct_ridge_90d_v1,0.0,16886.442340305643,0.7264180466166796
2025-04-01_30d_d168_h3,337,core,2025-04-08T03:00:00Z,2025-04-08T04:00:00Z,2025-04-07,45.03,0.0,4314.0,0.9582421324450056,2025-04-06T23:00:00Z,direct_ridge_90d_v1,0.0,17579.61160606685,0.7047684312371184
2025-04-01_30d_d168_h3,338,core,2025-04-08T04:00:00Z,2025-04-08T05:00:00Z,2025-04-07,33.01,0.0,6358.0,0.9136581665132227,2025-04-06T23:00:00Z,direct_ridge_90d_v1,0.0,17992.583777024574,0.6742210870373113
2025-04-01_30d_d168_h3,339,core,2025-04-08T05:00:00Z,2025-04-08T06:00:00Z,2025-04-08,36.09,0.0,8541.0,0.8641689446333889,2025-04-07T23:00:00Z,direct_ridge_90d_v1,0.0,18603.681585550108,0.679779524556134
2025-04-01_30d_d168_h3,340,core,2025-04-08T06:00:00Z,2025-04-08T07:00:00Z,2025-04-08,31.01,0.0,10850.0,0.8127459387314779,2025-04-07T23:00:00Z,direct_ridge_90d_v1,0.0,18217.09783875338,0.6726546910658563
2025-04-01_30d_d168_h3,341,core,2025-04-08T07:00:00Z,2025-04-08T08:00:00Z,2025-04-08,26.73,0.0,11598.0,0.7939637421193081,2025-04-07T23:00:00Z,direct_ridge_90d_v1,0.0,17810.758431855997,0.6662306379185353
2025-04-01_30d_d168_h3,342,core,2025-04-08T08:00:00Z,2025-04-08T09:00:00Z,2025-04-08,26.54,0.0,12555.0,0.7608797695826196,2025-04-07T23:00:00Z,direct_ridge_90d_v1,0.0,17146.786162579217,0.6676292404045197
2025-04-01_30d_d168_h3,343,core,2025-04-08T09:00:00Z,2025-04-08T10:00:00Z,2025-04-08,26.91,0.0,12975.0,0.764409639218994,2025-04-07T23:00:00Z,direct_ridge_90d_v1,0.0,16620.165800101757,0.6713447086294486
2025-04-01_30d_d168_h3,344,core,2025-04-08T10:00:00Z,2025-04-08T11:00:00Z,2025-04-08,39.27,0.0,12949.0,0.7794082687844787,2025-04-07T23:00:00Z,direct_ridge_90d_v1,0.0,16071.101705794634,0.6819623047274039
2025-04-01_30d_d168_h3,345,core,2025-04-08T11:00:00Z,2025-04-08T12:00:00Z,2025-04-08,51.04,0.0,12613.0,0.7512447077019697,2025-04-07T23:00:00Z,direct_ridge_90d_v1,2.550140472053395,15381.62620897729,0.6879899078014436
2025-04-01_30d_d168_h3,346,core,2025-04-08T12:00:00Z,2025-04-08T13:00:00Z,2025-04-08,47.76,1739.0,12659.0,0.7308398296682577,2025-04-07T23:00:00Z,direct_ridge_90d_v1,621.8773499353865,14950.333341423153,0.680879927840646
2025-04-01_30d_d168_h3,347,core,2025-04-08T13:00:00Z,2025-04-08T14:00:00Z,2025-04-08,25.9,14615.0,11276.0,0.5212659979059506,2025-04-07T23:00:00Z,direct_ridge_90d_v1,6191.269296978864,13958.040758605981,0.6156717804021775
2025-04-01_30d_d168_h3,348,core,2025-04-08T14:00:00Z,2025-04-08T15:00:00Z,2025-04-08,16.73,24886.0,7225.0,0.3607533843351643,2025-04-07T23:00:00Z,direct_ridge_90d_v1,12238.041961037816,12609.57847153815,0.5200889661234598
2025-04-01_30d_d168_h3,349,core,2025-04-08T15:00:00Z,2025-04-08T16:00:00Z,2025-04-08,13.02,25693.0,6414.0,0.34487484097541177,2025-04-07T23:00:00Z,direct_ridge_90d_v1,13992.247189695787,12649.550226615833,0.4822578550804183
2025-04-01_30d_d168_h3,350,core,2025-04-08T16:00:00Z,2025-04-08T17:00:00Z,2025-04-08,11.72,25986.0,6140.0,0.33950462761059025,2025-04-07T23:00:00Z,direct_ridge_90d_v1,15096.903584736883,12418.857145911497,0.464257806104952
2025-04-01_30d_d168_h3,351,core,2025-04-08T17:00:00Z,2025-04-08T18:00:00Z,2025-04-08,11.55,26288.0,5906.0,0.3334487326824663,2025-04-07T23:00:00Z,direct_ridge_90d_v1,16086.346664664465,12011.054952782075,0.4496772009026259
2025-04-01_30d_d168_h3,352,core,2025-04-08T18:00:00Z,2025-04-08T19:00:00Z,2025-04-08,12.9,26330.0,6246.0,0.32126297046127417,2025-04-07T23:00:00Z,direct_ridge_90d_v1,16277.696213697021,12140.531395663591,0.45220222961123047
2025-04-01_30d_d168_h3,353,core,2025-04-08T19:00:00Z,2025-04-08T20:00:00Z,2025-04-08,13.94,26282.0,6638.0,0.32633023532991573,2025-04-07T23:00:00Z,direct_ridge_90d_v1,15611.476850945668,12579.231050666269,0.4620627735011057
2025-04-01_30d_d168_h3,354,core,2025-04-08T20:00:00Z,2025-04-08T21:00:00Z,2025-04-08,15.73,26227.0,7295.0,0.3203718748235288,2025-04-07T23:00:00Z,direct_ridge_90d_v1,14627.12959279531,13058.468506786634,0.4699072854109462
2025-04-01_30d_d168_h3,355,core,2025-04-08T21:00:00Z,2025-04-08T22:00:00Z,2025-04-08,18.86,25638.0,8330.0,0.3119412491904354,2025-04-07T23:00:00Z,direct_ridge_90d_v1,13632.114084095623,13667.377047019643,0.4813512378825978
2025-04-01_30d_d168_h3,356,core,2025-04-08T22:00:00Z,2025-04-08T23:00:00Z,2025-04-08,22.41,23463.0,9851.0,0.3231971517502782,2025-04-07T23:00:00Z,direct_ridge_90d_v1,11452.236692926961,14345.349557114676,0.5179202957914778
2025-04-01_30d_d168_h3,357,core,2025-04-08T23:00:00Z,2025-04-09T00:00:00Z,2025-04-08,35.07,16385.0,11558.0,0.44398627045126926,2025-04-07T23:00:00Z,direct_ridge_90d_v1,6024.363567525022,13567.164230148985,0.6111620209517484
2025-04-01_30d_d168_h3,358,core,2025-04-09T00:00:00Z,2025-04-09T01:00:00Z,2025-04-08,65.23,3334.0,12861.0,0.6441361572668415,2025-04-07T23:00:00Z,direct_ridge_90d_v1,1053.2601693336676,13962.049581849918,0.697877880563253
2025-04-01_30d_d168_h3,359,core,2025-04-09T01:00:00Z,2025-04-09T02:00:00Z,2025-04-08,50.68,17.0,17378.0,0.6697155936426268,2025-04-07T23:00:00Z,direct_ridge_90d_v1,0.0,15504.159288607181,0.7045998281506414
2025-04-01_30d_d168_h3,360,core,2025-04-09T02:00:00Z,2025-04-09T03:00:00Z,2025-04-08,30.88,1.0,21927.0,0.6080325334482447,2025-04-07T23:00:00Z,direct_ridge_90d_v1,0.0,17494.309373235246,0.6848446660465837
2025-04-01_30d_d168_h3,361,core,2025-04-09T03:00:00Z,2025-04-09T04:00:00Z,2025-04-08,24.01,24.0,24221.0,0.538927675811904,2025-04-07T23:00:00Z,direct_ridge_90d_v1,0.0,18723.53129177192,0.654460143196963
2025-04-01_30d_d168_h3,362,core,2025-04-09T04:00:00Z,2025-04-09T05:00:00Z,2025-04-08,19.89,1.0,24850.0,0.49137012924010237,2025-04-07T23:00:00Z,direct_ridge_90d_v1,0.0,19126.982318951108,0.6224919408755996
2025-04-01_30d_d168_h3,363,core,2025-04-09T05:00:00Z,2025-04-09T06:00:00Z,2025-04-09,21.42,0.0,25012.0,0.4695524150262007,2025-04-08T23:00:00Z,direct_ridge_90d_v1,0.0,18183.1636608741,0.6581306584206529
2025-04-01_30d_d168_h3,364,core,2025-04-09T06:00:00Z,2025-04-09T07:00:00Z,2025-04-09,18.7,0.0,24841.0,0.455506017422942,2025-04-08T23:00:00Z,direct_ridge_90d_v1,0.0,17550.21431429554,0.6559724202725121
2025-04-01_30d_d168_h3,365,core,2025-04-09T07:00:00Z,2025-04-09T08:00:00Z,2025-04-09,17.43,0.0,24198.0,0.45635190579519325,2025-04-08T23:00:00Z,direct_ridge_90d_v1,0.0,17300.942938400418,0.6520721340557791
2025-04-01_30d_d168_h3,366,core,2025-04-09T08:00:00Z,2025-04-09T09:00:00Z,2025-04-09,17.21,0.0,23932.0,0.4573727957594677,2025-04-08T23:00:00Z,direct_ridge_90d_v1,0.0,16910.178840927438,0.6539585796470634
2025-04-01_30d_d168_h3,367,core,2025-04-09T09:00:00Z,2025-04-09T10:00:00Z,2025-04-09,19.24,0.0,23769.0,0.463714269306076,2025-04-08T23:00:00Z,direct_ridge_90d_v1,0.0,16517.98298680432,0.6578988035262427
2025-04-01_30d_d168_h3,368,core,2025-04-09T10:00:00Z,2025-04-09T11:00:00Z,2025-04-09,27.08,0.0,24080.0,0.5038395844528435,2025-04-08T23:00:00Z,direct_ridge_90d_v1,0.0,16161.03578656643,0.6667895959610819
2025-04-01_30d_d168_h3,369,core,2025-04-09T11:00:00Z,2025-04-09T12:00:00Z,2025-04-09,25.36,0.0,24549.0,0.5396212308118913,2025-04-08T23:00:00Z,direct_ridge_90d_v1,3.138329554337272,15751.191591687837,0.6731837957151229
2025-04-01_30d_d168_h3,370,core,2025-04-09T12:00:00Z,2025-04-09T13:00:00Z,2025-04-09,22.07,1678.0,24689.0,0.5238369894816903,2025-04-08T23:00:00Z,direct_ridge_90d_v1,513.2706187473348,15501.308165037322,0.6687480539865959
2025-04-01_30d_d168_h3,371,core,2025-04-09T13:00:00Z,2025-04-09T14:00:00Z,2025-04-09,10.16,10891.0,22488.0,0.35819378834750315,2025-04-08T23:00:00Z,direct_ridge_90d_v1,5390.159251849362,14926.92374958601,0.6150339513281121
2025-04-01_30d_d168_h3,372,core,2025-04-09T14:00:00Z,2025-04-09T15:00:00Z,2025-04-09,5.27,15809.0,19964.0,0.28136767101261534,2025-04-08T23:00:00Z,direct_ridge_90d_v1,12307.11213830488,13899.913143044698,0.5245159115467657
2025-04-01_30d_d168_h3,373,core,2025-04-09T15:00:00Z,2025-04-09T16:00:00Z,2025-04-09,4.01,16131.0,19128.0,0.27598826263574755,2025-04-08T23:00:00Z,direct_ridge_90d_v1,14471.134195173341,14015.444194617878,0.4831059074243662
2025-04-01_30d_d168_h3,374,core,2025-04-09T16:00:00Z,2025-04-09T17:00:00Z,2025-04-09,4.33,17190.0,17380.0,0.2815999799983181,2025-04-08T23:00:00Z,direct_ridge_90d_v1,15142.042628749648,13479.183164194481,0.4680574881411007
2025-04-01_30d_d168_h3,375,core,2025-04-09T17:00:00Z,2025-04-09T18:00:00Z,2025-04-09,7.78,20171.0,14871.0,0.2731908946811894,2025-04-08T23:00:00Z,direct_ridge_90d_v1,15734.473470246263,12861.166604641792,0.4645518064262919
2025-04-01_30d_d168_h3,376,core,2025-04-09T18:00:00Z,2025-04-09T19:00:00Z,2025-04-09,10.4,22883.0,12501.0,0.27082104941205043,2025-04-08T23:00:00Z,direct_ridge_90d_v1,15953.879196773769,12934.195803358107,0.47134895825850764
2025-04-01_30d_d168_h3,377,core,2025-04-09T19:00:00Z,2025-04-09T20:00:00Z,2025-04-09,14.47,25121.0,11021.0,0.2816567237811943,2025-04-08T23:00:00Z,direct_ridge_90d_v1,15942.297254484745,13198.18005890779,0.47973862835495057
2025-04-01_30d_d168_h3,378,core,2025-04-09T20:00:00Z,2025-04-09T21:00:00Z,2025-04-09,19.93,25632.0,10511.0,0.3132424187639131,2025-04-08T23:00:00Z,direct_ridge_90d_v1,15722.507025971598,13599.645816610893,0.48587644413151565
2025-04-01_30d_d168_h3,379,core,2025-04-09T21:00:00Z,2025-04-09T22:00:00Z,2025-04-09,20.52,24872.0,10515.0,0.35674400762952924,2025-04-08T23:00:00Z,direct_ridge_90d_v1,14898.57576054505,14163.858435669317,0.49470950281906767
2025-04-01_30d_d168_h3,380,core,2025-04-09T22:00:00Z,2025-04-09T23:00:00Z,2025-04-09,24.26,23697.0,10954.0,0.38109140709965506,2025-04-08T23:00:00Z,direct_ridge_90d_v1,12682.06456705157,14818.832010331189,0.5142973871675016
2025-04-01_30d_d168_h3,381,core,2025-04-09T23:00:00Z,2025-04-10T00:00:00Z,2025-04-09,39.32,16976.0,11053.0,0.5065980894752196,2025-04-08T23:00:00Z,direct_ridge_90d_v1,5901.503206820356,15642.18393088242,0.5980863814516285
2025-04-01_30d_d168_h3,382,core,2025-04-10T00:00:00Z,2025-04-10T01:00:00Z,2025-04-09,103.6,3532.0,11471.0,0.711362718392959,2025-04-08T23:00:00Z,direct_ridge_90d_v1,1023.6938516953712,16062.135634976605,0.6818703769682948
2025-04-01_30d_d168_h3,383,core,2025-04-10T01:00:00Z,2025-04-10T02:00:00Z,2025-04-09,80.4,17.0,14428.0,0.75323918477791,2025-04-08T23:00:00Z,direct_ridge_90d_v1,0.0,17382.468912574408,0.6928284867615193
2025-04-01_30d_d168_h3,384,core,2025-04-10T02:00:00Z,2025-04-10T03:00:00Z,2025-04-09,47.5,1.0,17156.0,0.7364229221085821,2025-04-08T23:00:00Z,direct_ridge_90d_v1,0.0,18825.30887137268,0.6826102847933544
2025-04-01_30d_d168_h3,385,core,2025-04-10T03:00:00Z,2025-04-10T04:00:00Z,2025-04-09,35.31,0.0,17552.0,0.732950463992811,2025-04-08T23:00:00Z,direct_ridge_90d_v1,0.0,19412.130372037653,0.6674041669167472
2025-04-01_30d_d168_h3,386,core,2025-04-10T04:00:00Z,2025-04-10T05:00:00Z,2025-04-09,29.86,0.0,15659.0,0.7572435900205607,2025-04-08T23:00:00Z,direct_ridge_90d_v1,0.0,19688.54672125764,0.6450195171036273
2025-04-01_30d_d168_h3,387,core,2025-04-10T05:00:00Z,2025-04-10T06:00:00Z,2025-04-10,30.56,0.0,13217.0,0.7905687693302336,2025-04-09T23:00:00Z,direct_ridge_90d_v1,0.0,19290.700090432103,0.5862713481633209
2025-04-01_30d_d168_h3,388,core,2025-04-10T06:00:00Z,2025-04-10T07:00:00Z,2025-04-10,27.21,0.0,11202.0,0.8349882403076253,2025-04-09T23:00:00Z,direct_ridge_90d_v1,0.0,18939.860109697172,0.5811347017560085
2025-04-01_30d_d168_h3,389,core,2025-04-10T07:00:00Z,2025-04-10T08:00:00Z,2025-04-10,27.36,0.0,10786.0,0.8516421388715106,2025-04-09T23:00:00Z,direct_ridge_90d_v1,0.0,18324.67131753407,0.585940474856936
2025-04-01_30d_d168_h3,390,core,2025-04-10T08:00:00Z,2025-04-10T09:00:00Z,2025-04-10,29.2,0.0,10413.0,0.8541336383441286,2025-04-09T23:00:00Z,direct_ridge_90d_v1,0.0,17958.916386460987,0.5986606999065457
2025-04-01_30d_d168_h3,391,core,2025-04-10T09:00:00Z,2025-04-10T10:00:00Z,2025-04-10,34.49,0.0,10598.0,0.8425457783241063,2025-04-09T23:00:00Z,direct_ridge_90d_v1,0.0,17337.78709057437,0.6235759242696147
2025-04-01_30d_d168_h3,392,core,2025-04-10T10:00:00Z,2025-04-10T11:00:00Z,2025-04-10,44.05,0.0,10435.0,0.8543423832274454,2025-04-09T23:00:00Z,direct_ridge_90d_v1,0.0,16791.874022224543,0.6511843813296101
2025-04-01_30d_d168_h3,393,core,2025-04-10T11:00:00Z,2025-04-10T12:00:00Z,2025-04-10,47.02,0.0,9814.0,0.840768186221464,2025-04-09T23:00:00Z,direct_ridge_90d_v1,0.34624335827965014,16561.96299204759,0.6633849727744849
2025-04-01_30d_d168_h3,394,core,2025-04-10T12:00:00Z,2025-04-10T13:00:00Z,2025-04-10,43.05,1894.0,8904.0,0.81690282493714,2025-04-09T23:00:00Z,direct_ridge_90d_v1,386.43619167554925,16119.91203518785,0.6630853353029631
2025-04-01_30d_d168_h3,395,core,2025-04-10T13:00:00Z,2025-04-10T14:00:00Z,2025-04-10,23.66,14936.0,6944.0,0.603038702388337,2025-04-09T23:00:00Z,direct_ridge_90d_v1,4662.994120585217,14769.766560678008,0.6003903484752819
2025-04-01_30d_d168_h3,396,core,2025-04-10T14:00:00Z,2025-04-10T15:00:00Z,2025-04-10,13.0,24181.0,4672.0,0.4411896501534793,2025-04-09T23:00:00Z,direct_ridge_90d_v1,11366.017112307969,12442.358109642786,0.506022511684405
2025-04-01_30d_d168_h3,397,core,2025-04-10T15:00:00Z,2025-04-10T16:00:00Z,2025-04-10,16.19,25291.0,4427.0,0.42745946389131784,2025-04-09T23:00:00Z,direct_ridge_90d_v1,13947.914441798444,12582.329108075191,0.45207127117572987
2025-04-01_30d_d168_h3,398,core,2025-04-10T16:00:00Z,2025-04-10T17:00:00Z,2025-04-10,17.7,25676.0,5133.0,0.4136875003379433,2025-04-09T23:00:00Z,direct_ridge_90d_v1,15995.564851936799,12858.838802360058,0.4210794978433908
2025-04-01_30d_d168_h3,399,core,2025-04-10T17:00:00Z,2025-04-10T18:00:00Z,2025-04-10,20.72,26247.0,6365.0,0.3856459010796155,2025-04-09T23:00:00Z,direct_ridge_90d_v1,17341.731772311607,12865.371436921143,0.41052303201303364
2025-04-01_30d_d168_h3,400,core,2025-04-10T18:00:00Z,2025-04-10T19:00:00Z,2025-04-10,24.7,26408.0,7237.0,0.4056944762748927,2025-04-09T23:00:00Z,direct_ridge_90d_v1,17898.020267698106,13304.151037627042,0.4177977096549556
2025-04-01_30d_d168_h3,401,core,2025-04-10T19:00:00Z,2025-04-10T20:00:00Z,2025-04-10,30.15,26442.0,7983.0,0.42320452737328434,2025-04-09T23:00:00Z,direct_ridge_90d_v1,17942.226324626576,13793.348609525541,0.43176054012167514
2025-04-01_30d_d168_h3,402,core,2025-04-10T20:00:00Z,2025-04-10T21:00:00Z,2025-04-10,33.67,26474.0,8342.0,0.44418596941895827,2025-04-09T23:00:00Z,direct_ridge_90d_v1,17818.681792359686,14285.981563488405,0.44473991145218184
2025-04-01_30d_d168_h3,403,core,2025-04-10T21:00:00Z,2025-04-10T22:00:00Z,2025-04-10,31.18,25896.0,8775.0,0.46902787399671547,2025-04-09T23:00:00Z,direct_ridge_90d_v1,16929.202323420548,14688.868684100227,0.46348927961777286
2025-04-01_30d_d168_h3,404,core,2025-04-10T22:00:00Z,2025-04-10T23:00:00Z,2025-04-10,34.57,24287.0,9352.0,0.5051973928948446,2025-04-09T23:00:00Z,direct_ridge_90d_v1,14449.976475691194,15062.888707348047,0.4942264043603882
2025-04-01_30d_d168_h3,405,core,2025-04-10T23:00:00Z,2025-04-11T00:00:00Z,2025-04-10,46.32,16502.0,10043.0,0.6057255078901616,2025-04-09T23:00:00Z,direct_ridge_90d_v1,9334.243819757956,16673.762173277886,0.5897446918984071
2025-04-01_30d_d168_h3,406,core,2025-04-11T00:00:00Z,2025-04-11T01:00:00Z,2025-04-10,110.81,3451.0,10614.0,0.741859249782161,2025-04-09T23:00:00Z,direct_ridge_90d_v1,1689.3270251058143,16831.791877913492,0.687068672564491
2025-04-01_30d_d168_h3,407,core,2025-04-11T01:00:00Z,2025-04-11T02:00:00Z,2025-04-10,64.09,86.0,13957.0,0.7775378582979611,2025-04-09T23:00:00Z,direct_ridge_90d_v1,0.0,17619.630422499515,0.7123089394979387
2025-04-01_30d_d168_h3,408,core,2025-04-11T02:00:00Z,2025-04-11T03:00:00Z,2025-04-10,38.39,50.0,17813.0,0.7551416930438792,2025-04-09T23:00:00Z,direct_ridge_90d_v1,0.0,18206.310034959075,0.7184653789281632
2025-04-01_30d_d168_h3,409,core,2025-04-11T03:00:00Z,2025-04-11T04:00:00Z,2025-04-10,36.38,0.0,18875.0,0.7377065846417791,2025-04-09T23:00:00Z,direct_ridge_90d_v1,0.0,18231.259796305178,0.7178204586335964
2025-04-01_30d_d168_h3,410,core,2025-04-11T04:00:00Z,2025-04-11T05:00:00Z,2025-04-10,29.6,0.0,17556.0,0.7485635398109175,2025-04-09T23:00:00Z,direct_ridge_90d_v1,0.0,18412.13450198663,0.7051436457836223
2025-04-01_30d_d168_h3,411,core,2025-04-11T05:00:00Z,2025-04-11T06:00:00Z,2025-04-11,30.8,0.0,15331.0,0.7874704209609663,2025-04-10T23:00:00Z,direct_ridge_90d_v1,0.0,19980.637597389585,0.5428902606288205
2025-04-01_30d_d168_h3,412,core,2025-04-11T06:00:00Z,2025-04-11T07:00:00Z,2025-04-11,25.72,0.0,13323.0,0.8275029497719177,2025-04-10T23:00:00Z,direct_ridge_90d_v1,0.0,19902.36651024858,0.5336579504693982
2025-04-01_30d_d168_h3,413,core,2025-04-11T07:00:00Z,2025-04-11T08:00:00Z,2025-04-11,25.88,0.0,11889.0,0.8567134809945037,2025-04-10T23:00:00Z,direct_ridge_90d_v1,0.0,19218.170057788822,0.543800547221656
2025-04-01_30d_d168_h3,414,core,2025-04-11T08:00:00Z,2025-04-11T09:00:00Z,2025-04-11,28.41,0.0,11426.0,0.8620487780668158,2025-04-10T23:00:00Z,direct_ridge_90d_v1,0.0,18880.198699748522,0.5599968897981968
2025-04-01_30d_d168_h3,415,core,2025-04-11T09:00:00Z,2025-04-11T10:00:00Z,2025-04-11,29.66,0.0,11186.0,0.8651801598940007,2025-04-10T23:00:00Z,direct_ridge_90d_v1,0.0,18405.53192514078,0.5849969858146512
2025-04-01_30d_d168_h3,416,core,2025-04-11T10:00:00Z,2025-04-11T11:00:00Z,2025-04-11,37.09,0.0,9749.0,0.895598509371306,2025-04-10T23:00:00Z,direct_ridge_90d_v1,0.0,17902.813318098448,0.6175014276180094
2025-04-01_30d_d168_h3,417,core,2025-04-11T11:00:00Z,2025-04-11T12:00:00Z,2025-04-11,45.04,1.0,8605.0,0.8765682236612242,2025-04-10T23:00:00Z,direct_ridge_90d_v1,0.0,17449.360766229656,0.6330476771615071
2025-04-01_30d_d168_h3,418,core,2025-04-11T12:00:00Z,2025-04-11T13:00:00Z,2025-04-11,40.0,1809.0,7814.0,0.8665719606044656,2025-04-10T23:00:00Z,direct_ridge_90d_v1,280.0995841613079,16956.53049298449,0.6317968961527474
2025-04-01_30d_d168_h3,419,core,2025-04-11T13:00:00Z,2025-04-11T14:00:00Z,2025-04-11,24.28,14474.0,6068.0,0.6742685378294736,2025-04-10T23:00:00Z,direct_ridge_90d_v1,4441.994110485882,15754.167306429727,0.5535825540163539
2025-04-01_30d_d168_h3,420,core,2025-04-11T14:00:00Z,2025-04-11T15:00:00Z,2025-04-11,15.03,24466.0,3843.0,0.48979910592558795,2025-04-10T23:00:00Z,direct_ridge_90d_v1,11629.16322044806,13830.23021523087,0.45137411897854307
2025-04-01_30d_d168_h3,421,core,2025-04-11T15:00:00Z,2025-04-11T16:00:00Z,2025-04-11,15.4,26306.0,5376.0,0.44078764028659356,2025-04-10T23:00:00Z,direct_ridge_90d_v1,14384.484292403311,14098.29400823432,0.39783120099304126
2025-04-01_30d_d168_h3,422,core,2025-04-11T16:00:00Z,2025-04-11T17:00:00Z,2025-04-11,17.25,26602.0,5461.0,0.4506160363268329,2025-04-10T23:00:00Z,direct_ridge_90d_v1,16231.734037076183,14413.099332019676,0.3705267948560348
2025-04-01_30d_d168_h3,423,core,2025-04-11T17:00:00Z,2025-04-11T18:00:00Z,2025-04-11,23.5,26280.0,5233.0,0.4761970878652519,2025-04-10T23:00:00Z,direct_ridge_90d_v1,17534.170066989995,14171.409138351857,0.3671003905706016
2025-04-01_30d_d168_h3,424,core,2025-04-11T18:00:00Z,2025-04-11T19:00:00Z,2025-04-11,27.08,26109.0,5408.0,0.5102779778401138,2025-04-10T23:00:00Z,direct_ridge_90d_v1,18060.773103995147,14042.21853122922,0.37705374599625274
2025-04-01_30d_d168_h3,425,core,2025-04-11T19:00:00Z,2025-04-11T20:00:00Z,2025-04-11,28.78,26069.0,5565.0,0.5354644889646737,2025-04-10T23:00:00Z,direct_ridge_90d_v1,18180.714606002188,14290.80588791398,0.39199278244956826
2025-04-01_30d_d168_h3,426,core,2025-04-11T20:00:00Z,2025-04-11T21:00:00Z,2025-04-11,33.65,25908.0,5263.0,0.5605292670894692,2025-04-10T23:00:00Z,direct_ridge_90d_v1,18101.55869594952,14587.699407204287,0.40490747035904473
2025-04-01_30d_d168_h3,427,core,2025-04-11T21:00:00Z,2025-04-11T22:00:00Z,2025-04-11,37.12,25483.0,5072.0,0.5869928273858066,2025-04-10T23:00:00Z,direct_ridge_90d_v1,17421.626624582797,14856.88541222029,0.42625650058375975
2025-04-01_30d_d168_h3,428,core,2025-04-11T22:00:00Z,2025-04-11T23:00:00Z,2025-04-11,36.8,23856.0,5608.0,0.607406857620408,2025-04-10T23:00:00Z,direct_ridge_90d_v1,15306.818359997404,15202.992915097093,0.4627284662192641
2025-04-01_30d_d168_h3,429,core,2025-04-11T23:00:00Z,2025-04-12T00:00:00Z,2025-04-11,45.07,16176.0,7149.0,0.6848722223582973,2025-04-10T23:00:00Z,direct_ridge_90d_v1,9882.345565683474,15162.87884738973,0.5583817199390101
2025-04-01_30d_d168_h3,430,core,2025-04-12T00:00:00Z,2025-04-12T01:00:00Z,2025-04-11,92.48,3422.0,9575.0,0.7916186848174371,2025-04-10T23:00:00Z,direct_ridge_90d_v1,1780.4306278376282,15507.0671340892,0.6795039286947203
2025-04-01_30d_d168_h3,431,core,2025-04-12T01:00:00Z,2025-04-12T02:00:00Z,2025-04-11,60.04,21.0,13693.0,0.7964647559392992,2025-04-10T23:00:00Z,direct_ridge_90d_v1,0.0,16360.515128424484,0.707643176144634
2025-04-01_30d_d168_h3,432,core,2025-04-12T02:00:00Z,2025-04-12T03:00:00Z,2025-04-11,35.66,0.0,18938.0,0.7418323640268538,2025-04-10T23:00:00Z,direct_ridge_90d_v1,0.0,17144.39837360053,0.7103016116575177
2025-04-01_30d_d168_h3,433,core,2025-04-12T03:00:00Z,2025-04-12T04:00:00Z,2025-04-11,30.66,1.0,22208.0,0.6458518154939104,2025-04-10T23:00:00Z,direct_ridge_90d_v1,0.0,17619.875866733335,0.7013456255636269
2025-04-01_30d_d168_h3,434,core,2025-04-12T04:00:00Z,2025-04-12T05:00:00Z,2025-04-11,26.52,1.0,23511.0,0.5821533238650495,2025-04-10T23:00:00Z,direct_ridge_90d_v1,0.0,18055.164778690323,0.6820958580683593
2025-04-01_30d_d168_h3,435,core,2025-04-12T05:00:00Z,2025-04-12T06:00:00Z,2025-04-12,25.17,1.0,23856.0,0.5452667455539956,2025-04-11T23:00:00Z,direct_ridge_90d_v1,0.0,19973.88446415427,0.5838130553392592
2025-04-01_30d_d168_h3,436,core,2025-04-12T06:00:00Z,2025-04-12T07:00:00Z,2025-04-12,22.07,0.0,23938.0,0.5183990485287603,2025-04-11T23:00:00Z,direct_ridge_90d_v1,0.0,19990.716212036423,0.5701954994228768
2025-04-01_30d_d168_h3,437,core,2025-04-12T07:00:00Z,2025-04-12T08:00:00Z,2025-04-12,19.83,0.0,23337.0,0.5037113694673471,2025-04-11T23:00:00Z,direct_ridge_90d_v1,0.0,19358.273684388292,0.5808023283067929
2025-04-01_30d_d168_h3,438,core,2025-04-12T08:00:00Z,2025-04-12T09:00:00Z,2025-04-12,18.87,0.0,23152.0,0.48616233083545535,2025-04-11T23:00:00Z,direct_ridge_90d_v1,0.0,18916.020683808358,0.5908390729880468
2025-04-01_30d_d168_h3,439,core,2025-04-12T09:00:00Z,2025-04-12T10:00:00Z,2025-04-12,18.65,0.0,23138.0,0.4655056375719336,2025-04-11T23:00:00Z,direct_ridge_90d_v1,0.0,18513.813600448724,0.6012403014543498
2025-04-01_30d_d168_h3,440,core,2025-04-12T10:00:00Z,2025-04-12T11:00:00Z,2025-04-12,20.73,0.0,23048.0,0.4689799838728359,2025-04-11T23:00:00Z,direct_ridge_90d_v1,0.0,18243.332112303964,0.6192149603394702
2025-04-01_30d_d168_h3,441,core,2025-04-12T11:00:00Z,2025-04-12T12:00:00Z,2025-04-12,20.86,1.0,23105.0,0.46567820439712254,2025-04-11T23:00:00Z,direct_ridge_90d_v1,0.7505931611978585,17635.965087235614,0.6329036962167837
2025-04-01_30d_d168_h3,442,core,2025-04-12T12:00:00Z,2025-04-12T13:00:00Z,2025-04-12,20.86,1973.0,22711.0,0.44875008431873686,2025-04-11T23:00:00Z,direct_ridge_90d_v1,354.95476791870914,16899.707310966955,0.6300763530475646
2025-04-01_30d_d168_h3,443,core,2025-04-12T13:00:00Z,2025-04-12T14:00:00Z,2025-04-12,9.57,12026.0,19534.0,0.324463016465799,2025-04-11T23:00:00Z,direct_ridge_90d_v1,4727.244930874424,15438.707245176041,0.5525403268844447
2025-04-01_30d_d168_h3,444,core,2025-04-12T14:00:00Z,2025-04-12T15:00:00Z,2025-04-12,9.06,17427.0,16678.0,0.283961501046047,2025-04-11T23:00:00Z,direct_ridge_90d_v1,12045.989567305323,13780.575171492155,0.44788646848551067
2025-04-01_30d_d168_h3,445,core,2025-04-12T15:00:00Z,2025-04-12T16:00:00Z,2025-04-12,8.76,17875.0,18276.0,0.26004608806760265,2025-04-11T23:00:00Z,direct_ridge_90d_v1,14641.920711574625,13953.968245367663,0.4019860491739611
2025-04-01_30d_d168_h3,446,core,2025-04-12T16:00:00Z,2025-04-12T17:00:00Z,2025-04-12,11.29,17226.0,20063.0,0.25116996806897623,2025-04-11T23:00:00Z,direct_ridge_90d_v1,16006.632870476464,13448.295022166112,0.3896607978839467
2025-04-01_30d_d168_h3,447,core,2025-04-12T17:00:00Z,2025-04-12T18:00:00Z,2025-04-12,14.22,16788.0,21577.0,0.25480516284284693,2025-04-11T23:00:00Z,direct_ridge_90d_v1,17395.21011086383,12556.617411166286,0.3919579984054589
2025-04-01_30d_d168_h3,448,core,2025-04-12T18:00:00Z,2025-04-12T19:00:00Z,2025-04-12,18.03,16937.0,21846.0,0.2793746263455176,2025-04-11T23:00:00Z,direct_ridge_90d_v1,18291.492184247392,12029.396732177447,0.3994513409742252
2025-04-01_30d_d168_h3,449,core,2025-04-12T19:00:00Z,2025-04-12T20:00:00Z,2025-04-12,19.86,17448.0,22044.0,0.30052242808022195,2025-04-11T23:00:00Z,direct_ridge_90d_v1,18505.333985099234,11969.79011617345,0.4074503104849232
2025-04-01_30d_d168_h3,450,core,2025-04-12T20:00:00Z,2025-04-12T21:00:00Z,2025-04-12,21.4,17751.0,22063.0,0.32953664436966995,2025-04-11T23:00:00Z,direct_ridge_90d_v1,18488.066322452873,12178.486321544722,0.41483875204372234
2025-04-01_30d_d168_h3,451,core,2025-04-12T21:00:00Z,2025-04-12T22:00:00Z,2025-04-12,24.35,17502.0,22814.0,0.3510857136716281,2025-04-11T23:00:00Z,direct_ridge_90d_v1,17578.34537865142,12618.93260835375,0.4246160219069003
2025-04-01_30d_d168_h3,452,core,2025-04-12T22:00:00Z,2025-04-12T23:00:00Z,2025-04-12,25.81,16505.0,23328.0,0.37658349453700146,2025-04-11T23:00:00Z,direct_ridge_90d_v1,15775.743604281237,13226.101372967116,0.4498319320027797
2025-04-01_30d_d168_h3,453,core,2025-04-12T23:00:00Z,2025-04-13T00:00:00Z,2025-04-12,36.28,12552.0,24354.0,0.4181827757944313,2025-04-11T23:00:00Z,direct_ridge_90d_v1,10149.439559104583,14639.020179293526,0.5373623198722942
2025-04-01_30d_d168_h3,454,core,2025-04-13T00:00:00Z,2025-04-13T01:00:00Z,2025-04-12,50.22,3292.0,25232.0,0.5510076279710819,2025-04-11T23:00:00Z,direct_ridge_90d_v1,1831.3694258916178,15324.713928781899,0.6619003504377987
2025-04-01_30d_d168_h3,455,core,2025-04-13T01:00:00Z,2025-04-13T02:00:00Z,2025-04-12,45.63,24.0,26531.0,0.5618282483721947,2025-04-11T23:00:00Z,direct_ridge_90d_v1,0.0,16547.177752789612,0.6814581547545983
2025-04-01_30d_d168_h3,456,core,2025-04-13T02:00:00Z,2025-04-13T03:00:00Z,2025-04-12,35.37,0.0,26867.0,0.5728221389641768,2025-04-11T23:00:00Z,direct_ridge_90d_v1,0.0,17770.55946799865,0.674013182564109
2025-04-01_30d_d168_h3,457,core,2025-04-13T03:00:00Z,2025-04-13T04:00:00Z,2025-04-12,30.67,1.0,27175.0,0.5419540908931054,2025-04-11T23:00:00Z,direct_ridge_90d_v1,0.0,18427.982796067445,0.660812057189655
2025-04-01_30d_d168_h3,458,core,2025-04-13T04:00:00Z,2025-04-13T05:00:00Z,2025-04-12,26.73,1.0,27375.0,0.5049507082535347,2025-04-11T23:00:00Z,direct_ridge_90d_v1,0.0,18565.23517137698,0.6429847181617747
2025-04-01_30d_d168_h3,459,core,2025-04-13T05:00:00Z,2025-04-13T06:00:00Z,2025-04-13,22.3,1.0,27112.0,0.4830757775109388,2025-04-12T23:00:00Z,direct_ridge_90d_v1,0.0,18648.557658498983,0.5920766826525384
2025-04-01_30d_d168_h3,460,core,2025-04-13T06:00:00Z,2025-04-13T07:00:00Z,2025-04-13,20.27,1.0,26913.0,0.46736175281490355,2025-04-12T23:00:00Z,direct_ridge_90d_v1,0.0,18472.023481481025,0.5906603151711889
2025-04-01_30d_d168_h3,461,core,2025-04-13T07:00:00Z,2025-04-13T08:00:00Z,2025-04-13,18.88,1.0,26946.0,0.435138411371825,2025-04-12T23:00:00Z,direct_ridge_90d_v1,0.0,18207.75256690599,0.5933954438369111
2025-04-01_30d_d168_h3,462,core,2025-04-13T08:00:00Z,2025-04-13T09:00:00Z,2025-04-13,17.18,1.0,26808.0,0.413381432166003,2025-04-12T23:00:00Z,direct_ridge_90d_v1,0.0,17948.934689738115,0.6055378881431278
2025-04-01_30d_d168_h3,463,core,2025-04-13T09:00:00Z,2025-04-13T10:00:00Z,2025-04-13,16.64,1.0,26561.0,0.3902455165218143,2025-04-12T23:00:00Z,direct_ridge_90d_v1,0.0,17686.527156075343,0.6241017246118532
2025-04-01_30d_d168_h3,464,core,2025-04-13T10:00:00Z,2025-04-13T11:00:00Z,2025-04-13,17.01,1.0,26572.0,0.3811071127774381,2025-04-12T23:00:00Z,direct_ridge_90d_v1,0.0,17523.70254277907,0.6447948430110791
2025-04-01_30d_d168_h3,465,core,2025-04-13T11:00:00Z,2025-04-13T12:00:00Z,2025-04-13,18.07,1.0,26501.0,0.3724969414171581,2025-04-12T23:00:00Z,direct_ridge_90d_v1,0.00431049176805276,17362.624192354695,0.6531248491482441
2025-04-01_30d_d168_h3,466,core,2025-04-13T12:00:00Z,2025-04-13T13:00:00Z,2025-04-13,16.45,1795.0,25707.0,0.3480695176256875,2025-04-12T23:00:00Z,direct_ridge_90d_v1,663.2079420558007,17018.35701375098,0.6519513951482302
2025-04-01_30d_d168_h3,467,core,2025-04-13T13:00:00Z,2025-04-13T14:00:00Z,2025-04-13,7.63,9100.0,23636.0,0.28984009009314815,2025-04-12T23:00:00Z,direct_ridge_90d_v1,6372.531126483703,15777.116797182,0.5652745881427217
2025-04-01_30d_d168_h3,468,core,2025-04-13T14:00:00Z,2025-04-13T15:00:00Z,2025-04-13,5.5,13044.0,22749.0,0.2642818521068057,2025-04-12T23:00:00Z,direct_ridge_90d_v1,13493.778431703651,13779.063239023377,0.46609015677913024
2025-04-01_30d_d168_h3,469,core,2025-04-13T15:00:00Z,2025-04-13T16:00:00Z,2025-04-13,7.31,14342.0,21773.0,0.2745361373734584,2025-04-12T23:00:00Z,direct_ridge_90d_v1,16134.269345944514,14083.325761422311,0.4169550204003333
2025-04-01_30d_d168_h3,470,core,2025-04-13T16:00:00Z,2025-04-13T17:00:00Z,2025-04-13,11.82,16554.0,20733.0,0.28128877319936596,2025-04-12T23:00:00Z,direct_ridge_90d_v1,17758.076563506427,13801.094855271353,0.39341521135618834
2025-04-01_30d_d168_h3,471,core,2025-04-13T17:00:00Z,2025-04-13T18:00:00Z,2025-04-13,18.64,18214.0,20203.0,0.2961944428094535,2025-04-12T23:00:00Z,direct_ridge_90d_v1,18836.156665686463,13298.58384905437,0.38741544405300443
2025-04-01_30d_d168_h3,472,core,2025-04-13T18:00:00Z,2025-04-13T19:00:00Z,2025-04-13,22.52,20581.0,19059.0,0.3156288545618408,2025-04-12T23:00:00Z,direct_ridge_90d_v1,19293.056037315677,13310.44692031853,0.3970760974588361
2025-04-01_30d_d168_h3,473,core,2025-04-13T19:00:00Z,2025-04-13T20:00:00Z,2025-04-13,27.3,22527.0,17772.0,0.34593899778509074,2025-04-12T23:00:00Z,direct_ridge_90d_v1,19344.378799161754,13451.364825231576,0.41149130889885094
2025-04-01_30d_d168_h3,474,core,2025-04-13T20:00:00Z,2025-04-13T21:00:00Z,2025-04-13,30.42,23022.0,17838.0,0.36740090587739926,2025-04-12T23:00:00Z,direct_ridge_90d_v1,19250.702794307177,13709.133133879286,0.42525557385717927
2025-04-01_30d_d168_h3,475,core,2025-04-13T21:00:00Z,2025-04-13T22:00:00Z,2025-04-13,34.33,22625.0,18607.0,0.38346887250902634,2025-04-12T23:00:00Z,direct_ridge_90d_v1,18510.448871888024,14040.685235542209,0.44435957963144646
2025-04-01_30d_d168_h3,476,core,2025-04-13T22:00:00Z,2025-04-13T23:00:00Z,2025-04-13,38.85,21333.0,19597.0,0.39525426088662047,2025-04-12T23:00:00Z,direct_ridge_90d_v1,16296.47701562812,14474.476762436278,0.4841450001758129
2025-04-01_30d_d168_h3,477,core,2025-04-13T23:00:00Z,2025-04-14T00:00:00Z,2025-04-13,50.04,15661.0,20772.0,0.46698112716792256,2025-04-12T23:00:00Z,direct_ridge_90d_v1,10127.984383840432,15025.794096312871,0.5815938083376989
2025-04-01_30d_d168_h3,478,core,2025-04-14T00:00:00Z,2025-04-14T01:00:00Z,2025-04-13,70.55,3072.0,22628.0,0.6001054261550156,2025-04-12T23:00:00Z,direct_ridge_90d_v1,1809.1520972579801,15408.860907449876,0.7051728326818774
2025-04-01_30d_d168_h3,479,core,2025-04-14T01:00:00Z,2025-04-14T02:00:00Z,2025-04-13,70.57,5.0,25070.0,0.613781431398718,2025-04-12T23:00:00Z,direct_ridge_90d_v1,0.0,16219.732875548527,0.7295126039669944
2025-04-01_30d_d168_h3,480,core,2025-04-14T02:00:00Z,2025-04-14T03:00:00Z,2025-04-13,39.59,0.0,26988.0,0.5988367621886733,2025-04-12T23:00:00Z,direct_ridge_90d_v1,0.0,17174.721604445058,0.731372135553738
2025-04-01_30d_d168_h3,481,core,2025-04-14T03:00:00Z,2025-04-14T04:00:00Z,2025-04-13,29.06,0.0,27305.0,0.5647457700167013,2025-04-12T23:00:00Z,direct_ridge_90d_v1,0.0,17572.241065031212,0.7251206068848657
2025-04-01_30d_d168_h3,482,core,2025-04-14T04:00:00Z,2025-04-14T05:00:00Z,2025-04-13,24.28,0.0,27334.0,0.5150941449712367,2025-04-12T23:00:00Z,direct_ridge_90d_v1,0.0,17877.785846737177,0.7093946870592199
2025-04-01_30d_d168_h3,483,core,2025-04-14T05:00:00Z,2025-04-14T06:00:00Z,2025-04-14,23.76,1.0,27171.0,0.4840971314106616,2025-04-13T23:00:00Z,direct_ridge_90d_v1,0.0,16040.509713883752,0.6903750723877973
2025-04-01_30d_d168_h3,484,core,2025-04-14T06:00:00Z,2025-04-14T07:00:00Z,2025-04-14,21.06,1.0,26976.0,0.46129972913982115,2025-04-13T23:00:00Z,direct_ridge_90d_v1,0.0,15801.185966813808,0.6917383188317082
2025-04-01_30d_d168_h3,485,core,2025-04-14T07:00:00Z,2025-04-14T08:00:00Z,2025-04-14,18.36,0.0,26347.0,0.4495005227004816,2025-04-13T23:00:00Z,direct_ridge_90d_v1,0.0,15761.939681021262,0.6891890136202068
2025-04-01_30d_d168_h3,486,core,2025-04-14T08:00:00Z,2025-04-14T09:00:00Z,2025-04-14,17.98,0.0,26051.0,0.44536937417207,2025-04-13T23:00:00Z,direct_ridge_90d_v1,0.0,15557.200880622651,0.6946341822601718
2025-04-01_30d_d168_h3,487,core,2025-04-14T09:00:00Z,2025-04-14T10:00:00Z,2025-04-14,19.06,0.0,25701.0,0.4610599503907923,2025-04-13T23:00:00Z,direct_ridge_90d_v1,0.0,15316.353660089888,0.7066281163622119
2025-04-01_30d_d168_h3,488,core,2025-04-14T10:00:00Z,2025-04-14T11:00:00Z,2025-04-14,25.25,0.0,24928.0,0.5034123826899167,2025-04-13T23:00:00Z,direct_ridge_90d_v1,0.0,15288.691386052255,0.7256061385382248
2025-04-01_30d_d168_h3,489,core,2025-04-14T11:00:00Z,2025-04-14T12:00:00Z,2025-04-14,25.37,1.0,24011.0,0.5556198593425622,2025-04-13T23:00:00Z,direct_ridge_90d_v1,0.0,15235.370555179084,0.7291306915707894
2025-04-01_30d_d168_h3,490,core,2025-04-14T12:00:00Z,2025-04-14T13:00:00Z,2025-04-14,29.3,1429.0,23067.0,0.5642982609295912,2025-04-13T23:00:00Z,direct_ridge_90d_v1,985.6296968646584,14969.627707154948,0.7209697718210033
2025-04-01_30d_d168_h3,491,core,2025-04-14T13:00:00Z,2025-04-14T14:00:00Z,2025-04-14,16.62,9971.0,20666.0,0.4474478172610581,2025-04-13T23:00:00Z,direct_ridge_90d_v1,8634.769082116605,13707.903245857926,0.6251127048596815
2025-04-01_30d_d168_h3,492,core,2025-04-14T14:00:00Z,2025-04-14T15:00:00Z,2025-04-14,12.34,17545.0,19431.0,0.3258227603493787,2025-04-13T23:00:00Z,direct_ridge_90d_v1,16423.705775252718,11720.730292774195,0.5240875589939844
2025-04-01_30d_d168_h3,493,core,2025-04-14T15:00:00Z,2025-04-14T16:00:00Z,2025-04-14,14.74,20565.0,17479.0,0.31431095426432887,2025-04-13T23:00:00Z,direct_ridge_90d_v1,19194.373346176788,11850.124521450658,0.4796394586189183
2025-04-01_30d_d168_h3,494,core,2025-04-14T16:00:00Z,2025-04-14T17:00:00Z,2025-04-14,18.29,21494.0,16219.0,0.34848940470609413,2025-04-13T23:00:00Z,direct_ridge_90d_v1,20450.76818703025,12098.101734462767,0.4497801930701821
2025-04-01_30d_d168_h3,495,core,2025-04-14T17:00:00Z,2025-04-14T18:00:00Z,2025-04-14,22.19,21821.0,15661.0,0.3740848657104586,2025-04-13T23:00:00Z,direct_ridge_90d_v1,21277.657433024386,12142.952533159478,0.4311478490045422
2025-04-01_30d_d168_h3,496,core,2025-04-14T18:00:00Z,2025-04-14T19:00:00Z,2025-04-14,30.47,22824.0,15077.0,0.40733132646998205,2025-04-13T23:00:00Z,direct_ridge_90d_v1,21610.08698694189,12522.415431698591,0.4376796490191753
2025-04-01_30d_d168_h3,497,core,2025-04-14T19:00:00Z,2025-04-14T20:00:00Z,2025-04-14,34.07,23197.0,15443.0,0.4277237454092717,2025-04-13T23:00:00Z,direct_ridge_90d_v1,21654.37442135717,12718.941886727287,0.45079908909973876
2025-04-01_30d_d168_h3,498,core,2025-04-14T20:00:00Z,2025-04-14T21:00:00Z,2025-04-14,38.63,22924.0,14971.0,0.47372546333616594,2025-04-13T23:00:00Z,direct_ridge_90d_v1,21303.401942552046,13031.380964013228,0.465536683302648
2025-04-01_30d_d168_h3,499,core,2025-04-14T21:00:00Z,2025-04-14T22:00:00Z,2025-04-14,47.74,21569.0,15853.0,0.4888964966103333,2025-04-13T23:00:00Z,direct_ridge_90d_v1,20635.82323661038,13466.759875765787,0.4842318805448477
2025-04-01_30d_d168_h3,500,core,2025-04-14T22:00:00Z,2025-04-14T23:00:00Z,2025-04-14,52.54,17684.0,17321.0,0.5264470400634857,2025-04-13T23:00:00Z,direct_ridge_90d_v1,18560.222453294402,14064.04342030008,0.5186827894216473
2025-04-01_30d_d168_h3,501,core,2025-04-14T23:00:00Z,2025-04-15T00:00:00Z,2025-04-14,61.15,8969.0,18277.0,0.6244114987523679,2025-04-13T23:00:00Z,direct_ridge_90d_v1,11355.714472747262,15100.084754011086,0.6083805855133901
2025-04-01_30d_d168_h3,502,core,2025-04-15T00:00:00Z,2025-04-15T01:00:00Z,2025-04-14,109.05,1677.0,18148.0,0.6926393893442014,2025-04-13T23:00:00Z,direct_ridge_90d_v1,2126.831830743856,15981.344303361084,0.7207047393583825
2025-04-01_30d_d168_h3,503,core,2025-04-15T01:00:00Z,2025-04-15T02:00:00Z,2025-04-14,82.79,25.0,18335.0,0.7149333707654995,2025-04-13T23:00:00Z,direct_ridge_90d_v1,0.0,17291.045839149047,0.740010843509452
2025-04-01_30d_d168_h3,504,core,2025-04-15T02:00:00Z,2025-04-15T03:00:00Z,2025-04-14,44.09,0.0,19606.0,0.7330743266576414,2025-04-13T23:00:00Z,direct_ridge_90d_v1,0.0,18570.37900981632,0.731549153360362
2025-04-01_30d_d168_h3,505,core,2025-04-15T03:00:00Z,2025-04-15T04:00:00Z,2025-04-14,39.69,0.0,20583.0,0.7065831749315806,2025-04-13T23:00:00Z,direct_ridge_90d_v1,0.0,19163.0567786149,0.7152444672773359
2025-04-01_30d_d168_h3,506,core,2025-04-15T04:00:00Z,2025-04-15T05:00:00Z,2025-04-14,28.29,0.0,20744.0,0.6774404042528475,2025-04-13T23:00:00Z,direct_ridge_90d_v1,0.0,19430.226624441464,0.6931586583230914
2025-04-01_30d_d168_h3,507,core,2025-04-15T05:00:00Z,2025-04-15T06:00:00Z,2025-04-15,25.37,0.0,21482.0,0.6028656587954515,2025-04-14T23:00:00Z,direct_ridge_90d_v1,0.0,17619.040648419123,0.6117142866296501
2025-04-01_30d_d168_h3,508,core,2025-04-15T06:00:00Z,2025-04-15T07:00:00Z,2025-04-15,22.59,0.0,21321.0,0.5714583758599889,2025-04-14T23:00:00Z,direct_ridge_90d_v1,0.0,17763.19550872062,0.6001201001333544
2025-04-01_30d_d168_h3,509,core,2025-04-15T07:00:00Z,2025-04-15T08:00:00Z,2025-04-15,21.77,0.0,20824.0,0.5489732904607182,2025-04-14T23:00:00Z,direct_ridge_90d_v1,0.0,17389.28441353584,0.6085809437677606
2025-04-01_30d_d168_h3,510,core,2025-04-15T08:00:00Z,2025-04-15T09:00:00Z,2025-04-15,20.54,0.0,19542.0,0.559592314818607,2025-04-14T23:00:00Z,direct_ridge_90d_v1,0.0,16926.574206571593,0.6175927186757958
2025-04-01_30d_d168_h3,511,core,2025-04-15T09:00:00Z,2025-04-15T10:00:00Z,2025-04-15,21.65,0.0,18356.0,0.5791370373190178,2025-04-14T23:00:00Z,direct_ridge_90d_v1,0.0,16648.594348838702,0.6251990270511971
2025-04-01_30d_d168_h3,512,core,2025-04-15T10:00:00Z,2025-04-15T11:00:00Z,2025-04-15,27.65,0.0,16733.0,0.6353743594296074,2025-04-14T23:00:00Z,direct_ridge_90d_v1,0.0,16454.928231290167,0.6465431543767084
2025-04-01_30d_d168_h3,513,core,2025-04-15T11:00:00Z,2025-04-15T12:00:00Z,2025-04-15,36.75,1.0,14345.0,0.7149734906050532,2025-04-14T23:00:00Z,direct_ridge_90d_v1,1.5870111132615239,15986.681735188255,0.6552214433939684
2025-04-01_30d_d168_h3,514,core,2025-04-15T12:00:00Z,2025-04-15T13:00:00Z,2025-04-15,41.03,1417.0,12747.0,0.709989206940267,2025-04-14T23:00:00Z,direct_ridge_90d_v1,1301.4530645241532,15760.46164011283,0.6472037109473614
2025-04-01_30d_d168_h3,515,core,2025-04-15T13:00:00Z,2025-04-15T14:00:00Z,2025-04-15,24.02,10840.0,11474.0,0.5826367967891292,2025-04-14T23:00:00Z,direct_ridge_90d_v1,8533.115973922017,14643.884426935618,0.5491526663128609
2025-04-01_30d_d168_h3,516,core,2025-04-15T14:00:00Z,2025-04-15T15:00:00Z,2025-04-15,18.18,18211.0,12381.0,0.43037715843231933,2025-04-14T23:00:00Z,direct_ridge_90d_v1,14059.970113517229,13057.698798719799,0.4462929507539072
2025-04-01_30d_d168_h3,517,core,2025-04-15T15:00:00Z,2025-04-15T16:00:00Z,2025-04-15,17.7,20635.0,13232.0,0.37001910566406193,2025-04-14T23:00:00Z,direct_ridge_90d_v1,16247.311873276267,13277.150837875824,0.404208147444783
2025-04-01_30d_d168_h3,518,core,2025-04-15T16:00:00Z,2025-04-15T17:00:00Z,2025-04-15,20.12,21565.0,11831.0,0.39296411007773757,2025-04-14T23:00:00Z,direct_ridge_90d_v1,17405.748226334457,12990.86850619042,0.38803332438007965
2025-04-01_30d_d168_h3,519,core,2025-04-15T17:00:00Z,2025-04-15T18:00:00Z,2025-04-15,23.54,21664.0,10898.0,0.4362445343682493,2025-04-14T23:00:00Z,direct_ridge_90d_v1,18415.242353269867,12403.413322465989,0.3851268587065022
2025-04-01_30d_d168_h3,520,core,2025-04-15T18:00:00Z,2025-04-15T19:00:00Z,2025-04-15,30.06,22669.0,9871.0,0.45625960170512275,2025-04-14T23:00:00Z,direct_ridge_90d_v1,18984.403833750945,12280.483337860855,0.39585799303728075
2025-04-01_30d_d168_h3,521,core,2025-04-15T19:00:00Z,2025-04-15T20:00:00Z,2025-04-15,35.64,23120.0,9216.0,0.47288791322030543,2025-04-14T23:00:00Z,direct_ridge_90d_v1,19055.717902418655,12419.08823448155,0.4057683847448926
2025-04-01_30d_d168_h3,522,core,2025-04-15T20:00:00Z,2025-04-15T21:00:00Z,2025-04-15,36.23,22319.0,8835.0,0.49872314669510037,2025-04-14T23:00:00Z,direct_ridge_90d_v1,18706.053941198934,12664.126684044882,0.4157907598370904
2025-04-01_30d_d168_h3,523,core,2025-04-15T21:00:00Z,2025-04-15T22:00:00Z,2025-04-15,37.77,22077.0,8513.0,0.5172960625903169,2025-04-14T23:00:00Z,direct_ridge_90d_v1,18323.350319865254,13077.083764014067,0.4290324636803844
2025-04-01_30d_d168_h3,524,core,2025-04-15T22:00:00Z,2025-04-15T23:00:00Z,2025-04-15,37.94,20015.0,9098.0,0.5452299892420378,2025-04-14T23:00:00Z,direct_ridge_90d_v1,17874.929980136258,13728.324272642622,0.45596342769573905
2025-04-01_30d_d168_h3,525,core,2025-04-15T23:00:00Z,2025-04-16T00:00:00Z,2025-04-15,35.91,13992.0,10168.0,0.6084561822364747,2025-04-14T23:00:00Z,direct_ridge_90d_v1,11798.930546439255,13879.110474346078,0.552667858807943
2025-04-01_30d_d168_h3,526,core,2025-04-16T00:00:00Z,2025-04-16T01:00:00Z,2025-04-15,75.17,3437.0,10951.0,0.7060722242973211,2025-04-14T23:00:00Z,direct_ridge_90d_v1,2429.0381101667435,14820.546703555998,0.6858040454722254
2025-04-01_30d_d168_h3,527,core,2025-04-16T01:00:00Z,2025-04-16T02:00:00Z,2025-04-15,89.31,46.0,11665.0,0.7434757586391633,2025-04-14T23:00:00Z,direct_ridge_90d_v1,0.0,16066.452083872247,0.7033399574416653
2025-04-01_30d_d168_h3,528,core,2025-04-16T02:00:00Z,2025-04-16T03:00:00Z,2025-04-15,50.3,0.0,14811.0,0.7437927262729479,2025-04-14T23:00:00Z,direct_ridge_90d_v1,0.0,17682.309928066265,0.6888981727050634
2025-04-01_30d_d168_h3,529,core,2025-04-16T03:00:00Z,2025-04-16T04:00:00Z,2025-04-15,35.88,0.0,17559.0,0.7099835855461333,2025-04-14T23:00:00Z,direct_ridge_90d_v1,0.0,18765.92383749999,0.6606953104114004
2025-04-01_30d_d168_h3,530,core,2025-04-16T04:00:00Z,2025-04-16T05:00:00Z,2025-04-15,28.29,0.0,19250.0,0.6663108800357189,2025-04-14T23:00:00Z,direct_ridge_90d_v1,0.0,19167.014685761806,0.6317138951927295
2025-04-01_30d_d168_h3,531,core,2025-04-16T05:00:00Z,2025-04-16T06:00:00Z,2025-04-16,29.91,0.0,20091.0,0.5990732941281687,2025-04-15T23:00:00Z,direct_ridge_90d_v1,0.0,18692.813064786962,0.6206507408246612
2025-04-01_30d_d168_h3,532,core,2025-04-16T06:00:00Z,2025-04-16T07:00:00Z,2025-04-16,26.8,0.0,20528.0,0.566193343738294,2025-04-15T23:00:00Z,direct_ridge_90d_v1,0.0,18569.27428016273,0.6167679283980761
2025-04-01_30d_d168_h3,533,core,2025-04-16T07:00:00Z,2025-04-16T08:00:00Z,2025-04-16,24.01,0.0,20072.0,0.5450045071406816,2025-04-15T23:00:00Z,direct_ridge_90d_v1,0.0,18518.843995214615,0.6167452183360135
2025-04-01_30d_d168_h3,534,core,2025-04-16T08:00:00Z,2025-04-16T09:00:00Z,2025-04-16,23.27,0.0,19595.0,0.5381800086322333,2025-04-15T23:00:00Z,direct_ridge_90d_v1,0.0,17998.772765991092,0.6204821434987688
2025-04-01_30d_d168_h3,535,core,2025-04-16T09:00:00Z,2025-04-16T10:00:00Z,2025-04-16,23.85,0.0,19446.0,0.5366861265031305,2025-04-15T23:00:00Z,direct_ridge_90d_v1,0.0,17788.77053522902,0.6189437771214519
2025-04-01_30d_d168_h3,536,core,2025-04-16T10:00:00Z,2025-04-16T11:00:00Z,2025-04-16,32.89,0.0,20024.0,0.5512948705451638,2025-04-15T23:00:00Z,direct_ridge_90d_v1,0.0,17720.55858361754,0.6308713806389172
2025-04-01_30d_d168_h3,537,core,2025-04-16T11:00:00Z,2025-04-16T12:00:00Z,2025-04-16,32.89,2.0,20791.0,0.5662417797607486,2025-04-15T23:00:00Z,direct_ridge_90d_v1,2.566632856212879,17347.881121311217,0.6349096888708852
2025-04-01_30d_d168_h3,538,core,2025-04-16T12:00:00Z,2025-04-16T13:00:00Z,2025-04-16,32.06,1462.0,20395.0,0.5401744252338012,2025-04-15T23:00:00Z,direct_ridge_90d_v1,1474.8837856919267,17008.165538898265,0.6303779861167
2025-04-01_30d_d168_h3,539,core,2025-04-16T13:00:00Z,2025-04-16T14:00:00Z,2025-04-16,20.8,10412.0,17893.0,0.4386392037385993,2025-04-15T23:00:00Z,direct_ridge_90d_v1,9205.96647968905,16245.194278979889,0.550708186130994
2025-04-01_30d_d168_h3,540,core,2025-04-16T14:00:00Z,2025-04-16T15:00:00Z,2025-04-16,14.14,15954.0,17967.0,0.3464205390531227,2025-04-15T23:00:00Z,direct_ridge_90d_v1,15897.054358756759,15530.315013768375,0.45147845761988037
2025-04-01_30d_d168_h3,541,core,2025-04-16T15:00:00Z,2025-04-16T16:00:00Z,2025-04-16,15.13,16448.0,19748.0,0.3139440294136261,2025-04-15T23:00:00Z,direct_ridge_90d_v1,17994.20465265445,15346.509043887598,0.41242294441206595
2025-04-01_30d_d168_h3,542,core,2025-04-16T16:00:00Z,2025-04-16T17:00:00Z,2025-04-16,18.86,17578.0,19617.0,0.3051874345547194,2025-04-15T23:00:00Z,direct_ridge_90d_v1,18462.414713864502,14324.708208036653,0.4016160277582428
2025-04-01_30d_d168_h3,543,core,2025-04-16T17:00:00Z,2025-04-16T18:00:00Z,2025-04-16,21.34,17842.0,19498.0,0.3170053432247517,2025-04-15T23:00:00Z,direct_ridge_90d_v1,19211.81349355307,13280.066578075493,0.39999311281788613
2025-04-01_30d_d168_h3,544,core,2025-04-16T18:00:00Z,2025-04-16T19:00:00Z,2025-04-16,26.19,18345.0,19617.0,0.3414903512527025,2025-04-15T23:00:00Z,direct_ridge_90d_v1,19919.27549520105,12669.924330824675,0.4086736076952948
2025-04-01_30d_d168_h3,545,core,2025-04-16T19:00:00Z,2025-04-16T20:00:00Z,2025-04-16,31.66,18798.0,19785.0,0.36953443342853776,2025-04-15T23:00:00Z,direct_ridge_90d_v1,20546.298083643345,12457.007586985388,0.4187412623571143
2025-04-01_30d_d168_h3,546,core,2025-04-16T20:00:00Z,2025-04-16T21:00:00Z,2025-04-16,35.66,18811.0,21185.0,0.3681567235468912,2025-04-15T23:00:00Z,direct_ridge_90d_v1,20604.83173148923,12441.871353452581,0.4276370496570857
2025-04-01_30d_d168_h3,547,core,2025-04-16T21:00:00Z,2025-04-16T22:00:00Z,2025-04-16,38.97,17576.0,22103.0,0.3798025735966228,2025-04-15T23:00:00Z,direct_ridge_90d_v1,20273.876193090524,12804.118676001284,0.4359359750492941
2025-04-01_30d_d168_h3,548,core,2025-04-16T22:00:00Z,2025-04-16T23:00:00Z,2025-04-16,39.91,15276.0,23160.0,0.4221193638192961,2025-04-15T23:00:00Z,direct_ridge_90d_v1,20020.713464205095,13387.173516711708,0.4472154826534953
2025-04-01_30d_d168_h3,549,core,2025-04-16T23:00:00Z,2025-04-17T00:00:00Z,2025-04-16,42.39,12292.0,23699.0,0.45147375826832176,2025-04-15T23:00:00Z,direct_ridge_90d_v1,13020.935381254309,13936.806327679362,0.5373778949462342
2025-04-01_30d_d168_h3,550,core,2025-04-17T00:00:00Z,2025-04-17T01:00:00Z,2025-04-16,51.48,3301.0,24683.0,0.5343151777256087,2025-04-15T23:00:00Z,direct_ridge_90d_v1,3109.9110115091644,15114.42263823806,0.670772975668892
2025-04-01_30d_d168_h3,551,core,2025-04-17T01:00:00Z,2025-04-17T02:00:00Z,2025-04-16,44.92,31.0,25962.0,0.5621018061010441,2025-04-15T23:00:00Z,direct_ridge_90d_v1,0.0,17139.929538261622,0.6778188936363737
2025-04-01_30d_d168_h3,552,core,2025-04-17T02:00:00Z,2025-04-17T03:00:00Z,2025-04-16,35.35,0.0,26284.0,0.5827277907028918,2025-04-15T23:00:00Z,direct_ridge_90d_v1,0.0,18817.174403920464,0.6557286131205716
2025-04-01_30d_d168_h3,553,core,2025-04-17T03:00:00Z,2025-04-17T04:00:00Z,2025-04-16,33.41,0.0,26566.0,0.5724504102999005,2025-04-15T23:00:00Z,direct_ridge_90d_v1,0.0,19460.200642381664,0.6282847247440061
2025-04-01_30d_d168_h3,554,core,2025-04-17T04:00:00Z,2025-04-17T05:00:00Z,2025-04-16,24.53,1.0,26676.0,0.5271133444104498,2025-04-15T23:00:00Z,direct_ridge_90d_v1,0.0,19344.352146233017,0.6054846929825798
2025-04-01_30d_d168_h3,555,core,2025-04-17T05:00:00Z,2025-04-17T06:00:00Z,2025-04-17,21.63,1.0,26442.0,0.5003460228758109,2025-04-16T23:00:00Z,direct_ridge_90d_v1,0.0,18245.744100581534,0.6441379253425844
2025-04-01_30d_d168_h3,556,core,2025-04-17T06:00:00Z,2025-04-17T07:00:00Z,2025-04-17,19.22,1.0,26286.0,0.4896925072210595,2025-04-16T23:00:00Z,direct_ridge_90d_v1,0.0,18054.32307136255,0.6338047493331338
2025-04-01_30d_d168_h3,557,core,2025-04-17T07:00:00Z,2025-04-17T08:00:00Z,2025-04-17,18.01,1.0,26098.0,0.4756349236646613,2025-04-16T23:00:00Z,direct_ridge_90d_v1,0.0,17655.916282889903,0.6370813350539852
2025-04-01_30d_d168_h3,558,core,2025-04-17T08:00:00Z,2025-04-17T09:00:00Z,2025-04-17,17.14,0.0,26065.0,0.4619708407082049,2025-04-16T23:00:00Z,direct_ridge_90d_v1,0.0,17287.382622166508,0.6374723855098938
2025-04-01_30d_d168_h3,559,core,2025-04-17T09:00:00Z,2025-04-17T10:00:00Z,2025-04-17,18.2,0.0,25353.0,0.473243079460147,2025-04-16T23:00:00Z,direct_ridge_90d_v1,0.0,17146.66576553157,0.6355360236492921
2025-04-01_30d_d168_h3,560,core,2025-04-17T10:00:00Z,2025-04-17T11:00:00Z,2025-04-17,25.71,1.0,25154.0,0.4911218166343117,2025-04-16T23:00:00Z,direct_ridge_90d_v1,0.0,17095.546584801872,0.6468252995125445
2025-04-01_30d_d168_h3,561,core,2025-04-17T11:00:00Z,2025-04-17T12:00:00Z,2025-04-17,24.16,2.0,24185.0,0.5177588790485422,2025-04-16T23:00:00Z,direct_ridge_90d_v1,1.0453020339847596,16778.735655093966,0.6524434454719797
2025-04-01_30d_d168_h3,562,core,2025-04-17T12:00:00Z,2025-04-17T13:00:00Z,2025-04-17,24.48,1670.0,22753.0,0.5386397530415387,2025-04-16T23:00:00Z,direct_ridge_90d_v1,1207.2179320713417,16504.62897901609,0.6473112652363391
2025-04-01_30d_d168_h3,563,core,2025-04-17T13:00:00Z,2025-04-17T14:00:00Z,2025-04-17,18.48,9964.0,20756.0,0.44920589951337636,2025-04-16T23:00:00Z,direct_ridge_90d_v1,8176.291927276964,15705.391794005795,0.5642593372958948
2025-04-01_30d_d168_h3,564,core,2025-04-17T14:00:00Z,2025-04-17T15:00:00Z,2025-04-17,16.76,15815.0,19670.0,0.36174505485166075,2025-04-16T23:00:00Z,direct_ridge_90d_v1,15195.532191008742,14770.131950209558,0.46589888580778527
2025-04-01_30d_d168_h3,565,core,2025-04-17T15:00:00Z,2025-04-17T16:00:00Z,2025-04-17,19.55,19557.0,18391.0,0.314997982740235,2025-04-16T23:00:00Z,direct_ridge_90d_v1,17374.182022570785,14858.829967581813,0.4238683108118145
2025-04-01_30d_d168_h3,566,core,2025-04-17T16:00:00Z,2025-04-17T17:00:00Z,2025-04-17,25.87,21820.0,17090.0,0.29797797431252426,2025-04-16T23:00:00Z,direct_ridge_90d_v1,18322.30266684027,14165.322416662708,0.4105567471418571
2025-04-01_30d_d168_h3,567,core,2025-04-17T17:00:00Z,2025-04-17T18:00:00Z,2025-04-17,34.48,22541.0,16563.0,0.3144580797713404,2025-04-16T23:00:00Z,direct_ridge_90d_v1,19267.282735103756,13306.150538863778,0.40771465128087814
2025-04-01_30d_d168_h3,568,core,2025-04-17T18:00:00Z,2025-04-17T19:00:00Z,2025-04-17,38.51,22595.0,17243.0,0.3345326707850882,2025-04-16T23:00:00Z,direct_ridge_90d_v1,19842.433266113912,12773.197452771894,0.4167869317046058
2025-04-01_30d_d168_h3,569,core,2025-04-17T19:00:00Z,2025-04-17T20:00:00Z,2025-04-17,42.67,22348.0,18965.0,0.3423674522556857,2025-04-16T23:00:00Z,direct_ridge_90d_v1,20343.830396120058,12614.39506303914,0.42582278272570173
2025-04-01_30d_d168_h3,570,core,2025-04-17T20:00:00Z,2025-04-17T21:00:00Z,2025-04-17,42.58,20952.0,19839.0,0.37887642761493273,2025-04-16T23:00:00Z,direct_ridge_90d_v1,20334.08582893405,12694.603839690104,0.43648216515170923
2025-04-01_30d_d168_h3,571,core,2025-04-17T21:00:00Z,2025-04-17T22:00:00Z,2025-04-17,49.17,18451.0,20547.0,0.42441707150402647,2025-04-16T23:00:00Z,direct_ridge_90d_v1,20102.531522284637,13087.021842137054,0.44614407262408745
2025-04-01_30d_d168_h3,572,core,2025-04-17T22:00:00Z,2025-04-17T23:00:00Z,2025-04-17,46.64,15945.0,21153.0,0.44772088540166116,2025-04-16T23:00:00Z,direct_ridge_90d_v1,19562.71409971515,13631.521805114691,0.47277279823601115
2025-04-01_30d_d168_h3,573,core,2025-04-17T23:00:00Z,2025-04-18T00:00:00Z,2025-04-17,47.36,10135.0,23020.0,0.4989824665525495,2025-04-16T23:00:00Z,direct_ridge_90d_v1,14303.402690503433,14916.131392741201,0.5548871655126673
2025-04-01_30d_d168_h3,574,core,2025-04-18T00:00:00Z,2025-04-18T01:00:00Z,2025-04-17,47.1,2473.0,24877.0,0.5664854662705228,2025-04-16T23:00:00Z,direct_ridge_90d_v1,3240.8593940222067,15794.973547793346,0.6658757231821936
2025-04-01_30d_d168_h3,575,core,2025-04-18T01:00:00Z,2025-04-18T02:00:00Z,2025-04-17,45.26,27.0,26127.0,0.5708537241389645,2025-04-16T23:00:00Z,direct_ridge_90d_v1,0.0,17377.993494964678,0.6737583697604064
2025-04-01_30d_d168_h3,576,core,2025-04-18T02:00:00Z,2025-04-18T03:00:00Z,2025-04-17,34.0,1.0,26572.0,0.5794268776217155,2025-04-16T23:00:00Z,direct_ridge_90d_v1,0.0,18905.563787599924,0.6549575105551741
2025-04-01_30d_d168_h3,577,core,2025-04-18T03:00:00Z,2025-04-18T04:00:00Z,2025-04-17,29.66,0.0,26580.0,0.5631511409342462,2025-04-16T23:00:00Z,direct_ridge_90d_v1,0.0,19548.641156738056,0.6346830214631839
2025-04-01_30d_d168_h3,578,core,2025-04-18T04:00:00Z,2025-04-18T05:00:00Z,2025-04-17,23.93,1.0,26649.0,0.5164801956994393,2025-04-16T23:00:00Z,direct_ridge_90d_v1,0.0,19415.66207792902,0.614887084955953
2025-04-01_30d_d168_h3,579,core,2025-04-18T05:00:00Z,2025-04-18T06:00:00Z,2025-04-18,24.95,1.0,26397.0,0.479023054819315,2025-04-17T23:00:00Z,direct_ridge_90d_v1,0.0,18549.372577799906,0.6363724457272417
2025-04-01_30d_d168_h3,580,core,2025-04-18T06:00:00Z,2025-04-18T07:00:00Z,2025-04-18,20.57,1.0,26282.0,0.45993854860409117,2025-04-17T23:00:00Z,direct_ridge_90d_v1,0.0,18275.504751835735,0.6233315366693836
2025-04-01_30d_d168_h3,581,core,2025-04-18T07:00:00Z,2025-04-18T08:00:00Z,2025-04-18,18.92,1.0,26188.0,0.4363679040349838,2025-04-17T23:00:00Z,direct_ridge_90d_v1,0.0,17536.690488444106,0.6317064053336774
2025-04-01_30d_d168_h3,582,core,2025-04-18T08:00:00Z,2025-04-18T09:00:00Z,2025-04-18,18.26,1.0,25894.0,0.4213833849298217,2025-04-17T23:00:00Z,direct_ridge_90d_v1,0.0,17286.531991646727,0.6349800833065282
2025-04-01_30d_d168_h3,583,core,2025-04-18T09:00:00Z,2025-04-18T10:00:00Z,2025-04-18,19.06,0.0,25310.0,0.43586603259600615,2025-04-17T23:00:00Z,direct_ridge_90d_v1,0.0,17014.35987945877,0.6398935261284204
2025-04-01_30d_d168_h3,584,core,2025-04-18T10:00:00Z,2025-04-18T11:00:00Z,2025-04-18,23.87,0.0,24933.0,0.451174426821801,2025-04-17T23:00:00Z,direct_ridge_90d_v1,0.0,16864.896369365495,0.6564422412922094
2025-04-01_30d_d168_h3,585,core,2025-04-18T11:00:00Z,2025-04-18T12:00:00Z,2025-04-18,26.57,4.0,24000.0,0.4884396461558845,2025-04-17T23:00:00Z,direct_ridge_90d_v1,0.8340831878804991,16571.137264479265,0.6666497570492045
2025-04-01_30d_d168_h3,586,core,2025-04-18T12:00:00Z,2025-04-18T13:00:00Z,2025-04-18,29.54,1145.0,23411.0,0.48498212000383745,2025-04-17T23:00:00Z,direct_ridge_90d_v1,1136.18912062296,16193.868014335694,0.6593658884895326
2025-04-01_30d_d168_h3,587,core,2025-04-18T13:00:00Z,2025-04-18T14:00:00Z,2025-04-18,25.66,5910.0,22601.0,0.4166003460662659,2025-04-17T23:00:00Z,direct_ridge_90d_v1,7714.781251447654,15143.553587185706,0.5727211129409835
2025-04-01_30d_d168_h3,588,core,2025-04-18T14:00:00Z,2025-04-18T15:00:00Z,2025-04-18,22.99,10975.0,22623.0,0.3600289815828197,2025-04-17T23:00:00Z,direct_ridge_90d_v1,13917.11170727251,13584.999850819151,0.47105757314437813
2025-04-01_30d_d168_h3,589,core,2025-04-18T15:00:00Z,2025-04-18T16:00:00Z,2025-04-18,26.22,14022.0,22175.0,0.33418637459622297,2025-04-17T23:00:00Z,direct_ridge_90d_v1,16244.832051894735,13792.086692455956,0.4235251204517214
2025-04-01_30d_d168_h3,590,core,2025-04-18T16:00:00Z,2025-04-18T17:00:00Z,2025-04-18,27.89,16344.0,21147.0,0.3335201505000994,2025-04-17T23:00:00Z,direct_ridge_90d_v1,17594.657135795158,13651.163888723084,0.40663573025181315
2025-04-01_30d_d168_h3,591,core,2025-04-18T17:00:00Z,2025-04-18T18:00:00Z,2025-04-18,30.48,17408.0,19878.0,0.36469098981411546,2025-04-17T23:00:00Z,direct_ridge_90d_v1,18751.528293075102,13310.182391026912,0.4047911548412319
2025-04-01_30d_d168_h3,592,core,2025-04-18T18:00:00Z,2025-04-18T19:00:00Z,2025-04-18,35.52,17880.0,18235.0,0.40177296413429736,2025-04-17T23:00:00Z,direct_ridge_90d_v1,19484.985287887022,13184.20704118456,0.41461396453629473
2025-04-01_30d_d168_h3,593,core,2025-04-18T19:00:00Z,2025-04-18T20:00:00Z,2025-04-18,40.44,17326.0,17002.0,0.47011191169629546,2025-04-17T23:00:00Z,direct_ridge_90d_v1,19957.515233225364,13162.318366558848,0.4247065126121306
2025-04-01_30d_d168_h3,594,core,2025-04-18T20:00:00Z,2025-04-18T21:00:00Z,2025-04-18,43.67,13816.0,17099.0,0.5517550753739854,2025-04-17T23:00:00Z,direct_ridge_90d_v1,19814.284713947967,13278.901174289038,0.4375113502339172
2025-04-01_30d_d168_h3,595,core,2025-04-18T21:00:00Z,2025-04-18T22:00:00Z,2025-04-18,46.66,10682.0,17788.0,0.6029680592186414,2025-04-17T23:00:00Z,direct_ridge_90d_v1,19403.063460818288,13611.125164414365,0.45274094249268726
2025-04-01_30d_d168_h3,596,core,2025-04-18T22:00:00Z,2025-04-18T23:00:00Z,2025-04-18,50.65,6950.0,18613.0,0.6340925738624006,2025-04-17T23:00:00Z,direct_ridge_90d_v1,18599.49372370263,14117.950306369703,0.49309713148098944
2025-04-01_30d_d168_h3,597,core,2025-04-18T23:00:00Z,2025-04-19T00:00:00Z,2025-04-18,54.02,3033.0,18288.0,0.6785476236697966,2025-04-17T23:00:00Z,direct_ridge_90d_v1,12175.91279380615,14757.512364065002,0.5807948647042824
2025-04-01_30d_d168_h3,598,core,2025-04-19T00:00:00Z,2025-04-19T01:00:00Z,2025-04-18,48.19,562.0,18903.0,0.7081062282729426,2025-04-17T23:00:00Z,direct_ridge_90d_v1,2784.4647061588903,15324.304584970625,0.6908074937447216
2025-04-01_30d_d168_h3,599,core,2025-04-19T01:00:00Z,2025-04-19T02:00:00Z,2025-04-18,46.8,4.0,20291.0,0.6922836257611457,2025-04-17T23:00:00Z,direct_ridge_90d_v1,0.0,16257.883016944135,0.7058126604875249
2025-04-01_30d_d168_h3,600,core,2025-04-19T02:00:00Z,2025-04-19T03:00:00Z,2025-04-18,39.17,0.0,21388.0,0.6662181123071492,2025-04-17T23:00:00Z,direct_ridge_90d_v1,0.0,17462.07355296318,0.6981745750703751
2025-04-01_30d_d168_h3,601,core,2025-04-19T03:00:00Z,2025-04-19T04:00:00Z,2025-04-18,35.91,0.0,22446.0,0.6231470653599386,2025-04-17T23:00:00Z,direct_ridge_90d_v1,0.0,18250.952679241433,0.6802145156784992
2025-04-01_30d_d168_h3,602,core,2025-04-19T04:00:00Z,2025-04-19T05:00:00Z,2025-04-18,28.23,0.0,23076.0,0.5786605985230691,2025-04-17T23:00:00Z,direct_ridge_90d_v1,0.0,18585.138374656217,0.6540792973155723
2025-04-01_30d_d168_h3,603,core,2025-04-19T05:00:00Z,2025-04-19T06:00:00Z,2025-04-19,25.2,0.0,22466.0,0.5686353109602343,2025-04-18T23:00:00Z,direct_ridge_90d_v1,0.0,19486.58198238593,0.5878154573517196
2025-04-01_30d_d168_h3,604,core,2025-04-19T06:00:00Z,2025-04-19T07:00:00Z,2025-04-19,22.44,0.0,22725.0,0.5454427204241825,2025-04-18T23:00:00Z,direct_ridge_90d_v1,0.0,19445.244763797673,0.5779669677725342
2025-04-01_30d_d168_h3,605,core,2025-04-19T07:00:00Z,2025-04-19T08:00:00Z,2025-04-19,21.57,0.0,20980.0,0.5681718951534387,2025-04-18T23:00:00Z,direct_ridge_90d_v1,0.0,18631.031514065668,0.583067101706839
2025-04-01_30d_d168_h3,606,core,2025-04-19T08:00:00Z,2025-04-19T09:00:00Z,2025-04-19,19.84,0.0,20000.0,0.5789153146198862,2025-04-18T23:00:00Z,direct_ridge_90d_v1,0.0,18224.517713199923,0.5874781393503462
2025-04-01_30d_d168_h3,607,core,2025-04-19T09:00:00Z,2025-04-19T10:00:00Z,2025-04-19,19.85,0.0,20300.0,0.565068065313101,2025-04-18T23:00:00Z,direct_ridge_90d_v1,0.0,17818.634155137363,0.5939121773698421
2025-04-01_30d_d168_h3,608,core,2025-04-19T10:00:00Z,2025-04-19T11:00:00Z,2025-04-19,21.34,0.0,19541.0,0.5665853706426964,2025-04-18T23:00:00Z,direct_ridge_90d_v1,0.0,17397.967339211416,0.6147447937927825
2025-04-01_30d_d168_h3,609,core,2025-04-19T11:00:00Z,2025-04-19T12:00:00Z,2025-04-19,23.85,1.0,16842.0,0.6298281990482144,2025-04-18T23:00:00Z,direct_ridge_90d_v1,0.9930615279043138,16958.554137626455,0.6260823625735262
2025-04-01_30d_d168_h3,610,core,2025-04-19T12:00:00Z,2025-04-19T13:00:00Z,2025-04-19,25.47,492.0,16412.0,0.6226048507647574,2025-04-18T23:00:00Z,direct_ridge_90d_v1,1200.342777388727,16754.462980294404,0.6217673789000385
2025-04-01_30d_d168_h3,611,core,2025-04-19T13:00:00Z,2025-04-19T14:00:00Z,2025-04-19,23.42,4319.0,17363.0,0.5458768419543628,2025-04-18T23:00:00Z,direct_ridge_90d_v1,8514.225638546442,15980.957013871795,0.532410011090139
2025-04-01_30d_d168_h3,612,core,2025-04-19T14:00:00Z,2025-04-19T15:00:00Z,2025-04-19,22.71,9564.0,18097.0,0.4518875423890467,2025-04-18T23:00:00Z,direct_ridge_90d_v1,15587.410958198936,14808.34580401819,0.429160444607549
2025-04-01_30d_d168_h3,613,core,2025-04-19T15:00:00Z,2025-04-19T16:00:00Z,2025-04-19,23.12,11718.0,16486.0,0.4484106874376171,2025-04-18T23:00:00Z,direct_ridge_90d_v1,17707.55751268253,15106.669233517605,0.3829822624373491
2025-04-01_30d_d168_h3,614,core,2025-04-19T16:00:00Z,2025-04-19T17:00:00Z,2025-04-19,24.28,12848.0,14552.0,0.4801397730875996,2025-04-18T23:00:00Z,direct_ridge_90d_v1,18718.262539625932,14433.586492634298,0.3713547914257873
2025-04-01_30d_d168_h3,615,core,2025-04-19T17:00:00Z,2025-04-19T18:00:00Z,2025-04-19,27.1,14478.0,15096.0,0.45150313092545885,2025-04-18T23:00:00Z,direct_ridge_90d_v1,19743.568598865102,13550.20721094267,0.3780768549645066
2025-04-01_30d_d168_h3,616,core,2025-04-19T18:00:00Z,2025-04-19T19:00:00Z,2025-04-19,26.99,13935.0,16756.0,0.43565449572274434,2025-04-18T23:00:00Z,direct_ridge_90d_v1,20414.025757313895,13172.730886979287,0.3916068238947067
2025-04-01_30d_d168_h3,617,core,2025-04-19T19:00:00Z,2025-04-19T20:00:00Z,2025-04-19,27.58,12603.0,17659.0,0.4474091903123609,2025-04-18T23:00:00Z,direct_ridge_90d_v1,20668.272586728857,13267.52591303716,0.40413688946332227
2025-04-01_30d_d168_h3,618,core,2025-04-19T20:00:00Z,2025-04-19T21:00:00Z,2025-04-19,26.02,11705.0,18114.0,0.4712854938332089,2025-04-18T23:00:00Z,direct_ridge_90d_v1,20348.705200872126,13482.340589602998,0.41580961518897963
2025-04-01_30d_d168_h3,619,core,2025-04-19T21:00:00Z,2025-04-19T22:00:00Z,2025-04-19,28.36,11094.0,19216.0,0.4646360401652468,2025-04-18T23:00:00Z,direct_ridge_90d_v1,19967.53858981605,13767.496216191978,0.4325282219015352
2025-04-01_30d_d168_h3,620,core,2025-04-19T22:00:00Z,2025-04-19T23:00:00Z,2025-04-19,27.33,7922.0,20122.0,0.5060274093798578,2025-04-18T23:00:00Z,direct_ridge_90d_v1,19164.44055924796,14153.657617027253,0.47077236570850906
2025-04-01_30d_d168_h3,621,core,2025-04-19T23:00:00Z,2025-04-20T00:00:00Z,2025-04-19,29.05,4071.0,20120.0,0.5822448170114279,2025-04-18T23:00:00Z,direct_ridge_90d_v1,13715.711317941614,14590.715645748385,0.5554764988091038
2025-04-01_30d_d168_h3,622,core,2025-04-20T00:00:00Z,2025-04-20T01:00:00Z,2025-04-19,38.66,1068.0,19124.0,0.6520582096368807,2025-04-18T23:00:00Z,direct_ridge_90d_v1,3224.871409345269,15074.31569704912,0.6709807969880891
2025-04-01_30d_d168_h3,623,core,2025-04-20T01:00:00Z,2025-04-20T02:00:00Z,2025-04-19,45.7,13.0,18064.0,0.6874706674144152,2025-04-18T23:00:00Z,direct_ridge_90d_v1,0.0,15874.910827318074,0.688993393402341
2025-04-01_30d_d168_h3,624,core,2025-04-20T02:00:00Z,2025-04-20T03:00:00Z,2025-04-19,40.06,0.0,18529.0,0.7011380174794808,2025-04-18T23:00:00Z,direct_ridge_90d_v1,0.0,17150.08531381007,0.680689093626961
2025-04-01_30d_d168_h3,625,core,2025-04-20T03:00:00Z,2025-04-20T04:00:00Z,2025-04-19,31.21,0.0,19240.0,0.6860314136270987,2025-04-18T23:00:00Z,direct_ridge_90d_v1,0.0,18112.898749297707,0.6610622435870873
2025-04-01_30d_d168_h3,626,core,2025-04-20T04:00:00Z,2025-04-20T05:00:00Z,2025-04-19,26.11,0.0,20363.0,0.6332658116874643,2025-04-18T23:00:00Z,direct_ridge_90d_v1,0.0,18583.15929171792,0.6369680783817244
2025-04-01_30d_d168_h3,627,core,2025-04-20T05:00:00Z,2025-04-20T06:00:00Z,2025-04-20,21.74,0.0,22255.0,0.5500428279323465,2025-04-19T23:00:00Z,direct_ridge_90d_v1,0.0,19268.29609424334,0.5929292076105556
2025-04-01_30d_d168_h3,628,core,2025-04-20T06:00:00Z,2025-04-20T07:00:00Z,2025-04-20,22.13,0.0,21032.0,0.5437776498534351,2025-04-19T23:00:00Z,direct_ridge_90d_v1,0.0,18951.62610430486,0.5853255373248603
2025-04-01_30d_d168_h3,629,core,2025-04-20T07:00:00Z,2025-04-20T08:00:00Z,2025-04-20,23.92,0.0,17405.0,0.6129949013821309,2025-04-19T23:00:00Z,direct_ridge_90d_v1,0.0,18309.04806499344,0.5862047348252075
2025-04-01_30d_d168_h3,630,core,2025-04-20T08:00:00Z,2025-04-20T09:00:00Z,2025-04-20,25.61,0.0,12637.0,0.7466234004335051,2025-04-19T23:00:00Z,direct_ridge_90d_v1,0.0,18017.763386320763,0.5865373325987184
2025-04-01_30d_d168_h3,631,core,2025-04-20T09:00:00Z,2025-04-20T10:00:00Z,2025-04-20,26.83,0.0,10489.0,0.8137414879800966,2025-04-19T23:00:00Z,direct_ridge_90d_v1,0.0,17894.42836941884,0.5866291504161706
2025-04-01_30d_d168_h3,632,core,2025-04-20T10:00:00Z,2025-04-20T11:00:00Z,2025-04-20,26.06,0.0,10015.0,0.830527464178127,2025-04-19T23:00:00Z,direct_ridge_90d_v1,0.0,17774.146139742155,0.6001477930473579
2025-04-01_30d_d168_h3,633,core,2025-04-20T11:00:00Z,2025-04-20T12:00:00Z,2025-04-20,26.51,1.0,11346.0,0.7852628661691903,2025-04-19T23:00:00Z,direct_ridge_90d_v1,2.675162803538197,17463.334184866577,0.609802851223037
2025-04-01_30d_d168_h3,634,core,2025-04-20T12:00:00Z,2025-04-20T13:00:00Z,2025-04-20,25.32,926.0,11971.0,0.7230914960582439,2025-04-19T23:00:00Z,direct_ridge_90d_v1,1400.2103244094346,17208.303337559224,0.6082945407450094
2025-04-01_30d_d168_h3,635,core,2025-04-20T13:00:00Z,2025-04-20T14:00:00Z,2025-04-20,20.22,7650.0,13799.0,0.5498378910944086,2025-04-19T23:00:00Z,direct_ridge_90d_v1,8943.90872091101,16450.42356949105,0.5303080247249224
2025-04-01_30d_d168_h3,636,core,2025-04-20T14:00:00Z,2025-04-20T15:00:00Z,2025-04-20,17.37,12786.0,15521.0,0.4382549694122736,2025-04-19T23:00:00Z,direct_ridge_90d_v1,15982.283895448425,15223.17524444364,0.43072754967050153
2025-04-01_30d_d168_h3,637,core,2025-04-20T15:00:00Z,2025-04-20T16:00:00Z,2025-04-20,16.82,15280.0,16621.0,0.39337596352799725,2025-04-19T23:00:00Z,direct_ridge_90d_v1,18219.051597037134,15261.215642276895,0.38756942220035356
2025-04-01_30d_d168_h3,638,core,2025-04-20T16:00:00Z,2025-04-20T17:00:00Z,2025-04-20,16.65,16594.0,15922.0,0.386697627932734,2025-04-19T23:00:00Z,direct_ridge_90d_v1,19178.84013474167,14493.241293790812,0.37891071659302406
2025-04-01_30d_d168_h3,639,core,2025-04-20T17:00:00Z,2025-04-20T18:00:00Z,2025-04-20,18.6,17240.0,15418.0,0.39372047184122505,2025-04-19T23:00:00Z,direct_ridge_90d_v1,19890.697268029642,13639.876407350652,0.38689245208709594
2025-04-01_30d_d168_h3,640,core,2025-04-20T18:00:00Z,2025-04-20T19:00:00Z,2025-04-20,20.14,18741.0,14204.0,0.40289364317444,2025-04-19T23:00:00Z,direct_ridge_90d_v1,20544.269098528715,13249.663354332451,0.39885178955569606
2025-04-01_30d_d168_h3,641,core,2025-04-20T19:00:00Z,2025-04-20T20:00:00Z,2025-04-20,18.94,20884.0,11001.0,0.4295335801723313,2025-04-19T23:00:00Z,direct_ridge_90d_v1,21050.56271633524,13273.0267067217,0.4099725366628181
2025-04-01_30d_d168_h3,642,core,2025-04-20T20:00:00Z,2025-04-20T21:00:00Z,2025-04-20,20.9,21644.0,8015.0,0.4812760061474898,2025-04-19T23:00:00Z,direct_ridge_90d_v1,20910.299332509665,13532.620810930139,0.4220522712933723
2025-04-01_30d_d168_h3,643,core,2025-04-20T21:00:00Z,2025-04-20T22:00:00Z,2025-04-20,22.49,20998.0,5551.0,0.5526419849667921,2025-04-19T23:00:00Z,direct_ridge_90d_v1,20043.708605393418,13909.505207998302,0.4395349840660873
2025-04-01_30d_d168_h3,644,core,2025-04-20T22:00:00Z,2025-04-20T23:00:00Z,2025-04-20,30.33,20025.0,3782.0,0.6109891367103916,2025-04-19T23:00:00Z,direct_ridge_90d_v1,17847.352216525982,14303.866686898433,0.47326143539829046
2025-04-01_30d_d168_h3,645,core,2025-04-20T23:00:00Z,2025-04-21T00:00:00Z,2025-04-20,50.45,15510.0,2416.0,0.7307927152919611,2025-04-19T23:00:00Z,direct_ridge_90d_v1,12777.45883738439,14380.231607333124,0.5495041718018552
2025-04-01_30d_d168_h3,646,core,2025-04-21T00:00:00Z,2025-04-21T01:00:00Z,2025-04-20,168.03,4765.0,1275.0,0.9132201699737144,2025-04-19T23:00:00Z,direct_ridge_90d_v1,3129.592701984586,14770.667896711762,0.6698564803071443
2025-04-01_30d_d168_h3,647,core,2025-04-21T01:00:00Z,2025-04-21T02:00:00Z,2025-04-20,218.05,69.0,1256.0,0.9572492624720061,2025-04-19T23:00:00Z,direct_ridge_90d_v1,0.0,15747.602133087968,0.6891340387253129
2025-04-01_30d_d168_h3,648,core,2025-04-21T02:00:00Z,2025-04-21T03:00:00Z,2025-04-20,166.53,0.0,1745.0,0.9926082285371914,2025-04-19T23:00:00Z,direct_ridge_90d_v1,0.0,17004.67330855858,0.6823094176546408
2025-04-01_30d_d168_h3,649,core,2025-04-21T03:00:00Z,2025-04-21T04:00:00Z,2025-04-20,80.06,0.0,3090.0,1.0184357925225962,2025-04-19T23:00:00Z,direct_ridge_90d_v1,0.0,17820.43030737508,0.6673350827213007
2025-04-01_30d_d168_h3,650,core,2025-04-21T04:00:00Z,2025-04-21T05:00:00Z,2025-04-20,47.86,0.0,5930.0,0.9692602993424925,2025-04-19T23:00:00Z,direct_ridge_90d_v1,0.0,18093.231966060717,0.6440243852989389
2025-04-01_30d_d168_h3,651,core,2025-04-21T05:00:00Z,2025-04-21T06:00:00Z,2025-04-21,41.37,0.0,9170.0,0.9028550746182238,2025-04-20T23:00:00Z,direct_ridge_90d_v1,0.0,18607.736385662472,0.6484836288505282
2025-04-01_30d_d168_h3,652,core,2025-04-21T06:00:00Z,2025-04-21T07:00:00Z,2025-04-21,33.33,0.0,11201.0,0.8288168853023166,2025-04-20T23:00:00Z,direct_ridge_90d_v1,0.0,17882.959276673813,0.6440918763299267
2025-04-01_30d_d168_h3,653,core,2025-04-21T07:00:00Z,2025-04-21T08:00:00Z,2025-04-21,30.07,0.0,11753.0,0.7766508934768211,2025-04-20T23:00:00Z,direct_ridge_90d_v1,0.0,17042.63843854553,0.6383301711516827
2025-04-01_30d_d168_h3,654,core,2025-04-21T08:00:00Z,2025-04-21T09:00:00Z,2025-04-21,28.34,0.0,11328.0,0.7624503956191212,2025-04-20T23:00:00Z,direct_ridge_90d_v1,0.0,16652.361264375304,0.6327331343978703
2025-04-01_30d_d168_h3,655,core,2025-04-21T09:00:00Z,2025-04-21T10:00:00Z,2025-04-21,34.42,0.0,10794.0,0.7759867698120464,2025-04-20T23:00:00Z,direct_ridge_90d_v1,0.0,16448.034301366843,0.6296005597806792
2025-04-01_30d_d168_h3,656,core,2025-04-21T10:00:00Z,2025-04-21T11:00:00Z,2025-04-21,39.74,0.0,10485.0,0.8054595267302813,2025-04-20T23:00:00Z,direct_ridge_90d_v1,0.0,16276.15475843839,0.6440747386811561
2025-04-01_30d_d168_h3,657,core,2025-04-21T11:00:00Z,2025-04-21T12:00:00Z,2025-04-21,49.69,4.0,10311.0,0.8220259691872996,2025-04-20T23:00:00Z,direct_ridge_90d_v1,2.696113022652375,15946.213681417112,0.6581395736805689
2025-04-01_30d_d168_h3,658,core,2025-04-21T12:00:00Z,2025-04-21T13:00:00Z,2025-04-21,38.22,3150.0,9926.0,0.7704837558374302,2025-04-20T23:00:00Z,direct_ridge_90d_v1,1217.729195551908,15784.874202116871,0.6475954161254643
2025-04-01_30d_d168_h3,659,core,2025-04-21T13:00:00Z,2025-04-21T14:00:00Z,2025-04-21,19.44,15782.0,7899.0,0.5373946966379033,2025-04-20T23:00:00Z,direct_ridge_90d_v1,8096.00968168379,14833.014494584666,0.566901801680803
2025-04-01_30d_d168_h3,660,core,2025-04-21T14:00:00Z,2025-04-21T15:00:00Z,2025-04-21,18.69,22226.0,4912.0,0.4735326947468076,2025-04-20T23:00:00Z,direct_ridge_90d_v1,14872.220170841374,13237.562499631265,0.46930498532111586
2025-04-01_30d_d168_h3,661,core,2025-04-21T15:00:00Z,2025-04-21T16:00:00Z,2025-04-21,19.18,22703.0,5976.0,0.4441835955796851,2025-04-20T23:00:00Z,direct_ridge_90d_v1,16851.167267265144,13109.753461133074,0.43182113041764325
2025-04-01_30d_d168_h3,662,core,2025-04-21T16:00:00Z,2025-04-21T17:00:00Z,2025-04-21,18.76,22575.0,7289.0,0.42796888359853774,2025-04-20T23:00:00Z,direct_ridge_90d_v1,17616.439044911804,12631.111420512136,0.41885042343009593
2025-04-01_30d_d168_h3,663,core,2025-04-21T17:00:00Z,2025-04-21T18:00:00Z,2025-04-21,18.54,24060.0,7197.0,0.419175408131334,2025-04-20T23:00:00Z,direct_ridge_90d_v1,18260.035249734425,12164.263645371853,0.4168211270899536
2025-04-01_30d_d168_h3,664,core,2025-04-21T18:00:00Z,2025-04-21T19:00:00Z,2025-04-21,22.64,24650.0,6714.0,0.45051414113755744,2025-04-20T23:00:00Z,direct_ridge_90d_v1,18777.00209692104,12159.659885086243,0.4271053600200132
2025-04-01_30d_d168_h3,665,core,2025-04-21T19:00:00Z,2025-04-21T20:00:00Z,2025-04-21,26.53,24660.0,7062.0,0.47031038724463786,2025-04-20T23:00:00Z,direct_ridge_90d_v1,18930.42394344226,12382.451159817441,0.43869351531479805
2025-04-01_30d_d168_h3,666,core,2025-04-21T20:00:00Z,2025-04-21T21:00:00Z,2025-04-21,30.15,25372.0,8117.0,0.47271876147255454,2025-04-20T23:00:00Z,direct_ridge_90d_v1,18474.917167199128,12833.66400665986,0.45411238611335897
2025-04-01_30d_d168_h3,667,core,2025-04-21T21:00:00Z,2025-04-21T22:00:00Z,2025-04-21,30.8,25471.0,10493.0,0.45290571470002267,2025-04-20T23:00:00Z,direct_ridge_90d_v1,17737.860476636743,13492.641297707714,0.4683823598713319
2025-04-01_30d_d168_h3,668,core,2025-04-21T22:00:00Z,2025-04-21T23:00:00Z,2025-04-21,27.25,24207.0,12221.0,0.45049135522250205,2025-04-20T23:00:00Z,direct_ridge_90d_v1,15820.886655944014,14250.78782925029,0.49731570312662365
2025-04-01_30d_d168_h3,669,core,2025-04-21T23:00:00Z,2025-04-22T00:00:00Z,2025-04-21,32.69,18026.0,12848.0,0.5345008767232117,2025-04-20T23:00:00Z,direct_ridge_90d_v1,12280.4013795922,15022.375501303633,0.5611809817420902
2025-04-01_30d_d168_h3,670,core,2025-04-22T00:00:00Z,2025-04-22T01:00:00Z,2025-04-21,94.95,4775.0,12627.0,0.6979950951708831,2025-04-20T23:00:00Z,direct_ridge_90d_v1,2917.4329961986814,15217.497026604664,0.6640532332621314
2025-04-01_30d_d168_h3,671,core,2025-04-22T01:00:00Z,2025-04-22T02:00:00Z,2025-04-21,78.03,54.0,14356.0,0.7494187988277916,2025-04-20T23:00:00Z,direct_ridge_90d_v1,0.0,16512.410439076917,0.6790927122583296
2025-04-01_30d_d168_h3,672,core,2025-04-22T02:00:00Z,2025-04-22T03:00:00Z,2025-04-21,38.09,1.0,18533.0,0.7189316238950092,2025-04-20T23:00:00Z,direct_ridge_90d_v1,0.0,18280.70398127691,0.6673097267252517
2025-04-01_30d_d168_h3,673,core,2025-04-22T03:00:00Z,2025-04-22T04:00:00Z,2025-04-21,25.33,0.0,21508.0,0.643591641903911,2025-04-20T23:00:00Z,direct_ridge_90d_v1,0.0,19277.20100461954,0.6450854625967067
2025-04-01_30d_d168_h3,674,core,2025-04-22T04:00:00Z,2025-04-22T05:00:00Z,2025-04-21,23.3,0.0,22039.0,0.5687762468924944,2025-04-20T23:00:00Z,direct_ridge_90d_v1,0.0,19528.331610012625,0.6110954838941202
2025-04-01_30d_d168_h3,675,core,2025-04-22T05:00:00Z,2025-04-22T06:00:00Z,2025-04-22,22.04,0.0,22259.0,0.5289740818043343,2025-04-21T23:00:00Z,direct_ridge_90d_v1,0.0,18334.304440480686,0.6501837031024731
2025-04-01_30d_d168_h3,676,core,2025-04-22T06:00:00Z,2025-04-22T07:00:00Z,2025-04-22,18.58,0.0,21737.0,0.5266479522987155,2025-04-21T23:00:00Z,direct_ridge_90d_v1,0.0,17553.353062194652,0.6428732084714792
2025-04-01_30d_d168_h3,677,core,2025-04-22T07:00:00Z,2025-04-22T08:00:00Z,2025-04-22,17.5,0.0,21213.0,0.5268264877283488,2025-04-21T23:00:00Z,direct_ridge_90d_v1,0.0,16694.007990796556,0.6425114727746316
2025-04-01_30d_d168_h3,678,core,2025-04-22T08:00:00Z,2025-04-22T09:00:00Z,2025-04-22,16.86,0.0,20917.0,0.5224757843725242,2025-04-21T23:00:00Z,direct_ridge_90d_v1,0.0,16323.506262761317,0.6399087411944259
2025-04-01_30d_d168_h3,679,core,2025-04-22T09:00:00Z,2025-04-22T10:00:00Z,2025-04-22,17.1,0.0,20575.0,0.5283082820896317,2025-04-21T23:00:00Z,direct_ridge_90d_v1,0.0,16040.563782576444,0.6437159293315873
2025-04-01_30d_d168_h3,680,core,2025-04-22T10:00:00Z,2025-04-22T11:00:00Z,2025-04-22,21.19,0.0,20214.0,0.5568986117528857,2025-04-21T23:00:00Z,direct_ridge_90d_v1,0.0,15757.592677711986,0.6615582506390184
2025-04-01_30d_d168_h3,681,core,2025-04-22T11:00:00Z,2025-04-22T12:00:00Z,2025-04-22,24.13,12.0,19853.0,0.6023913388663508,2025-04-21T23:00:00Z,direct_ridge_90d_v1,1.560081463875223,15391.872504044304,0.6783450594123573
2025-04-01_30d_d168_h3,682,core,2025-04-22T12:00:00Z,2025-04-22T13:00:00Z,2025-04-22,25.08,2371.0,19198.0,0.5910416301684134,2025-04-21T23:00:00Z,direct_ridge_90d_v1,885.8069179523169,15273.752015812064,0.6648379395254178
2025-04-01_30d_d168_h3,683,core,2025-04-22T13:00:00Z,2025-04-22T14:00:00Z,2025-04-22,20.04,11172.0,15836.0,0.49664803281014874,2025-04-21T23:00:00Z,direct_ridge_90d_v1,6716.20994358934,14253.126701478599,0.5742289478270465
2025-04-01_30d_d168_h3,684,core,2025-04-22T14:00:00Z,2025-04-22T15:00:00Z,2025-04-22,20.72,17262.0,14501.0,0.43485992464788453,2025-04-21T23:00:00Z,direct_ridge_90d_v1,13086.88542826768,12281.620426536036,0.47265547971613486
2025-04-01_30d_d168_h3,685,core,2025-04-22T15:00:00Z,2025-04-22T16:00:00Z,2025-04-22,20.39,19095.0,15714.0,0.40962242795113574,2025-04-21T23:00:00Z,direct_ridge_90d_v1,15054.406960872426,12562.105390776785,0.4331090725732565
2025-04-01_30d_d168_h3,686,core,2025-04-22T16:00:00Z,2025-04-22T17:00:00Z,2025-04-22,22.22,20148.0,15346.0,0.4304940561143372,2025-04-21T23:00:00Z,direct_ridge_90d_v1,16275.15883983185,12497.914434827573,0.4195981131592143
2025-04-01_30d_d168_h3,687,core,2025-04-22T17:00:00Z,2025-04-22T18:00:00Z,2025-04-22,26.75,21377.0,14830.0,0.4397364895658232,2025-04-21T23:00:00Z,direct_ridge_90d_v1,17419.76447549785,12299.518299043533,0.4120895452621039
2025-04-01_30d_d168_h3,688,core,2025-04-22T18:00:00Z,2025-04-22T19:00:00Z,2025-04-22,30.94,21616.0,15212.0,0.4595352205675225,2025-04-21T23:00:00Z,direct_ridge_90d_v1,17863.00442698144,12474.957806639773,0.4192926404750922
2025-04-01_30d_d168_h3,689,core,2025-04-22T19:00:00Z,2025-04-22T20:00:00Z,2025-04-22,33.46,19952.0,17335.0,0.4736086681865915,2025-04-21T23:00:00Z,direct_ridge_90d_v1,17659.965946134762,12823.132698599202,0.4313090216106634
2025-04-01_30d_d168_h3,690,core,2025-04-22T20:00:00Z,2025-04-22T21:00:00Z,2025-04-22,39.86,17946.0,19064.0,0.4894337898516385,2025-04-21T23:00:00Z,direct_ridge_90d_v1,16964.45192762056,13266.652006871893,0.44532876373681507
2025-04-01_30d_d168_h3,691,core,2025-04-22T21:00:00Z,2025-04-22T22:00:00Z,2025-04-22,41.97,16660.0,20194.0,0.499888486443577,2025-04-21T23:00:00Z,direct_ridge_90d_v1,16172.402467712467,13823.402247554533,0.46256319559152137
2025-04-01_30d_d168_h3,692,core,2025-04-22T22:00:00Z,2025-04-22T23:00:00Z,2025-04-22,40.49,15209.0,20646.0,0.5080193853873357,2025-04-21T23:00:00Z,direct_ridge_90d_v1,14356.323449761545,14419.470277245702,0.49950361058182574
2025-04-01_30d_d168_h3,693,core,2025-04-22T23:00:00Z,2025-04-23T00:00:00Z,2025-04-22,40.05,10776.0,20401.0,0.5525942446535991,2025-04-21T23:00:00Z,direct_ridge_90d_v1,9159.271567098122,14507.3198703157,0.5819285896202115
2025-04-01_30d_d168_h3,694,core,2025-04-23T00:00:00Z,2025-04-23T01:00:00Z,2025-04-22,74.28,2521.0,19476.0,0.6563556337099928,2025-04-21T23:00:00Z,direct_ridge_90d_v1,2102.3673511640754,14623.381823390218,0.684838096975479
2025-04-01_30d_d168_h3,695,core,2025-04-23T01:00:00Z,2025-04-23T02:00:00Z,2025-04-22,93.49,40.0,19152.0,0.6941662824249585,2025-04-21T23:00:00Z,direct_ridge_90d_v1,0.0,15862.763025924243,0.7030133532567113
2025-04-01_30d_d168_h3,696,core,2025-04-23T02:00:00Z,2025-04-23T03:00:00Z,2025-04-22,70.53,2.0,20096.0,0.7056138245575674,2025-04-21T23:00:00Z,direct_ridge_90d_v1,0.0,18052.20805515213,0.6901957570767545
2025-04-01_30d_d168_h3,697,core,2025-04-23T03:00:00Z,2025-04-23T04:00:00Z,2025-04-22,48.5,0.0,20581.0,0.703303884678949,2025-04-21T23:00:00Z,direct_ridge_90d_v1,0.0,19258.272389112964,0.6635598766232859
2025-04-01_30d_d168_h3,698,core,2025-04-23T04:00:00Z,2025-04-23T05:00:00Z,2025-04-22,36.07,0.0,20188.0,0.6943092433488288,2025-04-21T23:00:00Z,direct_ridge_90d_v1,0.0,19638.30326518287,0.6303306122794144
2025-04-01_30d_d168_h3,699,core,2025-04-23T05:00:00Z,2025-04-23T06:00:00Z,2025-04-23,33.6,0.0,18540.0,0.7019653355637215,2025-04-22T23:00:00Z,direct_ridge_90d_v1,0.0,20170.55534756909,0.6249733080785855
2025-04-01_30d_d168_h3,700,core,2025-04-23T06:00:00Z,2025-04-23T07:00:00Z,2025-04-23,30.88,0.0,17754.0,0.7088197590399806,2025-04-22T23:00:00Z,direct_ridge_90d_v1,0.0,19569.91494578649,0.614486303385378
2025-04-01_30d_d168_h3,701,core,2025-04-23T07:00:00Z,2025-04-23T08:00:00Z,2025-04-23,30.85,0.0,16002.0,0.7387962528652215,2025-04-22T23:00:00Z,direct_ridge_90d_v1,0.0,18624.774925257178,0.6211107111924201
2025-04-01_30d_d168_h3,702,core,2025-04-23T08:00:00Z,2025-04-23T09:00:00Z,2025-04-23,30.69,0.0,15301.0,0.7547767914609121,2025-04-22T23:00:00Z,direct_ridge_90d_v1,0.0,18344.070882875814,0.619578250497009
2025-04-01_30d_d168_h3,703,core,2025-04-23T09:00:00Z,2025-04-23T10:00:00Z,2025-04-23,32.35,0.0,14722.0,0.7654773472563297,2025-04-22T23:00:00Z,direct_ridge_90d_v1,0.0,17849.395699971155,0.6278400960237581
2025-04-01_30d_d168_h3,704,core,2025-04-23T10:00:00Z,2025-04-23T11:00:00Z,2025-04-23,36.48,0.0,14559.0,0.7556354567458681,2025-04-22T23:00:00Z,direct_ridge_90d_v1,0.0,17667.51679533726,0.6463625857997066
2025-04-01_30d_d168_h3,705,core,2025-04-23T11:00:00Z,2025-04-23T12:00:00Z,2025-04-23,44.07,0.0,13221.0,0.7631710627116826,2025-04-22T23:00:00Z,direct_ridge_90d_v1,0.9770200608425348,17551.565159090696,0.6578047031003188
2025-04-01_30d_d168_h3,706,core,2025-04-23T12:00:00Z,2025-04-23T13:00:00Z,2025-04-23,45.78,547.0,13254.0,0.7513438983327191,2025-04-22T23:00:00Z,direct_ridge_90d_v1,875.8798633915852,17296.051507027987,0.6472775883336717
2025-04-01_30d_d168_h3,707,core,2025-04-23T13:00:00Z,2025-04-23T14:00:00Z,2025-04-23,37.67,5542.0,12167.0,0.7008888233494591,2025-04-22T23:00:00Z,direct_ridge_90d_v1,6814.097521641903,16072.732564472442,0.5545001459481329
2025-04-01_30d_d168_h3,708,core,2025-04-23T14:00:00Z,2025-04-23T15:00:00Z,2025-04-23,29.65,12028.0,11923.0,0.6027529726123667,2025-04-22T23:00:00Z,direct_ridge_90d_v1,13458.922740380536,13964.961467968988,0.4617243138840029
2025-04-01_30d_d168_h3,709,core,2025-04-23T15:00:00Z,2025-04-23T16:00:00Z,2025-04-23,26.88,15565.0,12841.0,0.51577836379922,2025-04-22T23:00:00Z,direct_ridge_90d_v1,15602.535679081582,14080.715449040537,0.4230817469335029
2025-04-01_30d_d168_h3,710,core,2025-04-23T16:00:00Z,2025-04-23T17:00:00Z,2025-04-23,27.43,18124.0,13401.0,0.447732013304123,2025-04-22T23:00:00Z,direct_ridge_90d_v1,16820.039832992137,13985.297015044755,0.4094336642613125
2025-04-01_30d_d168_h3,711,core,2025-04-23T17:00:00Z,2025-04-23T18:00:00Z,2025-04-23,29.21,20256.0,13141.0,0.41548297046743415,2025-04-22T23:00:00Z,direct_ridge_90d_v1,18019.612810655803,13712.95436017821,0.4071747663901328
2025-04-01_30d_d168_h3,712,core,2025-04-23T18:00:00Z,2025-04-23T19:00:00Z,2025-04-23,27.28,20702.0,12815.0,0.4318547890283364,2025-04-22T23:00:00Z,direct_ridge_90d_v1,18580.284370947007,13614.23537523035,0.4192656602630421
2025-04-01_30d_d168_h3,713,core,2025-04-23T19:00:00Z,2025-04-23T20:00:00Z,2025-04-23,28.63,20140.0,13228.0,0.45532642389181294,2025-04-22T23:00:00Z,direct_ridge_90d_v1,18675.10220017459,13674.792019128572,0.4337163933757818
2025-04-01_30d_d168_h3,714,core,2025-04-23T20:00:00Z,2025-04-23T21:00:00Z,2025-04-23,28.64,19992.0,13719.0,0.4731597634220207,2025-04-22T23:00:00Z,direct_ridge_90d_v1,18245.428469115082,13912.307238441626,0.4543772884920494
2025-04-01_30d_d168_h3,715,core,2025-04-23T21:00:00Z,2025-04-23T22:00:00Z,2025-04-23,33.82,17734.0,14251.0,0.5268443166509794,2025-04-22T23:00:00Z,direct_ridge_90d_v1,17391.782501887246,14355.02996760454,0.4783546330352927
2025-04-01_30d_d168_h3,716,core,2025-04-23T22:00:00Z,2025-04-23T23:00:00Z,2025-04-23,31.76,14134.0,15412.0,0.5818864721952135,2025-04-22T23:00:00Z,direct_ridge_90d_v1,15430.074590110104,14951.418212668204,0.5255043656761341
2025-04-01_30d_d168_h3,717,core,2025-04-23T23:00:00Z,2025-04-24T00:00:00Z,2025-04-23,39.53,8268.0,16811.0,0.6468537549598127,2025-04-22T23:00:00Z,direct_ridge_90d_v1,9528.46868518225,14855.269096069285,0.6012660562082165
2025-04-01_30d_d168_h3,718,core,2025-04-24T00:00:00Z,2025-04-24T01:00:00Z,2025-04-23,50.53,1660.0,17947.0,0.705858465171308,2025-04-22T23:00:00Z,direct_ridge_90d_v1,2058.7944975721352,14980.982018288993,0.6980897702877742
2025-04-01_30d_d168_h3,719,core,2025-04-24T01:00:00Z,2025-04-24T02:00:00Z,2025-04-23,71.36,20.0,18973.0,0.6965027491820317,2025-04-22T23:00:00Z,direct_ridge_90d_v1,0.0,16294.942140302554,0.716503446537778
2025-04-01_30d_d168_h3,720,core,2025-04-24T02:00:00Z,2025-04-24T03:00:00Z,2025-04-23,46.9,0.0,19923.0,0.7033972027111107,2025-04-22T23:00:00Z,direct_ridge_90d_v1,0.0,18216.315260109775,0.7080618722159335
2025-04-01_30d_d168_h3,721,core,2025-04-24T03:00:00Z,2025-04-24T04:00:00Z,2025-04-23,36.85,0.0,18912.0,0.7225732638442114,2025-04-22T23:00:00Z,direct_ridge_90d_v1,0.0,19255.05657239978,0.6869597540430447
2025-04-01_30d_d168_h3,722,core,2025-04-24T04:00:00Z,2025-04-24T05:00:00Z,2025-04-23,26.67,0.0,19347.0,0.6935058142115169,2025-04-22T23:00:00Z,direct_ridge_90d_v1,0.0,19596.598890227557,0.6592233035885238
2025-04-01_30d_d168_h3,723,core,2025-04-24T05:00:00Z,2025-04-24T06:00:00Z,2025-04-24,25.37,0.0,18584.0,0.6961876194954246,2025-04-23T23:00:00Z,direct_ridge_90d_v1,0.0,18610.080926651255,0.6068961810182739
2025-04-01_30d_d168_h3,724,core,2025-04-24T06:00:00Z,2025-04-24T07:00:00Z,2025-04-24,24.84,0.0,17476.0,0.6927015420580455,2025-04-23T23:00:00Z,direct_ridge_90d_v1,0.0,17669.78350861348,0.6001901161196044
2025-04-01_30d_d168_h3,725,core,2025-04-24T07:00:00Z,2025-04-24T08:00:00Z,2025-04-24,23.85,0.0,17273.0,0.6860894157070151,2025-04-23T23:00:00Z,direct_ridge_90d_v1,0.0,17017.904956831364,0.6096484123607256
2025-04-01_30d_d168_h3,726,core,2025-04-24T08:00:00Z,2025-04-24T09:00:00Z,2025-04-24,25.77,0.0,16267.0,0.6970386652626048,2025-04-23T23:00:00Z,direct_ridge_90d_v1,0.0,16824.23412863832,0.6179526760593947
2025-04-01_30d_d168_h3,727,core,2025-04-24T09:00:00Z,2025-04-24T10:00:00Z,2025-04-24,28.81,0.0,15428.0,0.7323934413404115,2025-04-23T23:00:00Z,direct_ridge_90d_v1,0.0,16468.315438520323,0.6335613124969233
2025-04-01_30d_d168_h3,728,core,2025-04-24T10:00:00Z,2025-04-24T11:00:00Z,2025-04-24,34.58,0.0,14535.0,0.769229832320231,2025-04-23T23:00:00Z,direct_ridge_90d_v1,0.0,15956.745919099865,0.6618982943809896
2025-04-01_30d_d168_h3,729,core,2025-04-24T11:00:00Z,2025-04-24T12:00:00Z,2025-04-24,36.59,2.0,13247.0,0.7730652708062886,2025-04-23T23:00:00Z,direct_ridge_90d_v1,0.815936622164119,15643.059056217075,0.6728606107366987
2025-04-01_30d_d168_h3,730,core,2025-04-24T12:00:00Z,2025-04-24T13:00:00Z,2025-04-24,38.49,711.0,13104.0,0.7619284125614739,2025-04-23T23:00:00Z,direct_ridge_90d_v1,1379.9068213803487,15240.401298670933,0.6636394073769466
2025-04-01_30d_d168_h3,731,core,2025-04-24T13:00:00Z,2025-04-24T14:00:00Z,2025-04-24,28.35,3874.0,12776.0,0.7435023884456249,2025-04-23T23:00:00Z,direct_ridge_90d_v1,8888.142056027315,14121.764468731479,0.5563967249348624
2025-04-01_30d_d168_h3,732,core,2025-04-24T14:00:00Z,2025-04-24T15:00:00Z,2025-04-24,24.31,8442.0,12505.0,0.6846112480314555,2025-04-23T23:00:00Z,direct_ridge_90d_v1,16058.892274303103,12118.047749303281,0.4582213369949643
2025-04-01_30d_d168_h3,733,core,2025-04-24T15:00:00Z,2025-04-24T16:00:00Z,2025-04-24,25.05,11867.0,12782.0,0.6339601390801792,2025-04-23T23:00:00Z,direct_ridge_90d_v1,18314.715679154047,12379.26681512814,0.41255862559907264
2025-04-01_30d_d168_h3,734,core,2025-04-24T16:00:00Z,2025-04-24T17:00:00Z,2025-04-24,26.82,14495.0,14392.0,0.5716622664381384,2025-04-23T23:00:00Z,direct_ridge_90d_v1,19557.15601085756,12665.225027805223,0.3905542300446323
2025-04-01_30d_d168_h3,735,core,2025-04-24T17:00:00Z,2025-04-24T18:00:00Z,2025-04-24,32.31,16255.0,15843.0,0.5024832523249536,2025-04-23T23:00:00Z,direct_ridge_90d_v1,20549.375479129267,12588.734524337457,0.38694904387168205
2025-04-01_30d_d168_h3,736,core,2025-04-24T18:00:00Z,2025-04-24T19:00:00Z,2025-04-24,30.04,15662.0,15544.0,0.5254248641173148,2025-04-23T23:00:00Z,direct_ridge_90d_v1,21220.498079128793,12642.394403826822,0.4000764699369168
2025-04-01_30d_d168_h3,737,core,2025-04-24T19:00:00Z,2025-04-24T20:00:00Z,2025-04-24,32.65,14771.0,14187.0,0.5853027677998163,2025-04-23T23:00:00Z,direct_ridge_90d_v1,21446.456368809748,13039.109221048177,0.41710008971659795
2025-04-01_30d_d168_h3,738,core,2025-04-24T20:00:00Z,2025-04-24T21:00:00Z,2025-04-24,35.43,13409.0,12915.0,0.6332956145102608,2025-04-23T23:00:00Z,direct_ridge_90d_v1,20978.84934648903,13418.678695071634,0.4390499070607953
2025-04-01_30d_d168_h3,739,core,2025-04-24T21:00:00Z,2025-04-24T22:00:00Z,2025-04-24,38.5,11884.0,13188.0,0.6469546029111982,2025-04-23T23:00:00Z,direct_ridge_90d_v1,20119.642759405087,13813.639953124706,0.4614220715735662
2025-04-01_30d_d168_h3,740,core,2025-04-24T22:00:00Z,2025-04-24T23:00:00Z,2025-04-24,37.28,11718.0,14376.0,0.6006964192580089,2025-04-23T23:00:00Z,direct_ridge_90d_v1,18111.643210915154,14271.924884344455,0.5053601871409485
2025-04-01_30d_d168_h3,741,core,2025-04-24T23:00:00Z,2025-04-25T00:00:00Z,2025-04-24,42.66,8273.0,14780.0,0.6388723505893036,2025-04-23T23:00:00Z,direct_ridge_90d_v1,11441.285178129383,14676.745891724162,0.5929481086970769
2025-04-01_30d_d168_h3,742,core,2025-04-25T00:00:00Z,2025-04-25T01:00:00Z,2025-04-24,79.29,2527.0,15144.0,0.7060112698653687,2025-04-23T23:00:00Z,direct_ridge_90d_v1,2767.3619666139916,15097.108423489375,0.6875095644614544
2025-04-01_30d_d168_h3,743,core,2025-04-25T01:00:00Z,2025-04-25T02:00:00Z,2025-04-24,86.41,79.0,15401.0,0.7343380997475504,2025-04-23T23:00:00Z,direct_ridge_90d_v1,0.0,16171.081012026438,0.7102304161359013
2025-04-01_30d_d168_h3,744,core,2025-04-25T02:00:00Z,2025-04-25T03:00:00Z,2025-04-24,57.95,0.0,17536.0,0.7223031308065866,2025-04-23T23:00:00Z,direct_ridge_90d_v1,0.0,17769.28030746094,0.7038432406087223
2025-04-01_30d_d168_h3,745,core,2025-04-25T03:00:00Z,2025-04-25T04:00:00Z,2025-04-24,40.63,0.0,18595.0,0.6821610968543457,2025-04-23T23:00:00Z,direct_ridge_90d_v1,0.0,18641.494749962338,0.6835162019870396
2025-04-01_30d_d168_h3,746,core,2025-04-25T04:00:00Z,2025-04-25T05:00:00Z,2025-04-24,31.66,0.0,18991.0,0.6449566689353137,2025-04-23T23:00:00Z,direct_ridge_90d_v1,0.0,19036.895311121927,0.6550581407900061
2025-04-01_30d_d168_h3,747,core,2025-04-25T05:00:00Z,2025-04-25T06:00:00Z,2025-04-25,25.4,0.0,18908.0,0.6181118149933085,2025-04-24T23:00:00Z,direct_ridge_90d_v1,0.0,19323.922191978712,0.6362776976693054
2025-04-01_30d_d168_h3,748,core,2025-04-25T06:00:00Z,2025-04-25T07:00:00Z,2025-04-25,24.57,1.0,18130.0,0.6150498749008649,2025-04-24T23:00:00Z,direct_ridge_90d_v1,0.0,18949.732819900768,0.6214577776704598
2025-04-01_30d_d168_h3,749,core,2025-04-25T07:00:00Z,2025-04-25T08:00:00Z,2025-04-25,24.03,0.0,18094.0,0.604754224619743,2025-04-24T23:00:00Z,direct_ridge_90d_v1,0.0,18175.891093979088,0.6253537185286799
2025-04-01_30d_d168_h3,750,core,2025-04-25T08:00:00Z,2025-04-25T09:00:00Z,2025-04-25,24.17,0.0,17512.0,0.6020457998696073,2025-04-24T23:00:00Z,direct_ridge_90d_v1,0.0,17704.25795631281,0.629951673921649
2025-04-01_30d_d168_h3,751,core,2025-04-25T09:00:00Z,2025-04-25T10:00:00Z,2025-04-25,29.19,0.0,15627.0,0.6445505596644847,2025-04-24T23:00:00Z,direct_ridge_90d_v1,0.0,17359.168238526298,0.6363874891915099
2025-04-01_30d_d168_h3,752,core,2025-04-25T10:00:00Z,2025-04-25T11:00:00Z,2025-04-25,33.35,0.0,13532.0,0.7272925022381869,2025-04-24T23:00:00Z,direct_ridge_90d_v1,0.0,16975.906012094274,0.6516347417198797
2025-04-01_30d_d168_h3,753,core,2025-04-25T11:00:00Z,2025-04-25T12:00:00Z,2025-04-25,47.5,1.0,11670.0,0.8148355241249343,2025-04-24T23:00:00Z,direct_ridge_90d_v1,0.8444427425531045,16415.10047105735,0.6633821460909725
2025-04-01_30d_d168_h3,754,core,2025-04-25T12:00:00Z,2025-04-25T13:00:00Z,2025-04-25,42.54,782.0,9603.0,0.8242611499133139,2025-04-24T23:00:00Z,direct_ridge_90d_v1,1153.5279325775377,16088.891836876024,0.6512150863097448
2025-04-01_30d_d168_h3,755,core,2025-04-25T13:00:00Z,2025-04-25T14:00:00Z,2025-04-25,31.53,5213.0,7314.0,0.8063994804123751,2025-04-24T23:00:00Z,direct_ridge_90d_v1,8110.638755445819,15014.357503454761,0.551882542701083
2025-04-01_30d_d168_h3,756,core,2025-04-25T14:00:00Z,2025-04-25T15:00:00Z,2025-04-25,24.82,10235.0,7203.0,0.7460422967569258,2025-04-24T23:00:00Z,direct_ridge_90d_v1,15774.783691396065,13341.700077536116,0.44932068735774494
2025-04-01_30d_d168_h3,757,core,2025-04-25T15:00:00Z,2025-04-25T16:00:00Z,2025-04-25,24.54,13730.0,7523.0,0.6893886545849682,2025-04-24T23:00:00Z,direct_ridge_90d_v1,18069.621139340714,13651.59390893384,0.4084752595793452
2025-04-01_30d_d168_h3,758,core,2025-04-25T16:00:00Z,2025-04-25T17:00:00Z,2025-04-25,28.55,16179.0,7670.0,0.6546116929322785,2025-04-24T23:00:00Z,direct_ridge_90d_v1,19286.54293896758,13391.320463250004,0.3977125876134083
2025-04-01_30d_d168_h3,759,core,2025-04-25T17:00:00Z,2025-04-25T18:00:00Z,2025-04-25,31.07,18179.0,8254.0,0.6080905429820725,2025-04-24T23:00:00Z,direct_ridge_90d_v1,20221.918134474057,12963.7006725627,0.39656040645622176
2025-04-01_30d_d168_h3,760,core,2025-04-25T18:00:00Z,2025-04-25T19:00:00Z,2025-04-25,36.02,18739.0,9252.0,0.5981052614343474,2025-04-24T23:00:00Z,direct_ridge_90d_v1,20859.367092640987,12826.607790708471,0.40695737074856203
2025-04-01_30d_d168_h3,761,core,2025-04-25T19:00:00Z,2025-04-25T20:00:00Z,2025-04-25,41.3,19560.0,10780.0,0.5500131779771635,2025-04-24T23:00:00Z,direct_ridge_90d_v1,20806.44806604959,13005.965241135786,0.4202762849130095
2025-04-01_30d_d168_h3,762,core,2025-04-25T20:00:00Z,2025-04-25T21:00:00Z,2025-04-25,40.79,17955.0,13018.0,0.5450743428120942,2025-04-24T23:00:00Z,direct_ridge_90d_v1,20277.422491640347,13309.660824722645,0.4361056796232508
2025-04-01_30d_d168_h3,763,core,2025-04-25T21:00:00Z,2025-04-25T22:00:00Z,2025-04-25,40.86,17094.0,15771.0,0.5166516597608566,2025-04-24T23:00:00Z,direct_ridge_90d_v1,19511.49801148881,13721.167914165966,0.45344047290473155
2025-04-01_30d_d168_h3,764,core,2025-04-25T22:00:00Z,2025-04-25T23:00:00Z,2025-04-25,41.07,15578.0,17883.0,0.49618629686268845,2025-04-24T23:00:00Z,direct_ridge_90d_v1,17698.90532067488,14192.347777837147,0.493989371441187
2025-04-01_30d_d168_h3,765,core,2025-04-25T23:00:00Z,2025-04-26T00:00:00Z,2025-04-25,52.23,9392.0,18409.0,0.5825337615386529,2025-04-24T23:00:00Z,direct_ridge_90d_v1,13210.270419523904,14914.592128835733,0.5754545191885306
2025-04-01_30d_d168_h3,766,core,2025-04-26T00:00:00Z,2025-04-26T01:00:00Z,2025-04-25,86.72,1820.0,16690.0,0.7050385132863946,2025-04-24T23:00:00Z,direct_ridge_90d_v1,3256.8907115447764,15389.887077502006,0.6820740783214564
2025-04-01_30d_d168_h3,767,core,2025-04-26T01:00:00Z,2025-04-26T02:00:00Z,2025-04-25,70.75,24.0,15462.0,0.7417095023919282,2025-04-24T23:00:00Z,direct_ridge_90d_v1,0.0,16779.857577159964,0.698035715986334
2025-04-01_30d_d168_h3,768,core,2025-04-26T02:00:00Z,2025-04-26T03:00:00Z,2025-04-25,51.62,0.0,16068.0,0.760451365307737,2025-04-24T23:00:00Z,direct_ridge_90d_v1,0.0,18362.074703125018,0.6893420509868409
2025-04-01_30d_d168_h3,769,core,2025-04-26T03:00:00Z,2025-04-26T04:00:00Z,2025-04-25,45.0,0.0,17258.0,0.7477123340426829,2025-04-24T23:00:00Z,direct_ridge_90d_v1,0.0,19155.85083794414,0.6680521123358332
2025-04-01_30d_d168_h3,770,core,2025-04-26T04:00:00Z,2025-04-26T05:00:00Z,2025-04-25,35.93,0.0,17526.0,0.7379681722723718,2025-04-24T23:00:00Z,direct_ridge_90d_v1,0.0,19432.364798030165,0.6358056393830405
2025-04-01_30d_d168_h3,771,core,2025-04-26T05:00:00Z,2025-04-26T06:00:00Z,2025-04-26,26.16,0.0,16592.0,0.7427772534756346,2025-04-25T23:00:00Z,direct_ridge_90d_v1,0.0,19609.60037839627,0.6251943770356668
2025-04-01_30d_d168_h3,772,core,2025-04-26T06:00:00Z,2025-04-26T07:00:00Z,2025-04-26,23.54,0.0,16607.0,0.7085636499876562,2025-04-25T23:00:00Z,direct_ridge_90d_v1,0.0,19267.647072425334,0.6166430739734499
2025-04-01_30d_d168_h3,773,core,2025-04-26T07:00:00Z,2025-04-26T08:00:00Z,2025-04-26,22.06,0.0,17118.0,0.6619543427060325,2025-04-25T23:00:00Z,direct_ridge_90d_v1,0.0,18446.471198184518,0.6199301031227981
2025-04-01_30d_d168_h3,774,core,2025-04-26T08:00:00Z,2025-04-26T09:00:00Z,2025-04-26,21.64,0.0,16392.0,0.6480791693293596,2025-04-25T23:00:00Z,direct_ridge_90d_v1,0.0,17924.72755841023,0.627596341606197
2025-04-01_30d_d168_h3,775,core,2025-04-26T09:00:00Z,2025-04-26T10:00:00Z,2025-04-26,23.53,1.0,16330.0,0.6372704514164915,2025-04-25T23:00:00Z,direct_ridge_90d_v1,0.0,17492.44269479121,0.6389639674748631
2025-04-01_30d_d168_h3,776,core,2025-04-26T10:00:00Z,2025-04-26T11:00:00Z,2025-04-26,26.77,1.0,15978.0,0.6389201330526051,2025-04-25T23:00:00Z,direct_ridge_90d_v1,0.0,17240.26826702074,0.652996628093774
2025-04-01_30d_d168_h3,777,core,2025-04-26T11:00:00Z,2025-04-26T12:00:00Z,2025-04-26,30.34,12.0,14995.0,0.6547483025236478,2025-04-25T23:00:00Z,direct_ridge_90d_v1,1.0208257631360262,16938.65804548902,0.6614702996809451
2025-04-01_30d_d168_h3,778,core,2025-04-26T12:00:00Z,2025-04-26T13:00:00Z,2025-04-26,27.44,2056.0,14589.0,0.6177538758954914,2025-04-25T23:00:00Z,direct_ridge_90d_v1,854.7066048405327,16649.662701328863,0.6504735240166336
2025-04-01_30d_d168_h3,779,core,2025-04-26T13:00:00Z,2025-04-26T14:00:00Z,2025-04-26,19.6,8498.0,14474.0,0.5053380815584757,2025-04-25T23:00:00Z,direct_ridge_90d_v1,6927.438698501634,15514.358467375992,0.5647419593909779
2025-04-01_30d_d168_h3,780,core,2025-04-26T14:00:00Z,2025-04-26T15:00:00Z,2025-04-26,18.59,13076.0,17137.0,0.3988790399132088,2025-04-25T23:00:00Z,direct_ridge_90d_v1,14486.958191762718,13834.022681371125,0.47038937855413826
2025-04-01_30d_d168_h3,781,core,2025-04-26T15:00:00Z,2025-04-26T16:00:00Z,2025-04-26,20.6,14591.0,17490.0,0.38742296640372204,2025-04-25T23:00:00Z,direct_ridge_90d_v1,16665.740477981824,14300.256729969762,0.42725310219408696
2025-04-01_30d_d168_h3,782,core,2025-04-26T16:00:00Z,2025-04-26T17:00:00Z,2025-04-26,22.77,15546.0,16844.0,0.40644832129244524,2025-04-25T23:00:00Z,direct_ridge_90d_v1,17736.682947936653,14092.997655771698,0.40829989759435403
2025-04-01_30d_d168_h3,783,core,2025-04-26T17:00:00Z,2025-04-26T18:00:00Z,2025-04-26,24.02,16546.0,16733.0,0.42876163302635806,2025-04-25T23:00:00Z,direct_ridge_90d_v1,18809.20014334276,13735.409098987971,0.40263711171271716
2025-04-01_30d_d168_h3,784,core,2025-04-26T18:00:00Z,2025-04-26T19:00:00Z,2025-04-26,25.19,17406.0,16419.0,0.44122223990254755,2025-04-25T23:00:00Z,direct_ridge_90d_v1,19405.352922951686,13582.085467771096,0.41335185381553746
2025-04-01_30d_d168_h3,785,core,2025-04-26T19:00:00Z,2025-04-26T20:00:00Z,2025-04-26,29.09,18122.0,16733.0,0.4307687308005122,2025-04-25T23:00:00Z,direct_ridge_90d_v1,19514.969698542962,13568.051888140986,0.42928489084165505
2025-04-01_30d_d168_h3,786,core,2025-04-26T20:00:00Z,2025-04-26T21:00:00Z,2025-04-26,31.23,17782.0,16793.0,0.45117358883901654,2025-04-25T23:00:00Z,direct_ridge_90d_v1,19096.975571300343,13748.53749349823,0.4483427969916658
2025-04-01_30d_d168_h3,787,core,2025-04-26T21:00:00Z,2025-04-26T22:00:00Z,2025-04-26,29.06,16678.0,17275.0,0.46856595903047327,2025-04-25T23:00:00Z,direct_ridge_90d_v1,18200.318586167974,14083.991035148763,0.4711381471746854
2025-04-01_30d_d168_h3,788,core,2025-04-26T22:00:00Z,2025-04-26T23:00:00Z,2025-04-26,33.34,12819.0,16599.0,0.5577762796351802,2025-04-25T23:00:00Z,direct_ridge_90d_v1,15887.531997821623,14459.227486499032,0.5175774742737982
2025-04-01_30d_d168_h3,789,core,2025-04-26T23:00:00Z,2025-04-27T00:00:00Z,2025-04-26,38.69,6750.0,15692.0,0.6728971356929426,2025-04-25T23:00:00Z,direct_ridge_90d_v1,10842.91150353692,14454.364480612365,0.6032439522893035
2025-04-01_30d_d168_h3,790,core,2025-04-27T00:00:00Z,2025-04-27T01:00:00Z,2025-04-26,70.4,1861.0,14980.0,0.7230755886234855,2025-04-25T23:00:00Z,direct_ridge_90d_v1,2701.9757988448064,14655.494391768447,0.7148401203133206
2025-04-01_30d_d168_h3,791,core,2025-04-27T01:00:00Z,2025-04-27T02:00:00Z,2025-04-26,71.93,102.0,13958.0,0.7500448533507076,2025-04-25T23:00:00Z,direct_ridge_90d_v1,0.0,15731.762219562219,0.7371678603472442
2025-04-01_30d_d168_h3,792,core,2025-04-27T02:00:00Z,2025-04-27T03:00:00Z,2025-04-26,44.92,0.0,14778.0,0.7864473267742881,2025-04-25T23:00:00Z,direct_ridge_90d_v1,0.0,17199.241076796025,0.7346729350545341
2025-04-01_30d_d168_h3,793,core,2025-04-27T03:00:00Z,2025-04-27T04:00:00Z,2025-04-26,31.85,0.0,16224.0,0.769111863291303,2025-04-25T23:00:00Z,direct_ridge_90d_v1,0.0,17950.001237234967,0.7200464045578201
2025-04-01_30d_d168_h3,794,core,2025-04-27T04:00:00Z,2025-04-27T05:00:00Z,2025-04-26,26.97,0.0,16806.0,0.7563438697518342,2025-04-25T23:00:00Z,direct_ridge_90d_v1,0.0,18283.69457909645,0.6945133698702577
2025-04-01_30d_d168_h3,795,core,2025-04-27T05:00:00Z,2025-04-27T06:00:00Z,2025-04-27,22.23,0.0,17269.0,0.7323147023039225,2025-04-26T23:00:00Z,direct_ridge_90d_v1,0.0,20356.899160239995,0.6630384599071396
2025-04-01_30d_d168_h3,796,core,2025-04-27T06:00:00Z,2025-04-27T07:00:00Z,2025-04-27,22.71,0.0,16659.0,0.7248996137141784,2025-04-26T23:00:00Z,direct_ridge_90d_v1,0.0,20063.37826266484,0.650771637176935
2025-04-01_30d_d168_h3,797,core,2025-04-27T07:00:00Z,2025-04-27T08:00:00Z,2025-04-27,19.64,1.0,18069.0,0.6961150483404933,2025-04-26T23:00:00Z,direct_ridge_90d_v1,0.0,19224.059667225512,0.6525475437142222
2025-04-01_30d_d168_h3,798,core,2025-04-27T08:00:00Z,2025-04-27T09:00:00Z,2025-04-27,19.85,1.0,18475.0,0.6735642523250714,2025-04-26T23:00:00Z,direct_ridge_90d_v1,0.0,18643.23810752605,0.6603754265988414
2025-04-01_30d_d168_h3,799,core,2025-04-27T09:00:00Z,2025-04-27T10:00:00Z,2025-04-27,18.53,0.0,17578.0,0.6919113965000475,2025-04-26T23:00:00Z,direct_ridge_90d_v1,0.0,18126.058668767044,0.6707145630623483
2025-04-01_30d_d168_h3,800,core,2025-04-27T10:00:00Z,2025-04-27T11:00:00Z,2025-04-27,21.01,0.0,16126.0,0.7196356312904473,2025-04-26T23:00:00Z,direct_ridge_90d_v1,0.0,17842.510664747442,0.6802656605298988
2025-04-01_30d_d168_h3,801,core,2025-04-27T11:00:00Z,2025-04-27T12:00:00Z,2025-04-27,22.56,11.0,15445.0,0.7315398621949346,2025-04-26T23:00:00Z,direct_ridge_90d_v1,1.7534282265009948,17441.848026915348,0.6854205920178443
2025-04-01_30d_d168_h3,802,core,2025-04-27T12:00:00Z,2025-04-27T13:00:00Z,2025-04-27,19.45,1911.0,14707.0,0.6998977745632734,2025-04-26T23:00:00Z,direct_ridge_90d_v1,853.1830293991281,16997.539489761195,0.6720121047244515
2025-04-01_30d_d168_h3,803,core,2025-04-27T13:00:00Z,2025-04-27T14:00:00Z,2025-04-27,16.79,8993.0,14523.0,0.5407529418239864,2025-04-26T23:00:00Z,direct_ridge_90d_v1,6611.704565048436,15724.446540783774,0.586608921268891
2025-04-01_30d_d168_h3,804,core,2025-04-27T14:00:00Z,2025-04-27T15:00:00Z,2025-04-27,16.58,13381.0,16789.0,0.4336308385601393,2025-04-26T23:00:00Z,direct_ridge_90d_v1,13747.826958944615,13968.40124779897,0.49383425355907656
2025-04-01_30d_d168_h3,805,core,2025-04-27T15:00:00Z,2025-04-27T16:00:00Z,2025-04-27,16.99,16090.0,18781.0,0.3920078146675341,2025-04-26T23:00:00Z,direct_ridge_90d_v1,15875.06678884897,14360.235848119843,0.45197411261814746
2025-04-01_30d_d168_h3,806,core,2025-04-27T16:00:00Z,2025-04-27T17:00:00Z,2025-04-27,20.22,16676.0,19458.0,0.4037546391201327,2025-04-26T23:00:00Z,direct_ridge_90d_v1,17089.409646726384,14100.354885221193,0.4310254201087981
2025-04-01_30d_d168_h3,807,core,2025-04-27T17:00:00Z,2025-04-27T18:00:00Z,2025-04-27,23.92,16688.0,20032.0,0.42029780277559675,2025-04-26T23:00:00Z,direct_ridge_90d_v1,18161.841349032253,13701.715427513609,0.4179563986161812
2025-04-01_30d_d168_h3,808,core,2025-04-27T18:00:00Z,2025-04-27T19:00:00Z,2025-04-27,25.78,16489.0,21068.0,0.42335273396019274,2025-04-26T23:00:00Z,direct_ridge_90d_v1,18655.297190443845,13546.1527774249,0.4258914152064539
2025-04-01_30d_d168_h3,809,core,2025-04-27T19:00:00Z,2025-04-27T20:00:00Z,2025-04-27,29.03,16760.0,21852.0,0.42728388473982226,2025-04-26T23:00:00Z,direct_ridge_90d_v1,18471.11964494639,13541.298328895415,0.4452369552221346
2025-04-01_30d_d168_h3,810,core,2025-04-27T20:00:00Z,2025-04-27T21:00:00Z,2025-04-27,31.36,15491.0,22435.0,0.44408844834265504,2025-04-26T23:00:00Z,direct_ridge_90d_v1,17889.402620408968,13655.876585272952,0.46795669991151384
2025-04-01_30d_d168_h3,811,core,2025-04-27T21:00:00Z,2025-04-27T22:00:00Z,2025-04-27,30.75,14361.0,23188.0,0.46252391541810767,2025-04-26T23:00:00Z,direct_ridge_90d_v1,16865.247773402207,13937.773621837892,0.4920608221661775
2025-04-01_30d_d168_h3,812,core,2025-04-27T22:00:00Z,2025-04-27T23:00:00Z,2025-04-27,35.22,13069.0,23738.0,0.46886239959796233,2025-04-26T23:00:00Z,direct_ridge_90d_v1,14174.769826583673,14329.099378911353,0.5370133348242089
2025-04-01_30d_d168_h3,813,core,2025-04-27T23:00:00Z,2025-04-28T00:00:00Z,2025-04-27,36.51,8913.0,23792.0,0.5142606276146559,2025-04-26T23:00:00Z,direct_ridge_90d_v1,9992.396119775793,14370.985871106639,0.6224766955096275
2025-04-01_30d_d168_h3,814,core,2025-04-28T00:00:00Z,2025-04-28T01:00:00Z,2025-04-27,44.56,2446.0,24640.0,0.5962593209570543,2025-04-26T23:00:00Z,direct_ridge_90d_v1,2391.387409639504,14694.38882994906,0.7223128518928307
2025-04-01_30d_d168_h3,815,core,2025-04-28T01:00:00Z,2025-04-28T02:00:00Z,2025-04-27,45.2,49.0,24709.0,0.6236980999598494,2025-04-26T23:00:00Z,direct_ridge_90d_v1,0.0,15712.934553533309,0.7420854048937495
2025-04-01_30d_d168_h3,816,core,2025-04-28T02:00:00Z,2025-04-28T03:00:00Z,2025-04-27,38.05,0.0,25266.0,0.6269447262978394,2025-04-26T23:00:00Z,direct_ridge_90d_v1,0.0,17082.121907903853,0.7389808639196807
2025-04-01_30d_d168_h3,817,core,2025-04-28T03:00:00Z,2025-04-28T04:00:00Z,2025-04-27,28.51,0.0,25662.0,0.5968988856078283,2025-04-26T23:00:00Z,direct_ridge_90d_v1,0.0,17755.29556789665,0.7249548380289554
2025-04-01_30d_d168_h3,818,core,2025-04-28T04:00:00Z,2025-04-28T05:00:00Z,2025-04-27,25.89,0.0,25521.0,0.5649625422487216,2025-04-26T23:00:00Z,direct_ridge_90d_v1,0.0,18113.39791153784,0.6978397295201231
2025-04-01_30d_d168_h3,819,core,2025-04-28T05:00:00Z,2025-04-28T06:00:00Z,2025-04-28,26.51,1.0,25062.0,0.5417109078070675,2025-04-27T23:00:00Z,direct_ridge_90d_v1,0.0,16859.434935280406,0.7323358079659779
2025-04-01_30d_d168_h3,820,core,2025-04-28T06:00:00Z,2025-04-28T07:00:00Z,2025-04-28,22.03,1.0,24428.0,0.5370724811172096,2025-04-27T23:00:00Z,direct_ridge_90d_v1,0.0,16190.989644719719,0.7251717460599649
2025-04-01_30d_d168_h3,821,core,2025-04-28T07:00:00Z,2025-04-28T08:00:00Z,2025-04-28,20.21,1.0,23861.0,0.5386239473693966,2025-04-27T23:00:00Z,direct_ridge_90d_v1,0.0,16189.591157969167,0.7174749534024734
2025-04-01_30d_d168_h3,822,core,2025-04-28T08:00:00Z,2025-04-28T09:00:00Z,2025-04-28,18.97,1.0,24261.0,0.5179124362415889,2025-04-27T23:00:00Z,direct_ridge_90d_v1,0.0,15986.174999309282,0.7180024587173717
2025-04-01_30d_d168_h3,823,core,2025-04-28T09:00:00Z,2025-04-28T10:00:00Z,2025-04-28,19.97,1.0,24265.0,0.5122047893075297,2025-04-27T23:00:00Z,direct_ridge_90d_v1,0.0,15851.16443678105,0.7229157175670712
2025-04-01_30d_d168_h3,824,core,2025-04-28T10:00:00Z,2025-04-28T11:00:00Z,2025-04-28,23.34,1.0,24244.0,0.5299972733769323,2025-04-27T23:00:00Z,direct_ridge_90d_v1,0.0,15733.527927722536,0.7368623042717104
2025-04-01_30d_d168_h3,825,core,2025-04-28T11:00:00Z,2025-04-28T12:00:00Z,2025-04-28,23.8,26.0,23747.0,0.5883712056185767,2025-04-27T23:00:00Z,direct_ridge_90d_v1,1.6900002707917259,15475.112666333376,0.7478799307726086
2025-04-01_30d_d168_h3,826,core,2025-04-28T12:00:00Z,2025-04-28T13:00:00Z,2025-04-28,27.7,2013.0,22855.0,0.5633373550358265,2025-04-27T23:00:00Z,direct_ridge_90d_v1,959.1454982873979,15135.376015010614,0.7366991573620303
2025-04-01_30d_d168_h3,827,core,2025-04-28T13:00:00Z,2025-04-28T14:00:00Z,2025-04-28,25.35,7377.0,21020.0,0.5078900285978034,2025-04-27T23:00:00Z,direct_ridge_90d_v1,7495.2016509352325,13914.638218003325,0.6465060906906527
2025-04-01_30d_d168_h3,828,core,2025-04-28T14:00:00Z,2025-04-28T15:00:00Z,2025-04-28,25.78,10736.0,20524.0,0.5037799186659807,2025-04-27T23:00:00Z,direct_ridge_90d_v1,15020.965767447065,12408.136686852871,0.5390250299407042
2025-04-01_30d_d168_h3,829,core,2025-04-28T15:00:00Z,2025-04-28T16:00:00Z,2025-04-28,26.8,13396.0,20206.0,0.4795416985880334,2025-04-27T23:00:00Z,direct_ridge_90d_v1,17119.23004488179,12856.827826352071,0.5010469050769752
2025-04-01_30d_d168_h3,830,core,2025-04-28T16:00:00Z,2025-04-28T17:00:00Z,2025-04-28,34.09,14928.0,19024.0,0.48534728587864234,2025-04-27T23:00:00Z,direct_ridge_90d_v1,18128.499593551183,12879.864741329464,0.47917895118750564
2025-04-01_30d_d168_h3,831,core,2025-04-28T17:00:00Z,2025-04-28T18:00:00Z,2025-04-28,41.92,16383.0,18135.0,0.4842134011653118,2025-04-27T23:00:00Z,direct_ridge_90d_v1,19113.535676886277,12627.822457832113,0.45320079534526025
2025-04-01_30d_d168_h3,832,core,2025-04-28T18:00:00Z,2025-04-28T19:00:00Z,2025-04-28,40.49,16419.0,18166.0,0.4884797029773862,2025-04-27T23:00:00Z,direct_ridge_90d_v1,19499.48608927138,12561.407391551518,0.45450721233571784
2025-04-01_30d_d168_h3,833,core,2025-04-28T19:00:00Z,2025-04-28T20:00:00Z,2025-04-28,43.15,15432.0,18916.0,0.5021320551407338,2025-04-27T23:00:00Z,direct_ridge_90d_v1,19417.008725639644,12760.066865533618,0.46591307083215083
2025-04-01_30d_d168_h3,834,core,2025-04-28T20:00:00Z,2025-04-28T21:00:00Z,2025-04-28,45.03,14172.0,19669.0,0.5112669697734011,2025-04-27T23:00:00Z,direct_ridge_90d_v1,18855.602097280684,13178.867093712384,0.47933005618168406
2025-04-01_30d_d168_h3,835,core,2025-04-28T21:00:00Z,2025-04-28T22:00:00Z,2025-04-28,55.75,13246.0,19651.0,0.5368482893930652,2025-04-27T23:00:00Z,direct_ridge_90d_v1,17719.80842487098,13753.558197219505,0.4957770869145565
2025-04-01_30d_d168_h3,836,core,2025-04-28T22:00:00Z,2025-04-28T23:00:00Z,2025-04-28,66.33,10966.0,19824.0,0.5708330228881245,2025-04-27T23:00:00Z,direct_ridge_90d_v1,15494.845758047546,14423.141864091283,0.5211050050475006
2025-04-01_30d_d168_h3,837,core,2025-04-28T23:00:00Z,2025-04-29T00:00:00Z,2025-04-28,63.39,7779.0,18516.0,0.6361322747970531,2025-04-27T23:00:00Z,direct_ridge_90d_v1,9988.831309018125,14959.251422800728,0.6162910151760274
2025-04-01_30d_d168_h3,838,core,2025-04-29T00:00:00Z,2025-04-29T01:00:00Z,2025-04-28,72.52,2116.0,19251.0,0.6893104399901983,2025-04-27T23:00:00Z,direct_ridge_90d_v1,2425.5182076248516,15523.424257198876,0.7142101633115217
2025-04-01_30d_d168_h3,839,core,2025-04-29T01:00:00Z,2025-04-29T02:00:00Z,2025-04-28,72.02,44.0,20561.0,0.693785125309195,2025-04-27T23:00:00Z,direct_ridge_90d_v1,0.0,16935.421210043656,0.7298814491540438
2025-04-01_30d_d168_h3,840,core,2025-04-29T02:00:00Z,2025-04-29T03:00:00Z,2025-04-28,50.24,0.0,21961.0,0.6877855348472923,2025-04-27T23:00:00Z,direct_ridge_90d_v1,0.0,18667.190747969133,0.7198663589385683
2025-04-01_30d_d168_h3,841,core,2025-04-29T03:00:00Z,2025-04-29T04:00:00Z,2025-04-28,35.1,0.0,23219.0,0.6534889863649225,2025-04-27T23:00:00Z,direct_ridge_90d_v1,0.0,19499.96678448005,0.6960919183398304
2025-04-01_30d_d168_h3,842,core,2025-04-29T04:00:00Z,2025-04-29T05:00:00Z,2025-04-28,28.56,0.0,22645.0,0.6279112262079002,2025-04-27T23:00:00Z,direct_ridge_90d_v1,0.0,19785.87441693391,0.66343025749342
2025-04-01_30d_d168_h3,843,core,2025-04-29T05:00:00Z,2025-04-29T06:00:00Z,2025-04-29,31.31,0.0,21744.0,0.6187716732306273,2025-04-28T23:00:00Z,direct_ridge_90d_v1,0.0,19359.423273235177,0.6421553851147104
2025-04-01_30d_d168_h3,844,core,2025-04-29T06:00:00Z,2025-04-29T07:00:00Z,2025-04-29,27.99,0.0,20975.0,0.605015279142815,2025-04-28T23:00:00Z,direct_ridge_90d_v1,0.0,19101.146562856404,0.632831702831555
2025-04-01_30d_d168_h3,845,core,2025-04-29T07:00:00Z,2025-04-29T08:00:00Z,2025-04-29,25.47,0.0,19646.0,0.6076739842618303,2025-04-28T23:00:00Z,direct_ridge_90d_v1,0.0,18654.79627992248,0.630794683826149
2025-04-01_30d_d168_h3,846,core,2025-04-29T08:00:00Z,2025-04-29T09:00:00Z,2025-04-29,24.97,0.0,19065.0,0.6028242959663425,2025-04-28T23:00:00Z,direct_ridge_90d_v1,0.0,18141.355997064275,0.6378848080536169
2025-04-01_30d_d168_h3,847,core,2025-04-29T09:00:00Z,2025-04-29T10:00:00Z,2025-04-29,27.08,0.0,17169.0,0.6595491537404413,2025-04-28T23:00:00Z,direct_ridge_90d_v1,0.0,17728.282538452917,0.6500922971985149
2025-04-01_30d_d168_h3,848,core,2025-04-29T10:00:00Z,2025-04-29T11:00:00Z,2025-04-29,29.1,0.0,16408.0,0.7086709426325718,2025-04-28T23:00:00Z,direct_ridge_90d_v1,0.0,17395.031845999925,0.6726221465038156
2025-04-01_30d_d168_h3,849,core,2025-04-29T11:00:00Z,2025-04-29T12:00:00Z,2025-04-29,36.2,6.0,16826.0,0.7247977668859863,2025-04-28T23:00:00Z,direct_ridge_90d_v1,2.1466940110306014,16959.69717063508,0.6861018527535377
2025-04-01_30d_d168_h3,850,core,2025-04-29T12:00:00Z,2025-04-29T13:00:00Z,2025-04-29,34.97,1194.0,15241.0,0.7404558278311246,2025-04-28T23:00:00Z,direct_ridge_90d_v1,996.6867823186769,16477.637488144486,0.6788554741499604
2025-04-01_30d_d168_h3,851,core,2025-04-29T13:00:00Z,2025-04-29T14:00:00Z,2025-04-29,28.58,6259.0,13879.0,0.6757337261176151,2025-04-28T23:00:00Z,direct_ridge_90d_v1,6876.05477539809,15294.10396796233,0.5901033844976541
2025-04-01_30d_d168_h3,852,core,2025-04-29T14:00:00Z,2025-04-29T15:00:00Z,2025-04-29,31.73,10942.0,13953.0,0.5941823720198183,2025-04-28T23:00:00Z,direct_ridge_90d_v1,13512.993661870196,13910.291316163468,0.492284179290601
2025-04-01_30d_d168_h3,853,core,2025-04-29T15:00:00Z,2025-04-29T16:00:00Z,2025-04-29,35.54,12809.0,15213.0,0.5723822889968846,2025-04-28T23:00:00Z,direct_ridge_90d_v1,16082.286813170285,13929.922498674217,0.45427149480168666
2025-04-01_30d_d168_h3,854,core,2025-04-29T16:00:00Z,2025-04-29T17:00:00Z,2025-04-29,39.24,14963.0,17462.0,0.49632279059363515,2025-04-28T23:00:00Z,direct_ridge_90d_v1,17644.160242082275,13554.02770737343,0.43872308391649856
2025-04-01_30d_d168_h3,855,core,2025-04-29T17:00:00Z,2025-04-29T18:00:00Z,2025-04-29,43.46,16433.0,18973.0,0.43757736851857193,2025-04-28T23:00:00Z,direct_ridge_90d_v1,18786.77642716553,13179.047850293477,0.43054334907226954
2025-04-01_30d_d168_h3,856,core,2025-04-29T18:00:00Z,2025-04-29T19:00:00Z,2025-04-29,55.72,16830.0,18544.0,0.4458565337123515,2025-04-28T23:00:00Z,direct_ridge_90d_v1,19247.279543194407,13034.408905694732,0.44184775883620103
2025-04-01_30d_d168_h3,857,core,2025-04-29T19:00:00Z,2025-04-29T20:00:00Z,2025-04-29,59.95,16587.0,17901.0,0.47575159186274635,2025-04-28T23:00:00Z,direct_ridge_90d_v1,19046.825294290964,13153.75355191592,0.45565262743739476
2025-04-01_30d_d168_h3,858,core,2025-04-29T20:00:00Z,2025-04-29T21:00:00Z,2025-04-29,63.63,16166.0,18377.0,0.4971368622401684,2025-04-28T23:00:00Z,direct_ridge_90d_v1,18256.30976223637,13359.040480984175,0.47516142068888306
2025-04-01_30d_d168_h3,859,core,2025-04-29T21:00:00Z,2025-04-29T22:00:00Z,2025-04-29,63.97,15115.0,19353.0,0.49067515642689274,2025-04-28T23:00:00Z,direct_ridge_90d_v1,17201.918622683595,13752.690941277891,0.4969507055342104
2025-04-01_30d_d168_h3,860,core,2025-04-29T22:00:00Z,2025-04-29T23:00:00Z,2025-04-29,58.21,13254.0,19156.0,0.5432872213840518,2025-04-28T23:00:00Z,direct_ridge_90d_v1,15108.437029951881,14384.676220603362,0.5283125953904805
2025-04-01_30d_d168_h3,861,core,2025-04-29T23:00:00Z,2025-04-30T00:00:00Z,2025-04-29,57.68,9204.0,19184.0,0.5920494731917614,2025-04-28T23:00:00Z,direct_ridge_90d_v1,9042.120934505376,15045.30072457692,0.5923111173278384
2025-04-01_30d_d168_h3,862,core,2025-04-30T00:00:00Z,2025-04-30T01:00:00Z,2025-04-29,75.99,1876.0,19296.0,0.6810351796837095,2025-04-28T23:00:00Z,direct_ridge_90d_v1,1980.9439763782036,15691.985528334719,0.6928559368460102
2025-04-01_30d_d168_h3,863,core,2025-04-30T01:00:00Z,2025-04-30T02:00:00Z,2025-04-29,86.65,35.0,17541.0,0.713498154240292,2025-04-28T23:00:00Z,direct_ridge_90d_v1,0.0,17218.151696115936,0.7103582037386768
2025-04-01_30d_d168_h3,864,core,2025-04-30T02:00:00Z,2025-04-30T03:00:00Z,2025-04-29,74.8,0.0,16551.0,0.7359649153270604,2025-04-28T23:00:00Z,direct_ridge_90d_v1,0.0,18791.493906532156,0.7022250084350248
2025-04-01_30d_d168_h3,865,core,2025-04-30T03:00:00Z,2025-04-30T04:00:00Z,2025-04-29,58.88,0.0,17196.0,0.7511264296548641,2025-04-28T23:00:00Z,direct_ridge_90d_v1,0.0,19512.539614125006,0.6786115202686681
2025-04-01_30d_d168_h3,866,core,2025-04-30T04:00:00Z,2025-04-30T05:00:00Z,2025-04-29,37.96,0.0,17288.0,0.7452817090303581,2025-04-28T23:00:00Z,direct_ridge_90d_v1,0.0,19711.161636618148,0.6483789014539771
2025-04-01_30d_d168_h3,867,core,2025-04-30T05:00:00Z,2025-04-30T06:00:00Z,2025-04-30,31.3,0.0,16825.0,0.740984048232583,2025-04-29T23:00:00Z,direct_ridge_90d_v1,0.0,19563.95944410265,0.6353982701738736
2025-04-01_30d_d168_h3,868,core,2025-04-30T06:00:00Z,2025-04-30T07:00:00Z,2025-04-30,28.86,0.0,16100.0,0.7492636483963361,2025-04-29T23:00:00Z,direct_ridge_90d_v1,0.0,19242.94992510413,0.6311519421334966
2025-04-01_30d_d168_h3,869,core,2025-04-30T07:00:00Z,2025-04-30T08:00:00Z,2025-04-30,25.59,0.0,16842.0,0.729811941698578,2025-04-29T23:00:00Z,direct_ridge_90d_v1,0.0,18810.006898986303,0.6228117521983333
2025-04-01_30d_d168_h3,870,core,2025-04-30T08:00:00Z,2025-04-30T09:00:00Z,2025-04-30,25.23,0.0,17712.0,0.6949626589083979,2025-04-29T23:00:00Z,direct_ridge_90d_v1,0.0,17991.22950493504,0.6306952291388851
2025-04-01_30d_d168_h3,871,core,2025-04-30T09:00:00Z,2025-04-30T10:00:00Z,2025-04-30,27.23,0.0,16672.0,0.6973596781088975,2025-04-29T23:00:00Z,direct_ridge_90d_v1,0.0,17487.451687103567,0.6433635265780371
2025-04-01_30d_d168_h3,872,core,2025-04-30T10:00:00Z,2025-04-30T11:00:00Z,2025-04-30,31.53,0.0,15418.0,0.742415517935542,2025-04-29T23:00:00Z,direct_ridge_90d_v1,0.0,16990.29746110066,0.6662540610414301
2025-04-01_30d_d168_h3,873,core,2025-04-30T11:00:00Z,2025-04-30T12:00:00Z,2025-04-30,43.91,10.0,14874.0,0.7540437373099154,2025-04-29T23:00:00Z,direct_ridge_90d_v1,3.493052092830953,16454.34337072918,0.6793072552028845
2025-04-01_30d_d168_h3,874,core,2025-04-30T12:00:00Z,2025-04-30T13:00:00Z,2025-04-30,45.27,1356.0,13383.0,0.7621705381949689,2025-04-29T23:00:00Z,direct_ridge_90d_v1,1286.517616920099,16042.56846436624,0.6726216699720138
2025-04-01_30d_d168_h3,875,core,2025-04-30T13:00:00Z,2025-04-30T14:00:00Z,2025-04-30,43.18,6179.0,13305.0,0.6935751814753446,2025-04-29T23:00:00Z,direct_ridge_90d_v1,7600.643698947566,15190.880470479027,0.5782566116831738
2025-04-01_30d_d168_h3,876,core,2025-04-30T14:00:00Z,2025-04-30T15:00:00Z,2025-04-30,39.96,9816.0,12525.0,0.6464068189976144,2025-04-29T23:00:00Z,direct_ridge_90d_v1,14472.212518780783,14408.518533751392,0.4808961781871189
2025-04-01_30d_d168_h3,877,core,2025-04-30T15:00:00Z,2025-04-30T16:00:00Z,2025-04-30,42.87,11522.0,10918.0,0.6592473674342171,2025-04-29T23:00:00Z,direct_ridge_90d_v1,16866.346085427227,14547.074668262481,0.44084706481404085
2025-04-01_30d_d168_h3,878,core,2025-04-30T16:00:00Z,2025-04-30T17:00:00Z,2025-04-30,39.56,14405.0,9265.0,0.6476662472204195,2025-04-29T23:00:00Z,direct_ridge_90d_v1,17908.410677232125,13889.993076798242,0.425438418046886
2025-04-01_30d_d168_h3,879,core,2025-04-30T17:00:00Z,2025-04-30T18:00:00Z,2025-04-30,40.53,15473.0,8882.0,0.6303351723895804,2025-04-29T23:00:00Z,direct_ridge_90d_v1,18962.403935923227,13413.191540554164,0.4191983875832822
2025-04-01_30d_d168_h3,880,core,2025-04-30T18:00:00Z,2025-04-30T19:00:00Z,2025-04-30,41.97,14925.0,8742.0,0.6489792253079721,2025-04-29T23:00:00Z,direct_ridge_90d_v1,19241.846270301103,13227.688485299486,0.4313279289352089
2025-04-01_30d_d168_h3,881,core,2025-04-30T19:00:00Z,2025-04-30T20:00:00Z,2025-04-30,43.61,15251.0,8901.0,0.647253801665185,2025-04-29T23:00:00Z,direct_ridge_90d_v1,19028.153070700337,13296.974443679594,0.446206948901505
2025-04-01_30d_d168_h3,882,core,2025-04-30T20:00:00Z,2025-04-30T21:00:00Z,2025-04-30,47.4,14497.0,10134.0,0.6376958161374549,2025-04-29T23:00:00Z,direct_ridge_90d_v1,18035.084350967376,13503.45622311712,0.4646658781166632
2025-04-01_30d_d168_h3,883,core,2025-04-30T21:00:00Z,2025-04-30T22:00:00Z,2025-04-30,43.88,14358.0,11399.0,0.6248095509984167,2025-04-29T23:00:00Z,direct_ridge_90d_v1,17047.153690899446,13963.356243511706,0.48159090979447516
2025-04-01_30d_d168_h3,884,core,2025-04-30T22:00:00Z,2025-04-30T23:00:00Z,2025-04-30,42.38,13396.0,12074.0,0.6371508357217734,2025-04-29T23:00:00Z,direct_ridge_90d_v1,15545.847760869221,14593.631082345088,0.5125183949139217
2025-04-01_30d_d168_h3,885,core,2025-04-30T23:00:00Z,2025-05-01T00:00:00Z,2025-04-30,39.47,10322.0,12083.0,0.6809478363117001,2025-04-29T23:00:00Z,direct_ridge_90d_v1,9952.671228216066,15464.362058811184,0.6016161864184907
2025-04-01_30d_d168_h3,886,core,2025-05-01T00:00:00Z,2025-05-01T01:00:00Z,2025-04-30,81.47,3736.0,12637.0,0.754721493095169,2025-04-29T23:00:00Z,direct_ridge_90d_v1,2496.586173705702,16020.481707384875,0.6845688233451523
2025-04-01_30d_d168_h3,887,core,2025-05-01T01:00:00Z,2025-05-01T02:00:00Z,2025-04-30,97.89,153.0,11019.0,0.799586245435343,2025-04-29T23:00:00Z,direct_ridge_90d_v1,0.0,17561.509638555584,0.7015699762326197
2025-04-01_30d_d168_h3,888,core,2025-05-01T02:00:00Z,2025-05-01T03:00:00Z,2025-04-30,112.49,0.0,9954.0,0.8221690476074774,2025-04-29T23:00:00Z,direct_ridge_90d_v1,0.0,19174.28002641899,0.6932086660253435
2025-04-01_30d_d168_h3,889,core,2025-05-01T03:00:00Z,2025-05-01T04:00:00Z,2025-04-30,85.97,0.0,8273.0,0.8814584598531087,2025-04-29T23:00:00Z,direct_ridge_90d_v1,0.0,19737.304796116365,0.674054352719511
2025-04-01_30d_d168_h3,890,core,2025-05-01T04:00:00Z,2025-05-01T05:00:00Z,2025-04-30,59.07,0.0,8959.0,0.880860156050914,2025-04-29T23:00:00Z,direct_ridge_90d_v1,0.0,19649.670456194468,0.6544976371605963
2025-04-01_30d_d168_h3,891,settlement_tail,2025-05-01T05:00:00Z,2025-05-01T06:00:00Z,2025-05-01,51.79,0.0,9243.0,0.872715945885728,2025-04-30T23:00:00Z,direct_ridge_90d_v1,0.0,19881.40794302023,0.6655941301142863
2025-04-01_30d_d168_h3,892,settlement_tail,2025-05-01T06:00:00Z,2025-05-01T07:00:00Z,2025-05-01,39.38,0.0,9929.0,0.8642740586217174,2025-04-30T23:00:00Z,direct_ridge_90d_v1,0.0,19455.045949684416,0.6562505742399668
2025-04-01_30d_d168_h3,893,settlement_tail,2025-05-01T07:00:00Z,2025-05-01T08:00:00Z,2025-05-01,34.5,0.0,10564.0,0.8556409397669601,2025-04-30T23:00:00Z,direct_ridge_90d_v1,0.0,19108.77066950758,0.6473293096217088
2025-04-01_30d_d168_h3,894,settlement_tail,2025-05-01T08:00:00Z,2025-05-01T09:00:00Z,2025-05-01,32.71,0.0,9490.0,0.8762932523918825,2025-04-30T23:00:00Z,direct_ridge_90d_v1,0.0,18330.19526457899,0.6517572297299119
2025-04-01_30d_d168_h3,895,settlement_tail,2025-05-01T09:00:00Z,2025-05-01T10:00:00Z,2025-05-01,33.59,0.0,7943.0,0.9099041863033358,2025-04-30T23:00:00Z,direct_ridge_90d_v1,0.0,17949.425214754767,0.6580170740012661
2025-04-01_30d_d168_h3,896,settlement_tail,2025-05-01T10:00:00Z,2025-05-01T11:00:00Z,2025-05-01,38.07,0.0,7668.0,0.9146723850476473,2025-04-30T23:00:00Z,direct_ridge_90d_v1,0.0,17807.33532490914,0.6713412636924353
2025-04-01_30d_d168_h3,897,settlement_tail,2025-05-01T11:00:00Z,2025-05-01T12:00:00Z,2025-05-01,57.75,11.0,7741.0,0.8924833924218826,2025-04-30T23:00:00Z,direct_ridge_90d_v1,4.950830969643452,17374.22797501037,0.6859289549347241
2025-04-01_30d_d168_h3,898,settlement_tail,2025-05-01T12:00:00Z,2025-05-01T13:00:00Z,2025-05-01,44.11,2570.0,7877.0,0.8486696272989126,2025-04-30T23:00:00Z,direct_ridge_90d_v1,1148.6095350199857,16941.74079724032,0.6739536086719308
2025-04-01_30d_d168_h3,899,settlement_tail,2025-05-01T13:00:00Z,2025-05-01T14:00:00Z,2025-05-01,24.48,11010.0,7829.0,0.702976071568947,2025-04-30T23:00:00Z,direct_ridge_90d_v1,7168.466964264113,15849.856494423138,0.5885793219965867
2025-04-01_30d_d168_h3,900,settlement_tail,2025-05-01T14:00:00Z,2025-05-01T15:00:00Z,2025-05-01,25.4,14885.0,7334.0,0.6439149809494704,2025-04-30T23:00:00Z,direct_ridge_90d_v1,14231.206365958473,14893.629272381571,0.49271004363411314
2025-04-01_30d_d168_h3,901,settlement_tail,2025-05-01T15:00:00Z,2025-05-01T16:00:00Z,2025-05-01,26.78,16210.0,6826.0,0.6487970738807382,2025-04-30T23:00:00Z,direct_ridge_90d_v1,16851.937439450754,15027.155261795499,0.4584402393788091
2025-04-01_30d_d168_h3,902,settlement_tail,2025-05-01T16:00:00Z,2025-05-01T17:00:00Z,2025-05-01,32.62,17716.0,6660.0,0.634779367770821,2025-04-30T23:00:00Z,direct_ridge_90d_v1,17989.224312917984,14298.613625326374,0.4511817903687138
2025-04-01_30d_d168_h3,903,settlement_tail,2025-05-01T17:00:00Z,2025-05-01T18:00:00Z,2025-05-01,36.42,19212.0,6341.0,0.613429288792302,2025-04-30T23:00:00Z,direct_ridge_90d_v1,18840.311765892326,13579.605402876114,0.4439957646637929
2025-04-01_30d_d168_h3,904,settlement_tail,2025-05-01T18:00:00Z,2025-05-01T19:00:00Z,2025-05-01,44.77,20328.0,6047.0,0.6121440293214138,2025-04-30T23:00:00Z,direct_ridge_90d_v1,19173.49243379001,13038.548008373222,0.44999424960268347
2025-04-01_30d_d168_h3,905,settlement_tail,2025-05-01T19:00:00Z,2025-05-01T20:00:00Z,2025-05-01,50.57,20312.0,6325.0,0.623688834262388,2025-04-30T23:00:00Z,direct_ridge_90d_v1,18944.68473635245,12951.755135705129,0.4603700752102374
2025-04-01_30d_d168_h3,906,settlement_tail,2025-05-01T20:00:00Z,2025-05-01T21:00:00Z,2025-05-01,59.43,18684.0,6748.0,0.6486633595157436,2025-04-30T23:00:00Z,direct_ridge_90d_v1,18070.064698899365,13258.628769764602,0.47461323092778945
2025-04-01_30d_d168_h3,907,settlement_tail,2025-05-01T21:00:00Z,2025-05-01T22:00:00Z,2025-05-01,63.5,16281.0,6702.0,0.6892779727629211,2025-04-30T23:00:00Z,direct_ridge_90d_v1,16899.57615682226,13874.148154989229,0.4907400636891854
2025-04-01_30d_d168_h3,908,settlement_tail,2025-05-01T22:00:00Z,2025-05-01T23:00:00Z,2025-05-01,68.03,14600.0,6998.0,0.7104478597812669,2025-04-30T23:00:00Z,direct_ridge_90d_v1,14811.26796835244,14559.950210952118,0.520806472646914
2025-04-01_30d_d168_h3,909,settlement_tail,2025-05-01T23:00:00Z,2025-05-02T00:00:00Z,2025-05-01,95.49,11687.0,7625.0,0.744386660050318,2025-04-30T23:00:00Z,direct_ridge_90d_v1,10849.336979011656,14945.234979277522,0.5938310536954454
2025-04-01_30d_d168_h3,910,settlement_tail,2025-05-02T00:00:00Z,2025-05-02T01:00:00Z,2025-05-01,172.56,4252.0,10709.0,0.7806597916430564,2025-04-30T23:00:00Z,direct_ridge_90d_v1,2514.18062563675,15268.232162107366,0.6949346785869752
2025-04-01_30d_d168_h3,911,settlement_tail,2025-05-02T01:00:00Z,2025-05-02T02:00:00Z,2025-05-01,132.54,139.0,13873.0,0.7861501625231282,2025-04-30T23:00:00Z,direct_ridge_90d_v1,0.0,16632.351257546405,0.712466354261639
2025-04-01_30d_d168_h3,912,settlement_tail,2025-05-02T02:00:00Z,2025-05-02T03:00:00Z,2025-05-01,61.05,0.0,17064.0,0.7549963420977805,2025-04-30T23:00:00Z,direct_ridge_90d_v1,0.0,18051.345205933518,0.7079900810981223
2025-04-01_30d_d168_h3,913,settlement_tail,2025-05-02T03:00:00Z,2025-05-02T04:00:00Z,2025-05-01,34.51,0.0,19227.0,0.7110134202548908,2025-04-30T23:00:00Z,direct_ridge_90d_v1,0.0,18877.248604457076,0.6892016883862002
2025-04-01_30d_d168_h3,914,settlement_tail,2025-05-02T04:00:00Z,2025-05-02T05:00:00Z,2025-05-01,26.44,0.0,18834.0,0.6858417715110491,2025-04-30T23:00:00Z,direct_ridge_90d_v1,0.0,19277.615134177347,0.6570681731466598
2025-04-01_30d_d168_h3,915,settlement_tail,2025-05-02T05:00:00Z,2025-05-02T06:00:00Z,2025-05-02,24.31,1.0,18641.0,0.6553749806351301,2025-05-01T23:00:00Z,direct_ridge_90d_v1,0.0,19586.136552900723,0.656915512684998
2025-04-01_30d_d168_h3,916,settlement_tail,2025-05-02T06:00:00Z,2025-05-02T07:00:00Z,2025-05-02,23.84,0.0,18579.0,0.6390270071311805,2025-05-01T23:00:00Z,direct_ridge_90d_v1,0.0,19216.934789458766,0.6505739126808658
2025-04-01_30d_d168_h3,917,settlement_tail,2025-05-02T07:00:00Z,2025-05-02T08:00:00Z,2025-05-02,23.02,0.0,17772.0,0.6457295398844088,2025-05-01T23:00:00Z,direct_ridge_90d_v1,0.0,18688.688076610124,0.643108148471248
2025-04-01_30d_d168_h3,918,settlement_tail,2025-05-02T08:00:00Z,2025-05-02T09:00:00Z,2025-05-02,22.48,0.0,16584.0,0.6478649976933848,2025-05-01T23:00:00Z,direct_ridge_90d_v1,0.0,17978.518549297525,0.6483532367363404
2025-04-01_30d_d168_h3,919,settlement_tail,2025-05-02T09:00:00Z,2025-05-02T10:00:00Z,2025-05-02,24.51,0.0,16576.0,0.6365624116485338,2025-05-01T23:00:00Z,direct_ridge_90d_v1,0.0,17516.65230949092,0.6568806939172644
2025-04-01_30d_d168_h3,920,settlement_tail,2025-05-02T10:00:00Z,2025-05-02T11:00:00Z,2025-05-02,26.67,0.0,14822.0,0.6975906521203684,2025-05-01T23:00:00Z,direct_ridge_90d_v1,0.0,17208.623673321756,0.6725813647673351
2025-04-01_30d_d168_h3,921,settlement_tail,2025-05-02T11:00:00Z,2025-05-02T12:00:00Z,2025-05-02,34.78,14.0,13985.0,0.7527232340063471,2025-05-01T23:00:00Z,direct_ridge_90d_v1,4.584610357066174,16809.193755261207,0.6848177844050611
2025-04-01_30d_d168_h3,922,settlement_tail,2025-05-02T12:00:00Z,2025-05-02T13:00:00Z,2025-05-02,33.25,2460.0,13148.0,0.7129564826366906,2025-05-01T23:00:00Z,direct_ridge_90d_v1,981.6859616711697,16427.62716400451,0.6752848557679137
2025-04-01_30d_d168_h3,923,settlement_tail,2025-05-02T13:00:00Z,2025-05-02T14:00:00Z,2025-05-02,30.87,7940.0,14545.0,0.5727381709436125,2025-05-01T23:00:00Z,direct_ridge_90d_v1,6499.175839971863,15482.004420821111,0.5875319567279109
2025-04-01_30d_d168_h3,924,settlement_tail,2025-05-02T14:00:00Z,2025-05-02T15:00:00Z,2025-05-02,30.54,10798.0,16908.0,0.48726111598011135,2025-05-01T23:00:00Z,direct_ridge_90d_v1,13085.106673049164,14558.767636855388,0.49417892548560266
2025-04-01_30d_d168_h3,925,settlement_tail,2025-05-02T15:00:00Z,2025-05-02T16:00:00Z,2025-05-02,43.1,11558.0,17175.0,0.49760967222918157,2025-05-01T23:00:00Z,direct_ridge_90d_v1,15508.675528369075,14843.020133171367,0.4592511936569035
2025-04-01_30d_d168_h3,926,settlement_tail,2025-05-02T16:00:00Z,2025-05-02T17:00:00Z,2025-05-02,48.16,12583.0,18011.0,0.4872716229326077,2025-05-01T23:00:00Z,direct_ridge_90d_v1,16939.39409550454,14299.153702687643,0.4443139413643051
2025-04-01_30d_d168_h3,927,settlement_tail,2025-05-02T17:00:00Z,2025-05-02T18:00:00Z,2025-05-02,59.0,12659.0,18518.0,0.47844665200942244,2025-05-01T23:00:00Z,direct_ridge_90d_v1,18163.912893899276,13746.190845291298,0.4329470679031578
2025-04-01_30d_d168_h3,928,settlement_tail,2025-05-02T18:00:00Z,2025-05-02T19:00:00Z,2025-05-02,62.15,12781.0,19327.0,0.468488844073112,2025-05-01T23:00:00Z,direct_ridge_90d_v1,18580.569981357257,13371.465665825714,0.4400794644575867
2025-04-01_30d_d168_h3,929,settlement_tail,2025-05-02T19:00:00Z,2025-05-02T20:00:00Z,2025-05-02,62.26,12799.0,18900.0,0.46512655593222446,2025-05-01T23:00:00Z,direct_ridge_90d_v1,18350.162928593443,13341.934320994493,0.45353636056568425
2025-04-01_30d_d168_h3,930,settlement_tail,2025-05-02T20:00:00Z,2025-05-02T21:00:00Z,2025-05-02,61.6,11654.0,17714.0,0.5041815876423187,2025-05-01T23:00:00Z,direct_ridge_90d_v1,17558.40981980382,13601.853020414452,0.46954878415404866
2025-04-01_30d_d168_h3,931,settlement_tail,2025-05-02T21:00:00Z,2025-05-02T22:00:00Z,2025-05-02,44.23,11013.0,17559.0,0.5237549449215396,2025-05-01T23:00:00Z,direct_ridge_90d_v1,16395.285391307003,14124.685134556485,0.49107412901640307
2025-04-01_30d_d168_h3,932,settlement_tail,2025-05-02T22:00:00Z,2025-05-02T23:00:00Z,2025-05-02,34.98,10523.0,17253.0,0.5180302654674119,2025-05-01T23:00:00Z,direct_ridge_90d_v1,14010.13309550463,14686.502102469309,0.5336933512090685
2025-04-01_30d_d168_h3,933,settlement_tail,2025-05-02T23:00:00Z,2025-05-03T00:00:00Z,2025-05-02,30.9,8077.0,16484.0,0.5764251802625279,2025-05-01T23:00:00Z,direct_ridge_90d_v1,9149.440965901356,14993.098198391785,0.615517968318311
2025-04-01_30d_d168_h3,934,settlement_tail,2025-05-03T00:00:00Z,2025-05-03T01:00:00Z,2025-05-02,38.77,3103.0,15586.0,0.6865906863865594,2025-05-01T23:00:00Z,direct_ridge_90d_v1,2213.2769667638545,15185.145033533445,0.7082409153535232
2025-04-01_30d_d168_h3,935,settlement_tail,2025-05-03T01:00:00Z,2025-05-03T02:00:00Z,2025-05-02,50.49,149.0,12507.0,0.7990176096033836,2025-05-01T23:00:00Z,direct_ridge_90d_v1,0.0,16360.428047752328,0.7272523431377333
2025-04-01_30d_d168_h3,936,settlement_tail,2025-05-03T02:00:00Z,2025-05-03T03:00:00Z,2025-05-02,50.62,0.0,10836.0,0.8346532498617949,2025-05-01T23:00:00Z,direct_ridge_90d_v1,0.0,17911.22982418949,0.7239065476515968
2025-04-01_30d_d168_h3,937,settlement_tail,2025-05-03T03:00:00Z,2025-05-03T04:00:00Z,2025-05-02,37.41,0.0,9970.0,0.8739857635473701,2025-05-01T23:00:00Z,direct_ridge_90d_v1,0.0,18722.136198186196,0.7069187233759083
2025-04-01_30d_d168_h3,938,settlement_tail,2025-05-03T04:00:00Z,2025-05-03T05:00:00Z,2025-05-02,33.01,0.0,8667.0,0.9038152651501948,2025-05-01T23:00:00Z,direct_ridge_90d_v1,0.0,18996.51514400779,0.6823027628165417
2025-04-01_30d_d168_h3,939,settlement_tail,2025-05-03T05:00:00Z,2025-05-03T06:00:00Z,2025-05-03,32.76,0.0,8857.0,0.9012499613544633,2025-05-02T23:00:00Z,direct_ridge_90d_v1,0.0,19460.090299203577,0.698814791518592
2025-04-01_30d_d168_h3,940,settlement_tail,2025-05-03T06:00:00Z,2025-05-03T07:00:00Z,2025-05-03,35.41,0.0,8469.0,0.9114169487331668,2025-05-02T23:00:00Z,direct_ridge_90d_v1,0.0,18972.05314300007,0.6884076640868271
2025-04-01_30d_d168_h3,941,settlement_tail,2025-05-03T07:00:00Z,2025-05-03T08:00:00Z,2025-05-03,33.64,0.0,7551.0,0.9263549402051124,2025-05-02T23:00:00Z,direct_ridge_90d_v1,0.0,18490.20252717705,0.6829697226804231
2025-04-01_30d_d168_h3,942,settlement_tail,2025-05-03T08:00:00Z,2025-05-03T09:00:00Z,2025-05-03,33.48,0.0,6383.0,0.9564149565703189,2025-05-02T23:00:00Z,direct_ridge_90d_v1,0.0,17917.908609926137,0.685657391056255
2025-04-01_30d_d168_h3,943,settlement_tail,2025-05-03T09:00:00Z,2025-05-03T10:00:00Z,2025-05-03,37.3,0.0,5396.0,0.9771872695132777,2025-05-02T23:00:00Z,direct_ridge_90d_v1,0.0,17550.122152290885,0.6938442545720763
2025-04-01_30d_d168_h3,944,settlement_tail,2025-05-03T10:00:00Z,2025-05-03T11:00:00Z,2025-05-03,37.93,0.0,5247.0,0.9736107592416192,2025-05-02T23:00:00Z,direct_ridge_90d_v1,0.0,17294.07587899499,0.706362611681221
2025-04-01_30d_d168_h3,945,settlement_tail,2025-05-03T11:00:00Z,2025-05-03T12:00:00Z,2025-05-03,34.56,64.0,5870.0,0.9488132280587819,2025-05-02T23:00:00Z,direct_ridge_90d_v1,4.759886448164308,16992.37776182836,0.7127466299558466
2025-04-01_30d_d168_h3,946,settlement_tail,2025-05-03T12:00:00Z,2025-05-03T13:00:00Z,2025-05-03,28.86,4988.0,6301.0,0.8071609377919201,2025-05-02T23:00:00Z,direct_ridge_90d_v1,952.9490954314964,16463.70809922122,0.7031795817580841
2025-04-01_30d_d168_h3,947,settlement_tail,2025-05-03T13:00:00Z,2025-05-03T14:00:00Z,2025-05-03,22.22,17877.0,6011.0,0.5053548419036167,2025-05-02T23:00:00Z,direct_ridge_90d_v1,6229.253425845741,15434.606252585265,0.6214637913443073
2025-04-01_30d_d168_h3,948,settlement_tail,2025-05-03T14:00:00Z,2025-05-03T15:00:00Z,2025-05-03,20.66,23130.0,5643.0,0.39553713604788227,2025-05-02T23:00:00Z,direct_ridge_90d_v1,12630.75031961475,14359.051192023164,0.5326197099300677
2025-04-01_30d_d168_h3,949,settlement_tail,2025-05-03T15:00:00Z,2025-05-03T16:00:00Z,2025-05-03,19.32,24048.0,5844.0,0.3770765890601679,2025-05-02T23:00:00Z,direct_ridge_90d_v1,15082.095040710181,14516.25794829509,0.5015551753485362
2025-04-01_30d_d168_h3,950,settlement_tail,2025-05-03T16:00:00Z,2025-05-03T17:00:00Z,2025-05-03,17.26,24663.0,5647.0,0.3700555911047417,2025-05-02T23:00:00Z,direct_ridge_90d_v1,16684.82077406624,14031.278587483206,0.48634770938352473
2025-04-01_30d_d168_h3,951,settlement_tail,2025-05-03T17:00:00Z,2025-05-03T18:00:00Z,2025-05-03,18.39,25518.0,5315.0,0.36650433699168455,2025-05-02T23:00:00Z,direct_ridge_90d_v1,17894.27894391478,13535.678468970005,0.4688983461561807
2025-04-01_30d_d168_h3,952,settlement_tail,2025-05-03T18:00:00Z,2025-05-03T19:00:00Z,2025-05-03,19.28,25921.0,5198.0,0.375029248001655,2025-05-02T23:00:00Z,direct_ridge_90d_v1,18291.611047130416,13070.565882098334,0.47277836034801646
2025-04-01_30d_d168_h3,953,settlement_tail,2025-05-03T19:00:00Z,2025-05-03T20:00:00Z,2025-05-03,19.25,26039.0,5293.0,0.3883869577643567,2025-05-02T23:00:00Z,direct_ridge_90d_v1,18004.281680535452,12939.564195512176,0.48597790980627686
2025-04-01_30d_d168_h3,954,settlement_tail,2025-05-03T20:00:00Z,2025-05-03T21:00:00Z,2025-05-03,21.05,25796.0,5278.0,0.42064727863034607,2025-05-02T23:00:00Z,direct_ridge_90d_v1,17202.87185048249,13121.329084031235,0.505450796859653
2025-04-01_30d_d168_h3,955,settlement_tail,2025-05-03T21:00:00Z,2025-05-03T22:00:00Z,2025-05-03,22.6,25797.0,5267.0,0.43323709174291963,2025-05-02T23:00:00Z,direct_ridge_90d_v1,16043.930676040556,13648.641614432421,0.5237300914289972
2025-04-01_30d_d168_h3,956,settlement_tail,2025-05-03T22:00:00Z,2025-05-03T23:00:00Z,2025-05-03,22.14,24283.0,5605.0,0.45759018281888586,2025-05-02T23:00:00Z,direct_ridge_90d_v1,13833.223368401535,14186.113774970921,0.55907263508763
2025-04-01_30d_d168_h3,957,settlement_tail,2025-05-03T23:00:00Z,2025-05-04T00:00:00Z,2025-05-03,28.93,18659.0,6100.0,0.5636879634870792,2025-05-02T23:00:00Z,direct_ridge_90d_v1,9278.551524815768,14976.760595205604,0.6287316908537669
2025-04-01_30d_d168_h3,958,settlement_tail,2025-05-04T00:00:00Z,2025-05-04T01:00:00Z,2025-05-03,65.26,6197.0,6282.0,0.7761178321565141,2025-05-02T23:00:00Z,direct_ridge_90d_v1,2104.9514685599543,15165.35467104744,0.7155918209491118
2025-04-01_30d_d168_h3,959,settlement_tail,2025-05-04T01:00:00Z,2025-05-04T02:00:00Z,2025-05-03,60.11,151.0,7336.0,0.8553082392897089,2025-05-02T23:00:00Z,direct_ridge_90d_v1,0.0,16254.160196109573,0.7354088195856304
2025-04-01_30d_d168_h3,960,settlement_tail,2025-05-04T02:00:00Z,2025-05-04T03:00:00Z,2025-05-03,43.01,0.0,9420.0,0.8700115956322957,2025-05-02T23:00:00Z,direct_ridge_90d_v1,0.0,17476.45819693855,0.7342708776882685
2025-04-01_30d_d168_h3,961,settlement_tail,2025-05-04T03:00:00Z,2025-05-04T04:00:00Z,2025-05-03,33.19,0.0,11144.0,0.8603430366589931,2025-05-02T23:00:00Z,direct_ridge_90d_v1,0.0,18173.21771758987,0.7180003026896283
2025-04-01_30d_d168_h3,962,settlement_tail,2025-05-04T04:00:00Z,2025-05-04T05:00:00Z,2025-05-03,27.02,0.0,12134.0,0.8235273599869158,2025-05-02T23:00:00Z,direct_ridge_90d_v1,0.0,18423.42193900102,0.6922139829916025
2025-04-01_30d_d168_h3,963,settlement_tail,2025-05-04T05:00:00Z,2025-05-04T06:00:00Z,2025-05-04,22.96,0.0,13241.0,0.7906333978153884,2025-05-03T23:00:00Z,direct_ridge_90d_v1,0.0,19437.82807746039,0.6927108068500316
2025-04-01_30d_d168_h3,964,settlement_tail,2025-05-04T06:00:00Z,2025-05-04T07:00:00Z,2025-05-04,21.44,0.0,14477.0,0.7555357253649326,2025-05-03T23:00:00Z,direct_ridge_90d_v1,0.0,19002.980628123056,0.6741945317369694
2025-04-01_30d_d168_h3,965,settlement_tail,2025-05-04T07:00:00Z,2025-05-04T08:00:00Z,2025-05-04,20.91,0.0,15158.0,0.7305087158325414,2025-05-03T23:00:00Z,direct_ridge_90d_v1,0.0,18309.04858781563,0.6783711510063627
2025-04-01_30d_d168_h3,966,settlement_tail,2025-05-04T08:00:00Z,2025-05-04T09:00:00Z,2025-05-04,20.06,0.0,15547.0,0.6951853769210457,2025-05-03T23:00:00Z,direct_ridge_90d_v1,0.0,17776.20876110937,0.6826456744306137
2025-04-01_30d_d168_h3,967,settlement_tail,2025-05-04T09:00:00Z,2025-05-04T10:00:00Z,2025-05-04,19.62,0.0,15771.0,0.6832119486512667,2025-05-03T23:00:00Z,direct_ridge_90d_v1,0.0,17248.41116754448,0.6979538385523794
2025-04-01_30d_d168_h3,968,settlement_tail,2025-05-04T10:00:00Z,2025-05-04T11:00:00Z,2025-05-04,20.45,0.0,16864.0,0.6487033610077034,2025-05-03T23:00:00Z,direct_ridge_90d_v1,0.0,16808.001481094176,0.7132298195504078
2025-04-01_30d_d168_h3,969,settlement_tail,2025-05-04T11:00:00Z,2025-05-04T12:00:00Z,2025-05-04,21.51,94.0,17304.0,0.6011855145507545,2025-05-03T23:00:00Z,direct_ridge_90d_v1,8.112903579212393,16484.265983080997,0.7156122086591944
2025-04-01_30d_d168_h3,970,settlement_tail,2025-05-04T12:00:00Z,2025-05-04T13:00:00Z,2025-05-04,19.72,5310.0,16408.0,0.49825645913958977,2025-05-03T23:00:00Z,direct_ridge_90d_v1,1453.4643040777669,15963.09504521537,0.7061024393014661
2025-04-01_30d_d168_h3,971,settlement_tail,2025-05-04T13:00:00Z,2025-05-04T14:00:00Z,2025-05-04,9.01,17114.0,12240.0,0.33178217035476376,2025-05-03T23:00:00Z,direct_ridge_90d_v1,7112.567401196247,15039.916181006367,0.6216672836720255
2025-04-01_30d_d168_h3,972,settlement_tail,2025-05-04T14:00:00Z,2025-05-04T15:00:00Z,2025-05-04,7.86,20753.0,11348.0,0.29722860689777797,2025-05-03T23:00:00Z,direct_ridge_90d_v1,12159.482410604382,13883.533384810245,0.5437263834122975
2025-04-01_30d_d168_h3,973,settlement_tail,2025-05-04T15:00:00Z,2025-05-04T16:00:00Z,2025-05-04,7.48,21020.0,11872.0,0.28963587269114865,2025-05-03T23:00:00Z,direct_ridge_90d_v1,14773.116026040987,13974.094494408615,0.5120716766774096
2025-04-01_30d_d168_h3,974,settlement_tail,2025-05-04T16:00:00Z,2025-05-04T17:00:00Z,2025-05-04,8.2,21493.0,12089.0,0.2890120317147779,2025-05-03T23:00:00Z,direct_ridge_90d_v1,16790.696556188082,13701.414207762728,0.491618232157344
2025-04-01_30d_d168_h3,975,settlement_tail,2025-05-04T17:00:00Z,2025-05-04T18:00:00Z,2025-05-04,11.91,21567.0,12649.0,0.29493596068758277,2025-05-03T23:00:00Z,direct_ridge_90d_v1,18213.859121881807,13420.109877272258,0.47381614695718693
2025-04-01_30d_d168_h3,976,settlement_tail,2025-05-04T18:00:00Z,2025-05-04T19:00:00Z,2025-05-04,14.22,21503.0,13575.0,0.30620903044661213,2025-05-03T23:00:00Z,direct_ridge_90d_v1,18587.250805036496,13066.696417380452,0.47885505610581863
2025-04-01_30d_d168_h3,977,settlement_tail,2025-05-04T19:00:00Z,2025-05-04T20:00:00Z,2025-05-04,14.48,21381.0,14762.0,0.3144555014579179,2025-05-03T23:00:00Z,direct_ridge_90d_v1,18491.13888827833,12968.356917749346,0.49246775141833277
2025-04-01_30d_d168_h3,978,settlement_tail,2025-05-04T20:00:00Z,2025-05-04T21:00:00Z,2025-05-04,16.66,20860.0,16354.0,0.3330560034179968,2025-05-03T23:00:00Z,direct_ridge_90d_v1,17350.3803014276,13161.68486165107,0.5148247348391495
2025-04-01_30d_d168_h3,979,settlement_tail,2025-05-04T21:00:00Z,2025-05-04T22:00:00Z,2025-05-04,19.53,19488.0,18060.0,0.3579781159443518,2025-05-03T23:00:00Z,direct_ridge_90d_v1,16003.016142885743,13727.02371782427,0.5305701861954736
2025-04-01_30d_d168_h3,980,settlement_tail,2025-05-04T22:00:00Z,2025-05-04T23:00:00Z,2025-05-04,23.71,17548.0,19480.0,0.37816610314833776,2025-05-03T23:00:00Z,direct_ridge_90d_v1,13322.608325617179,14344.603942961885,0.5773015174960283
2025-04-01_30d_d168_h3,981,settlement_tail,2025-05-04T23:00:00Z,2025-05-05T00:00:00Z,2025-05-04,29.29,12653.0,21160.0,0.4292503496383562,2025-05-03T23:00:00Z,direct_ridge_90d_v1,8474.818081381629,14750.795232668492,0.6558141185525879
2025-04-01_30d_d168_h3,982,settlement_tail,2025-05-05T00:00:00Z,2025-05-05T01:00:00Z,2025-05-04,44.25,3399.0,21658.0,0.5829830139903923,2025-05-03T23:00:00Z,direct_ridge_90d_v1,2536.5486188497157,15030.157243474123,0.7294297395905541
2025-04-01_30d_d168_h3,983,settlement_tail,2025-05-05T01:00:00Z,2025-05-05T02:00:00Z,2025-05-04,41.12,53.0,21565.0,0.66445188402265,2025-05-03T23:00:00Z,direct_ridge_90d_v1,0.0,15966.2094729367,0.7490840776710468
2025-04-01_30d_d168_h3,984,settlement_tail,2025-05-05T02:00:00Z,2025-05-05T03:00:00Z,2025-05-04,33.78,0.0,22773.0,0.663156619915639,2025-05-03T23:00:00Z,direct_ridge_90d_v1,0.0,16903.590391839818,0.7537261314582235
2025-04-01_30d_d168_h3,985,settlement_tail,2025-05-05T03:00:00Z,2025-05-05T04:00:00Z,2025-05-04,23.15,0.0,22330.0,0.6451512058934841,2025-05-03T23:00:00Z,direct_ridge_90d_v1,0.0,17241.894782740546,0.7459882829747725
2025-04-01_30d_d168_h3,986,settlement_tail,2025-05-05T04:00:00Z,2025-05-05T05:00:00Z,2025-05-04,20.84,0.0,21906.0,0.601230634683353,2025-05-03T23:00:00Z,direct_ridge_90d_v1,0.0,17428.376261207253,0.7246918956825145
2025-04-01_30d_d168_h3,987,settlement_tail,2025-05-05T05:00:00Z,2025-05-05T06:00:00Z,2025-05-05,20.39,0.0,20976.0,0.5923297291328571,2025-05-04T23:00:00Z,direct_ridge_90d_v1,0.0,18874.526154968135,0.6766916553421728
2025-04-01_30d_d168_h3,988,settlement_tail,2025-05-05T06:00:00Z,2025-05-05T07:00:00Z,2025-05-05,19.62,0.0,20306.0,0.5849545749202059,2025-05-04T23:00:00Z,direct_ridge_90d_v1,0.0,18515.06191319642,0.6670546687115569
2025-04-01_30d_d168_h3,989,settlement_tail,2025-05-05T07:00:00Z,2025-05-05T08:00:00Z,2025-05-05,18.61,0.0,20272.0,0.5598777207454247,2025-05-04T23:00:00Z,direct_ridge_90d_v1,0.0,18136.859373233943,0.6577364866978483
2025-04-01_30d_d168_h3,990,settlement_tail,2025-05-05T08:00:00Z,2025-05-05T09:00:00Z,2025-05-05,18.95,0.0,20323.0,0.5496647627381999,2025-05-04T23:00:00Z,direct_ridge_90d_v1,0.0,17520.71899286019,0.6598699173597344
2025-04-01_30d_d168_h3,991,settlement_tail,2025-05-05T09:00:00Z,2025-05-05T10:00:00Z,2025-05-05,19.91,0.0,19952.0,0.558838900317786,2025-05-04T23:00:00Z,direct_ridge_90d_v1,0.0,16936.83740163109,0.6723594553862228
2025-04-01_30d_d168_h3,992,settlement_tail,2025-05-05T10:00:00Z,2025-05-05T11:00:00Z,2025-05-05,24.3,1.0,20473.0,0.5647732203651186,2025-05-04T23:00:00Z,direct_ridge_90d_v1,0.0,16501.764162694984,0.6969212611323596
2025-04-01_30d_d168_h3,993,settlement_tail,2025-05-05T11:00:00Z,2025-05-05T12:00:00Z,2025-05-05,26.09,74.0,21800.0,0.5387808477633764,2025-05-04T23:00:00Z,direct_ridge_90d_v1,9.856001444998054,15947.49141664349,0.7166209220738189
2025-04-01_30d_d168_h3,994,settlement_tail,2025-05-05T12:00:00Z,2025-05-05T13:00:00Z,2025-05-05,24.74,3099.0,21818.0,0.49501811912180793,2025-05-04T23:00:00Z,direct_ridge_90d_v1,1847.9328568535338,15510.256004926841,0.7061121948748523
2025-04-01_30d_d168_h3,995,settlement_tail,2025-05-05T13:00:00Z,2025-05-05T14:00:00Z,2025-05-05,18.52,10075.0,20314.0,0.3924574307409813,2025-05-04T23:00:00Z,direct_ridge_90d_v1,8661.312411108007,14356.100657258345,0.6091090561888547
2025-04-01_30d_d168_h3,996,settlement_tail,2025-05-05T14:00:00Z,2025-05-05T15:00:00Z,2025-05-05,18.42,13535.0,19258.0,0.3602704639163771,2025-05-04T23:00:00Z,direct_ridge_90d_v1,13973.250292782335,12876.567946101339,0.5214449832939844
2025-04-01_30d_d168_h3,997,settlement_tail,2025-05-05T15:00:00Z,2025-05-05T16:00:00Z,2025-05-05,26.74,13656.0,18309.0,0.3930870150444239,2025-05-04T23:00:00Z,direct_ridge_90d_v1,16111.974427638772,12956.850510124754,0.49052170515107724
2025-04-01_30d_d168_h3,998,settlement_tail,2025-05-05T16:00:00Z,2025-05-05T17:00:00Z,2025-05-05,29.3,13170.0,18093.0,0.4665525654904118,2025-05-04T23:00:00Z,direct_ridge_90d_v1,17810.960096823197,12875.043270019003,0.4737302193195948
2025-04-01_30d_d168_h3,999,settlement_tail,2025-05-05T17:00:00Z,2025-05-05T18:00:00Z,2025-05-05,34.0,12555.0,19087.0,0.46088492945635157,2025-05-04T23:00:00Z,direct_ridge_90d_v1,19106.867718747424,12679.052413701038,0.4584843559054657
2025-04-01_30d_d168_h3,1000,settlement_tail,2025-05-05T18:00:00Z,2025-05-05T19:00:00Z,2025-05-05,45.9,10606.0,19660.0,0.508432509506234,2025-05-04T23:00:00Z,direct_ridge_90d_v1,19292.397606146984,12574.37523813487,0.46508452749745205
2025-04-01_30d_d168_h3,1001,settlement_tail,2025-05-05T19:00:00Z,2025-05-05T20:00:00Z,2025-05-05,47.28,8831.0,21591.0,0.5209313737767471,2025-05-04T23:00:00Z,direct_ridge_90d_v1,18795.644360220198,12791.08176464126,0.47685525670327666
2025-04-01_30d_d168_h3,1002,settlement_tail,2025-05-05T20:00:00Z,2025-05-05T21:00:00Z,2025-05-05,51.04,6991.0,22540.0,0.5250229113306745,2025-05-04T23:00:00Z,direct_ridge_90d_v1,17410.30214701134,13214.77803667937,0.49322162261535835
2025-04-01_30d_d168_h3,1003,settlement_tail,2025-05-05T21:00:00Z,2025-05-05T22:00:00Z,2025-05-05,40.32,6667.0,23371.0,0.5091431837326027,2025-05-04T23:00:00Z,direct_ridge_90d_v1,16164.062465168952,13904.979011042322,0.5105775186516323
2025-04-01_30d_d168_h3,1004,settlement_tail,2025-05-05T22:00:00Z,2025-05-05T23:00:00Z,2025-05-05,36.34,5916.0,24302.0,0.4940668993548479,2025-05-04T23:00:00Z,direct_ridge_90d_v1,14011.680815732949,14740.61877872392,0.5493849148888449
2025-04-01_30d_d168_h3,1005,settlement_tail,2025-05-05T23:00:00Z,2025-05-06T00:00:00Z,2025-05-05,32.49,4178.0,24381.0,0.515031049851487,2025-05-04T23:00:00Z,direct_ridge_90d_v1,10071.65711326539,15404.073236753595,0.6229902377685136
2025-04-01_30d_d168_h3,1006,settlement_tail,2025-05-06T00:00:00Z,2025-05-06T01:00:00Z,2025-05-05,38.61,1492.0,24821.0,0.5523947081106646,2025-05-04T23:00:00Z,direct_ridge_90d_v1,2943.1864191754503,16004.065110540694,0.6971566465840354
2025-04-01_30d_d168_h3,1007,settlement_tail,2025-05-06T01:00:00Z,2025-05-06T02:00:00Z,2025-05-05,43.38,16.0,24171.0,0.588431299058879,2025-05-04T23:00:00Z,direct_ridge_90d_v1,0.0,17243.39787557483,0.7108951441131008
2025-04-01_30d_d168_h3,1008,settlement_tail,2025-05-06T02:00:00Z,2025-05-06T03:00:00Z,2025-05-05,38.15,0.0,23388.0,0.605740556988212,2025-05-04T23:00:00Z,direct_ridge_90d_v1,0.0,18985.3929111772,0.7006810699646425
2025-04-01_30d_d168_h3,1009,settlement_tail,2025-05-06T03:00:00Z,2025-05-06T04:00:00Z,2025-05-05,26.32,0.0,22784.0,0.5910202965723025,2025-05-04T23:00:00Z,direct_ridge_90d_v1,0.0,19882.79929445753,0.6778781643578521
2025-04-01_30d_d168_h3,1010,settlement_tail,2025-05-06T04:00:00Z,2025-05-06T05:00:00Z,2025-05-05,24.74,0.0,22484.0,0.5513824123475489,2025-05-04T23:00:00Z,direct_ridge_90d_v1,0.0,20103.988615819806,0.6513520272509263
2025-04-01_30d_d168_h3,1011,settlement_tail,2025-05-06T05:00:00Z,2025-05-06T06:00:00Z,2025-05-06,21.23,0.0,22466.0,0.5219328340622218,2025-05-05T23:00:00Z,direct_ridge_90d_v1,0.0,18367.34533843808,0.6191297486368944
2025-04-01_30d_d168_h3,1012,settlement_tail,2025-05-06T06:00:00Z,2025-05-06T07:00:00Z,2025-05-06,20.63,0.0,21906.0,0.5300962659196152,2025-05-05T23:00:00Z,direct_ridge_90d_v1,0.0,17731.98072828846,0.6188148720188115
2025-04-01_30d_d168_h3,1013,settlement_tail,2025-05-06T07:00:00Z,2025-05-06T08:00:00Z,2025-05-06,20.78,0.0,21081.0,0.5442719134095249,2025-05-05T23:00:00Z,direct_ridge_90d_v1,0.0,17590.660538445416,0.6118784404210954
2025-04-01_30d_d168_h3,1014,settlement_tail,2025-05-06T08:00:00Z,2025-05-06T09:00:00Z,2025-05-06,21.16,1.0,20736.0,0.5483928940264905,2025-05-05T23:00:00Z,direct_ridge_90d_v1,0.0,17120.201777766502,0.6171400019321227
2025-04-01_30d_d168_h3,1015,settlement_tail,2025-05-06T09:00:00Z,2025-05-06T10:00:00Z,2025-05-06,23.79,1.0,19638.0,0.5885486858423876,2025-05-05T23:00:00Z,direct_ridge_90d_v1,0.0,16566.09638228654,0.6366533999767343
2025-04-01_30d_d168_h3,1016,settlement_tail,2025-05-06T10:00:00Z,2025-05-06T11:00:00Z,2025-05-06,27.28,1.0,18664.0,0.6312471963420904,2025-05-05T23:00:00Z,direct_ridge_90d_v1,0.0,16224.162568537693,0.6653108317996801
2025-04-01_30d_d168_h3,1017,settlement_tail,2025-05-06T11:00:00Z,2025-05-06T12:00:00Z,2025-05-06,39.27,4.0,16041.0,0.7377081312725695,2025-05-05T23:00:00Z,direct_ridge_90d_v1,20.545413478424738,15994.348029242557,0.6795344578717728
2025-04-01_30d_d168_h3,1018,settlement_tail,2025-05-06T12:00:00Z,2025-05-06T13:00:00Z,2025-05-06,44.2,541.0,13453.0,0.8144004975294434,2025-05-05T23:00:00Z,direct_ridge_90d_v1,2082.720508548479,15505.409316525687,0.6721070087182319
2025-04-01_30d_d168_h3,1019,settlement_tail,2025-05-06T13:00:00Z,2025-05-06T14:00:00Z,2025-05-06,35.13,3606.0,13820.0,0.7496664050846682,2025-05-05T23:00:00Z,direct_ridge_90d_v1,7327.434675668315,14213.05953827001,0.5774737459272827
2025-04-01_30d_d168_h3,1020,settlement_tail,2025-05-06T14:00:00Z,2025-05-06T15:00:00Z,2025-05-06,35.63,7118.0,12815.0,0.7206960922509079,2025-05-05T23:00:00Z,direct_ridge_90d_v1,10653.825403844547,12651.245481627222,0.49547117562951554
2025-04-01_30d_d168_h3,1021,settlement_tail,2025-05-06T15:00:00Z,2025-05-06T16:00:00Z,2025-05-06,38.15,9535.0,12031.0,0.6887828460561105,2025-05-05T23:00:00Z,direct_ridge_90d_v1,13677.121150786115,12486.487824376238,0.46165854611700036
2025-04-01_30d_d168_h3,1022,settlement_tail,2025-05-06T16:00:00Z,2025-05-06T17:00:00Z,2025-05-06,35.99,10938.0,11818.0,0.6615699631488516,2025-05-05T23:00:00Z,direct_ridge_90d_v1,16644.616793273693,12587.435843883864,0.4392164279703747
2025-04-01_30d_d168_h3,1023,settlement_tail,2025-05-06T17:00:00Z,2025-05-06T18:00:00Z,2025-05-06,40.83,11863.0,11913.0,0.6423433300732407,2025-05-05T23:00:00Z,direct_ridge_90d_v1,18466.074519878046,12709.69134126759,0.4315488077223172
2025-04-01_30d_d168_h3,1024,settlement_tail,2025-05-06T18:00:00Z,2025-05-06T19:00:00Z,2025-05-06,50.5,13511.0,11234.0,0.6305335978511699,2025-05-05T23:00:00Z,direct_ridge_90d_v1,19180.162669655005,12763.947336240059,0.44910292338704166
2025-04-01_30d_d168_h3,1025,settlement_tail,2025-05-06T19:00:00Z,2025-05-06T20:00:00Z,2025-05-06,38.1,16096.0,10607.0,0.5840615835737331,2025-05-05T23:00:00Z,direct_ridge_90d_v1,18842.631356245638,12955.011080918996,0.4695395441393839
2025-04-01_30d_d168_h3,1026,settlement_tail,2025-05-06T20:00:00Z,2025-05-06T21:00:00Z,2025-05-06,38.17,16747.0,9123.0,0.5905223166686956,2025-05-05T23:00:00Z,direct_ridge_90d_v1,17316.348086846923,13343.085124472125,0.4946453068184948
2025-04-01_30d_d168_h3,1027,settlement_tail,2025-05-06T21:00:00Z,2025-05-06T22:00:00Z,2025-05-06,36.25,17774.0,7247.0,0.6113234140174406,2025-05-05T23:00:00Z,direct_ridge_90d_v1,15966.130627104523,14011.234007257868,0.5155478657996941
2025-04-01_30d_d168_h3,1028,settlement_tail,2025-05-06T22:00:00Z,2025-05-06T23:00:00Z,2025-05-06,29.7,17088.0,6024.0,0.6573216684140135,2025-05-05T23:00:00Z,direct_ridge_90d_v1,14835.926519654613,14741.739835521093,0.5427351403586221
2025-04-01_30d_d168_h3,1029,settlement_tail,2025-05-06T23:00:00Z,2025-05-07T00:00:00Z,2025-05-06,34.31,12757.0,5127.0,0.7489021783608205,2025-05-05T23:00:00Z,direct_ridge_90d_v1,9605.081481588782,15625.574207298254,0.6160015030522378
2025-04-01_30d_d168_h3,1030,settlement_tail,2025-05-07T00:00:00Z,2025-05-07T01:00:00Z,2025-05-06,70.0,3882.0,4280.0,0.8726275684474168,2025-05-05T23:00:00Z,direct_ridge_90d_v1,2933.094602313897,16153.252185696241,0.7004626533813012
2025-04-01_30d_d168_h3,1031,settlement_tail,2025-05-07T01:00:00Z,2025-05-07T02:00:00Z,2025-05-06,92.59,105.0,4364.0,0.92611452995311,2025-05-05T23:00:00Z,direct_ridge_90d_v1,0.0,17210.09713211313,0.7258306953436645
2025-04-01_30d_d168_h3,1032,settlement_tail,2025-05-07T02:00:00Z,2025-05-07T03:00:00Z,2025-05-06,93.11,0.0,4092.0,0.9354773104648256,2025-05-05T23:00:00Z,direct_ridge_90d_v1,0.0,18219.180754211226,0.729559884822235
2025-04-01_30d_d168_h3,1033,settlement_tail,2025-05-07T03:00:00Z,2025-05-07T04:00:00Z,2025-05-06,75.42,0.0,4715.0,0.9724631024043477,2025-05-05T23:00:00Z,direct_ridge_90d_v1,0.0,18489.856699493266,0.7210657949054402
2025-04-01_30d_d168_h3,1034,settlement_tail,2025-05-07T04:00:00Z,2025-05-07T05:00:00Z,2025-05-06,49.88,0.0,5273.0,0.9717562264687672,2025-05-05T23:00:00Z,direct_ridge_90d_v1,0.0,18413.77750039074,0.704203250691632
2025-04-01_30d_d168_h3,1035,settlement_tail,2025-05-07T05:00:00Z,2025-05-07T06:00:00Z,2025-05-07,41.55,0.0,4154.0,0.9950042796495874,2025-05-06T23:00:00Z,direct_ridge_90d_v1,0.0,18391.302725097543,0.600733421121877
2025-04-01_30d_d168_h3,1036,settlement_tail,2025-05-07T06:00:00Z,2025-05-07T07:00:00Z,2025-05-07,35.79,0.0,4035.0,0.9967135229290813,2025-05-06T23:00:00Z,direct_ridge_90d_v1,0.0,18299.955628858028,0.579981516015222
2025-04-01_30d_d168_h3,1037,settlement_tail,2025-05-07T07:00:00Z,2025-05-07T08:00:00Z,2025-05-07,32.72,0.0,4196.0,0.9946747842577913,2025-05-06T23:00:00Z,direct_ridge_90d_v1,0.0,17689.278564453325,0.5906634914247676
2025-04-01_30d_d168_h3,1038,settlement_tail,2025-05-07T08:00:00Z,2025-05-07T09:00:00Z,2025-05-07,32.5,0.0,4378.0,1.0014342175324067,2025-05-06T23:00:00Z,direct_ridge_90d_v1,0.0,17006.679911753672,0.6031732627327956
2025-04-01_30d_d168_h3,1039,settlement_tail,2025-05-07T09:00:00Z,2025-05-07T10:00:00Z,2025-05-07,32.91,0.0,5081.0,0.9843317621986665,2025-05-06T23:00:00Z,direct_ridge_90d_v1,0.0,16333.579367034288,0.6257430713895222
2025-04-01_30d_d168_h3,1040,settlement_tail,2025-05-07T10:00:00Z,2025-05-07T11:00:00Z,2025-05-07,37.76,0.0,5380.0,0.9783533185044669,2025-05-06T23:00:00Z,direct_ridge_90d_v1,0.0,15726.423508806713,0.6585384587635648
2025-04-01_30d_d168_h3,1041,settlement_tail,2025-05-07T11:00:00Z,2025-05-07T12:00:00Z,2025-05-07,48.38,11.0,5671.0,0.9697578224378806,2025-05-06T23:00:00Z,direct_ridge_90d_v1,51.82515299113927,14974.77123178893,0.67719176843113
2025-04-01_30d_d168_h3,1042,settlement_tail,2025-05-07T12:00:00Z,2025-05-07T13:00:00Z,2025-05-07,37.34,1991.0,6021.0,0.9170098206894584,2025-05-06T23:00:00Z,direct_ridge_90d_v1,3089.9480583774575,14489.76633488773,0.6634527661549918
2025-04-01_30d_d168_h3,1043,settlement_tail,2025-05-07T13:00:00Z,2025-05-07T14:00:00Z,2025-05-07,27.01,9264.0,5310.0,0.7557161259823025,2025-05-06T23:00:00Z,direct_ridge_90d_v1,9660.400419419715,13336.205723185889,0.5597531342535678
2025-04-01_30d_d168_h3,1044,settlement_tail,2025-05-07T14:00:00Z,2025-05-07T15:00:00Z,2025-05-07,23.28,15853.0,4874.0,0.6133623890747409,2025-05-06T23:00:00Z,direct_ridge_90d_v1,12552.19962375613,12304.528256802141,0.46383870719941467
2025-04-01_30d_d168_h3,1045,settlement_tail,2025-05-07T15:00:00Z,2025-05-07T16:00:00Z,2025-05-07,23.66,18265.0,4505.0,0.5856421658727186,2025-05-06T23:00:00Z,direct_ridge_90d_v1,15155.75702779997,12522.221012171105,0.42817104073686746
2025-04-01_30d_d168_h3,1046,settlement_tail,2025-05-07T16:00:00Z,2025-05-07T17:00:00Z,2025-05-07,23.49,20611.0,4221.0,0.5586997119354525,2025-05-06T23:00:00Z,direct_ridge_90d_v1,18051.594206623402,12571.55750528182,0.4108927481091644
2025-04-01_30d_d168_h3,1047,settlement_tail,2025-05-07T17:00:00Z,2025-05-07T18:00:00Z,2025-05-07,27.35,22442.0,4708.0,0.5234560049631981,2025-05-06T23:00:00Z,direct_ridge_90d_v1,19763.267198636695,12584.44841462929,0.4087401919329312
2025-04-01_30d_d168_h3,1048,settlement_tail,2025-05-07T18:00:00Z,2025-05-07T19:00:00Z,2025-05-07,31.91,24088.0,5625.0,0.4945376618830464,2025-05-06T23:00:00Z,direct_ridge_90d_v1,20550.525983215848,12622.396243970774,0.42416167990621434
2025-04-01_30d_d168_h3,1049,settlement_tail,2025-05-07T19:00:00Z,2025-05-07T20:00:00Z,2025-05-07,33.29,24851.0,5860.0,0.5007912557449855,2025-05-06T23:00:00Z,direct_ridge_90d_v1,19952.571979496646,12825.732136813538,0.4401889303050794
2025-04-01_30d_d168_h3,1050,settlement_tail,2025-05-07T20:00:00Z,2025-05-07T21:00:00Z,2025-05-07,33.63,24925.0,6222.0,0.5187517634099807,2025-05-06T23:00:00Z,direct_ridge_90d_v1,18130.35688796167,13120.424956701383,0.4613998182775616
2025-04-01_30d_d168_h3,1051,settlement_tail,2025-05-07T21:00:00Z,2025-05-07T22:00:00Z,2025-05-07,34.11,24719.0,6364.0,0.5413655885352933,2025-05-06T23:00:00Z,direct_ridge_90d_v1,17030.496316790253,13638.29004686614,0.47762076101554923
2025-04-01_30d_d168_h3,1052,settlement_tail,2025-05-07T22:00:00Z,2025-05-07T23:00:00Z,2025-05-07,30.63,23344.0,6337.0,0.5714909249250054,2025-05-06T23:00:00Z,direct_ridge_90d_v1,17716.794308861594,14305.436618166612,0.5044384521681404
2025-04-01_30d_d168_h3,1053,settlement_tail,2025-05-07T23:00:00Z,2025-05-08T00:00:00Z,2025-05-07,41.97,18721.0,6590.0,0.6471378581662612,2025-05-06T23:00:00Z,direct_ridge_90d_v1,14961.274711258666,14931.648642313748,0.5741183311181677
2025-04-01_30d_d168_h3,1054,settlement_tail,2025-05-08T00:00:00Z,2025-05-08T01:00:00Z,2025-05-07,80.4,6603.0,6426.0,0.8294170392211758,2025-05-06T23:00:00Z,direct_ridge_90d_v1,4684.804362562255,15572.213407136107,0.6772146324844153
2025-04-01_30d_d168_h3,1055,settlement_tail,2025-05-08T01:00:00Z,2025-05-08T02:00:00Z,2025-05-07,92.32,221.0,6503.0,0.9056019186955868,2025-05-06T23:00:00Z,direct_ridge_90d_v1,0.0,16215.889763925923,0.7063750349227894
2025-04-01_30d_d168_h3,1056,settlement_tail,2025-05-08T02:00:00Z,2025-05-08T03:00:00Z,2025-05-07,70.52,0.0,7293.0,0.9210645976507018,2025-05-06T23:00:00Z,direct_ridge_90d_v1,0.0,17486.72817007648,0.7079432469326958
2025-04-01_30d_d168_h3,1057,settlement_tail,2025-05-08T03:00:00Z,2025-05-08T04:00:00Z,2025-05-07,44.24,0.0,8519.0,0.9216061648932599,2025-05-06T23:00:00Z,direct_ridge_90d_v1,0.0,18418.536976146515,0.6893839529677622
2025-04-01_30d_d168_h3,1058,settlement_tail,2025-05-08T04:00:00Z,2025-05-08T05:00:00Z,2025-05-07,32.25,0.0,9280.0,0.9003213122985256,2025-05-06T23:00:00Z,direct_ridge_90d_v1,0.0,18748.73018078233,0.6614345606832406
2025-04-01_30d_d168_h3,1059,settlement_tail,2025-05-08T05:00:00Z,2025-05-08T06:00:00Z,2025-05-08,30.33,0.0,9405.0,0.8889076471033279,2025-05-07T23:00:00Z,direct_ridge_90d_v1,0.0,18294.475198090604,0.6881411049995588
2025-04-01_30d_d168_h3,1060,settlement_tail,2025-05-08T06:00:00Z,2025-05-08T07:00:00Z,2025-05-08,28.71,0.0,8446.0,0.9013120821856639,2025-05-07T23:00:00Z,direct_ridge_90d_v1,0.0,18691.624705504804,0.6695568936096435
2025-04-01_30d_d168_h3,1061,settlement_tail,2025-05-08T07:00:00Z,2025-05-08T08:00:00Z,2025-05-08,26.68,0.0,7060.0,0.9400102107853036,2025-05-07T23:00:00Z,direct_ridge_90d_v1,0.0,18119.45226797489,0.663406114653217
