window_id,window_hour,period_role,interval_start_utc,interval_end_utc,local_date,dam_lz_houston_usd_per_mwh,erco_solar_generation_mwh,erco_wind_generation_mwh,erco_consumed_co2_intensity_lbs_per_kwh,forecast_cutoff_utc,forecast_method,forecast_erco_solar_generation_mwh,forecast_erco_wind_generation_mwh,forecast_consumed_co2_lbs_per_kwh
2025-10-01_30d_d168_h3,0,context,2025-09-24T02:00:00Z,2025-09-24T03:00:00Z,2025-09-23,48.78,0.0,14184.0,0.886451149526115,,,,,
2025-10-01_30d_d168_h3,1,context,2025-09-24T03:00:00Z,2025-09-24T04:00:00Z,2025-09-23,44.49,0.0,15361.0,0.8645434769148764,,,,,
2025-10-01_30d_d168_h3,2,context,2025-09-24T04:00:00Z,2025-09-24T05:00:00Z,2025-09-23,37.98,0.0,15402.0,0.8495950580802623,,,,,
2025-10-01_30d_d168_h3,3,context,2025-09-24T05:00:00Z,2025-09-24T06:00:00Z,2025-09-24,31.0,0.0,15374.0,0.8449637145221445,,,,,
2025-10-01_30d_d168_h3,4,context,2025-09-24T06:00:00Z,2025-09-24T07:00:00Z,2025-09-24,27.76,1.0,14761.0,0.8445074705172918,,,,,
2025-10-01_30d_d168_h3,5,context,2025-09-24T07:00:00Z,2025-09-24T08:00:00Z,2025-09-24,24.89,1.0,14393.0,0.8464261680997224,,,,,
2025-10-01_30d_d168_h3,6,context,2025-09-24T08:00:00Z,2025-09-24T09:00:00Z,2025-09-24,23.86,1.0,14624.0,0.8357807488933604,,,,,
2025-10-01_30d_d168_h3,7,context,2025-09-24T09:00:00Z,2025-09-24T10:00:00Z,2025-09-24,24.4,1.0,14253.0,0.8336048752339783,,,,,
2025-10-01_30d_d168_h3,8,context,2025-09-24T10:00:00Z,2025-09-24T11:00:00Z,2025-09-24,25.79,1.0,12405.0,0.8824862294852933,,,,,
2025-10-01_30d_d168_h3,9,context,2025-09-24T11:00:00Z,2025-09-24T12:00:00Z,2025-09-24,29.05,1.0,11424.0,0.8906879668955926,,,,,
2025-10-01_30d_d168_h3,10,context,2025-09-24T12:00:00Z,2025-09-24T13:00:00Z,2025-09-24,29.51,516.0,10945.0,0.8991232552561207,,,,,
2025-10-01_30d_d168_h3,11,context,2025-09-24T13:00:00Z,2025-09-24T14:00:00Z,2025-09-24,24.22,6371.0,10052.0,0.8294922306149023,,,,,
2025-10-01_30d_d168_h3,12,context,2025-09-24T14:00:00Z,2025-09-24T15:00:00Z,2025-09-24,24.03,10809.0,11747.0,0.7362656132149556,,,,,
2025-10-01_30d_d168_h3,13,context,2025-09-24T15:00:00Z,2025-09-24T16:00:00Z,2025-09-24,25.97,12159.0,12558.0,0.706077473316685,,,,,
2025-10-01_30d_d168_h3,14,context,2025-09-24T16:00:00Z,2025-09-24T17:00:00Z,2025-09-24,30.55,13962.0,10050.0,0.7269930577607534,,,,,
2025-10-01_30d_d168_h3,15,context,2025-09-24T17:00:00Z,2025-09-24T18:00:00Z,2025-09-24,33.5,15915.0,8792.0,0.7364916454355404,,,,,
2025-10-01_30d_d168_h3,16,context,2025-09-24T18:00:00Z,2025-09-24T19:00:00Z,2025-09-24,36.47,16927.0,7442.0,0.7492665453810621,,,,,
2025-10-01_30d_d168_h3,17,context,2025-09-24T19:00:00Z,2025-09-24T20:00:00Z,2025-09-24,38.95,18157.0,7040.0,0.742366180780738,,,,,
2025-10-01_30d_d168_h3,18,context,2025-09-24T20:00:00Z,2025-09-24T21:00:00Z,2025-09-24,41.41,19131.0,7583.0,0.7101936191932866,,,,,
2025-10-01_30d_d168_h3,19,context,2025-09-24T21:00:00Z,2025-09-24T22:00:00Z,2025-09-24,35.72,16956.0,8409.0,0.7423554628478378,,,,,
2025-10-01_30d_d168_h3,20,context,2025-09-24T22:00:00Z,2025-09-24T23:00:00Z,2025-09-24,32.06,13898.0,9436.0,0.7758889458074905,,,,,
2025-10-01_30d_d168_h3,21,context,2025-09-24T23:00:00Z,2025-09-25T00:00:00Z,2025-09-24,42.6,6982.0,9635.0,0.8444761562805242,,,,,
2025-10-01_30d_d168_h3,22,context,2025-09-25T00:00:00Z,2025-09-25T01:00:00Z,2025-09-24,45.02,449.0,8850.0,0.9011698674829471,,,,,
2025-10-01_30d_d168_h3,23,context,2025-09-25T01:00:00Z,2025-09-25T02:00:00Z,2025-09-24,45.16,0.0,9791.0,0.931613599720337,,,,,
2025-10-01_30d_d168_h3,24,context,2025-09-25T02:00:00Z,2025-09-25T03:00:00Z,2025-09-24,40.0,1.0,9354.0,0.9692562360075617,,,,,
2025-10-01_30d_d168_h3,25,context,2025-09-25T03:00:00Z,2025-09-25T04:00:00Z,2025-09-24,33.55,1.0,8889.0,0.9865113471744766,,,,,
2025-10-01_30d_d168_h3,26,context,2025-09-25T04:00:00Z,2025-09-25T05:00:00Z,2025-09-24,28.55,1.0,8649.0,0.9947405433195514,,,,,
2025-10-01_30d_d168_h3,27,context,2025-09-25T05:00:00Z,2025-09-25T06:00:00Z,2025-09-25,29.62,1.0,7551.0,1.0094831436008511,,,,,
2025-10-01_30d_d168_h3,28,context,2025-09-25T06:00:00Z,2025-09-25T07:00:00Z,2025-09-25,29.76,1.0,6590.0,1.025513683607656,,,,,
2025-10-01_30d_d168_h3,29,context,2025-09-25T07:00:00Z,2025-09-25T08:00:00Z,2025-09-25,28.56,1.0,6365.0,1.027032072688214,,,,,
2025-10-01_30d_d168_h3,30,context,2025-09-25T08:00:00Z,2025-09-25T09:00:00Z,2025-09-25,28.23,1.0,5535.0,1.0517234178000956,,,,,
2025-10-01_30d_d168_h3,31,context,2025-09-25T09:00:00Z,2025-09-25T10:00:00Z,2025-09-25,29.15,1.0,4936.0,1.0659784050617869,,,,,
2025-10-01_30d_d168_h3,32,context,2025-09-25T10:00:00Z,2025-09-25T11:00:00Z,2025-09-25,32.05,1.0,4499.0,1.0749679541438277,,,,,
2025-10-01_30d_d168_h3,33,context,2025-09-25T11:00:00Z,2025-09-25T12:00:00Z,2025-09-25,35.02,1.0,4345.0,1.0478916818863178,,,,,
2025-10-01_30d_d168_h3,34,context,2025-09-25T12:00:00Z,2025-09-25T13:00:00Z,2025-09-25,34.48,629.0,4161.0,1.0453851871245596,,,,,
2025-10-01_30d_d168_h3,35,context,2025-09-25T13:00:00Z,2025-09-25T14:00:00Z,2025-09-25,25.93,10061.0,3264.0,0.8858828105810068,,,,,
2025-10-01_30d_d168_h3,36,context,2025-09-25T14:00:00Z,2025-09-25T15:00:00Z,2025-09-25,20.42,22101.0,1571.0,0.6831224343874733,,,,,
2025-10-01_30d_d168_h3,37,context,2025-09-25T15:00:00Z,2025-09-25T16:00:00Z,2025-09-25,19.94,25614.0,1218.0,0.6419540715941717,,,,,
2025-10-01_30d_d168_h3,38,context,2025-09-25T16:00:00Z,2025-09-25T17:00:00Z,2025-09-25,20.88,26566.0,1339.0,0.6374863966010063,,,,,
2025-10-01_30d_d168_h3,39,context,2025-09-25T17:00:00Z,2025-09-25T18:00:00Z,2025-09-25,23.04,26098.0,1405.0,0.6722467763986768,,,,,
2025-10-01_30d_d168_h3,40,context,2025-09-25T18:00:00Z,2025-09-25T19:00:00Z,2025-09-25,27.46,26072.0,1617.0,0.7028342985394378,,,,,
2025-10-01_30d_d168_h3,41,context,2025-09-25T19:00:00Z,2025-09-25T20:00:00Z,2025-09-25,29.89,25156.0,1963.0,0.7325562831063763,,,,,
2025-10-01_30d_d168_h3,42,context,2025-09-25T20:00:00Z,2025-09-25T21:00:00Z,2025-09-25,32.07,24193.0,2487.0,0.7432952073980448,,,,,
2025-10-01_30d_d168_h3,43,context,2025-09-25T21:00:00Z,2025-09-25T22:00:00Z,2025-09-25,32.95,22915.0,2809.0,0.7561047971835375,,,,,
2025-10-01_30d_d168_h3,44,context,2025-09-25T22:00:00Z,2025-09-25T23:00:00Z,2025-09-25,35.87,20240.0,2190.0,0.7961323064274323,,,,,
2025-10-01_30d_d168_h3,45,context,2025-09-25T23:00:00Z,2025-09-26T00:00:00Z,2025-09-25,66.92,9384.0,1533.0,0.9099717741747598,,,,,
2025-10-01_30d_d168_h3,46,context,2025-09-26T00:00:00Z,2025-09-26T01:00:00Z,2025-09-25,81.02,518.0,1137.0,0.9869160962811664,,,,,
2025-10-01_30d_d168_h3,47,context,2025-09-26T01:00:00Z,2025-09-26T02:00:00Z,2025-09-25,75.81,0.0,1389.0,1.0253511917433336,,,,,
2025-10-01_30d_d168_h3,48,context,2025-09-26T02:00:00Z,2025-09-26T03:00:00Z,2025-09-25,49.67,0.0,2342.0,1.0565735664409497,,,,,
2025-10-01_30d_d168_h3,49,context,2025-09-26T03:00:00Z,2025-09-26T04:00:00Z,2025-09-25,42.48,0.0,3664.0,1.0654884440943782,,,,,
2025-10-01_30d_d168_h3,50,context,2025-09-26T04:00:00Z,2025-09-26T05:00:00Z,2025-09-25,33.45,1.0,4651.0,1.061479993539981,,,,,
2025-10-01_30d_d168_h3,51,context,2025-09-26T05:00:00Z,2025-09-26T06:00:00Z,2025-09-26,32.56,1.0,5585.0,1.0519689027250383,,,,,
2025-10-01_30d_d168_h3,52,context,2025-09-26T06:00:00Z,2025-09-26T07:00:00Z,2025-09-26,27.12,0.0,6271.0,1.0449095126724188,,,,,
2025-10-01_30d_d168_h3,53,context,2025-09-26T07:00:00Z,2025-09-26T08:00:00Z,2025-09-26,24.55,1.0,6640.0,1.021613235273358,,,,,
2025-10-01_30d_d168_h3,54,context,2025-09-26T08:00:00Z,2025-09-26T09:00:00Z,2025-09-26,23.76,1.0,6571.0,1.0121768262827622,,,,,
2025-10-01_30d_d168_h3,55,context,2025-09-26T09:00:00Z,2025-09-26T10:00:00Z,2025-09-26,23.77,1.0,6240.0,1.0178516984739354,,,,,
2025-10-01_30d_d168_h3,56,context,2025-09-26T10:00:00Z,2025-09-26T11:00:00Z,2025-09-26,25.35,0.0,6008.0,1.0393313404713087,,,,,
2025-10-01_30d_d168_h3,57,context,2025-09-26T11:00:00Z,2025-09-26T12:00:00Z,2025-09-26,28.05,0.0,5524.0,1.0529495286598671,,,,,
2025-10-01_30d_d168_h3,58,context,2025-09-26T12:00:00Z,2025-09-26T13:00:00Z,2025-09-26,27.36,824.0,5311.0,1.0452547499960065,,,,,
2025-10-01_30d_d168_h3,59,context,2025-09-26T13:00:00Z,2025-09-26T14:00:00Z,2025-09-26,19.38,12123.0,5319.0,0.7946824795688447,,,,,
2025-10-01_30d_d168_h3,60,context,2025-09-26T14:00:00Z,2025-09-26T15:00:00Z,2025-09-26,15.43,24934.0,3478.0,0.5947053683998014,,,,,
2025-10-01_30d_d168_h3,61,context,2025-09-26T15:00:00Z,2025-09-26T16:00:00Z,2025-09-26,17.02,28278.0,3391.0,0.5676224855158559,,,,,
2025-10-01_30d_d168_h3,62,context,2025-09-26T16:00:00Z,2025-09-26T17:00:00Z,2025-09-26,20.27,28175.0,2931.0,0.5882950799681824,,,,,
2025-10-01_30d_d168_h3,63,context,2025-09-26T17:00:00Z,2025-09-26T18:00:00Z,2025-09-26,24.28,26557.0,2099.0,0.6537626220844759,,,,,
2025-10-01_30d_d168_h3,64,context,2025-09-26T18:00:00Z,2025-09-26T19:00:00Z,2025-09-26,30.62,25773.0,1724.0,0.7210177261390727,,,,,
2025-10-01_30d_d168_h3,65,context,2025-09-26T19:00:00Z,2025-09-26T20:00:00Z,2025-09-26,36.51,25839.0,1853.0,0.7293067633487752,,,,,
2025-10-01_30d_d168_h3,66,context,2025-09-26T20:00:00Z,2025-09-26T21:00:00Z,2025-09-26,36.74,26028.0,2201.0,0.7270247575975114,,,,,
2025-10-01_30d_d168_h3,67,context,2025-09-26T21:00:00Z,2025-09-26T22:00:00Z,2025-09-26,34.7,25526.0,2423.0,0.7282798664109815,,,,,
2025-10-01_30d_d168_h3,68,context,2025-09-26T22:00:00Z,2025-09-26T23:00:00Z,2025-09-26,38.53,22213.0,2592.0,0.761870714189549,,,,,
2025-10-01_30d_d168_h3,69,context,2025-09-26T23:00:00Z,2025-09-27T00:00:00Z,2025-09-26,62.75,9163.0,3652.0,0.8442909789368124,,,,,
2025-10-01_30d_d168_h3,70,context,2025-09-27T00:00:00Z,2025-09-27T01:00:00Z,2025-09-26,60.63,405.0,6469.0,0.9154655084677392,,,,,
2025-10-01_30d_d168_h3,71,context,2025-09-27T01:00:00Z,2025-09-27T02:00:00Z,2025-09-26,42.53,0.0,10200.0,0.9164556270410151,,,,,
2025-10-01_30d_d168_h3,72,context,2025-09-27T02:00:00Z,2025-09-27T03:00:00Z,2025-09-26,31.42,0.0,13132.0,0.8957078395985548,,,,,
2025-10-01_30d_d168_h3,73,context,2025-09-27T03:00:00Z,2025-09-27T04:00:00Z,2025-09-26,24.52,0.0,15149.0,0.8447306280229154,,,,,
2025-10-01_30d_d168_h3,74,context,2025-09-27T04:00:00Z,2025-09-27T05:00:00Z,2025-09-26,21.53,0.0,16432.0,0.7953728571923732,,,,,
2025-10-01_30d_d168_h3,75,context,2025-09-27T05:00:00Z,2025-09-27T06:00:00Z,2025-09-27,22.94,0.0,16819.0,0.7583923370976551,,,,,
2025-10-01_30d_d168_h3,76,context,2025-09-27T06:00:00Z,2025-09-27T07:00:00Z,2025-09-27,20.99,0.0,16474.0,0.7332691305004172,,,,,
2025-10-01_30d_d168_h3,77,context,2025-09-27T07:00:00Z,2025-09-27T08:00:00Z,2025-09-27,19.68,0.0,16168.0,0.7270371169997321,,,,,
2025-10-01_30d_d168_h3,78,context,2025-09-27T08:00:00Z,2025-09-27T09:00:00Z,2025-09-27,19.3,0.0,15846.0,0.7232557613697018,,,,,
2025-10-01_30d_d168_h3,79,context,2025-09-27T09:00:00Z,2025-09-27T10:00:00Z,2025-09-27,20.1,0.0,15104.0,0.7269362002826798,,,,,
2025-10-01_30d_d168_h3,80,context,2025-09-27T10:00:00Z,2025-09-27T11:00:00Z,2025-09-27,21.78,0.0,14103.0,0.7535050494102359,,,,,
2025-10-01_30d_d168_h3,81,context,2025-09-27T11:00:00Z,2025-09-27T12:00:00Z,2025-09-27,22.32,0.0,12560.0,0.7973532204414749,,,,,
2025-10-01_30d_d168_h3,82,context,2025-09-27T12:00:00Z,2025-09-27T13:00:00Z,2025-09-27,21.84,807.0,11202.0,0.8124087860814075,,,,,
2025-10-01_30d_d168_h3,83,context,2025-09-27T13:00:00Z,2025-09-27T14:00:00Z,2025-09-27,14.77,11343.0,9305.0,0.6541141670351525,,,,,
2025-10-01_30d_d168_h3,84,context,2025-09-27T14:00:00Z,2025-09-27T15:00:00Z,2025-09-27,13.15,23080.0,5903.0,0.5337469015280787,,,,,
2025-10-01_30d_d168_h3,85,context,2025-09-27T15:00:00Z,2025-09-27T16:00:00Z,2025-09-27,15.08,26635.0,5669.0,0.48934190996849714,,,,,
2025-10-01_30d_d168_h3,86,context,2025-09-27T16:00:00Z,2025-09-27T17:00:00Z,2025-09-27,17.27,26436.0,5246.0,0.5080734664557506,,,,,
2025-10-01_30d_d168_h3,87,context,2025-09-27T17:00:00Z,2025-09-27T18:00:00Z,2025-09-27,22.02,26482.0,3573.0,0.5751292944725889,,,,,
2025-10-01_30d_d168_h3,88,context,2025-09-27T18:00:00Z,2025-09-27T19:00:00Z,2025-09-27,25.06,26848.0,2655.0,0.6192199239091752,,,,,
2025-10-01_30d_d168_h3,89,context,2025-09-27T19:00:00Z,2025-09-27T20:00:00Z,2025-09-27,28.1,26634.0,2442.0,0.6572574620291395,,,,,
2025-10-01_30d_d168_h3,90,context,2025-09-27T20:00:00Z,2025-09-27T21:00:00Z,2025-09-27,29.13,26229.0,2657.0,0.6741789385055753,,,,,
2025-10-01_30d_d168_h3,91,context,2025-09-27T21:00:00Z,2025-09-27T22:00:00Z,2025-09-27,28.84,24989.0,3261.0,0.6933227702977349,,,,,
2025-10-01_30d_d168_h3,92,context,2025-09-27T22:00:00Z,2025-09-27T23:00:00Z,2025-09-27,34.55,20917.0,4082.0,0.7300143109375687,,,,,
2025-10-01_30d_d168_h3,93,context,2025-09-27T23:00:00Z,2025-09-28T00:00:00Z,2025-09-27,53.96,7827.0,5563.0,0.8205857335288563,,,,,
2025-10-01_30d_d168_h3,94,context,2025-09-28T00:00:00Z,2025-09-28T01:00:00Z,2025-09-27,54.36,175.0,7874.0,0.8893533254926429,,,,,
2025-10-01_30d_d168_h3,95,context,2025-09-28T01:00:00Z,2025-09-28T02:00:00Z,2025-09-27,41.03,0.0,11172.0,0.8719625993656837,,,,,
2025-10-01_30d_d168_h3,96,context,2025-09-28T02:00:00Z,2025-09-28T03:00:00Z,2025-09-27,33.37,0.0,13016.0,0.8574907580053418,,,,,
2025-10-01_30d_d168_h3,97,context,2025-09-28T03:00:00Z,2025-09-28T04:00:00Z,2025-09-27,28.13,0.0,13749.0,0.8219884589936481,,,,,
2025-10-01_30d_d168_h3,98,context,2025-09-28T04:00:00Z,2025-09-28T05:00:00Z,2025-09-27,25.01,0.0,14366.0,0.779593325494901,,,,,
2025-10-01_30d_d168_h3,99,context,2025-09-28T05:00:00Z,2025-09-28T06:00:00Z,2025-09-28,22.66,0.0,14570.0,0.7535786664589976,,,,,
2025-10-01_30d_d168_h3,100,context,2025-09-28T06:00:00Z,2025-09-28T07:00:00Z,2025-09-28,21.68,0.0,13311.0,0.7687376861369081,,,,,
2025-10-01_30d_d168_h3,101,context,2025-09-28T07:00:00Z,2025-09-28T08:00:00Z,2025-09-28,20.82,0.0,12149.0,0.7848124478331674,,,,,
2025-10-01_30d_d168_h3,102,context,2025-09-28T08:00:00Z,2025-09-28T09:00:00Z,2025-09-28,20.24,0.0,10865.0,0.8063961894840532,,,,,
2025-10-01_30d_d168_h3,103,context,2025-09-28T09:00:00Z,2025-09-28T10:00:00Z,2025-09-28,20.82,0.0,9997.0,0.8227320580647135,,,,,
2025-10-01_30d_d168_h3,104,context,2025-09-28T10:00:00Z,2025-09-28T11:00:00Z,2025-09-28,20.79,0.0,9443.0,0.835854116378342,,,,,
2025-10-01_30d_d168_h3,105,context,2025-09-28T11:00:00Z,2025-09-28T12:00:00Z,2025-09-28,19.6,0.0,8788.0,0.849038278108987,,,,,
2025-10-01_30d_d168_h3,106,context,2025-09-28T12:00:00Z,2025-09-28T13:00:00Z,2025-09-28,20.43,840.0,8134.0,0.8460079619328725,,,,,
2025-10-01_30d_d168_h3,107,context,2025-09-28T13:00:00Z,2025-09-28T14:00:00Z,2025-09-28,15.63,11442.0,6495.0,0.6727808430563065,,,,,
2025-10-01_30d_d168_h3,108,context,2025-09-28T14:00:00Z,2025-09-28T15:00:00Z,2025-09-28,14.56,23340.0,3356.0,0.5284591174908713,,,,,
2025-10-01_30d_d168_h3,109,context,2025-09-28T15:00:00Z,2025-09-28T16:00:00Z,2025-09-28,15.11,26289.0,2716.0,0.5051051961995741,,,,,
2025-10-01_30d_d168_h3,110,context,2025-09-28T16:00:00Z,2025-09-28T17:00:00Z,2025-09-28,17.0,26716.0,2864.0,0.5196486567187056,,,,,
2025-10-01_30d_d168_h3,111,context,2025-09-28T17:00:00Z,2025-09-28T18:00:00Z,2025-09-28,19.9,26110.0,2711.0,0.5622949650523065,,,,,
2025-10-01_30d_d168_h3,112,context,2025-09-28T18:00:00Z,2025-09-28T19:00:00Z,2025-09-28,22.88,26161.0,2554.0,0.6099133513158868,,,,,
2025-10-01_30d_d168_h3,113,context,2025-09-28T19:00:00Z,2025-09-28T20:00:00Z,2025-09-28,25.24,25796.0,2329.0,0.6493685511398348,,,,,
2025-10-01_30d_d168_h3,114,context,2025-09-28T20:00:00Z,2025-09-28T21:00:00Z,2025-09-28,28.28,25374.0,2609.0,0.6708543444954229,,,,,
2025-10-01_30d_d168_h3,115,context,2025-09-28T21:00:00Z,2025-09-28T22:00:00Z,2025-09-28,30.03,22988.0,2738.0,0.7053383666163887,,,,,
2025-10-01_30d_d168_h3,116,context,2025-09-28T22:00:00Z,2025-09-28T23:00:00Z,2025-09-28,35.94,18141.0,3696.0,0.7658695945120264,,,,,
2025-10-01_30d_d168_h3,117,context,2025-09-28T23:00:00Z,2025-09-29T00:00:00Z,2025-09-28,54.91,5842.0,5004.0,0.8658569929621143,,,,,
2025-10-01_30d_d168_h3,118,context,2025-09-29T00:00:00Z,2025-09-29T01:00:00Z,2025-09-28,58.86,104.0,6454.0,0.9144540289737101,,,,,
2025-10-01_30d_d168_h3,119,context,2025-09-29T01:00:00Z,2025-09-29T02:00:00Z,2025-09-28,49.57,0.0,8298.0,0.9248161526098165,,,,,
2025-10-01_30d_d168_h3,120,context,2025-09-29T02:00:00Z,2025-09-29T03:00:00Z,2025-09-28,36.87,0.0,9603.0,0.9369415278436025,,,,,
2025-10-01_30d_d168_h3,121,context,2025-09-29T03:00:00Z,2025-09-29T04:00:00Z,2025-09-28,28.93,0.0,10367.0,0.9126938014548335,,,,,
2025-10-01_30d_d168_h3,122,context,2025-09-29T04:00:00Z,2025-09-29T05:00:00Z,2025-09-28,25.67,0.0,11551.0,0.855176927266815,,,,,
2025-10-01_30d_d168_h3,123,context,2025-09-29T05:00:00Z,2025-09-29T06:00:00Z,2025-09-29,20.55,0.0,12317.0,0.8066891478301439,,,,,
2025-10-01_30d_d168_h3,124,context,2025-09-29T06:00:00Z,2025-09-29T07:00:00Z,2025-09-29,20.17,0.0,12017.0,0.7976597972416727,,,,,
2025-10-01_30d_d168_h3,125,context,2025-09-29T07:00:00Z,2025-09-29T08:00:00Z,2025-09-29,20.52,0.0,11383.0,0.8066626553286115,,,,,
2025-10-01_30d_d168_h3,126,context,2025-09-29T08:00:00Z,2025-09-29T09:00:00Z,2025-09-29,20.26,0.0,10286.0,0.8222573204259669,,,,,
2025-10-01_30d_d168_h3,127,context,2025-09-29T09:00:00Z,2025-09-29T10:00:00Z,2025-09-29,20.43,0.0,8541.0,0.854233677932854,,,,,
2025-10-01_30d_d168_h3,128,context,2025-09-29T10:00:00Z,2025-09-29T11:00:00Z,2025-09-29,24.28,0.0,7132.0,0.905701706087129,,,,,
2025-10-01_30d_d168_h3,129,context,2025-09-29T11:00:00Z,2025-09-29T12:00:00Z,2025-09-29,27.15,0.0,5844.0,0.9820492403553422,,,,,
2025-10-01_30d_d168_h3,130,context,2025-09-29T12:00:00Z,2025-09-29T13:00:00Z,2025-09-29,29.67,829.0,4997.0,0.9882720877680702,,,,,
2025-10-01_30d_d168_h3,131,context,2025-09-29T13:00:00Z,2025-09-29T14:00:00Z,2025-09-29,21.66,10734.0,3773.0,0.7854663435890826,,,,,
2025-10-01_30d_d168_h3,132,context,2025-09-29T14:00:00Z,2025-09-29T15:00:00Z,2025-09-29,18.37,19979.0,2129.0,0.6343503644885268,,,,,
2025-10-01_30d_d168_h3,133,context,2025-09-29T15:00:00Z,2025-09-29T16:00:00Z,2025-09-29,18.75,22616.0,1967.0,0.6123277185693756,,,,,
2025-10-01_30d_d168_h3,134,context,2025-09-29T16:00:00Z,2025-09-29T17:00:00Z,2025-09-29,20.52,22772.0,1827.0,0.6314096295532721,,,,,
2025-10-01_30d_d168_h3,135,context,2025-09-29T17:00:00Z,2025-09-29T18:00:00Z,2025-09-29,24.58,22305.0,1368.0,0.6916307032617184,,,,,
2025-10-01_30d_d168_h3,136,context,2025-09-29T18:00:00Z,2025-09-29T19:00:00Z,2025-09-29,26.97,22234.0,1268.0,0.7350834236806774,,,,,
2025-10-01_30d_d168_h3,137,context,2025-09-29T19:00:00Z,2025-09-29T20:00:00Z,2025-09-29,32.08,21805.0,1304.0,0.7544533444482686,,,,,
2025-10-01_30d_d168_h3,138,context,2025-09-29T20:00:00Z,2025-09-29T21:00:00Z,2025-09-29,35.53,20786.0,1678.0,0.7690717960257543,,,,,
2025-10-01_30d_d168_h3,139,context,2025-09-29T21:00:00Z,2025-09-29T22:00:00Z,2025-09-29,40.23,18717.0,2011.0,0.794195645043915,,,,,
2025-10-01_30d_d168_h3,140,context,2025-09-29T22:00:00Z,2025-09-29T23:00:00Z,2025-09-29,48.24,13185.0,2017.0,0.852844723110657,,,,,
2025-10-01_30d_d168_h3,141,context,2025-09-29T23:00:00Z,2025-09-30T00:00:00Z,2025-09-29,68.82,4221.0,2536.0,0.9254938519674749,,,,,
2025-10-01_30d_d168_h3,142,context,2025-09-30T00:00:00Z,2025-09-30T01:00:00Z,2025-09-29,65.04,229.0,3224.0,0.9556380639290462,,,,,
2025-10-01_30d_d168_h3,143,context,2025-09-30T01:00:00Z,2025-09-30T02:00:00Z,2025-09-29,60.82,0.0,4261.0,0.9829817808364069,,,,,
2025-10-01_30d_d168_h3,144,context,2025-09-30T02:00:00Z,2025-09-30T03:00:00Z,2025-09-29,43.29,0.0,4979.0,1.0036181285119692,,,,,
2025-10-01_30d_d168_h3,145,context,2025-09-30T03:00:00Z,2025-09-30T04:00:00Z,2025-09-29,37.26,0.0,5392.0,1.0104618736863418,,,,,
2025-10-01_30d_d168_h3,146,context,2025-09-30T04:00:00Z,2025-09-30T05:00:00Z,2025-09-29,29.35,0.0,5297.0,1.0163073482415697,,,,,
2025-10-01_30d_d168_h3,147,context,2025-09-30T05:00:00Z,2025-09-30T06:00:00Z,2025-09-30,28.68,0.0,5216.0,1.0134266688650317,,,,,
2025-10-01_30d_d168_h3,148,context,2025-09-30T06:00:00Z,2025-09-30T07:00:00Z,2025-09-30,25.69,0.0,5036.0,1.0152902092333582,,,,,
2025-10-01_30d_d168_h3,149,context,2025-09-30T07:00:00Z,2025-09-30T08:00:00Z,2025-09-30,24.92,0.0,4404.0,1.026455017952877,,,,,
2025-10-01_30d_d168_h3,150,context,2025-09-30T08:00:00Z,2025-09-30T09:00:00Z,2025-09-30,24.46,0.0,3922.0,1.0374047225737884,,,,,
2025-10-01_30d_d168_h3,151,context,2025-09-30T09:00:00Z,2025-09-30T10:00:00Z,2025-09-30,24.95,1.0,3315.0,1.04921832342136,,,,,
2025-10-01_30d_d168_h3,152,context,2025-09-30T10:00:00Z,2025-09-30T11:00:00Z,2025-09-30,27.15,1.0,2653.0,1.0676284987654983,,,,,
2025-10-01_30d_d168_h3,153,context,2025-09-30T11:00:00Z,2025-09-30T12:00:00Z,2025-09-30,32.16,1.0,2250.0,1.066976568493476,,,,,
2025-10-01_30d_d168_h3,154,context,2025-09-30T12:00:00Z,2025-09-30T13:00:00Z,2025-09-30,31.58,310.0,2140.0,1.0593516753938275,,,,,
2025-10-01_30d_d168_h3,155,context,2025-09-30T13:00:00Z,2025-09-30T14:00:00Z,2025-09-30,25.04,8368.0,1870.0,0.9091824978725863,,,,,
2025-10-01_30d_d168_h3,156,context,2025-09-30T14:00:00Z,2025-09-30T15:00:00Z,2025-09-30,19.47,19579.0,962.0,0.7074533858627977,,,,,
2025-10-01_30d_d168_h3,157,context,2025-09-30T15:00:00Z,2025-09-30T16:00:00Z,2025-09-30,18.81,24503.0,1059.0,0.6383864096141405,,,,,
2025-10-01_30d_d168_h3,158,context,2025-09-30T16:00:00Z,2025-09-30T17:00:00Z,2025-09-30,20.33,26172.0,1455.0,0.6163412263490164,,,,,
2025-10-01_30d_d168_h3,159,context,2025-09-30T17:00:00Z,2025-09-30T18:00:00Z,2025-09-30,24.19,26286.0,1511.0,0.6251681006393832,,,,,
2025-10-01_30d_d168_h3,160,context,2025-09-30T18:00:00Z,2025-09-30T19:00:00Z,2025-09-30,30.18,25598.0,1579.0,0.6713603627568968,,,,,
2025-10-01_30d_d168_h3,161,context,2025-09-30T19:00:00Z,2025-09-30T20:00:00Z,2025-09-30,34.25,25630.0,1739.0,0.6952711936484616,,,,,
2025-10-01_30d_d168_h3,162,context,2025-09-30T20:00:00Z,2025-09-30T21:00:00Z,2025-09-30,34.64,25188.0,2178.0,0.7064610298206041,,,,,
2025-10-01_30d_d168_h3,163,context,2025-09-30T21:00:00Z,2025-09-30T22:00:00Z,2025-09-30,36.12,24252.0,2289.0,0.7221368028587591,,,,,
2025-10-01_30d_d168_h3,164,context,2025-09-30T22:00:00Z,2025-09-30T23:00:00Z,2025-09-30,39.94,21067.0,2648.0,0.7601365545968713,,,,,
2025-10-01_30d_d168_h3,165,context,2025-09-30T23:00:00Z,2025-10-01T00:00:00Z,2025-09-30,76.23,8053.0,3237.0,0.8719472556925387,,,,,
2025-10-01_30d_d168_h3,166,context,2025-10-01T00:00:00Z,2025-10-01T01:00:00Z,2025-09-30,69.32,293.0,4710.0,0.9371815615956534,,,,,
2025-10-01_30d_d168_h3,167,context,2025-10-01T01:00:00Z,2025-10-01T02:00:00Z,2025-09-30,56.88,2.0,7583.0,0.9351323073238783,,,,,
2025-10-01_30d_d168_h3,168,context,2025-10-01T02:00:00Z,2025-10-01T03:00:00Z,2025-09-30,41.9,0.0,9270.0,0.9312433760346303,,,,,
2025-10-01_30d_d168_h3,169,context,2025-10-01T03:00:00Z,2025-10-01T04:00:00Z,2025-09-30,29.07,0.0,10919.0,0.9079155835098721,,,,,
2025-10-01_30d_d168_h3,170,context,2025-10-01T04:00:00Z,2025-10-01T05:00:00Z,2025-09-30,24.16,0.0,12855.0,0.8417346762263912,,,,,
2025-10-01_30d_d168_h3,171,core,2025-10-01T05:00:00Z,2025-10-01T06:00:00Z,2025-10-01,23.13,0.0,14238.0,0.7900185840472486,2025-09-30T23:00:00Z,direct_ridge_90d_v1,0.0,12891.385364769665,0.8691500949419211
2025-10-01_30d_d168_h3,172,core,2025-10-01T06:00:00Z,2025-10-01T07:00:00Z,2025-10-01,21.33,0.0,13982.0,0.7740093403138509,2025-09-30T23:00:00Z,direct_ridge_90d_v1,0.0,12328.351387273062,0.8703229561506334
2025-10-01_30d_d168_h3,173,core,2025-10-01T07:00:00Z,2025-10-01T08:00:00Z,2025-10-01,19.57,0.0,13012.0,0.7796351158259462,2025-09-30T23:00:00Z,direct_ridge_90d_v1,0.0,11759.845700499922,0.8716643599558835
2025-10-01_30d_d168_h3,174,core,2025-10-01T08:00:00Z,2025-10-01T09:00:00Z,2025-10-01,18.59,0.0,12144.0,0.8007479524099573,2025-09-30T23:00:00Z,direct_ridge_90d_v1,0.0,11108.752699077875,0.8760543304412288
2025-10-01_30d_d168_h3,175,core,2025-10-01T09:00:00Z,2025-10-01T10:00:00Z,2025-10-01,19.21,0.0,11198.0,0.8294209209319183,2025-09-30T23:00:00Z,direct_ridge_90d_v1,0.0,10398.93963372163,0.8863369997073283
2025-10-01_30d_d168_h3,176,core,2025-10-01T10:00:00Z,2025-10-01T11:00:00Z,2025-10-01,21.65,0.0,10356.0,0.865950145184207,2025-09-30T23:00:00Z,direct_ridge_90d_v1,0.0,9621.038682118968,0.9071244306415506
2025-10-01_30d_d168_h3,177,core,2025-10-01T11:00:00Z,2025-10-01T12:00:00Z,2025-10-01,27.16,0.0,9885.0,0.9077456481304789,2025-09-30T23:00:00Z,direct_ridge_90d_v1,0.0,8993.628801221063,0.924485380360119
2025-10-01_30d_d168_h3,178,core,2025-10-01T12:00:00Z,2025-10-01T13:00:00Z,2025-10-01,28.17,646.0,9275.0,0.9223712800028326,2025-09-30T23:00:00Z,direct_ridge_90d_v1,766.3835455658955,8401.460023953623,0.9242788222234347
2025-10-01_30d_d168_h3,179,core,2025-10-01T13:00:00Z,2025-10-01T14:00:00Z,2025-10-01,18.32,11472.0,7640.0,0.7281188837423025,2025-09-30T23:00:00Z,direct_ridge_90d_v1,10964.125728903173,6877.257206223736,0.7586260227310438
2025-10-01_30d_d168_h3,180,core,2025-10-01T14:00:00Z,2025-10-01T15:00:00Z,2025-10-01,13.17,24328.0,4329.0,0.5725831157675456,2025-09-30T23:00:00Z,direct_ridge_90d_v1,20984.95614814258,5882.691427958628,0.6333285460762381
2025-10-01_30d_d168_h3,181,core,2025-10-01T15:00:00Z,2025-10-01T16:00:00Z,2025-10-01,15.24,26971.0,3729.0,0.5523341906658925,2025-09-30T23:00:00Z,direct_ridge_90d_v1,23760.085567174738,6107.07814963048,0.5951467350516965
2025-10-01_30d_d168_h3,182,core,2025-10-01T16:00:00Z,2025-10-01T17:00:00Z,2025-10-01,18.98,26909.0,4196.0,0.5601725529276472,2025-09-30T23:00:00Z,direct_ridge_90d_v1,24798.294994739208,5837.67915864432,0.5954699768760662
2025-10-01_30d_d168_h3,183,core,2025-10-01T17:00:00Z,2025-10-01T18:00:00Z,2025-10-01,24.84,26287.0,3069.0,0.610469849133538,2025-09-30T23:00:00Z,direct_ridge_90d_v1,24704.931746349183,5447.9257959912375,0.6245291232684834
2025-10-01_30d_d168_h3,184,core,2025-10-01T18:00:00Z,2025-10-01T19:00:00Z,2025-10-01,31.02,25250.0,2383.0,0.6864875695169763,2025-09-30T23:00:00Z,direct_ridge_90d_v1,24396.310027038857,5472.392801076398,0.6606997279866818
2025-10-01_30d_d168_h3,185,core,2025-10-01T19:00:00Z,2025-10-01T20:00:00Z,2025-10-01,36.0,24885.0,2295.0,0.7082087302684836,2025-09-30T23:00:00Z,direct_ridge_90d_v1,23866.24123628239,5906.658517334463,0.6766759627399095
2025-10-01_30d_d168_h3,186,core,2025-10-01T20:00:00Z,2025-10-01T21:00:00Z,2025-10-01,37.81,24196.0,2199.0,0.7278957480917038,2025-09-30T23:00:00Z,direct_ridge_90d_v1,22938.45874397211,6648.111044902059,0.6820024432236756
2025-10-01_30d_d168_h3,187,core,2025-10-01T21:00:00Z,2025-10-01T22:00:00Z,2025-10-01,43.19,24062.0,2308.0,0.7366796786605848,2025-09-30T23:00:00Z,direct_ridge_90d_v1,21448.18338223688,7437.236852510967,0.6941499613767839
2025-10-01_30d_d168_h3,188,core,2025-10-01T22:00:00Z,2025-10-01T23:00:00Z,2025-10-01,60.63,20133.0,3010.0,0.767468386944575,2025-09-30T23:00:00Z,direct_ridge_90d_v1,18273.136090619293,8322.616439141299,0.7182292640075225
2025-10-01_30d_d168_h3,189,core,2025-10-01T23:00:00Z,2025-10-02T00:00:00Z,2025-10-01,91.64,7353.0,4534.0,0.8520274634499155,2025-09-30T23:00:00Z,direct_ridge_90d_v1,8494.479381008972,9107.705122936834,0.7942459119567338
2025-10-01_30d_d168_h3,190,core,2025-10-02T00:00:00Z,2025-10-02T01:00:00Z,2025-10-01,84.68,247.0,7912.0,0.8983642057599549,2025-09-30T23:00:00Z,direct_ridge_90d_v1,76.64547325594003,9579.14164329713,0.8652082005880769
2025-10-01_30d_d168_h3,191,core,2025-10-02T01:00:00Z,2025-10-02T02:00:00Z,2025-10-01,52.91,0.0,12510.0,0.8852993937598763,2025-09-30T23:00:00Z,direct_ridge_90d_v1,0.0,10753.8474411971,0.8837296549479889
2025-10-01_30d_d168_h3,192,core,2025-10-02T02:00:00Z,2025-10-02T03:00:00Z,2025-10-01,37.24,0.0,15321.0,0.8471730057235485,2025-09-30T23:00:00Z,direct_ridge_90d_v1,0.0,12357.346752008827,0.8976514119166582
2025-10-01_30d_d168_h3,193,core,2025-10-02T03:00:00Z,2025-10-02T04:00:00Z,2025-10-01,26.24,0.0,17228.0,0.7971624286058877,2025-09-30T23:00:00Z,direct_ridge_90d_v1,0.0,13354.788715289784,0.8883796172111607
2025-10-01_30d_d168_h3,194,core,2025-10-02T04:00:00Z,2025-10-02T05:00:00Z,2025-10-01,23.28,0.0,18488.0,0.754399336057934,2025-09-30T23:00:00Z,direct_ridge_90d_v1,0.0,13532.764934306495,0.8749532743475242
2025-10-01_30d_d168_h3,195,core,2025-10-02T05:00:00Z,2025-10-02T06:00:00Z,2025-10-02,22.54,0.0,19174.0,0.719096705870845,2025-10-01T23:00:00Z,direct_ridge_90d_v1,0.0,12719.51677913883,0.8790934600416301
2025-10-01_30d_d168_h3,196,core,2025-10-02T06:00:00Z,2025-10-02T07:00:00Z,2025-10-02,20.54,0.0,19046.0,0.6854785250835408,2025-10-01T23:00:00Z,direct_ridge_90d_v1,0.0,12275.22265635747,0.8812881345160297
2025-10-01_30d_d168_h3,197,core,2025-10-02T07:00:00Z,2025-10-02T08:00:00Z,2025-10-02,19.37,0.0,18002.0,0.6865444653812296,2025-10-01T23:00:00Z,direct_ridge_90d_v1,0.0,11734.986646571415,0.8839376195166885
2025-10-01_30d_d168_h3,198,core,2025-10-02T08:00:00Z,2025-10-02T09:00:00Z,2025-10-02,19.66,0.0,16507.0,0.7072698336232234,2025-10-01T23:00:00Z,direct_ridge_90d_v1,0.0,11021.394954279398,0.8900761350680745
2025-10-01_30d_d168_h3,199,core,2025-10-02T09:00:00Z,2025-10-02T10:00:00Z,2025-10-02,20.69,0.0,14388.0,0.7646289085239848,2025-10-01T23:00:00Z,direct_ridge_90d_v1,0.0,10160.887915389438,0.9040082717087078
2025-10-01_30d_d168_h3,200,core,2025-10-02T10:00:00Z,2025-10-02T11:00:00Z,2025-10-02,22.9,0.0,12582.0,0.848545193605022,2025-10-01T23:00:00Z,direct_ridge_90d_v1,0.0,9262.279737252653,0.9258216740898322
2025-10-01_30d_d168_h3,201,core,2025-10-02T11:00:00Z,2025-10-02T12:00:00Z,2025-10-02,28.74,0.0,10695.0,0.9116714858133477,2025-10-01T23:00:00Z,direct_ridge_90d_v1,0.8126615321529762,8567.281967345789,0.9381945738467876
2025-10-01_30d_d168_h3,202,core,2025-10-02T12:00:00Z,2025-10-02T13:00:00Z,2025-10-02,31.71,509.0,8589.0,0.9345591971235854,2025-10-01T23:00:00Z,direct_ridge_90d_v1,800.1207005320691,7940.531425760408,0.941186945789158
2025-10-01_30d_d168_h3,203,core,2025-10-02T13:00:00Z,2025-10-02T14:00:00Z,2025-10-02,19.24,10444.0,6470.0,0.7853609912957878,2025-10-01T23:00:00Z,direct_ridge_90d_v1,10650.036583373454,6446.652133583359,0.7769106976333574
2025-10-01_30d_d168_h3,204,core,2025-10-02T14:00:00Z,2025-10-02T15:00:00Z,2025-10-02,14.92,23324.0,2979.0,0.6240391135315266,2025-10-01T23:00:00Z,direct_ridge_90d_v1,20362.913278447257,5348.052129819223,0.6443007936682382
2025-10-01_30d_d168_h3,205,core,2025-10-02T15:00:00Z,2025-10-02T16:00:00Z,2025-10-02,17.67,26615.0,2102.0,0.6146172170843937,2025-10-01T23:00:00Z,direct_ridge_90d_v1,23234.036085355976,5545.723456540025,0.6106308393973154
2025-10-01_30d_d168_h3,206,core,2025-10-02T16:00:00Z,2025-10-02T17:00:00Z,2025-10-02,21.04,26451.0,1873.0,0.6418727568355365,2025-10-01T23:00:00Z,direct_ridge_90d_v1,24137.50908152125,5379.1360662176885,0.6089618706238885
2025-10-01_30d_d168_h3,207,core,2025-10-02T17:00:00Z,2025-10-02T18:00:00Z,2025-10-02,27.72,25620.0,1223.0,0.6894741288214559,2025-10-01T23:00:00Z,direct_ridge_90d_v1,24040.423378617717,5130.348381122829,0.6342799871700248
2025-10-01_30d_d168_h3,208,core,2025-10-02T18:00:00Z,2025-10-02T19:00:00Z,2025-10-02,32.63,24458.0,1332.0,0.7210325176474112,2025-10-01T23:00:00Z,direct_ridge_90d_v1,23865.363006059702,5147.557658514648,0.660850455674828
2025-10-01_30d_d168_h3,209,core,2025-10-02T19:00:00Z,2025-10-02T20:00:00Z,2025-10-02,38.23,24224.0,1903.0,0.7267384633290848,2025-10-01T23:00:00Z,direct_ridge_90d_v1,23599.671939662443,5465.87843722913,0.6808518903634964
2025-10-01_30d_d168_h3,210,core,2025-10-02T20:00:00Z,2025-10-02T21:00:00Z,2025-10-02,41.2,24070.0,2681.0,0.721839811044958,2025-10-01T23:00:00Z,direct_ridge_90d_v1,22915.140734516393,6113.889377711541,0.6908639990676307
2025-10-01_30d_d168_h3,211,core,2025-10-02T21:00:00Z,2025-10-02T22:00:00Z,2025-10-02,43.13,23101.0,3499.0,0.7307491927144617,2025-10-01T23:00:00Z,direct_ridge_90d_v1,21459.57538758686,6890.934396118414,0.7056485649435909
2025-10-01_30d_d168_h3,212,core,2025-10-02T22:00:00Z,2025-10-02T23:00:00Z,2025-10-02,53.83,18924.0,4946.0,0.7574932205091115,2025-10-01T23:00:00Z,direct_ridge_90d_v1,18292.626666509183,7709.010733831914,0.7357857377122514
2025-10-01_30d_d168_h3,213,core,2025-10-02T23:00:00Z,2025-10-03T00:00:00Z,2025-10-02,81.38,6671.0,7127.0,0.8202307873148842,2025-10-01T23:00:00Z,direct_ridge_90d_v1,8556.762510542332,8678.054803781642,0.8140191232442566
2025-10-01_30d_d168_h3,214,core,2025-10-03T00:00:00Z,2025-10-03T01:00:00Z,2025-10-02,74.56,204.0,9972.0,0.8759546344130874,2025-10-01T23:00:00Z,direct_ridge_90d_v1,427.0836530562924,9051.693758704329,0.8815084783516745
2025-10-01_30d_d168_h3,215,core,2025-10-03T01:00:00Z,2025-10-03T02:00:00Z,2025-10-02,44.09,0.0,13197.0,0.8706464980354328,2025-10-01T23:00:00Z,direct_ridge_90d_v1,0.0,10084.149042254063,0.895352062641099
2025-10-01_30d_d168_h3,216,core,2025-10-03T02:00:00Z,2025-10-03T03:00:00Z,2025-10-02,36.24,0.0,16079.0,0.8318058285122207,2025-10-01T23:00:00Z,direct_ridge_90d_v1,0.0,11443.815962093116,0.9103992423343569
2025-10-01_30d_d168_h3,217,core,2025-10-03T03:00:00Z,2025-10-03T04:00:00Z,2025-10-02,28.96,0.0,17717.0,0.7881763761892745,2025-10-01T23:00:00Z,direct_ridge_90d_v1,0.0,12447.336673163285,0.9000695297708561
2025-10-01_30d_d168_h3,218,core,2025-10-03T04:00:00Z,2025-10-03T05:00:00Z,2025-10-02,25.38,0.0,18157.0,0.7787077561553227,2025-10-01T23:00:00Z,direct_ridge_90d_v1,0.0,12848.620854653433,0.8864405459837379
2025-10-01_30d_d168_h3,219,core,2025-10-03T05:00:00Z,2025-10-03T06:00:00Z,2025-10-03,25.72,0.0,17755.0,0.7744642009234669,2025-10-02T23:00:00Z,direct_ridge_90d_v1,0.0,12000.854237324644,0.8463359455770791
2025-10-01_30d_d168_h3,220,core,2025-10-03T06:00:00Z,2025-10-03T07:00:00Z,2025-10-03,24.47,0.0,16604.0,0.780698088182573,2025-10-02T23:00:00Z,direct_ridge_90d_v1,0.0,11574.985784291584,0.8440852384173849
2025-10-01_30d_d168_h3,221,core,2025-10-03T07:00:00Z,2025-10-03T08:00:00Z,2025-10-03,23.29,0.0,15175.0,0.7941252774246179,2025-10-02T23:00:00Z,direct_ridge_90d_v1,0.0,11030.717647618343,0.8435892768501575
2025-10-01_30d_d168_h3,222,core,2025-10-03T08:00:00Z,2025-10-03T09:00:00Z,2025-10-03,24.06,0.0,13915.0,0.8153876254136762,2025-10-02T23:00:00Z,direct_ridge_90d_v1,0.0,10288.08903079799,0.8516927204000507
2025-10-01_30d_d168_h3,223,core,2025-10-03T09:00:00Z,2025-10-03T10:00:00Z,2025-10-03,24.3,0.0,12269.0,0.8467857891241534,2025-10-02T23:00:00Z,direct_ridge_90d_v1,0.0,9398.120820222583,0.8697391320343504
2025-10-01_30d_d168_h3,224,core,2025-10-03T10:00:00Z,2025-10-03T11:00:00Z,2025-10-03,29.27,0.0,10454.0,0.8985919922015829,2025-10-02T23:00:00Z,direct_ridge_90d_v1,0.0,8626.605741688143,0.8939266410941398
2025-10-01_30d_d168_h3,225,core,2025-10-03T11:00:00Z,2025-10-03T12:00:00Z,2025-10-03,31.45,0.0,8439.0,0.9266942843915524,2025-10-02T23:00:00Z,direct_ridge_90d_v1,4.61617281479138,7999.631480820868,0.9189289684097662
2025-10-01_30d_d168_h3,226,core,2025-10-03T12:00:00Z,2025-10-03T13:00:00Z,2025-10-03,35.4,516.0,6792.0,0.9387027413288951,2025-10-02T23:00:00Z,direct_ridge_90d_v1,626.6975190283986,7386.350998793969,0.9253399069764139
2025-10-01_30d_d168_h3,227,core,2025-10-03T13:00:00Z,2025-10-03T14:00:00Z,2025-10-03,23.49,10554.0,5366.0,0.8136915004289219,2025-10-02T23:00:00Z,direct_ridge_90d_v1,10503.425055735523,5837.162592721332,0.7605712591141536
2025-10-01_30d_d168_h3,228,core,2025-10-03T14:00:00Z,2025-10-03T15:00:00Z,2025-10-03,17.93,23070.0,2497.0,0.6467166718636552,2025-10-02T23:00:00Z,direct_ridge_90d_v1,20650.368968028633,4256.501252818621,0.6386129815162999
2025-10-01_30d_d168_h3,229,core,2025-10-03T15:00:00Z,2025-10-03T16:00:00Z,2025-10-03,18.93,25690.0,1839.0,0.6460701614841045,2025-10-02T23:00:00Z,direct_ridge_90d_v1,23579.363837187044,4453.548844337783,0.6087089825095475
2025-10-01_30d_d168_h3,230,core,2025-10-03T16:00:00Z,2025-10-03T17:00:00Z,2025-10-03,22.26,25764.0,1987.0,0.6653292425886612,2025-10-02T23:00:00Z,direct_ridge_90d_v1,24677.210856531536,4476.16593428351,0.6140432315528126
2025-10-01_30d_d168_h3,231,core,2025-10-03T17:00:00Z,2025-10-03T18:00:00Z,2025-10-03,26.92,25493.0,2440.0,0.6729169668860281,2025-10-02T23:00:00Z,direct_ridge_90d_v1,24809.93272436967,4283.709139735229,0.6424478246140681
2025-10-01_30d_d168_h3,232,core,2025-10-03T18:00:00Z,2025-10-03T19:00:00Z,2025-10-03,36.17,24499.0,3448.0,0.6817282437629745,2025-10-02T23:00:00Z,direct_ridge_90d_v1,24401.234306211638,4250.523468841811,0.6717303518306882
2025-10-01_30d_d168_h3,233,core,2025-10-03T19:00:00Z,2025-10-03T20:00:00Z,2025-10-03,38.43,24957.0,4887.0,0.6741621813147295,2025-10-02T23:00:00Z,direct_ridge_90d_v1,23850.14967097247,4583.581547222113,0.6860121285578649
2025-10-01_30d_d168_h3,234,core,2025-10-03T20:00:00Z,2025-10-03T21:00:00Z,2025-10-03,38.78,24457.0,6148.0,0.6781970418807387,2025-10-02T23:00:00Z,direct_ridge_90d_v1,23123.071110376804,5235.340196841345,0.6966803037961403
2025-10-01_30d_d168_h3,235,core,2025-10-03T21:00:00Z,2025-10-03T22:00:00Z,2025-10-03,37.92,23081.0,7775.0,0.6767832473102723,2025-10-02T23:00:00Z,direct_ridge_90d_v1,21516.427095414187,6042.194228063693,0.7072284684932356
2025-10-01_30d_d168_h3,236,core,2025-10-03T22:00:00Z,2025-10-03T23:00:00Z,2025-10-03,47.19,19092.0,9728.0,0.6876635090268929,2025-10-02T23:00:00Z,direct_ridge_90d_v1,18071.40027660809,6885.74462996551,0.7349487749171406
2025-10-01_30d_d168_h3,237,core,2025-10-03T23:00:00Z,2025-10-04T00:00:00Z,2025-10-03,65.45,6485.0,11475.0,0.7765503588811739,2025-10-02T23:00:00Z,direct_ridge_90d_v1,7794.288012638333,7801.203183022652,0.81002517001281
2025-10-01_30d_d168_h3,238,core,2025-10-04T00:00:00Z,2025-10-04T01:00:00Z,2025-10-03,61.97,162.0,13004.0,0.8300802857792886,2025-10-02T23:00:00Z,direct_ridge_90d_v1,111.62544168231989,8360.912690555053,0.8682101049855133
2025-10-01_30d_d168_h3,239,core,2025-10-04T01:00:00Z,2025-10-04T02:00:00Z,2025-10-03,41.37,0.0,16315.0,0.8239379641829235,2025-10-02T23:00:00Z,direct_ridge_90d_v1,0.0,9647.457357820485,0.8872134203038757
2025-10-01_30d_d168_h3,240,core,2025-10-04T02:00:00Z,2025-10-04T03:00:00Z,2025-10-03,33.69,0.0,18491.0,0.8177242380765448,2025-10-02T23:00:00Z,direct_ridge_90d_v1,0.0,11068.725211053581,0.9006506272470794
2025-10-01_30d_d168_h3,241,core,2025-10-04T03:00:00Z,2025-10-04T04:00:00Z,2025-10-03,28.15,0.0,19703.0,0.8000617828062685,2025-10-02T23:00:00Z,direct_ridge_90d_v1,0.0,12030.002874640257,0.8879614517568251
2025-10-01_30d_d168_h3,242,core,2025-10-04T04:00:00Z,2025-10-04T05:00:00Z,2025-10-03,24.47,0.0,20577.0,0.7747632719786173,2025-10-02T23:00:00Z,direct_ridge_90d_v1,0.0,12392.180299688833,0.8724021082792673
2025-10-01_30d_d168_h3,243,core,2025-10-04T05:00:00Z,2025-10-04T06:00:00Z,2025-10-04,29.87,0.0,20409.0,0.7579774011587529,2025-10-03T23:00:00Z,direct_ridge_90d_v1,0.0,12702.129614194742,0.8668700693346059
2025-10-01_30d_d168_h3,244,core,2025-10-04T06:00:00Z,2025-10-04T07:00:00Z,2025-10-04,26.99,0.0,19566.0,0.7671331057608627,2025-10-03T23:00:00Z,direct_ridge_90d_v1,0.0,12130.97148642558,0.8709081901896962
2025-10-01_30d_d168_h3,245,core,2025-10-04T07:00:00Z,2025-10-04T08:00:00Z,2025-10-04,24.98,0.0,18421.0,0.7634794054938724,2025-10-03T23:00:00Z,direct_ridge_90d_v1,0.0,11556.606687867921,0.8747062432133249
2025-10-01_30d_d168_h3,246,core,2025-10-04T08:00:00Z,2025-10-04T09:00:00Z,2025-10-04,23.27,0.0,17702.0,0.7676603676536359,2025-10-03T23:00:00Z,direct_ridge_90d_v1,0.0,10917.241372607426,0.88041672904877
2025-10-01_30d_d168_h3,247,core,2025-10-04T09:00:00Z,2025-10-04T10:00:00Z,2025-10-04,23.51,0.0,17354.0,0.7659224463944164,2025-10-03T23:00:00Z,direct_ridge_90d_v1,0.0,10148.051462685204,0.8933458668451044
2025-10-01_30d_d168_h3,248,core,2025-10-04T10:00:00Z,2025-10-04T11:00:00Z,2025-10-04,23.63,0.0,16426.0,0.7947699500124359,2025-10-03T23:00:00Z,direct_ridge_90d_v1,0.0,9310.016845668131,0.9137411954269222
2025-10-01_30d_d168_h3,249,core,2025-10-04T11:00:00Z,2025-10-04T12:00:00Z,2025-10-04,24.71,0.0,15539.0,0.8347740801754705,2025-10-03T23:00:00Z,direct_ridge_90d_v1,0.0,8681.975845892372,0.9313646677723423
2025-10-01_30d_d168_h3,250,core,2025-10-04T12:00:00Z,2025-10-04T13:00:00Z,2025-10-04,26.17,592.0,14608.0,0.8401495271167906,2025-10-03T23:00:00Z,direct_ridge_90d_v1,568.8250995057235,8171.329788181159,0.9355557677505166
2025-10-01_30d_d168_h3,251,core,2025-10-04T13:00:00Z,2025-10-04T14:00:00Z,2025-10-04,18.09,11148.0,12927.0,0.6550025560280642,2025-10-03T23:00:00Z,direct_ridge_90d_v1,10274.789645067282,6986.581357860011,0.7662306816985879
2025-10-01_30d_d168_h3,252,core,2025-10-04T14:00:00Z,2025-10-04T15:00:00Z,2025-10-04,11.41,23864.0,10093.0,0.47960943016833724,2025-10-03T23:00:00Z,direct_ridge_90d_v1,20450.598671971984,5808.4761672395925,0.6340859886092659
2025-10-01_30d_d168_h3,253,core,2025-10-04T15:00:00Z,2025-10-04T16:00:00Z,2025-10-04,14.32,25388.0,12232.0,0.42841010931119666,2025-10-03T23:00:00Z,direct_ridge_90d_v1,23433.572508446985,6035.467039160325,0.5967971234986554
2025-10-01_30d_d168_h3,254,core,2025-10-04T16:00:00Z,2025-10-04T17:00:00Z,2025-10-04,18.49,24831.0,13164.0,0.4339116112382336,2025-10-03T23:00:00Z,direct_ridge_90d_v1,24392.336241968,5793.074316788357,0.593078638300183
2025-10-01_30d_d168_h3,255,core,2025-10-04T17:00:00Z,2025-10-04T18:00:00Z,2025-10-04,26.57,25081.0,12369.0,0.48113928701147934,2025-10-03T23:00:00Z,direct_ridge_90d_v1,24315.997256944982,5148.780509545371,0.6189022048830992
2025-10-01_30d_d168_h3,256,core,2025-10-04T18:00:00Z,2025-10-04T19:00:00Z,2025-10-04,30.45,25067.0,12716.0,0.517493159872663,2025-10-03T23:00:00Z,direct_ridge_90d_v1,24082.729333453844,4945.887838824456,0.6564980292838993
2025-10-01_30d_d168_h3,257,core,2025-10-04T19:00:00Z,2025-10-04T20:00:00Z,2025-10-04,37.46,24159.0,14050.0,0.5331994133690527,2025-10-03T23:00:00Z,direct_ridge_90d_v1,23474.913580656492,5257.781931196016,0.6813466467290605
2025-10-01_30d_d168_h3,258,core,2025-10-04T20:00:00Z,2025-10-04T21:00:00Z,2025-10-04,36.09,23951.0,15393.0,0.5355031955048611,2025-10-03T23:00:00Z,direct_ridge_90d_v1,22493.743103300774,5948.280097040513,0.6956822936577537
2025-10-01_30d_d168_h3,259,core,2025-10-04T21:00:00Z,2025-10-04T22:00:00Z,2025-10-04,34.69,22534.0,16553.0,0.5472666104526859,2025-10-03T23:00:00Z,direct_ridge_90d_v1,21063.069505439795,6660.116415080387,0.7093813046074464
2025-10-01_30d_d168_h3,260,core,2025-10-04T22:00:00Z,2025-10-04T23:00:00Z,2025-10-04,29.14,18134.0,18078.0,0.5670867107843386,2025-10-03T23:00:00Z,direct_ridge_90d_v1,17707.887702074368,7525.4996230055085,0.7405571995460167
2025-10-01_30d_d168_h3,261,core,2025-10-04T23:00:00Z,2025-10-05T00:00:00Z,2025-10-04,48.74,6588.0,19521.0,0.6937441991195126,2025-10-03T23:00:00Z,direct_ridge_90d_v1,7080.810642214781,8320.637993270186,0.8282814502875752
2025-10-01_30d_d168_h3,262,core,2025-10-05T00:00:00Z,2025-10-05T01:00:00Z,2025-10-04,47.58,147.0,19299.0,0.7546865854697782,2025-10-03T23:00:00Z,direct_ridge_90d_v1,0.0,8940.0023684814,0.8927464891987732
2025-10-01_30d_d168_h3,263,core,2025-10-05T01:00:00Z,2025-10-05T02:00:00Z,2025-10-04,39.98,0.0,20786.0,0.7589113929237871,2025-10-03T23:00:00Z,direct_ridge_90d_v1,0.0,10197.626155377973,0.9036683072616988
2025-10-01_30d_d168_h3,264,core,2025-10-05T02:00:00Z,2025-10-05T03:00:00Z,2025-10-04,32.54,1.0,22896.0,0.7351586794316959,2025-10-03T23:00:00Z,direct_ridge_90d_v1,0.0,11565.204070212127,0.9130429240634491
2025-10-01_30d_d168_h3,265,core,2025-10-05T03:00:00Z,2025-10-05T04:00:00Z,2025-10-04,25.71,1.0,23692.0,0.7042298086038965,2025-10-03T23:00:00Z,direct_ridge_90d_v1,0.0,12408.391805504561,0.8986707760875337
2025-10-01_30d_d168_h3,266,core,2025-10-05T04:00:00Z,2025-10-05T05:00:00Z,2025-10-04,24.89,1.0,23499.0,0.7107271759846032,2025-10-03T23:00:00Z,direct_ridge_90d_v1,0.0,12581.073831890597,0.882978764230263
2025-10-01_30d_d168_h3,267,core,2025-10-05T05:00:00Z,2025-10-05T06:00:00Z,2025-10-05,22.88,0.0,23447.0,0.7021922416159349,2025-10-04T23:00:00Z,direct_ridge_90d_v1,0.0,13965.181389318657,0.8521865916769238
2025-10-01_30d_d168_h3,268,core,2025-10-05T06:00:00Z,2025-10-05T07:00:00Z,2025-10-05,21.63,1.0,22836.0,0.6674535335354181,2025-10-04T23:00:00Z,direct_ridge_90d_v1,0.0,13372.065281493744,0.8557452965886033
2025-10-01_30d_d168_h3,269,core,2025-10-05T07:00:00Z,2025-10-05T08:00:00Z,2025-10-05,20.54,1.0,22621.0,0.6484711180878807,2025-10-04T23:00:00Z,direct_ridge_90d_v1,0.0,12820.70965124985,0.858284065097583
2025-10-01_30d_d168_h3,270,core,2025-10-05T08:00:00Z,2025-10-05T09:00:00Z,2025-10-05,19.88,1.0,22428.0,0.6413040229489536,2025-10-04T23:00:00Z,direct_ridge_90d_v1,0.0,12208.829865563903,0.8598947807911492
2025-10-01_30d_d168_h3,271,core,2025-10-05T09:00:00Z,2025-10-05T10:00:00Z,2025-10-05,19.34,1.0,22128.0,0.6382718692178379,2025-10-04T23:00:00Z,direct_ridge_90d_v1,0.0,11329.679755455627,0.8747682480154444
2025-10-01_30d_d168_h3,272,core,2025-10-05T10:00:00Z,2025-10-05T11:00:00Z,2025-10-05,19.16,1.0,21638.0,0.6368835386139136,2025-10-04T23:00:00Z,direct_ridge_90d_v1,0.0,10371.198211243678,0.899832487698272
2025-10-01_30d_d168_h3,273,core,2025-10-05T11:00:00Z,2025-10-05T12:00:00Z,2025-10-05,19.2,0.0,20862.0,0.6433450079281927,2025-10-04T23:00:00Z,direct_ridge_90d_v1,0.0,9585.153374030695,0.9188708930999706
2025-10-01_30d_d168_h3,274,core,2025-10-05T12:00:00Z,2025-10-05T13:00:00Z,2025-10-05,19.0,585.0,19938.0,0.6398500104715757,2025-10-04T23:00:00Z,direct_ridge_90d_v1,521.5473183793342,8873.82468080304,0.9255017901733933
2025-10-01_30d_d168_h3,275,core,2025-10-05T13:00:00Z,2025-10-05T14:00:00Z,2025-10-05,12.7,10612.0,17861.0,0.5234599731588226,2025-10-04T23:00:00Z,direct_ridge_90d_v1,10226.296378988889,7620.723522571454,0.7564878077573449
2025-10-01_30d_d168_h3,276,core,2025-10-05T14:00:00Z,2025-10-05T15:00:00Z,2025-10-05,6.68,19761.0,15888.0,0.4322011918838491,2025-10-04T23:00:00Z,direct_ridge_90d_v1,20623.510559259565,6529.62386219227,0.6172120013643152
2025-10-01_30d_d168_h3,277,core,2025-10-05T15:00:00Z,2025-10-05T16:00:00Z,2025-10-05,11.11,20954.0,16290.0,0.41393373295641506,2025-10-04T23:00:00Z,direct_ridge_90d_v1,23547.022203201817,6613.296695636114,0.5839024393423607
2025-10-01_30d_d168_h3,278,core,2025-10-05T16:00:00Z,2025-10-05T17:00:00Z,2025-10-05,15.82,21949.0,16039.0,0.4325261071105801,2025-10-04T23:00:00Z,direct_ridge_90d_v1,24374.472131342904,6140.652844651856,0.5846673044340431
2025-10-01_30d_d168_h3,279,core,2025-10-05T17:00:00Z,2025-10-05T18:00:00Z,2025-10-05,24.28,23821.0,14335.0,0.47373956470257644,2025-10-04T23:00:00Z,direct_ridge_90d_v1,24232.531003987544,5417.880387154207,0.613624451695801
2025-10-01_30d_d168_h3,280,core,2025-10-05T18:00:00Z,2025-10-05T19:00:00Z,2025-10-05,30.06,25103.0,13012.0,0.5275298019662727,2025-10-04T23:00:00Z,direct_ridge_90d_v1,23951.9281758523,5239.509478700184,0.6500081054810084
2025-10-01_30d_d168_h3,281,core,2025-10-05T19:00:00Z,2025-10-05T20:00:00Z,2025-10-05,34.31,25403.0,12772.0,0.562335150231506,2025-10-04T23:00:00Z,direct_ridge_90d_v1,23415.88176308732,5525.849061102627,0.677058079143959
2025-10-01_30d_d168_h3,282,core,2025-10-05T20:00:00Z,2025-10-05T21:00:00Z,2025-10-05,32.99,24865.0,12536.0,0.583704183457475,2025-10-04T23:00:00Z,direct_ridge_90d_v1,22554.31742578536,6238.298667449088,0.6897750725703181
2025-10-01_30d_d168_h3,283,core,2025-10-05T21:00:00Z,2025-10-05T22:00:00Z,2025-10-05,30.83,24106.0,12592.0,0.5942254641269782,2025-10-04T23:00:00Z,direct_ridge_90d_v1,21235.538035016412,6996.119758456399,0.7023754941852818
2025-10-01_30d_d168_h3,284,core,2025-10-05T22:00:00Z,2025-10-05T23:00:00Z,2025-10-05,35.11,19001.0,13716.0,0.644130627977103,2025-10-04T23:00:00Z,direct_ridge_90d_v1,17784.135465036383,7956.170577109608,0.7341161993536918
2025-10-01_30d_d168_h3,285,core,2025-10-05T23:00:00Z,2025-10-06T00:00:00Z,2025-10-05,71.18,6269.0,15195.0,0.7611053101115586,2025-10-04T23:00:00Z,direct_ridge_90d_v1,7084.004126046144,9285.660059730048,0.8325313820470415
2025-10-01_30d_d168_h3,286,core,2025-10-06T00:00:00Z,2025-10-06T01:00:00Z,2025-10-05,65.05,108.0,15928.0,0.8152092427487078,2025-10-04T23:00:00Z,direct_ridge_90d_v1,0.0,10177.390467761865,0.89661624843065
2025-10-01_30d_d168_h3,287,core,2025-10-06T01:00:00Z,2025-10-06T02:00:00Z,2025-10-05,50.18,0.0,18698.0,0.8205761451880939,2025-10-04T23:00:00Z,direct_ridge_90d_v1,0.0,11783.737786546128,0.9016508840415285
2025-10-01_30d_d168_h3,288,core,2025-10-06T02:00:00Z,2025-10-06T03:00:00Z,2025-10-05,36.97,1.0,20973.0,0.8021885294394631,2025-10-04T23:00:00Z,direct_ridge_90d_v1,0.0,13114.676943453867,0.9023513824353961
2025-10-01_30d_d168_h3,289,core,2025-10-06T03:00:00Z,2025-10-06T04:00:00Z,2025-10-05,29.29,1.0,21994.0,0.7571980568649485,2025-10-04T23:00:00Z,direct_ridge_90d_v1,0.0,13698.497453050008,0.8838513946693017
2025-10-01_30d_d168_h3,290,core,2025-10-06T04:00:00Z,2025-10-06T05:00:00Z,2025-10-05,24.33,1.0,22486.0,0.7028732063616323,2025-10-04T23:00:00Z,direct_ridge_90d_v1,0.0,13723.19377418792,0.8635171744417834
2025-10-01_30d_d168_h3,291,core,2025-10-06T05:00:00Z,2025-10-06T06:00:00Z,2025-10-06,20.35,1.0,22225.0,0.6821360853654882,2025-10-05T23:00:00Z,direct_ridge_90d_v1,0.0,13608.767299618474,0.8492371451714659
2025-10-01_30d_d168_h3,292,core,2025-10-06T06:00:00Z,2025-10-06T07:00:00Z,2025-10-06,19.44,0.0,20704.0,0.6877474303748603,2025-10-05T23:00:00Z,direct_ridge_90d_v1,0.0,13022.816146123256,0.845943716408184
2025-10-01_30d_d168_h3,293,core,2025-10-06T07:00:00Z,2025-10-06T08:00:00Z,2025-10-06,19.18,0.0,19496.0,0.6978658055245928,2025-10-05T23:00:00Z,direct_ridge_90d_v1,0.0,12401.566019693977,0.8461165239378107
2025-10-01_30d_d168_h3,294,core,2025-10-06T08:00:00Z,2025-10-06T09:00:00Z,2025-10-06,20.14,0.0,18401.0,0.711886228771909,2025-10-05T23:00:00Z,direct_ridge_90d_v1,0.0,11735.56192314226,0.8519448243441324
2025-10-01_30d_d168_h3,295,core,2025-10-06T09:00:00Z,2025-10-06T10:00:00Z,2025-10-06,21.46,0.0,17157.0,0.7358798054210799,2025-10-05T23:00:00Z,direct_ridge_90d_v1,0.0,10869.987769130517,0.8682276128113492
2025-10-01_30d_d168_h3,296,core,2025-10-06T10:00:00Z,2025-10-06T11:00:00Z,2025-10-06,25.29,0.0,14919.0,0.8063519037866871,2025-10-05T23:00:00Z,direct_ridge_90d_v1,0.0,10099.161791242117,0.8958195301315617
2025-10-01_30d_d168_h3,297,core,2025-10-06T11:00:00Z,2025-10-06T12:00:00Z,2025-10-06,35.8,0.0,12946.0,0.8971858643693282,2025-10-05T23:00:00Z,direct_ridge_90d_v1,0.7943436522223841,9324.828457332696,0.9178919164276998
2025-10-01_30d_d168_h3,298,core,2025-10-06T12:00:00Z,2025-10-06T13:00:00Z,2025-10-06,39.72,530.0,10897.0,0.934312077832187,2025-10-05T23:00:00Z,direct_ridge_90d_v1,611.242263181289,8428.202637207914,0.9266191998229353
2025-10-01_30d_d168_h3,299,core,2025-10-06T13:00:00Z,2025-10-06T14:00:00Z,2025-10-06,28.29,10125.0,8988.0,0.7746767441046264,2025-10-05T23:00:00Z,direct_ridge_90d_v1,10751.12470849566,6814.091141771967,0.7608905311149396
2025-10-01_30d_d168_h3,300,core,2025-10-06T14:00:00Z,2025-10-06T15:00:00Z,2025-10-06,19.57,22042.0,7663.0,0.5796351050614863,2025-10-05T23:00:00Z,direct_ridge_90d_v1,21565.094945525838,5298.190628146938,0.6228445603670851
2025-10-01_30d_d168_h3,301,core,2025-10-06T15:00:00Z,2025-10-06T16:00:00Z,2025-10-06,21.49,23946.0,9333.0,0.5424195589239722,2025-10-05T23:00:00Z,direct_ridge_90d_v1,24538.509985891942,5382.86627980117,0.5951688923947355
2025-10-01_30d_d168_h3,302,core,2025-10-06T16:00:00Z,2025-10-06T17:00:00Z,2025-10-06,27.14,23016.0,8484.0,0.5945744846050303,2025-10-05T23:00:00Z,direct_ridge_90d_v1,25330.41936784748,4786.201165380153,0.602664727752845
2025-10-01_30d_d168_h3,303,core,2025-10-06T17:00:00Z,2025-10-06T18:00:00Z,2025-10-06,39.67,22398.0,6489.0,0.6800445877903608,2025-10-05T23:00:00Z,direct_ridge_90d_v1,25122.23622253746,4253.562111184945,0.6345096418970776
2025-10-01_30d_d168_h3,304,core,2025-10-06T18:00:00Z,2025-10-06T19:00:00Z,2025-10-06,44.29,21773.0,4508.0,0.7435140239976017,2025-10-05T23:00:00Z,direct_ridge_90d_v1,24754.030250322634,4373.729401930161,0.6647555116119432
2025-10-01_30d_d168_h3,305,core,2025-10-06T19:00:00Z,2025-10-06T20:00:00Z,2025-10-06,51.19,21573.0,4760.0,0.7555476042679286,2025-10-05T23:00:00Z,direct_ridge_90d_v1,24505.977841164913,4916.133354650711,0.6763236090489367
2025-10-01_30d_d168_h3,306,core,2025-10-06T20:00:00Z,2025-10-06T21:00:00Z,2025-10-06,50.48,20858.0,6177.0,0.7498079143514954,2025-10-05T23:00:00Z,direct_ridge_90d_v1,23782.099900426998,5714.122559760247,0.6807361910982648
2025-10-01_30d_d168_h3,307,core,2025-10-06T21:00:00Z,2025-10-06T22:00:00Z,2025-10-06,55.84,20316.0,6970.0,0.7486062779139111,2025-10-05T23:00:00Z,direct_ridge_90d_v1,22401.988498079383,6697.314101371512,0.6893531971598973
2025-10-01_30d_d168_h3,308,core,2025-10-06T22:00:00Z,2025-10-06T23:00:00Z,2025-10-06,67.35,16590.0,7867.0,0.7679803959029479,2025-10-05T23:00:00Z,direct_ridge_90d_v1,18740.980716621605,8033.756857791381,0.7161286119469121
2025-10-01_30d_d168_h3,309,core,2025-10-06T23:00:00Z,2025-10-07T00:00:00Z,2025-10-06,91.37,5024.0,8598.0,0.8494641858775025,2025-10-05T23:00:00Z,direct_ridge_90d_v1,7687.980543510776,9195.23643849574,0.813600045863065
2025-10-01_30d_d168_h3,310,core,2025-10-07T00:00:00Z,2025-10-07T01:00:00Z,2025-10-06,83.95,83.0,9857.0,0.892117240323038,2025-10-05T23:00:00Z,direct_ridge_90d_v1,33.20712156062473,9912.489866368767,0.8801354947251289
2025-10-01_30d_d168_h3,311,core,2025-10-07T01:00:00Z,2025-10-07T02:00:00Z,2025-10-06,62.77,0.0,12621.0,0.912971557942852,2025-10-05T23:00:00Z,direct_ridge_90d_v1,0.0,11470.981365429368,0.888347493778628
2025-10-01_30d_d168_h3,312,core,2025-10-07T02:00:00Z,2025-10-07T03:00:00Z,2025-10-06,49.16,0.0,15152.0,0.8935758508707253,2025-10-05T23:00:00Z,direct_ridge_90d_v1,0.0,13007.578905591336,0.8887248759433514
2025-10-01_30d_d168_h3,313,core,2025-10-07T03:00:00Z,2025-10-07T04:00:00Z,2025-10-06,37.21,0.0,16863.0,0.8661917101669596,2025-10-05T23:00:00Z,direct_ridge_90d_v1,0.0,13956.510804353395,0.8717572620806643
2025-10-01_30d_d168_h3,314,core,2025-10-07T04:00:00Z,2025-10-07T05:00:00Z,2025-10-06,31.43,0.0,17357.0,0.8313945415630138,2025-10-05T23:00:00Z,direct_ridge_90d_v1,0.0,14239.940973342134,0.8487578287891315
2025-10-01_30d_d168_h3,315,core,2025-10-07T05:00:00Z,2025-10-07T06:00:00Z,2025-10-07,28.94,0.0,17410.0,0.798697686380933,2025-10-06T23:00:00Z,direct_ridge_90d_v1,0.0,14544.58214915764,0.8283216004977239
2025-10-01_30d_d168_h3,316,core,2025-10-07T06:00:00Z,2025-10-07T07:00:00Z,2025-10-07,27.84,0.0,15802.0,0.801292473808315,2025-10-06T23:00:00Z,direct_ridge_90d_v1,0.0,13840.73248182169,0.8250915896095617
2025-10-01_30d_d168_h3,317,core,2025-10-07T07:00:00Z,2025-10-07T08:00:00Z,2025-10-07,27.51,0.0,13827.0,0.8469498785781892,2025-10-06T23:00:00Z,direct_ridge_90d_v1,0.0,13143.996343838455,0.8237699882867179
2025-10-01_30d_d168_h3,318,core,2025-10-07T08:00:00Z,2025-10-07T09:00:00Z,2025-10-07,27.71,0.0,12794.0,0.8584372376981136,2025-10-06T23:00:00Z,direct_ridge_90d_v1,0.0,12564.638078629296,0.8302459468366904
2025-10-01_30d_d168_h3,319,core,2025-10-07T09:00:00Z,2025-10-07T10:00:00Z,2025-10-07,28.84,0.0,11847.0,0.8695321384319404,2025-10-06T23:00:00Z,direct_ridge_90d_v1,0.0,11906.034935296204,0.8428482131273007
2025-10-01_30d_d168_h3,320,core,2025-10-07T10:00:00Z,2025-10-07T11:00:00Z,2025-10-07,33.87,0.0,9808.0,0.9474877348048006,2025-10-06T23:00:00Z,direct_ridge_90d_v1,0.0,11281.736075627625,0.8712245500014832
2025-10-01_30d_d168_h3,321,core,2025-10-07T11:00:00Z,2025-10-07T12:00:00Z,2025-10-07,39.73,0.0,8672.0,0.969971465701254,2025-10-06T23:00:00Z,direct_ridge_90d_v1,0.3823038079424599,10473.504716305266,0.9013621923665233
2025-10-01_30d_d168_h3,322,core,2025-10-07T12:00:00Z,2025-10-07T13:00:00Z,2025-10-07,41.82,360.0,6614.0,0.9809351242705846,2025-10-06T23:00:00Z,direct_ridge_90d_v1,618.1417471439906,9479.413094909596,0.9121965641420486
2025-10-01_30d_d168_h3,323,core,2025-10-07T13:00:00Z,2025-10-07T14:00:00Z,2025-10-07,27.64,8773.0,5099.0,0.8830974536258765,2025-10-06T23:00:00Z,direct_ridge_90d_v1,10668.263824439735,7825.352563964114,0.7511681003447929
2025-10-01_30d_d168_h3,324,core,2025-10-07T14:00:00Z,2025-10-07T15:00:00Z,2025-10-07,22.98,19693.0,4047.0,0.7248423394391719,2025-10-06T23:00:00Z,direct_ridge_90d_v1,21376.76205803255,6208.984343423963,0.6282972323964072
2025-10-01_30d_d168_h3,325,core,2025-10-07T15:00:00Z,2025-10-07T16:00:00Z,2025-10-07,25.09,21691.0,4503.0,0.7019467535964039,2025-10-06T23:00:00Z,direct_ridge_90d_v1,24317.335215943785,6621.003802230105,0.5971293928616974
2025-10-01_30d_d168_h3,326,core,2025-10-07T16:00:00Z,2025-10-07T17:00:00Z,2025-10-07,31.08,21675.0,4265.0,0.7267267412985274,2025-10-06T23:00:00Z,direct_ridge_90d_v1,25078.817454669133,6097.337160338977,0.601360423745294
2025-10-01_30d_d168_h3,327,core,2025-10-07T17:00:00Z,2025-10-07T18:00:00Z,2025-10-07,40.97,20457.0,3777.0,0.7680413483363919,2025-10-06T23:00:00Z,direct_ridge_90d_v1,24902.61749463153,5183.121277405637,0.6351488019069836
2025-10-01_30d_d168_h3,328,core,2025-10-07T18:00:00Z,2025-10-07T19:00:00Z,2025-10-07,50.52,19129.0,3789.0,0.7919213292638313,2025-10-06T23:00:00Z,direct_ridge_90d_v1,24505.06014336875,5044.32753768397,0.6720577813866326
2025-10-01_30d_d168_h3,329,core,2025-10-07T19:00:00Z,2025-10-07T20:00:00Z,2025-10-07,54.07,17757.0,4372.0,0.7966397037337608,2025-10-06T23:00:00Z,direct_ridge_90d_v1,24183.80004245964,5762.681504270849,0.6804712995700681
2025-10-01_30d_d168_h3,330,core,2025-10-07T20:00:00Z,2025-10-07T21:00:00Z,2025-10-07,54.15,17978.0,5842.0,0.7923796691095247,2025-10-06T23:00:00Z,direct_ridge_90d_v1,23467.761739088157,6792.064911650411,0.6834647393009198
2025-10-01_30d_d168_h3,331,core,2025-10-07T21:00:00Z,2025-10-07T22:00:00Z,2025-10-07,54.29,16076.0,7290.0,0.7960291269663035,2025-10-06T23:00:00Z,direct_ridge_90d_v1,22022.887138731738,8029.990451883774,0.6912424772057909
2025-10-01_30d_d168_h3,332,core,2025-10-07T22:00:00Z,2025-10-07T23:00:00Z,2025-10-07,66.17,12585.0,9016.0,0.808521421199475,2025-10-06T23:00:00Z,direct_ridge_90d_v1,18350.63188912281,9514.407711408327,0.7136920042874374
2025-10-01_30d_d168_h3,333,core,2025-10-07T23:00:00Z,2025-10-08T00:00:00Z,2025-10-07,90.74,3750.0,10526.0,0.866144836550155,2025-10-06T23:00:00Z,direct_ridge_90d_v1,7373.665277775646,10228.686020140956,0.8000833447747482
2025-10-01_30d_d168_h3,334,core,2025-10-08T00:00:00Z,2025-10-08T01:00:00Z,2025-10-07,79.82,38.0,10452.0,0.8950272011277726,2025-10-06T23:00:00Z,direct_ridge_90d_v1,46.70547354280279,10766.14268879785,0.8611789307285287
2025-10-01_30d_d168_h3,335,core,2025-10-08T01:00:00Z,2025-10-08T02:00:00Z,2025-10-07,70.16,0.0,10304.0,0.9163525798901596,2025-10-06T23:00:00Z,direct_ridge_90d_v1,0.0,11924.557768901452,0.8722484248937885
2025-10-01_30d_d168_h3,336,core,2025-10-08T02:00:00Z,2025-10-08T03:00:00Z,2025-10-07,48.05,0.0,10592.0,0.9538223406427142,2025-10-06T23:00:00Z,direct_ridge_90d_v1,0.0,13227.247361532196,0.8767306463983329
2025-10-01_30d_d168_h3,337,core,2025-10-08T03:00:00Z,2025-10-08T04:00:00Z,2025-10-07,38.27,0.0,10645.0,0.9601930880946833,2025-10-06T23:00:00Z,direct_ridge_90d_v1,0.0,13997.665786424843,0.8652255173382659
2025-10-01_30d_d168_h3,338,core,2025-10-08T04:00:00Z,2025-10-08T05:00:00Z,2025-10-07,33.91,0.0,10374.0,0.964974624751374,2025-10-06T23:00:00Z,direct_ridge_90d_v1,0.0,14195.163464485455,0.844930335797878
2025-10-01_30d_d168_h3,339,core,2025-10-08T05:00:00Z,2025-10-08T06:00:00Z,2025-10-08,28.67,0.0,8929.0,0.9891429334961225,2025-10-07T23:00:00Z,direct_ridge_90d_v1,0.0,14440.469044231257,0.8518549458934006
2025-10-01_30d_d168_h3,340,core,2025-10-08T06:00:00Z,2025-10-08T07:00:00Z,2025-10-08,27.48,0.0,7507.0,1.017334651660092,2025-10-07T23:00:00Z,direct_ridge_90d_v1,0.0,13685.20156933729,0.8509375688893066
2025-10-01_30d_d168_h3,341,core,2025-10-08T07:00:00Z,2025-10-08T08:00:00Z,2025-10-08,26.67,0.0,6935.0,1.0304809754822257,2025-10-07T23:00:00Z,direct_ridge_90d_v1,0.0,12943.829801898943,0.8540095274285441
2025-10-01_30d_d168_h3,342,core,2025-10-08T08:00:00Z,2025-10-08T09:00:00Z,2025-10-08,26.08,1.0,6946.0,1.0314021909727193,2025-10-07T23:00:00Z,direct_ridge_90d_v1,0.0,12342.326479402886,0.8617378522406829
2025-10-01_30d_d168_h3,343,core,2025-10-08T09:00:00Z,2025-10-08T10:00:00Z,2025-10-08,26.13,1.0,6215.0,1.0465375885040256,2025-10-07T23:00:00Z,direct_ridge_90d_v1,0.0,11782.379986322994,0.8701033992845101
2025-10-01_30d_d168_h3,344,core,2025-10-08T10:00:00Z,2025-10-08T11:00:00Z,2025-10-08,27.76,1.0,5385.0,1.0561560390113223,2025-10-07T23:00:00Z,direct_ridge_90d_v1,0.0,11092.849634291542,0.8915032033316189
2025-10-01_30d_d168_h3,345,core,2025-10-08T11:00:00Z,2025-10-08T12:00:00Z,2025-10-08,31.89,1.0,5042.0,1.0448273859126427,2025-10-07T23:00:00Z,direct_ridge_90d_v1,4.95038760574619,10345.485834293271,0.9105396141692106
2025-10-01_30d_d168_h3,346,core,2025-10-08T12:00:00Z,2025-10-08T13:00:00Z,2025-10-08,34.24,424.0,4692.0,1.0359412537992052,2025-10-07T23:00:00Z,direct_ridge_90d_v1,696.4694472918579,9525.282853481092,0.9097577807706206
2025-10-01_30d_d168_h3,347,core,2025-10-08T13:00:00Z,2025-10-08T14:00:00Z,2025-10-08,25.32,7632.0,3763.0,0.922370374230789,2025-10-07T23:00:00Z,direct_ridge_90d_v1,11052.84863163919,8320.078192676168,0.7456575011240724
2025-10-01_30d_d168_h3,348,core,2025-10-08T14:00:00Z,2025-10-08T15:00:00Z,2025-10-08,22.25,19001.0,2278.0,0.7654204317785529,2025-10-07T23:00:00Z,direct_ridge_90d_v1,21672.817882321,7177.411217306564,0.6183427312811036
2025-10-01_30d_d168_h3,349,core,2025-10-08T15:00:00Z,2025-10-08T16:00:00Z,2025-10-08,22.52,21958.0,2219.0,0.7399660242909994,2025-10-07T23:00:00Z,direct_ridge_90d_v1,24586.350944351747,7683.867761179881,0.5819254734317758
2025-10-01_30d_d168_h3,350,core,2025-10-08T16:00:00Z,2025-10-08T17:00:00Z,2025-10-08,26.42,22259.0,2981.0,0.7284180125417197,2025-10-07T23:00:00Z,direct_ridge_90d_v1,25320.547694337474,7114.273414944874,0.5818543026653561
2025-10-01_30d_d168_h3,351,core,2025-10-08T17:00:00Z,2025-10-08T18:00:00Z,2025-10-08,35.32,21714.0,3797.0,0.7325364031312653,2025-10-07T23:00:00Z,direct_ridge_90d_v1,25373.725304256153,6063.327849182343,0.6081562834312148
2025-10-01_30d_d168_h3,352,core,2025-10-08T18:00:00Z,2025-10-08T19:00:00Z,2025-10-08,38.73,20843.0,4643.0,0.7498839403220106,2025-10-07T23:00:00Z,direct_ridge_90d_v1,25059.148116614688,5833.530702037369,0.6483970590135325
2025-10-01_30d_d168_h3,353,core,2025-10-08T19:00:00Z,2025-10-08T20:00:00Z,2025-10-08,43.02,19474.0,5277.0,0.7600513039978442,2025-10-07T23:00:00Z,direct_ridge_90d_v1,24753.53008365445,6505.392936295472,0.668507808970556
2025-10-01_30d_d168_h3,354,core,2025-10-08T20:00:00Z,2025-10-08T21:00:00Z,2025-10-08,45.36,18307.0,6012.0,0.7692784031232209,2025-10-07T23:00:00Z,direct_ridge_90d_v1,24006.26931161238,7495.788600281599,0.6761974578227279
2025-10-01_30d_d168_h3,355,core,2025-10-08T21:00:00Z,2025-10-08T22:00:00Z,2025-10-08,53.58,17013.0,6902.0,0.7725015099933867,2025-10-07T23:00:00Z,direct_ridge_90d_v1,22667.438907935644,8462.329446748035,0.689620115312818
2025-10-01_30d_d168_h3,356,core,2025-10-08T22:00:00Z,2025-10-08T23:00:00Z,2025-10-08,68.99,12609.0,7379.0,0.8096605187522893,2025-10-07T23:00:00Z,direct_ridge_90d_v1,18903.109993203725,9947.434776443679,0.7129737466774759
2025-10-01_30d_d168_h3,357,core,2025-10-08T23:00:00Z,2025-10-09T00:00:00Z,2025-10-08,97.58,3344.0,7169.0,0.8868836423362787,2025-10-07T23:00:00Z,direct_ridge_90d_v1,7695.856775058572,10915.06827355514,0.7937510388832564
2025-10-01_30d_d168_h3,358,core,2025-10-09T00:00:00Z,2025-10-09T01:00:00Z,2025-10-08,83.21,35.0,6571.0,0.9425862665065288,2025-10-07T23:00:00Z,direct_ridge_90d_v1,184.58551505223386,11443.652230530643,0.8613033003972821
2025-10-01_30d_d168_h3,359,core,2025-10-09T01:00:00Z,2025-10-09T02:00:00Z,2025-10-08,78.11,0.0,7446.0,0.9618042171144354,2025-10-07T23:00:00Z,direct_ridge_90d_v1,0.0,12387.163340851428,0.8764340754062265
2025-10-01_30d_d168_h3,360,core,2025-10-09T02:00:00Z,2025-10-09T03:00:00Z,2025-10-08,52.21,0.0,8366.0,0.9760244438205185,2025-10-07T23:00:00Z,direct_ridge_90d_v1,0.0,13381.334757126155,0.8822319483396217
2025-10-01_30d_d168_h3,361,core,2025-10-09T03:00:00Z,2025-10-09T04:00:00Z,2025-10-08,39.85,0.0,8889.0,0.9754174342866678,2025-10-07T23:00:00Z,direct_ridge_90d_v1,0.0,13834.778379540454,0.8761771408547535
2025-10-01_30d_d168_h3,362,core,2025-10-09T04:00:00Z,2025-10-09T05:00:00Z,2025-10-08,32.89,0.0,8747.0,0.9750117176065892,2025-10-07T23:00:00Z,direct_ridge_90d_v1,0.0,13850.830442130526,0.8627343435675696
2025-10-01_30d_d168_h3,363,core,2025-10-09T05:00:00Z,2025-10-09T06:00:00Z,2025-10-09,33.22,0.0,8580.0,0.9598992491905107,2025-10-08T23:00:00Z,direct_ridge_90d_v1,0.0,14793.41762912745,0.8393796556540477
2025-10-01_30d_d168_h3,364,core,2025-10-09T06:00:00Z,2025-10-09T07:00:00Z,2025-10-09,29.86,0.0,8624.0,0.9536439555001316,2025-10-08T23:00:00Z,direct_ridge_90d_v1,0.0,14006.319695121845,0.8421202723449137
2025-10-01_30d_d168_h3,365,core,2025-10-09T07:00:00Z,2025-10-09T08:00:00Z,2025-10-09,28.63,0.0,9018.0,0.9480485132158156,2025-10-08T23:00:00Z,direct_ridge_90d_v1,0.0,13281.343754075764,0.8488597591653085
2025-10-01_30d_d168_h3,366,core,2025-10-09T08:00:00Z,2025-10-09T09:00:00Z,2025-10-09,27.27,0.0,9612.0,0.9304644060913696,2025-10-08T23:00:00Z,direct_ridge_90d_v1,0.0,12636.294609845703,0.8552775247949057
2025-10-01_30d_d168_h3,367,core,2025-10-09T09:00:00Z,2025-10-09T10:00:00Z,2025-10-09,26.52,0.0,9753.0,0.9264118924015986,2025-10-08T23:00:00Z,direct_ridge_90d_v1,0.0,11968.496666001318,0.8647686655080606
2025-10-01_30d_d168_h3,368,core,2025-10-09T10:00:00Z,2025-10-09T11:00:00Z,2025-10-09,28.65,0.0,9519.0,0.9401748091983533,2025-10-08T23:00:00Z,direct_ridge_90d_v1,0.0,11138.7540227347,0.8876407551516601
2025-10-01_30d_d168_h3,369,core,2025-10-09T11:00:00Z,2025-10-09T12:00:00Z,2025-10-09,32.36,0.0,9170.0,0.9490489194081102,2025-10-08T23:00:00Z,direct_ridge_90d_v1,0.30534973189638137,10343.037470739391,0.9052557888516269
2025-10-01_30d_d168_h3,370,core,2025-10-09T12:00:00Z,2025-10-09T13:00:00Z,2025-10-09,34.9,397.0,8934.0,0.9541466373732065,2025-10-08T23:00:00Z,direct_ridge_90d_v1,686.0765903427982,9516.41583998351,0.9108191362702941
2025-10-01_30d_d168_h3,371,core,2025-10-09T13:00:00Z,2025-10-09T14:00:00Z,2025-10-09,24.32,8972.0,7991.0,0.8045464645037267,2025-10-08T23:00:00Z,direct_ridge_90d_v1,10855.175536567212,8282.270567045802,0.7384114130559932
2025-10-01_30d_d168_h3,372,core,2025-10-09T14:00:00Z,2025-10-09T15:00:00Z,2025-10-09,19.68,21403.0,5960.0,0.6298390082320316,2025-10-08T23:00:00Z,direct_ridge_90d_v1,21606.93758208236,6983.166167266822,0.5992087336085828
2025-10-01_30d_d168_h3,373,core,2025-10-09T15:00:00Z,2025-10-09T16:00:00Z,2025-10-09,19.4,25610.0,6280.0,0.5726887882384204,2025-10-08T23:00:00Z,direct_ridge_90d_v1,24490.71587210611,7315.524694576644,0.5713184132858944
2025-10-01_30d_d168_h3,374,core,2025-10-09T16:00:00Z,2025-10-09T17:00:00Z,2025-10-09,22.18,26026.0,7049.0,0.5480010174802162,2025-10-08T23:00:00Z,direct_ridge_90d_v1,25131.76380789078,6917.637857595003,0.5784663708638262
2025-10-01_30d_d168_h3,375,core,2025-10-09T17:00:00Z,2025-10-09T18:00:00Z,2025-10-09,30.8,24872.0,6324.0,0.613267434757016,2025-10-08T23:00:00Z,direct_ridge_90d_v1,24994.453191277542,6127.715086228023,0.6112423869545913
2025-10-01_30d_d168_h3,376,core,2025-10-09T18:00:00Z,2025-10-09T19:00:00Z,2025-10-09,38.54,23778.0,5902.0,0.6601715725251496,2025-10-08T23:00:00Z,direct_ridge_90d_v1,24733.07539598883,5966.204258754318,0.6460915793835487
2025-10-01_30d_d168_h3,377,core,2025-10-09T19:00:00Z,2025-10-09T20:00:00Z,2025-10-09,41.43,23536.0,6211.0,0.6694293305492781,2025-10-08T23:00:00Z,direct_ridge_90d_v1,24465.189241752058,6435.75104899186,0.6682789031213903
2025-10-01_30d_d168_h3,378,core,2025-10-09T20:00:00Z,2025-10-09T21:00:00Z,2025-10-09,43.45,23238.0,6970.0,0.6715545812035171,2025-10-08T23:00:00Z,direct_ridge_90d_v1,23783.903621034213,7293.081314973468,0.6764689750022289
2025-10-01_30d_d168_h3,379,core,2025-10-09T21:00:00Z,2025-10-09T22:00:00Z,2025-10-09,41.29,22749.0,7598.0,0.6749918248023756,2025-10-08T23:00:00Z,direct_ridge_90d_v1,22727.61503983345,8102.610542715136,0.6895612420272773
2025-10-01_30d_d168_h3,380,core,2025-10-09T22:00:00Z,2025-10-09T23:00:00Z,2025-10-09,50.58,17501.0,8520.0,0.7168839579577054,2025-10-08T23:00:00Z,direct_ridge_90d_v1,19273.739284608248,9277.825381560091,0.7188932800676788
2025-10-01_30d_d168_h3,381,core,2025-10-09T23:00:00Z,2025-10-10T00:00:00Z,2025-10-09,83.08,4990.0,8771.0,0.809386401600654,2025-10-08T23:00:00Z,direct_ridge_90d_v1,7433.727661048772,10519.29153693296,0.811647699342573
2025-10-01_30d_d168_h3,382,core,2025-10-10T00:00:00Z,2025-10-10T01:00:00Z,2025-10-09,78.94,52.0,8903.0,0.8757443202839551,2025-10-08T23:00:00Z,direct_ridge_90d_v1,269.31513815106337,11272.875427437806,0.8743692106734674
2025-10-01_30d_d168_h3,383,core,2025-10-10T01:00:00Z,2025-10-10T02:00:00Z,2025-10-09,56.37,0.0,10522.0,0.9031538736777162,2025-10-08T23:00:00Z,direct_ridge_90d_v1,0.0,12663.328676304445,0.8833066497262807
2025-10-01_30d_d168_h3,384,core,2025-10-10T02:00:00Z,2025-10-10T03:00:00Z,2025-10-09,41.01,0.0,12270.0,0.8985359763641341,2025-10-08T23:00:00Z,direct_ridge_90d_v1,0.0,13890.23814470509,0.8830517886053759
2025-10-01_30d_d168_h3,385,core,2025-10-10T03:00:00Z,2025-10-10T04:00:00Z,2025-10-09,30.66,0.0,13438.0,0.8885080939334046,2025-10-08T23:00:00Z,direct_ridge_90d_v1,0.0,14415.771253014094,0.8690311870006483
2025-10-01_30d_d168_h3,386,core,2025-10-10T04:00:00Z,2025-10-10T05:00:00Z,2025-10-09,27.13,0.0,13962.0,0.8738503856225954,2025-10-08T23:00:00Z,direct_ridge_90d_v1,0.0,14547.253389274341,0.8488727176064744
2025-10-01_30d_d168_h3,387,core,2025-10-10T05:00:00Z,2025-10-10T06:00:00Z,2025-10-10,27.1,0.0,13929.0,0.8576084341382278,2025-10-09T23:00:00Z,direct_ridge_90d_v1,0.0,14939.43700521636,0.8287237830677021
2025-10-01_30d_d168_h3,388,core,2025-10-10T06:00:00Z,2025-10-10T07:00:00Z,2025-10-10,25.09,0.0,13575.0,0.8579872781236455,2025-10-09T23:00:00Z,direct_ridge_90d_v1,0.0,14377.43100550535,0.8235945664683838
2025-10-01_30d_d168_h3,389,core,2025-10-10T07:00:00Z,2025-10-10T08:00:00Z,2025-10-10,23.94,0.0,12763.0,0.8678882799069622,2025-10-09T23:00:00Z,direct_ridge_90d_v1,0.0,13657.685772480163,0.8259740174841033
2025-10-01_30d_d168_h3,390,core,2025-10-10T08:00:00Z,2025-10-10T09:00:00Z,2025-10-10,23.15,0.0,11603.0,0.8871131911619241,2025-10-09T23:00:00Z,direct_ridge_90d_v1,0.0,12910.44919414638,0.8332552428808195
2025-10-01_30d_d168_h3,391,core,2025-10-10T09:00:00Z,2025-10-10T10:00:00Z,2025-10-10,23.23,0.0,10298.0,0.9169103759919416,2025-10-09T23:00:00Z,direct_ridge_90d_v1,0.0,12071.221735937597,0.8493830380993312
2025-10-01_30d_d168_h3,392,core,2025-10-10T10:00:00Z,2025-10-10T11:00:00Z,2025-10-10,25.32,0.0,9425.0,0.9471715075956177,2025-10-09T23:00:00Z,direct_ridge_90d_v1,0.0,11090.408579791803,0.8795083054488394
2025-10-01_30d_d168_h3,393,core,2025-10-10T11:00:00Z,2025-10-10T12:00:00Z,2025-10-10,29.53,0.0,8820.0,0.9560318736230032,2025-10-09T23:00:00Z,direct_ridge_90d_v1,0.0,10195.94584407827,0.9014569962194108
2025-10-01_30d_d168_h3,394,core,2025-10-10T12:00:00Z,2025-10-10T13:00:00Z,2025-10-10,32.01,401.0,8496.0,0.9560327260956363,2025-10-09T23:00:00Z,direct_ridge_90d_v1,754.6456799303169,9279.14355959934,0.9019634275583623
2025-10-01_30d_d168_h3,395,core,2025-10-10T13:00:00Z,2025-10-10T14:00:00Z,2025-10-10,21.64,10211.0,7530.0,0.7789998359494426,2025-10-09T23:00:00Z,direct_ridge_90d_v1,11045.814217948475,7805.097774156489,0.7379412673002873
2025-10-01_30d_d168_h3,396,core,2025-10-10T14:00:00Z,2025-10-10T15:00:00Z,2025-10-10,16.25,23764.0,5026.0,0.5804780030090148,2025-10-09T23:00:00Z,direct_ridge_90d_v1,21793.051376550397,6222.482450070762,0.5991956487273619
2025-10-01_30d_d168_h3,397,core,2025-10-10T15:00:00Z,2025-10-10T16:00:00Z,2025-10-10,16.05,26741.0,5959.0,0.5268390392601257,2025-10-09T23:00:00Z,direct_ridge_90d_v1,24456.61555610218,6477.259581251636,0.5716893721111997
2025-10-01_30d_d168_h3,398,core,2025-10-10T16:00:00Z,2025-10-10T17:00:00Z,2025-10-10,18.76,26849.0,6047.0,0.5152939427921372,2025-10-09T23:00:00Z,direct_ridge_90d_v1,24888.890873237087,6343.851954528147,0.5788320574719901
2025-10-01_30d_d168_h3,399,core,2025-10-10T17:00:00Z,2025-10-10T18:00:00Z,2025-10-10,23.04,25777.0,4242.0,0.5815953537910077,2025-10-09T23:00:00Z,direct_ridge_90d_v1,24653.73567715942,5832.594668012874,0.6084338111834553
2025-10-01_30d_d168_h3,400,core,2025-10-10T18:00:00Z,2025-10-10T19:00:00Z,2025-10-10,31.83,25473.0,3673.0,0.6524224228364265,2025-10-09T23:00:00Z,direct_ridge_90d_v1,24398.992579070327,5694.803956250176,0.6355082159580713
2025-10-01_30d_d168_h3,401,core,2025-10-10T19:00:00Z,2025-10-10T20:00:00Z,2025-10-10,37.64,25546.0,3639.0,0.672592050683244,2025-10-09T23:00:00Z,direct_ridge_90d_v1,24148.341447472227,6111.2402844527405,0.6565352189416325
2025-10-01_30d_d168_h3,402,core,2025-10-10T20:00:00Z,2025-10-10T21:00:00Z,2025-10-10,39.66,25330.0,3829.0,0.6853388084013545,2025-10-09T23:00:00Z,direct_ridge_90d_v1,23654.196867703922,6970.539543032222,0.6674721365590691
2025-10-01_30d_d168_h3,403,core,2025-10-10T21:00:00Z,2025-10-10T22:00:00Z,2025-10-10,39.26,24274.0,3743.0,0.7059960137649104,2025-10-09T23:00:00Z,direct_ridge_90d_v1,22673.299982920435,7825.251583386879,0.679002127177834
2025-10-01_30d_d168_h3,404,core,2025-10-10T22:00:00Z,2025-10-10T23:00:00Z,2025-10-10,46.03,18801.0,3956.0,0.7565611357064603,2025-10-09T23:00:00Z,direct_ridge_90d_v1,19360.705690626775,8806.421340040806,0.7102813505850483
2025-10-01_30d_d168_h3,405,core,2025-10-10T23:00:00Z,2025-10-11T00:00:00Z,2025-10-10,85.49,5240.0,4203.0,0.8562841857858519,2025-10-09T23:00:00Z,direct_ridge_90d_v1,8133.732612491534,9779.242727141604,0.8068589011312257
2025-10-01_30d_d168_h3,406,core,2025-10-11T00:00:00Z,2025-10-11T01:00:00Z,2025-10-10,81.43,47.0,5282.0,0.9397576050816638,2025-10-09T23:00:00Z,direct_ridge_90d_v1,496.85555777716854,10545.211896986537,0.8694322162944366
2025-10-01_30d_d168_h3,407,core,2025-10-11T01:00:00Z,2025-10-11T02:00:00Z,2025-10-10,52.77,0.0,7366.0,0.9603263254067711,2025-10-09T23:00:00Z,direct_ridge_90d_v1,0.0,12018.82523714122,0.8781217288113418
2025-10-01_30d_d168_h3,408,core,2025-10-11T02:00:00Z,2025-10-11T03:00:00Z,2025-10-10,39.92,0.0,9024.0,0.9579650530121316,2025-10-09T23:00:00Z,direct_ridge_90d_v1,0.0,13472.723124590535,0.8783605071721868
2025-10-01_30d_d168_h3,409,core,2025-10-11T03:00:00Z,2025-10-11T04:00:00Z,2025-10-10,30.43,0.0,10836.0,0.9336646589607237,2025-10-09T23:00:00Z,direct_ridge_90d_v1,0.0,14333.115560124359,0.8618849911812585
2025-10-01_30d_d168_h3,410,core,2025-10-11T04:00:00Z,2025-10-11T05:00:00Z,2025-10-10,26.62,0.0,12270.0,0.907253354880139,2025-10-09T23:00:00Z,direct_ridge_90d_v1,0.0,14713.067778600482,0.8380509178759703
2025-10-01_30d_d168_h3,411,core,2025-10-11T05:00:00Z,2025-10-11T06:00:00Z,2025-10-11,28.86,0.0,12948.0,0.8772209711817816,2025-10-10T23:00:00Z,direct_ridge_90d_v1,0.0,14031.67167725764,0.8327937826192714
2025-10-01_30d_d168_h3,412,core,2025-10-11T06:00:00Z,2025-10-11T07:00:00Z,2025-10-11,26.32,0.0,13160.0,0.8621397692925266,2025-10-10T23:00:00Z,direct_ridge_90d_v1,0.0,13596.847555513275,0.8265064169866677
2025-10-01_30d_d168_h3,413,core,2025-10-11T07:00:00Z,2025-10-11T08:00:00Z,2025-10-11,24.94,0.0,12613.0,0.8588111282356922,2025-10-10T23:00:00Z,direct_ridge_90d_v1,0.0,12906.23791069138,0.8283782696971896
2025-10-01_30d_d168_h3,414,core,2025-10-11T08:00:00Z,2025-10-11T09:00:00Z,2025-10-11,23.88,0.0,11931.0,0.8893411826023799,2025-10-10T23:00:00Z,direct_ridge_90d_v1,0.0,12123.102702747792,0.836639398687624
2025-10-01_30d_d168_h3,415,core,2025-10-11T09:00:00Z,2025-10-11T10:00:00Z,2025-10-11,23.09,0.0,11477.0,0.8884405807024113,2025-10-10T23:00:00Z,direct_ridge_90d_v1,0.0,11229.432946868983,0.8548265554974313
2025-10-01_30d_d168_h3,416,core,2025-10-11T10:00:00Z,2025-10-11T11:00:00Z,2025-10-11,23.68,0.0,11313.0,0.8990958847665516,2025-10-10T23:00:00Z,direct_ridge_90d_v1,0.0,10316.904932018435,0.8822110123599634
2025-10-01_30d_d168_h3,417,core,2025-10-11T11:00:00Z,2025-10-11T12:00:00Z,2025-10-11,24.74,0.0,10890.0,0.9182688979667741,2025-10-10T23:00:00Z,direct_ridge_90d_v1,0.08927397101300905,9469.295761509751,0.9065622955697232
2025-10-01_30d_d168_h3,418,core,2025-10-11T12:00:00Z,2025-10-11T13:00:00Z,2025-10-11,26.79,416.0,10886.0,0.9034553769439784,2025-10-10T23:00:00Z,direct_ridge_90d_v1,737.9941690198518,8606.346288617213,0.9074053970240182
2025-10-01_30d_d168_h3,419,core,2025-10-11T13:00:00Z,2025-10-11T14:00:00Z,2025-10-11,18.03,9781.0,10152.0,0.681442484083519,2025-10-10T23:00:00Z,direct_ridge_90d_v1,10995.557461018956,7028.473702089348,0.7433749818854288
2025-10-01_30d_d168_h3,420,core,2025-10-11T14:00:00Z,2025-10-11T15:00:00Z,2025-10-11,13.52,23408.0,6252.0,0.4942658821655996,2025-10-10T23:00:00Z,direct_ridge_90d_v1,22226.41859614454,5158.300166131443,0.6125904555133563
2025-10-01_30d_d168_h3,421,core,2025-10-11T15:00:00Z,2025-10-11T16:00:00Z,2025-10-11,13.6,26025.0,7256.0,0.4568933973749872,2025-10-10T23:00:00Z,direct_ridge_90d_v1,24811.332073326063,5332.315810740945,0.5885441018988744
2025-10-01_30d_d168_h3,422,core,2025-10-11T16:00:00Z,2025-10-11T17:00:00Z,2025-10-11,14.02,25454.0,8842.0,0.4591317961107681,2025-10-10T23:00:00Z,direct_ridge_90d_v1,25053.982857514642,5346.506599330823,0.6017479296863069
2025-10-01_30d_d168_h3,423,core,2025-10-11T17:00:00Z,2025-10-11T18:00:00Z,2025-10-11,16.16,25143.0,9109.0,0.4812383184418242,2025-10-10T23:00:00Z,direct_ridge_90d_v1,24660.21012827084,5031.915211203994,0.6324353603184801
2025-10-01_30d_d168_h3,424,core,2025-10-11T18:00:00Z,2025-10-11T19:00:00Z,2025-10-11,20.8,24768.0,10455.0,0.4979975005027989,2025-10-10T23:00:00Z,direct_ridge_90d_v1,24177.790606760635,4933.136354722152,0.655600030897588
2025-10-01_30d_d168_h3,425,core,2025-10-11T19:00:00Z,2025-10-11T20:00:00Z,2025-10-11,26.49,24436.0,11905.0,0.5213514622108931,2025-10-10T23:00:00Z,direct_ridge_90d_v1,23814.28199330738,5336.182482806154,0.671636855435602
2025-10-01_30d_d168_h3,426,core,2025-10-11T20:00:00Z,2025-10-11T21:00:00Z,2025-10-11,31.7,23760.0,13106.0,0.537625170803324,2025-10-10T23:00:00Z,direct_ridge_90d_v1,23288.806229787435,6198.089163575198,0.6838169060605404
2025-10-01_30d_d168_h3,427,core,2025-10-11T21:00:00Z,2025-10-11T22:00:00Z,2025-10-11,30.95,23020.0,13427.0,0.5463915057248937,2025-10-10T23:00:00Z,direct_ridge_90d_v1,22289.93177505041,7130.569915357017,0.6922751786396975
2025-10-01_30d_d168_h3,428,core,2025-10-11T22:00:00Z,2025-10-11T23:00:00Z,2025-10-11,35.39,18327.0,13695.0,0.5986601881811519,2025-10-10T23:00:00Z,direct_ridge_90d_v1,19031.790907339982,8123.246304323657,0.7214649416377712
2025-10-01_30d_d168_h3,429,core,2025-10-11T23:00:00Z,2025-10-12T00:00:00Z,2025-10-11,52.08,5202.0,14305.0,0.7159394981516325,2025-10-10T23:00:00Z,direct_ridge_90d_v1,7519.6726953052475,9304.490806490796,0.8050195489794882
2025-10-01_30d_d168_h3,430,core,2025-10-12T00:00:00Z,2025-10-12T01:00:00Z,2025-10-11,45.89,42.0,14410.0,0.796260940753058,2025-10-10T23:00:00Z,direct_ridge_90d_v1,384.9179097736801,10033.045229681118,0.8608572434612547
2025-10-01_30d_d168_h3,431,core,2025-10-12T01:00:00Z,2025-10-12T02:00:00Z,2025-10-11,34.46,0.0,18410.0,0.7897044517660998,2025-10-10T23:00:00Z,direct_ridge_90d_v1,0.0,11313.683378253525,0.8736204567776592
2025-10-01_30d_d168_h3,432,core,2025-10-12T02:00:00Z,2025-10-12T03:00:00Z,2025-10-11,26.56,1.0,21910.0,0.74007994428764,2025-10-10T23:00:00Z,direct_ridge_90d_v1,0.0,12642.768574137599,0.8810515988302338
2025-10-01_30d_d168_h3,433,core,2025-10-12T03:00:00Z,2025-10-12T04:00:00Z,2025-10-11,23.52,1.0,23491.0,0.6831212667641069,2025-10-10T23:00:00Z,direct_ridge_90d_v1,0.0,13602.855083447243,0.8713838336734709
2025-10-01_30d_d168_h3,434,core,2025-10-12T04:00:00Z,2025-10-12T05:00:00Z,2025-10-11,22.53,1.0,23645.0,0.6778028529990096,2025-10-10T23:00:00Z,direct_ridge_90d_v1,0.0,14142.416172025858,0.850815985921865
2025-10-01_30d_d168_h3,435,core,2025-10-12T05:00:00Z,2025-10-12T06:00:00Z,2025-10-12,22.11,1.0,23125.0,0.6823795545601433,2025-10-11T23:00:00Z,direct_ridge_90d_v1,0.0,14084.546075518154,0.8207035872120283
2025-10-01_30d_d168_h3,436,core,2025-10-12T06:00:00Z,2025-10-12T07:00:00Z,2025-10-12,20.67,1.0,23169.0,0.6449472857890323,2025-10-11T23:00:00Z,direct_ridge_90d_v1,0.0,13632.629181800183,0.8155760823838879
2025-10-01_30d_d168_h3,437,core,2025-10-12T07:00:00Z,2025-10-12T08:00:00Z,2025-10-12,18.46,1.0,23016.0,0.606183031914332,2025-10-11T23:00:00Z,direct_ridge_90d_v1,0.0,12955.018532566592,0.816185247566083
2025-10-01_30d_d168_h3,438,core,2025-10-12T08:00:00Z,2025-10-12T09:00:00Z,2025-10-12,18.32,1.0,22514.0,0.5955994581496358,2025-10-11T23:00:00Z,direct_ridge_90d_v1,0.0,12219.146916908547,0.823089956659356
2025-10-01_30d_d168_h3,439,core,2025-10-12T09:00:00Z,2025-10-12T10:00:00Z,2025-10-12,16.66,1.0,22256.0,0.5964325507346012,2025-10-11T23:00:00Z,direct_ridge_90d_v1,0.0,11375.62512525834,0.8402620037722134
2025-10-01_30d_d168_h3,440,core,2025-10-12T10:00:00Z,2025-10-12T11:00:00Z,2025-10-12,16.2,1.0,21861.0,0.602645737894236,2025-10-11T23:00:00Z,direct_ridge_90d_v1,0.0,10404.297708359547,0.8713742101124483
2025-10-01_30d_d168_h3,441,core,2025-10-12T11:00:00Z,2025-10-12T12:00:00Z,2025-10-12,17.81,1.0,21406.0,0.6153696700594141,2025-10-11T23:00:00Z,direct_ridge_90d_v1,0.0,9553.57204238827,0.9019749280954085
2025-10-01_30d_d168_h3,442,core,2025-10-12T12:00:00Z,2025-10-12T13:00:00Z,2025-10-12,16.92,374.0,20566.0,0.6154792705466153,2025-10-11T23:00:00Z,direct_ridge_90d_v1,467.10999886567674,8805.438453828425,0.9053721926481891
2025-10-01_30d_d168_h3,443,core,2025-10-12T13:00:00Z,2025-10-12T14:00:00Z,2025-10-12,10.36,8790.0,18846.0,0.49044897031486134,2025-10-11T23:00:00Z,direct_ridge_90d_v1,10038.530827980783,7320.14242946131,0.7533730758223476
2025-10-01_30d_d168_h3,444,core,2025-10-12T14:00:00Z,2025-10-12T15:00:00Z,2025-10-12,6.57,18750.0,16161.0,0.3785202451183388,2025-10-11T23:00:00Z,direct_ridge_90d_v1,21201.12113328063,5517.379154589786,0.6236640976936182
2025-10-01_30d_d168_h3,445,core,2025-10-12T15:00:00Z,2025-10-12T16:00:00Z,2025-10-12,6.75,20098.0,16869.0,0.35810712693209074,2025-10-11T23:00:00Z,direct_ridge_90d_v1,23806.76725582345,5784.873020789089,0.5930457630694104
2025-10-01_30d_d168_h3,446,core,2025-10-12T16:00:00Z,2025-10-12T17:00:00Z,2025-10-12,10.44,21236.0,17202.0,0.3589008879136541,2025-10-11T23:00:00Z,direct_ridge_90d_v1,24284.228413564193,6008.80002513587,0.5968065690403064
2025-10-01_30d_d168_h3,447,core,2025-10-12T17:00:00Z,2025-10-12T18:00:00Z,2025-10-12,18.39,22284.0,16106.0,0.4093526623309288,2025-10-11T23:00:00Z,direct_ridge_90d_v1,24093.116010784055,5573.419959107232,0.6271374142134716
2025-10-01_30d_d168_h3,448,core,2025-10-12T18:00:00Z,2025-10-12T19:00:00Z,2025-10-12,24.69,22728.0,13865.0,0.4891572892495939,2025-10-11T23:00:00Z,direct_ridge_90d_v1,23620.929961272428,5319.151407823185,0.6587094612478173
2025-10-01_30d_d168_h3,449,core,2025-10-12T19:00:00Z,2025-10-12T20:00:00Z,2025-10-12,29.44,22657.0,12605.0,0.5472064710207325,2025-10-11T23:00:00Z,direct_ridge_90d_v1,23159.26843358249,5640.571584553618,0.6754618136225162
2025-10-01_30d_d168_h3,450,core,2025-10-12T20:00:00Z,2025-10-12T21:00:00Z,2025-10-12,34.25,20828.0,12195.0,0.5983529186286018,2025-10-11T23:00:00Z,direct_ridge_90d_v1,22501.927819724475,6380.513690762056,0.6869363301650158
2025-10-01_30d_d168_h3,451,core,2025-10-12T21:00:00Z,2025-10-12T22:00:00Z,2025-10-12,36.23,19970.0,11482.0,0.6391810401283677,2025-10-11T23:00:00Z,direct_ridge_90d_v1,21423.533573538465,7143.001476881647,0.6944116393158767
2025-10-01_30d_d168_h3,452,core,2025-10-12T22:00:00Z,2025-10-12T23:00:00Z,2025-10-12,46.52,14231.0,10662.0,0.7089796948274324,2025-10-11T23:00:00Z,direct_ridge_90d_v1,17665.170074368933,7818.411238409598,0.7254468197272923
2025-10-01_30d_d168_h3,453,core,2025-10-12T23:00:00Z,2025-10-13T00:00:00Z,2025-10-12,68.55,3095.0,10008.0,0.7964730758234605,2025-10-11T23:00:00Z,direct_ridge_90d_v1,5882.886397685881,8791.89410232455,0.8135967863639381
2025-10-01_30d_d168_h3,454,core,2025-10-13T00:00:00Z,2025-10-13T01:00:00Z,2025-10-12,66.09,5.0,11231.0,0.8461074595646169,2025-10-11T23:00:00Z,direct_ridge_90d_v1,38.14180298474821,9394.863861880014,0.8664289123495466
2025-10-01_30d_d168_h3,455,core,2025-10-13T01:00:00Z,2025-10-13T02:00:00Z,2025-10-12,39.18,0.0,13479.0,0.8681264549136164,2025-10-11T23:00:00Z,direct_ridge_90d_v1,0.0,10664.773781620232,0.8761050314849836
2025-10-01_30d_d168_h3,456,core,2025-10-13T02:00:00Z,2025-10-13T03:00:00Z,2025-10-12,36.57,0.0,15277.0,0.8510989331844703,2025-10-11T23:00:00Z,direct_ridge_90d_v1,0.0,12042.819938916493,0.882549997582769
2025-10-01_30d_d168_h3,457,core,2025-10-13T03:00:00Z,2025-10-13T04:00:00Z,2025-10-12,29.25,0.0,15916.0,0.8416910213516184,2025-10-11T23:00:00Z,direct_ridge_90d_v1,0.0,13150.474594486966,0.8692178574316942
2025-10-01_30d_d168_h3,458,core,2025-10-13T04:00:00Z,2025-10-13T05:00:00Z,2025-10-12,26.17,0.0,16146.0,0.8292710401264664,2025-10-11T23:00:00Z,direct_ridge_90d_v1,0.0,13696.566291994543,0.8501090550742315
2025-10-01_30d_d168_h3,459,core,2025-10-13T05:00:00Z,2025-10-13T06:00:00Z,2025-10-13,21.38,0.0,16500.0,0.8161843031625668,2025-10-12T23:00:00Z,direct_ridge_90d_v1,0.0,13085.84049233986,0.8488985021251919
2025-10-01_30d_d168_h3,460,core,2025-10-13T06:00:00Z,2025-10-13T07:00:00Z,2025-10-13,19.96,0.0,16608.0,0.805469225452184,2025-10-12T23:00:00Z,direct_ridge_90d_v1,0.0,12583.98172911258,0.8474624604801515
2025-10-01_30d_d168_h3,461,core,2025-10-13T07:00:00Z,2025-10-13T08:00:00Z,2025-10-13,19.43,0.0,16782.0,0.794136844199216,2025-10-12T23:00:00Z,direct_ridge_90d_v1,0.0,11869.458312321567,0.8537081391783442
2025-10-01_30d_d168_h3,462,core,2025-10-13T08:00:00Z,2025-10-13T09:00:00Z,2025-10-13,20.97,0.0,16033.0,0.807913198637417,2025-10-12T23:00:00Z,direct_ridge_90d_v1,0.0,11138.031621699136,0.8630868991553715
2025-10-01_30d_d168_h3,463,core,2025-10-13T09:00:00Z,2025-10-13T10:00:00Z,2025-10-13,22.38,0.0,15109.0,0.8025074406409657,2025-10-12T23:00:00Z,direct_ridge_90d_v1,0.0,10335.754815876331,0.8791361316056139
2025-10-01_30d_d168_h3,464,core,2025-10-13T10:00:00Z,2025-10-13T11:00:00Z,2025-10-13,26.39,0.0,12993.0,0.8372202512941225,2025-10-12T23:00:00Z,direct_ridge_90d_v1,0.0,9415.439386268165,0.9105411394893165
2025-10-01_30d_d168_h3,465,core,2025-10-13T11:00:00Z,2025-10-13T12:00:00Z,2025-10-13,35.72,0.0,11032.0,0.8813853744331296,2025-10-12T23:00:00Z,direct_ridge_90d_v1,2.05288264995899,8685.29690389866,0.9357025517693931
2025-10-01_30d_d168_h3,466,core,2025-10-13T12:00:00Z,2025-10-13T13:00:00Z,2025-10-13,39.08,315.0,10190.0,0.8779971602973885,2025-10-12T23:00:00Z,direct_ridge_90d_v1,466.1495878281967,7922.0100811668535,0.9430254482602309
2025-10-01_30d_d168_h3,467,core,2025-10-13T13:00:00Z,2025-10-13T14:00:00Z,2025-10-13,31.26,7678.0,8923.0,0.7623957455716737,2025-10-12T23:00:00Z,direct_ridge_90d_v1,10074.960608323638,6472.764225087646,0.7855109819147911
2025-10-01_30d_d168_h3,468,core,2025-10-13T14:00:00Z,2025-10-13T15:00:00Z,2025-10-13,23.59,16948.0,7712.0,0.6183084420387427,2025-10-12T23:00:00Z,direct_ridge_90d_v1,21312.380947968944,4814.176666731428,0.6458741706966236
2025-10-01_30d_d168_h3,469,core,2025-10-13T15:00:00Z,2025-10-13T16:00:00Z,2025-10-13,24.68,19703.0,6502.0,0.6171848874171713,2025-10-12T23:00:00Z,direct_ridge_90d_v1,24014.397641732157,5004.027140611328,0.6148610904065744
2025-10-01_30d_d168_h3,470,core,2025-10-13T16:00:00Z,2025-10-13T17:00:00Z,2025-10-13,27.8,20437.0,4682.0,0.6721766101257067,2025-10-12T23:00:00Z,direct_ridge_90d_v1,24675.08507510652,4991.780129664958,0.618494198697658
2025-10-01_30d_d168_h3,471,core,2025-10-13T17:00:00Z,2025-10-13T18:00:00Z,2025-10-13,37.88,21424.0,3653.0,0.6911252076469168,2025-10-12T23:00:00Z,direct_ridge_90d_v1,24428.54557806542,4636.016094876184,0.6545215989002067
2025-10-01_30d_d168_h3,472,core,2025-10-13T18:00:00Z,2025-10-13T19:00:00Z,2025-10-13,45.32,22697.0,3983.0,0.6827478206517323,2025-10-12T23:00:00Z,direct_ridge_90d_v1,23872.269990315053,4700.980776171113,0.686343487659436
2025-10-01_30d_d168_h3,473,core,2025-10-13T19:00:00Z,2025-10-13T20:00:00Z,2025-10-13,49.76,23090.0,4411.0,0.6801167508994523,2025-10-12T23:00:00Z,direct_ridge_90d_v1,23457.11079995328,5151.840728142417,0.6923553720643781
2025-10-01_30d_d168_h3,474,core,2025-10-13T20:00:00Z,2025-10-13T21:00:00Z,2025-10-13,49.12,23252.0,5543.0,0.6688607870653502,2025-10-12T23:00:00Z,direct_ridge_90d_v1,22898.451264474457,5727.292160556631,0.6933180878027576
2025-10-01_30d_d168_h3,475,core,2025-10-13T21:00:00Z,2025-10-13T22:00:00Z,2025-10-13,44.5,21665.0,6986.0,0.673115198026816,2025-10-12T23:00:00Z,direct_ridge_90d_v1,21683.544135615637,6304.097955779559,0.6994748851544889
2025-10-01_30d_d168_h3,476,core,2025-10-13T22:00:00Z,2025-10-13T23:00:00Z,2025-10-13,63.76,15764.0,9062.0,0.7180971882481795,2025-10-12T23:00:00Z,direct_ridge_90d_v1,17761.969586678697,6997.654158727461,0.7291880437155427
2025-10-01_30d_d168_h3,477,core,2025-10-13T23:00:00Z,2025-10-14T00:00:00Z,2025-10-13,93.57,3810.0,10716.0,0.8015710752362386,2025-10-12T23:00:00Z,direct_ridge_90d_v1,5851.239768012558,8146.205172543598,0.8161876896631544
2025-10-01_30d_d168_h3,478,core,2025-10-14T00:00:00Z,2025-10-14T01:00:00Z,2025-10-13,73.83,20.0,11420.0,0.8279044237705085,2025-10-12T23:00:00Z,direct_ridge_90d_v1,23.321373833954567,8833.341696501135,0.8747443748539249
2025-10-01_30d_d168_h3,479,core,2025-10-14T01:00:00Z,2025-10-14T02:00:00Z,2025-10-13,55.62,0.0,13278.0,0.8442791869589067,2025-10-12T23:00:00Z,direct_ridge_90d_v1,0.0,10304.386155759556,0.8899695092827441
2025-10-01_30d_d168_h3,480,core,2025-10-14T02:00:00Z,2025-10-14T03:00:00Z,2025-10-13,44.06,0.0,14746.0,0.8393227822653403,2025-10-12T23:00:00Z,direct_ridge_90d_v1,0.0,11839.980620231756,0.8985066043450378
2025-10-01_30d_d168_h3,481,core,2025-10-14T03:00:00Z,2025-10-14T04:00:00Z,2025-10-13,33.72,0.0,15222.0,0.8266073800984854,2025-10-12T23:00:00Z,direct_ridge_90d_v1,0.0,13085.807246171213,0.8862761973651916
2025-10-01_30d_d168_h3,482,core,2025-10-14T04:00:00Z,2025-10-14T05:00:00Z,2025-10-13,26.92,0.0,16057.0,0.8008988549577805,2025-10-12T23:00:00Z,direct_ridge_90d_v1,0.0,13666.817410189444,0.8683750303677172
2025-10-01_30d_d168_h3,483,core,2025-10-14T05:00:00Z,2025-10-14T06:00:00Z,2025-10-14,24.56,0.0,17325.0,0.7387574276581029,2025-10-13T23:00:00Z,direct_ridge_90d_v1,0.0,15231.936113858183,0.7934748475683481
2025-10-01_30d_d168_h3,484,core,2025-10-14T06:00:00Z,2025-10-14T07:00:00Z,2025-10-14,23.17,0.0,17125.0,0.7203334763701671,2025-10-13T23:00:00Z,direct_ridge_90d_v1,0.0,14667.59203870979,0.787854157471644
2025-10-01_30d_d168_h3,485,core,2025-10-14T07:00:00Z,2025-10-14T08:00:00Z,2025-10-14,22.66,0.0,16283.0,0.7283457625486065,2025-10-13T23:00:00Z,direct_ridge_90d_v1,0.0,13900.80957495256,0.7866053175623218
2025-10-01_30d_d168_h3,486,core,2025-10-14T08:00:00Z,2025-10-14T09:00:00Z,2025-10-14,22.79,0.0,15163.0,0.7326306995606358,2025-10-13T23:00:00Z,direct_ridge_90d_v1,0.0,13113.334360383897,0.7955908825993885
2025-10-01_30d_d168_h3,487,core,2025-10-14T09:00:00Z,2025-10-14T10:00:00Z,2025-10-14,24.07,0.0,13026.0,0.7896058796567402,2025-10-13T23:00:00Z,direct_ridge_90d_v1,0.0,12173.26358371842,0.8155107531647867
2025-10-01_30d_d168_h3,488,core,2025-10-14T10:00:00Z,2025-10-14T11:00:00Z,2025-10-14,26.81,0.0,11555.0,0.8572764427540115,2025-10-13T23:00:00Z,direct_ridge_90d_v1,0.0,11161.041952431131,0.858562990714801
2025-10-01_30d_d168_h3,489,core,2025-10-14T11:00:00Z,2025-10-14T12:00:00Z,2025-10-14,35.6,0.0,10454.0,0.885359576770964,2025-10-13T23:00:00Z,direct_ridge_90d_v1,1.0472761907462136,10256.746419484149,0.8989470182469548
2025-10-01_30d_d168_h3,490,core,2025-10-14T12:00:00Z,2025-10-14T13:00:00Z,2025-10-14,37.86,296.0,9616.0,0.8882298589216892,2025-10-13T23:00:00Z,direct_ridge_90d_v1,490.5386111312023,9214.875373308356,0.9085353961327042
2025-10-01_30d_d168_h3,491,core,2025-10-14T13:00:00Z,2025-10-14T14:00:00Z,2025-10-14,25.53,8935.0,8930.0,0.7419154851688186,2025-10-13T23:00:00Z,direct_ridge_90d_v1,10059.888636950835,7281.831352755442,0.7680585847973991
2025-10-01_30d_d168_h3,492,core,2025-10-14T14:00:00Z,2025-10-14T15:00:00Z,2025-10-14,19.91,21839.0,7431.0,0.532719903339734,2025-10-13T23:00:00Z,direct_ridge_90d_v1,21261.03534398594,5320.557864255488,0.6418493288203372
2025-10-01_30d_d168_h3,493,core,2025-10-14T15:00:00Z,2025-10-14T16:00:00Z,2025-10-14,19.13,24763.0,8396.0,0.4660548016191239,2025-10-13T23:00:00Z,direct_ridge_90d_v1,24061.513072767553,5608.1028704354885,0.6105852979062256
2025-10-01_30d_d168_h3,494,core,2025-10-14T16:00:00Z,2025-10-14T17:00:00Z,2025-10-14,21.42,24411.0,9450.0,0.46623695770030155,2025-10-13T23:00:00Z,direct_ridge_90d_v1,24751.248305829562,5562.5010545740715,0.6126693996354292
2025-10-01_30d_d168_h3,495,core,2025-10-14T17:00:00Z,2025-10-14T18:00:00Z,2025-10-14,26.21,24941.0,8394.0,0.5036883997428239,2025-10-13T23:00:00Z,direct_ridge_90d_v1,24528.435479019787,5090.277368604871,0.6490538141619362
2025-10-01_30d_d168_h3,496,core,2025-10-14T18:00:00Z,2025-10-14T19:00:00Z,2025-10-14,33.33,24956.0,7427.0,0.5505677838950368,2025-10-13T23:00:00Z,direct_ridge_90d_v1,24022.152895644485,5024.227966017463,0.6803841321119302
2025-10-01_30d_d168_h3,497,core,2025-10-14T19:00:00Z,2025-10-14T20:00:00Z,2025-10-14,37.94,25530.0,6808.0,0.5816638916982888,2025-10-13T23:00:00Z,direct_ridge_90d_v1,23656.737069490133,5596.975508023303,0.6810755845454948
2025-10-01_30d_d168_h3,498,core,2025-10-14T20:00:00Z,2025-10-14T21:00:00Z,2025-10-14,41.15,25587.0,6131.0,0.5993246021151465,2025-10-13T23:00:00Z,direct_ridge_90d_v1,23026.03911893938,6433.787760326688,0.6833645020628424
2025-10-01_30d_d168_h3,499,core,2025-10-14T21:00:00Z,2025-10-14T22:00:00Z,2025-10-14,39.41,24577.0,6219.0,0.6286458968566206,2025-10-13T23:00:00Z,direct_ridge_90d_v1,21887.957262500353,7426.127914858963,0.6847227012622416
2025-10-01_30d_d168_h3,500,core,2025-10-14T22:00:00Z,2025-10-14T23:00:00Z,2025-10-14,59.26,17919.0,6984.0,0.7078821808327517,2025-10-13T23:00:00Z,direct_ridge_90d_v1,18026.40353834451,8281.020031356484,0.7115610253766406
2025-10-01_30d_d168_h3,501,core,2025-10-14T23:00:00Z,2025-10-15T00:00:00Z,2025-10-14,102.39,4295.0,8186.0,0.7971491170256934,2025-10-13T23:00:00Z,direct_ridge_90d_v1,5910.5395110708905,8218.242929671938,0.8017642493058945
2025-10-01_30d_d168_h3,502,core,2025-10-15T00:00:00Z,2025-10-15T01:00:00Z,2025-10-14,93.06,29.0,9677.0,0.8411514896144,2025-10-13T23:00:00Z,direct_ridge_90d_v1,75.42287063038248,8756.677653599825,0.8568599250173208
2025-10-01_30d_d168_h3,503,core,2025-10-15T01:00:00Z,2025-10-15T02:00:00Z,2025-10-14,62.39,0.0,12487.0,0.8592182646176434,2025-10-13T23:00:00Z,direct_ridge_90d_v1,0.0,10054.7481747291,0.8726163663326909
2025-10-01_30d_d168_h3,504,core,2025-10-15T02:00:00Z,2025-10-15T03:00:00Z,2025-10-14,40.47,0.0,14709.0,0.8445999732155317,2025-10-13T23:00:00Z,direct_ridge_90d_v1,0.0,11619.874938144683,0.8836938404593287
2025-10-01_30d_d168_h3,505,core,2025-10-15T03:00:00Z,2025-10-15T04:00:00Z,2025-10-14,29.71,0.0,15680.0,0.8242057222648408,2025-10-13T23:00:00Z,direct_ridge_90d_v1,0.0,13058.084019273807,0.868190733533629
2025-10-01_30d_d168_h3,506,core,2025-10-15T04:00:00Z,2025-10-15T05:00:00Z,2025-10-14,25.77,0.0,15851.0,0.8035526889235224,2025-10-13T23:00:00Z,direct_ridge_90d_v1,0.0,13713.410170842828,0.8464698943368866
2025-10-01_30d_d168_h3,507,core,2025-10-15T05:00:00Z,2025-10-15T06:00:00Z,2025-10-15,24.8,0.0,15786.0,0.7865622630625847,2025-10-14T23:00:00Z,direct_ridge_90d_v1,0.0,14944.931506331674,0.8598119009136626
2025-10-01_30d_d168_h3,508,core,2025-10-15T06:00:00Z,2025-10-15T07:00:00Z,2025-10-15,23.4,0.0,15597.0,0.7647935014269249,2025-10-14T23:00:00Z,direct_ridge_90d_v1,0.0,14224.219646461766,0.8603449236709482
2025-10-01_30d_d168_h3,509,core,2025-10-15T07:00:00Z,2025-10-15T08:00:00Z,2025-10-15,23.06,0.0,15464.0,0.7548393346149284,2025-10-14T23:00:00Z,direct_ridge_90d_v1,0.0,13504.338173000919,0.8648657923630955
2025-10-01_30d_d168_h3,510,core,2025-10-15T08:00:00Z,2025-10-15T09:00:00Z,2025-10-15,23.26,0.0,14903.0,0.7518288034970203,2025-10-14T23:00:00Z,direct_ridge_90d_v1,0.0,12946.152699909397,0.8708967390545377
2025-10-01_30d_d168_h3,511,core,2025-10-15T09:00:00Z,2025-10-15T10:00:00Z,2025-10-15,24.88,0.0,13487.0,0.772642242276576,2025-10-14T23:00:00Z,direct_ridge_90d_v1,0.0,12268.265282328954,0.8834153753790503
2025-10-01_30d_d168_h3,512,core,2025-10-15T10:00:00Z,2025-10-15T11:00:00Z,2025-10-15,26.9,0.0,11797.0,0.818015074456558,2025-10-14T23:00:00Z,direct_ridge_90d_v1,0.0,11331.912579875674,0.9130401150090405
2025-10-01_30d_d168_h3,513,core,2025-10-15T11:00:00Z,2025-10-15T12:00:00Z,2025-10-15,38.91,0.0,10055.0,0.8745677540231478,2025-10-14T23:00:00Z,direct_ridge_90d_v1,6.3073360682130755,10581.708841744257,0.9317644861025914
2025-10-01_30d_d168_h3,514,core,2025-10-15T12:00:00Z,2025-10-15T13:00:00Z,2025-10-15,45.69,262.0,8343.0,0.9026596962485088,2025-10-14T23:00:00Z,direct_ridge_90d_v1,601.7262855969038,9732.45032698758,0.9332077020463699
2025-10-01_30d_d168_h3,515,core,2025-10-15T13:00:00Z,2025-10-15T14:00:00Z,2025-10-15,25.08,8346.0,6523.0,0.797379666159572,2025-10-14T23:00:00Z,direct_ridge_90d_v1,10686.656593325792,8489.097160090681,0.77999631021664
2025-10-01_30d_d168_h3,516,core,2025-10-15T14:00:00Z,2025-10-15T15:00:00Z,2025-10-15,17.82,21712.0,3423.0,0.6050860304486924,2025-10-14T23:00:00Z,direct_ridge_90d_v1,21974.0081421624,7176.2729268672265,0.6346175701151695
2025-10-01_30d_d168_h3,517,core,2025-10-15T15:00:00Z,2025-10-15T16:00:00Z,2025-10-15,18.02,24660.0,3798.0,0.5615098000708999,2025-10-14T23:00:00Z,direct_ridge_90d_v1,24795.45212902142,7611.443057611614,0.5931901318801339
2025-10-01_30d_d168_h3,518,core,2025-10-15T16:00:00Z,2025-10-15T17:00:00Z,2025-10-15,20.16,25319.0,4478.0,0.5354417648503479,2025-10-14T23:00:00Z,direct_ridge_90d_v1,25264.992777650445,7377.790525616237,0.5856112833761719
2025-10-01_30d_d168_h3,519,core,2025-10-15T17:00:00Z,2025-10-15T18:00:00Z,2025-10-15,25.25,25633.0,4053.0,0.5577738960050972,2025-10-14T23:00:00Z,direct_ridge_90d_v1,24916.843795806366,6433.070827823748,0.6152185817872231
2025-10-01_30d_d168_h3,520,core,2025-10-15T18:00:00Z,2025-10-15T19:00:00Z,2025-10-15,35.24,25519.0,3958.0,0.5885310121465683,2025-10-14T23:00:00Z,direct_ridge_90d_v1,24478.70927131223,6072.989311526587,0.6630915840557553
2025-10-01_30d_d168_h3,521,core,2025-10-15T19:00:00Z,2025-10-15T20:00:00Z,2025-10-15,37.92,25855.0,4521.0,0.6080889377316062,2025-10-14T23:00:00Z,direct_ridge_90d_v1,24257.0560044435,6525.052424711314,0.6848816102664584
2025-10-01_30d_d168_h3,522,core,2025-10-15T20:00:00Z,2025-10-15T21:00:00Z,2025-10-15,38.05,26150.0,5495.0,0.6003577821136161,2025-10-14T23:00:00Z,direct_ridge_90d_v1,23728.709635864412,7227.912231895372,0.694126060275626
2025-10-01_30d_d168_h3,523,core,2025-10-15T21:00:00Z,2025-10-15T22:00:00Z,2025-10-15,36.87,25822.0,6581.0,0.6015971867497519,2025-10-14T23:00:00Z,direct_ridge_90d_v1,22395.738627634084,7849.693264204734,0.7057457522302701
2025-10-01_30d_d168_h3,524,core,2025-10-15T22:00:00Z,2025-10-15T23:00:00Z,2025-10-15,49.99,18933.0,7721.0,0.6842207478849088,2025-10-14T23:00:00Z,direct_ridge_90d_v1,18579.821038325717,8874.185339916183,0.7350444951498696
2025-10-01_30d_d168_h3,525,core,2025-10-15T23:00:00Z,2025-10-16T00:00:00Z,2025-10-15,88.11,4387.0,9131.0,0.8034490904476714,2025-10-14T23:00:00Z,direct_ridge_90d_v1,6579.701512392421,9271.158822562444,0.817727136541262
2025-10-01_30d_d168_h3,526,core,2025-10-16T00:00:00Z,2025-10-16T01:00:00Z,2025-10-15,74.36,25.0,11387.0,0.8363435565286318,2025-10-14T23:00:00Z,direct_ridge_90d_v1,0.0,9761.16388981471,0.8803996674668108
2025-10-01_30d_d168_h3,527,core,2025-10-16T01:00:00Z,2025-10-16T02:00:00Z,2025-10-15,48.46,0.0,14946.0,0.8219686750268,2025-10-14T23:00:00Z,direct_ridge_90d_v1,0.0,10847.765935275938,0.8969606880065015
2025-10-01_30d_d168_h3,528,core,2025-10-16T02:00:00Z,2025-10-16T03:00:00Z,2025-10-15,33.53,0.0,17508.0,0.7772576135211593,2025-10-14T23:00:00Z,direct_ridge_90d_v1,0.0,12112.348945905254,0.9048684631242884
2025-10-01_30d_d168_h3,529,core,2025-10-16T03:00:00Z,2025-10-16T04:00:00Z,2025-10-15,27.17,0.0,19134.0,0.7215000770112342,2025-10-14T23:00:00Z,direct_ridge_90d_v1,0.0,13158.614430402307,0.8911807558428875
2025-10-01_30d_d168_h3,530,core,2025-10-16T04:00:00Z,2025-10-16T05:00:00Z,2025-10-15,23.95,0.0,19610.0,0.688106974056208,2025-10-14T23:00:00Z,direct_ridge_90d_v1,0.0,13572.576039881573,0.8744472735976095
2025-10-01_30d_d168_h3,531,core,2025-10-16T05:00:00Z,2025-10-16T06:00:00Z,2025-10-16,21.65,0.0,19538.0,0.6635424308585334,2025-10-15T23:00:00Z,direct_ridge_90d_v1,0.0,14241.443718652448,0.8376937867750865
2025-10-01_30d_d168_h3,532,core,2025-10-16T06:00:00Z,2025-10-16T07:00:00Z,2025-10-16,19.62,0.0,18980.0,0.6527372247933451,2025-10-15T23:00:00Z,direct_ridge_90d_v1,0.0,13657.665700177587,0.8345483226111241
2025-10-01_30d_d168_h3,533,core,2025-10-16T07:00:00Z,2025-10-16T08:00:00Z,2025-10-16,19.01,0.0,18059.0,0.6508611520786073,2025-10-15T23:00:00Z,direct_ridge_90d_v1,0.0,13019.410428904323,0.8347575980522872
2025-10-01_30d_d168_h3,534,core,2025-10-16T08:00:00Z,2025-10-16T09:00:00Z,2025-10-16,18.15,0.0,16850.0,0.6679458732837706,2025-10-15T23:00:00Z,direct_ridge_90d_v1,0.0,12381.3249332959,0.8404165775959692
2025-10-01_30d_d168_h3,535,core,2025-10-16T09:00:00Z,2025-10-16T10:00:00Z,2025-10-16,18.78,0.0,15643.0,0.6944474022573327,2025-10-15T23:00:00Z,direct_ridge_90d_v1,0.0,11631.012196618783,0.8511147167759616
2025-10-01_30d_d168_h3,536,core,2025-10-16T10:00:00Z,2025-10-16T11:00:00Z,2025-10-16,20.7,0.0,15123.0,0.7306689904784373,2025-10-15T23:00:00Z,direct_ridge_90d_v1,0.0,10697.975595295651,0.8773194100763523
2025-10-01_30d_d168_h3,537,core,2025-10-16T11:00:00Z,2025-10-16T12:00:00Z,2025-10-16,25.11,0.0,14910.0,0.7711993081127688,2025-10-15T23:00:00Z,direct_ridge_90d_v1,4.006578960488817,9910.057032525794,0.8986202396571452
2025-10-01_30d_d168_h3,538,core,2025-10-16T12:00:00Z,2025-10-16T13:00:00Z,2025-10-16,27.09,266.0,14517.0,0.792917312044696,2025-10-15T23:00:00Z,direct_ridge_90d_v1,618.0763030034791,9202.770291076393,0.9014241120762165
2025-10-01_30d_d168_h3,539,core,2025-10-16T13:00:00Z,2025-10-16T14:00:00Z,2025-10-16,19.53,7464.0,13691.0,0.6610281524224959,2025-10-15T23:00:00Z,direct_ridge_90d_v1,10480.426237172984,7992.250133057181,0.7400242299072195
2025-10-01_30d_d168_h3,540,core,2025-10-16T14:00:00Z,2025-10-16T15:00:00Z,2025-10-16,14.69,18955.0,10632.0,0.5177667158075973,2025-10-15T23:00:00Z,direct_ridge_90d_v1,22193.217189189585,6336.063586006332,0.5952742535764517
2025-10-01_30d_d168_h3,541,core,2025-10-16T15:00:00Z,2025-10-16T16:00:00Z,2025-10-16,14.96,21724.0,11963.0,0.4540621557215321,2025-10-15T23:00:00Z,direct_ridge_90d_v1,24997.457849887604,6643.740982066579,0.5608621671336234
2025-10-01_30d_d168_h3,542,core,2025-10-16T16:00:00Z,2025-10-16T17:00:00Z,2025-10-16,16.21,20968.0,13765.0,0.4476438390803664,2025-10-15T23:00:00Z,direct_ridge_90d_v1,25517.71633713214,6607.471681998303,0.5625869531870369
2025-10-01_30d_d168_h3,543,core,2025-10-16T17:00:00Z,2025-10-16T18:00:00Z,2025-10-16,18.87,20345.0,14775.0,0.45037921985968965,2025-10-15T23:00:00Z,direct_ridge_90d_v1,25460.14266924635,6030.07105709662,0.5944120301258241
2025-10-01_30d_d168_h3,544,core,2025-10-16T18:00:00Z,2025-10-16T19:00:00Z,2025-10-16,25.0,19437.0,14479.0,0.5030425972890721,2025-10-15T23:00:00Z,direct_ridge_90d_v1,25078.761252224707,5857.850683476047,0.6307613405805562
2025-10-01_30d_d168_h3,545,core,2025-10-16T19:00:00Z,2025-10-16T20:00:00Z,2025-10-16,26.58,17777.0,14513.0,0.5631138121561563,2025-10-15T23:00:00Z,direct_ridge_90d_v1,24837.345334495676,6160.569489842801,0.6545206411851507
2025-10-01_30d_d168_h3,546,core,2025-10-16T20:00:00Z,2025-10-16T21:00:00Z,2025-10-16,28.44,17030.0,14765.0,0.5834430933165787,2025-10-15T23:00:00Z,direct_ridge_90d_v1,24324.075996213505,6817.782781372774,0.6667885498928309
2025-10-01_30d_d168_h3,547,core,2025-10-16T21:00:00Z,2025-10-16T22:00:00Z,2025-10-16,29.39,15789.0,15530.0,0.5979491061614751,2025-10-15T23:00:00Z,direct_ridge_90d_v1,23300.086823333255,7385.590624780761,0.6767557672689543
2025-10-01_30d_d168_h3,548,core,2025-10-16T22:00:00Z,2025-10-16T23:00:00Z,2025-10-16,36.05,12007.0,17237.0,0.6244961488264011,2025-10-15T23:00:00Z,direct_ridge_90d_v1,19215.413526162847,8152.3652133077885,0.7112725051376986
2025-10-01_30d_d168_h3,549,core,2025-10-16T23:00:00Z,2025-10-17T00:00:00Z,2025-10-16,51.15,3220.0,18880.0,0.7094423809557228,2025-10-15T23:00:00Z,direct_ridge_90d_v1,6408.169680018825,8903.62059898774,0.8073052307830013
2025-10-01_30d_d168_h3,550,core,2025-10-17T00:00:00Z,2025-10-17T01:00:00Z,2025-10-16,47.43,90.0,19227.0,0.734593583941975,2025-10-15T23:00:00Z,direct_ridge_90d_v1,287.44732264314143,9671.931041654281,0.8695822594193049
2025-10-01_30d_d168_h3,551,core,2025-10-17T01:00:00Z,2025-10-17T02:00:00Z,2025-10-16,33.65,0.0,21483.0,0.7126805439408853,2025-10-15T23:00:00Z,direct_ridge_90d_v1,0.0,11344.878009334152,0.8800397138348914
2025-10-01_30d_d168_h3,552,core,2025-10-17T02:00:00Z,2025-10-17T03:00:00Z,2025-10-16,27.25,0.0,22952.0,0.686797344129512,2025-10-15T23:00:00Z,direct_ridge_90d_v1,0.0,12860.514211935633,0.8788417849815104
2025-10-01_30d_d168_h3,553,core,2025-10-17T03:00:00Z,2025-10-17T04:00:00Z,2025-10-16,24.17,0.0,23689.0,0.651330740856376,2025-10-15T23:00:00Z,direct_ridge_90d_v1,0.0,13847.107190529521,0.8610510885712688
2025-10-01_30d_d168_h3,554,core,2025-10-17T04:00:00Z,2025-10-17T05:00:00Z,2025-10-16,21.81,1.0,22869.0,0.6356235506579636,2025-10-15T23:00:00Z,direct_ridge_90d_v1,0.0,14255.534270500499,0.8424395576189223
2025-10-01_30d_d168_h3,555,core,2025-10-17T05:00:00Z,2025-10-17T06:00:00Z,2025-10-17,18.64,1.0,22790.0,0.6135574829605145,2025-10-16T23:00:00Z,direct_ridge_90d_v1,0.0,14362.728683827228,0.8136871754809506
2025-10-01_30d_d168_h3,556,core,2025-10-17T06:00:00Z,2025-10-17T07:00:00Z,2025-10-17,17.75,0.0,22702.0,0.5991952817454729,2025-10-16T23:00:00Z,direct_ridge_90d_v1,0.0,13743.975671307999,0.8130691856873131
2025-10-01_30d_d168_h3,557,core,2025-10-17T07:00:00Z,2025-10-17T08:00:00Z,2025-10-17,17.68,0.0,22456.0,0.5918409827844747,2025-10-16T23:00:00Z,direct_ridge_90d_v1,0.0,13177.07601609715,0.8135185172657587
2025-10-01_30d_d168_h3,558,core,2025-10-17T08:00:00Z,2025-10-17T09:00:00Z,2025-10-17,17.61,1.0,21540.0,0.5954700280766217,2025-10-16T23:00:00Z,direct_ridge_90d_v1,0.0,12627.813673952245,0.8158908837891747
2025-10-01_30d_d168_h3,559,core,2025-10-17T09:00:00Z,2025-10-17T10:00:00Z,2025-10-17,17.35,0.0,20524.0,0.6150336072666912,2025-10-16T23:00:00Z,direct_ridge_90d_v1,0.0,11876.437041815136,0.827938521605054
2025-10-01_30d_d168_h3,560,core,2025-10-17T10:00:00Z,2025-10-17T11:00:00Z,2025-10-17,19.65,0.0,19753.0,0.6395059976042087,2025-10-16T23:00:00Z,direct_ridge_90d_v1,0.0,11016.551020057286,0.8563374387066586
2025-10-01_30d_d168_h3,561,core,2025-10-17T11:00:00Z,2025-10-17T12:00:00Z,2025-10-17,23.63,0.0,18815.0,0.6688534604181781,2025-10-16T23:00:00Z,direct_ridge_90d_v1,2.5337556473554432,10200.189544997711,0.8860352389027996
2025-10-01_30d_d168_h3,562,core,2025-10-17T12:00:00Z,2025-10-17T13:00:00Z,2025-10-17,25.97,176.0,17207.0,0.719281867926337,2025-10-16T23:00:00Z,direct_ridge_90d_v1,393.41713532155245,9442.368807972653,0.8932980277122351
2025-10-01_30d_d168_h3,563,core,2025-10-17T13:00:00Z,2025-10-17T14:00:00Z,2025-10-17,22.66,7198.0,15290.0,0.6413902659982542,2025-10-16T23:00:00Z,direct_ridge_90d_v1,9500.244097269175,8168.189617732459,0.7331808054258883
2025-10-01_30d_d168_h3,564,core,2025-10-17T14:00:00Z,2025-10-17T15:00:00Z,2025-10-17,17.52,19230.0,12398.0,0.4919810607000433,2025-10-16T23:00:00Z,direct_ridge_90d_v1,20955.86573512036,6341.343038708231,0.5912977619305239
2025-10-01_30d_d168_h3,565,core,2025-10-17T15:00:00Z,2025-10-17T16:00:00Z,2025-10-17,18.8,23052.0,12584.0,0.4289083486677494,2025-10-16T23:00:00Z,direct_ridge_90d_v1,23716.54343068153,6649.83199376787,0.5567505705879149
2025-10-01_30d_d168_h3,566,core,2025-10-17T16:00:00Z,2025-10-17T17:00:00Z,2025-10-17,23.92,22433.0,10567.0,0.49381063197963926,2025-10-16T23:00:00Z,direct_ridge_90d_v1,24389.16431772127,6704.603733502434,0.561322586482706
2025-10-01_30d_d168_h3,567,core,2025-10-17T17:00:00Z,2025-10-17T18:00:00Z,2025-10-17,31.75,23020.0,7698.0,0.5625930389972275,2025-10-16T23:00:00Z,direct_ridge_90d_v1,24488.14707036764,6051.205933234295,0.5975433730428826
2025-10-01_30d_d168_h3,568,core,2025-10-17T18:00:00Z,2025-10-17T19:00:00Z,2025-10-17,39.26,22578.0,5840.0,0.6504926620600981,2025-10-16T23:00:00Z,direct_ridge_90d_v1,24185.291756147475,5809.408945289998,0.6399242927060048
2025-10-01_30d_d168_h3,569,core,2025-10-17T19:00:00Z,2025-10-17T20:00:00Z,2025-10-17,41.63,22939.0,5392.0,0.6748755165455179,2025-10-16T23:00:00Z,direct_ridge_90d_v1,23757.67295957673,6142.887426432077,0.6603052911013253
2025-10-01_30d_d168_h3,570,core,2025-10-17T20:00:00Z,2025-10-17T21:00:00Z,2025-10-17,45.67,22666.0,6019.0,0.6751049499645956,2025-10-16T23:00:00Z,direct_ridge_90d_v1,23062.7077308035,6824.27137631475,0.6725287765386724
2025-10-01_30d_d168_h3,571,core,2025-10-17T21:00:00Z,2025-10-17T22:00:00Z,2025-10-17,43.34,21479.0,7643.0,0.670581960868678,2025-10-16T23:00:00Z,direct_ridge_90d_v1,21819.966635800138,7465.015448496836,0.6837616191568862
2025-10-01_30d_d168_h3,572,core,2025-10-17T22:00:00Z,2025-10-17T23:00:00Z,2025-10-17,57.69,15823.0,8729.0,0.7177464188198536,2025-10-16T23:00:00Z,direct_ridge_90d_v1,17511.039728708638,8373.393528040133,0.7198084955227225
2025-10-01_30d_d168_h3,573,core,2025-10-17T23:00:00Z,2025-10-18T00:00:00Z,2025-10-17,82.75,3732.0,8970.0,0.799973216323368,2025-10-16T23:00:00Z,direct_ridge_90d_v1,4799.872466134637,9166.235213603795,0.8073669521944387
2025-10-01_30d_d168_h3,574,core,2025-10-18T00:00:00Z,2025-10-18T01:00:00Z,2025-10-17,72.08,23.0,10373.0,0.836778187519464,2025-10-16T23:00:00Z,direct_ridge_90d_v1,0.0,9969.975469612897,0.8632184358045744
2025-10-01_30d_d168_h3,575,core,2025-10-18T01:00:00Z,2025-10-18T02:00:00Z,2025-10-17,41.44,0.0,14699.0,0.8382118694732537,2025-10-16T23:00:00Z,direct_ridge_90d_v1,0.0,11677.96637490708,0.8776777127078054
2025-10-01_30d_d168_h3,576,core,2025-10-18T02:00:00Z,2025-10-18T03:00:00Z,2025-10-17,30.8,0.0,18009.0,0.800772319648717,2025-10-16T23:00:00Z,direct_ridge_90d_v1,0.0,13202.60092088555,0.8787284189098541
2025-10-01_30d_d168_h3,577,core,2025-10-18T03:00:00Z,2025-10-18T04:00:00Z,2025-10-17,27.49,0.0,19022.0,0.7817164761865276,2025-10-16T23:00:00Z,direct_ridge_90d_v1,0.0,14068.163196083276,0.8609015035600376
2025-10-01_30d_d168_h3,578,core,2025-10-18T04:00:00Z,2025-10-18T05:00:00Z,2025-10-17,24.14,0.0,19456.0,0.7665432876259205,2025-10-16T23:00:00Z,direct_ridge_90d_v1,0.0,14355.808742255538,0.840888242066406
2025-10-01_30d_d168_h3,579,core,2025-10-18T05:00:00Z,2025-10-18T06:00:00Z,2025-10-18,26.22,0.0,19752.0,0.7404561692569704,2025-10-17T23:00:00Z,direct_ridge_90d_v1,0.0,14874.977545808411,0.7982628735674315
2025-10-01_30d_d168_h3,580,core,2025-10-18T06:00:00Z,2025-10-18T07:00:00Z,2025-10-18,25.38,1.0,20064.0,0.707966119840881,2025-10-17T23:00:00Z,direct_ridge_90d_v1,0.0,14344.923416653148,0.7933227136506923
2025-10-01_30d_d168_h3,581,core,2025-10-18T07:00:00Z,2025-10-18T08:00:00Z,2025-10-18,24.24,0.0,19532.0,0.7097088334081393,2025-10-17T23:00:00Z,direct_ridge_90d_v1,0.0,13840.404599623233,0.7901072670278632
2025-10-01_30d_d168_h3,582,core,2025-10-18T08:00:00Z,2025-10-18T09:00:00Z,2025-10-18,24.21,0.0,18611.0,0.7188718613038262,2025-10-17T23:00:00Z,direct_ridge_90d_v1,0.0,13262.485352315996,0.79156769839883
2025-10-01_30d_d168_h3,583,core,2025-10-18T09:00:00Z,2025-10-18T10:00:00Z,2025-10-18,24.18,0.0,17234.0,0.7434506144223296,2025-10-17T23:00:00Z,direct_ridge_90d_v1,0.0,12459.909091094763,0.8042275169203993
2025-10-01_30d_d168_h3,584,core,2025-10-18T10:00:00Z,2025-10-18T11:00:00Z,2025-10-18,25.36,0.0,16197.0,0.7641994391062895,2025-10-17T23:00:00Z,direct_ridge_90d_v1,0.0,11503.859232210889,0.8364832521886474
2025-10-01_30d_d168_h3,585,core,2025-10-18T11:00:00Z,2025-10-18T12:00:00Z,2025-10-18,26.36,0.0,16352.0,0.7564641026699077,2025-10-17T23:00:00Z,direct_ridge_90d_v1,3.14307108189361,10618.867051190353,0.8678810852541297
2025-10-01_30d_d168_h3,586,core,2025-10-18T12:00:00Z,2025-10-18T13:00:00Z,2025-10-18,27.8,132.0,14716.0,0.7941971980120163,2025-10-17T23:00:00Z,direct_ridge_90d_v1,341.72000160296557,9821.281688314424,0.8722309389559898
2025-10-01_30d_d168_h3,587,core,2025-10-18T13:00:00Z,2025-10-18T14:00:00Z,2025-10-18,28.6,4893.0,12354.0,0.7551971656827484,2025-10-17T23:00:00Z,direct_ridge_90d_v1,9362.711840227012,8521.363338291061,0.7153742983045865
2025-10-01_30d_d168_h3,588,core,2025-10-18T14:00:00Z,2025-10-18T15:00:00Z,2025-10-18,29.28,13780.0,9674.0,0.6622877174930362,2025-10-17T23:00:00Z,direct_ridge_90d_v1,20801.864015249706,6773.1073326868445,0.5744214985694598
2025-10-01_30d_d168_h3,589,core,2025-10-18T15:00:00Z,2025-10-18T16:00:00Z,2025-10-18,29.57,18718.0,9522.0,0.5848850972617546,2025-10-17T23:00:00Z,direct_ridge_90d_v1,23477.20070467623,7055.081666497787,0.5409554436858796
2025-10-01_30d_d168_h3,590,core,2025-10-18T16:00:00Z,2025-10-18T17:00:00Z,2025-10-18,31.16,19637.0,11913.0,0.535929567777637,2025-10-17T23:00:00Z,direct_ridge_90d_v1,24161.8605382635,7141.720661675698,0.5456694059481351
2025-10-01_30d_d168_h3,591,core,2025-10-18T17:00:00Z,2025-10-18T18:00:00Z,2025-10-18,31.25,20099.0,14498.0,0.49642022084089105,2025-10-17T23:00:00Z,direct_ridge_90d_v1,24325.43119861809,6581.701791077553,0.5776519525025972
2025-10-01_30d_d168_h3,592,core,2025-10-18T18:00:00Z,2025-10-18T19:00:00Z,2025-10-18,33.02,18528.0,16266.0,0.5064165047735493,2025-10-17T23:00:00Z,direct_ridge_90d_v1,24171.62706258705,6353.24193279528,0.6157358078780714
2025-10-01_30d_d168_h3,593,core,2025-10-18T19:00:00Z,2025-10-18T20:00:00Z,2025-10-18,34.84,17581.0,17468.0,0.5177593894636457,2025-10-17T23:00:00Z,direct_ridge_90d_v1,23703.370978187057,6597.289597314114,0.6372366610179084
2025-10-01_30d_d168_h3,594,core,2025-10-18T20:00:00Z,2025-10-18T21:00:00Z,2025-10-18,35.98,16846.0,17829.0,0.5338186172238385,2025-10-17T23:00:00Z,direct_ridge_90d_v1,22938.203058953222,7245.321297942574,0.6490562416078007
2025-10-01_30d_d168_h3,595,core,2025-10-18T21:00:00Z,2025-10-18T22:00:00Z,2025-10-18,35.03,16884.0,17547.0,0.552065494703959,2025-10-17T23:00:00Z,direct_ridge_90d_v1,21851.621135447578,7845.730924902268,0.6606038923749936
2025-10-01_30d_d168_h3,596,core,2025-10-18T22:00:00Z,2025-10-18T23:00:00Z,2025-10-18,46.85,13668.0,17386.0,0.5965527705883045,2025-10-17T23:00:00Z,direct_ridge_90d_v1,17529.67052819576,8561.657810864226,0.7011124609126292
2025-10-01_30d_d168_h3,597,core,2025-10-18T23:00:00Z,2025-10-19T00:00:00Z,2025-10-18,79.35,3795.0,13902.0,0.7507643193888583,2025-10-17T23:00:00Z,direct_ridge_90d_v1,4486.08261239457,9498.652762016944,0.7970348193145486
2025-10-01_30d_d168_h3,598,core,2025-10-19T00:00:00Z,2025-10-19T01:00:00Z,2025-10-18,80.45,17.0,12458.0,0.8178200015299291,2025-10-17T23:00:00Z,direct_ridge_90d_v1,0.0,10379.458066139368,0.8572253865065811
2025-10-01_30d_d168_h3,599,core,2025-10-19T01:00:00Z,2025-10-19T02:00:00Z,2025-10-18,60.5,0.0,13692.0,0.8114773261323055,2025-10-17T23:00:00Z,direct_ridge_90d_v1,0.0,12225.007120623417,0.8700689541794293
2025-10-01_30d_d168_h3,600,core,2025-10-19T02:00:00Z,2025-10-19T03:00:00Z,2025-10-18,42.27,0.0,15703.0,0.7898871159441975,2025-10-17T23:00:00Z,direct_ridge_90d_v1,0.0,13865.69235091938,0.8675596660632028
2025-10-01_30d_d168_h3,601,core,2025-10-19T03:00:00Z,2025-10-19T04:00:00Z,2025-10-18,33.6,0.0,16900.0,0.7654819130257868,2025-10-17T23:00:00Z,direct_ridge_90d_v1,0.0,14775.545414106811,0.8476416615557116
2025-10-01_30d_d168_h3,602,core,2025-10-19T04:00:00Z,2025-10-19T05:00:00Z,2025-10-18,26.76,0.0,18032.0,0.7303072949608336,2025-10-17T23:00:00Z,direct_ridge_90d_v1,0.0,15040.555700340083,0.8245087768015303
2025-10-01_30d_d168_h3,603,core,2025-10-19T05:00:00Z,2025-10-19T06:00:00Z,2025-10-19,22.92,0.0,19407.0,0.6995832769867999,2025-10-18T23:00:00Z,direct_ridge_90d_v1,0.0,17236.758932164783,0.7855080599064441
2025-10-01_30d_d168_h3,604,core,2025-10-19T06:00:00Z,2025-10-19T07:00:00Z,2025-10-19,21.59,0.0,20791.0,0.6562353746135413,2025-10-18T23:00:00Z,direct_ridge_90d_v1,0.0,16636.915631829717,0.7799202889564696
2025-10-01_30d_d168_h3,605,core,2025-10-19T07:00:00Z,2025-10-19T08:00:00Z,2025-10-19,19.76,0.0,21443.0,0.6218577713562855,2025-10-18T23:00:00Z,direct_ridge_90d_v1,0.0,15931.316414125646,0.7762486979236441
2025-10-01_30d_d168_h3,606,core,2025-10-19T08:00:00Z,2025-10-19T09:00:00Z,2025-10-19,18.91,1.0,20563.0,0.6248279709703877,2025-10-18T23:00:00Z,direct_ridge_90d_v1,0.0,15231.211277822244,0.7772211568983068
2025-10-01_30d_d168_h3,607,core,2025-10-19T09:00:00Z,2025-10-19T10:00:00Z,2025-10-19,20.64,0.0,18849.0,0.647322117660181,2025-10-18T23:00:00Z,direct_ridge_90d_v1,0.0,14348.671204275193,0.7910131465059378
2025-10-01_30d_d168_h3,608,core,2025-10-19T10:00:00Z,2025-10-19T11:00:00Z,2025-10-19,22.76,0.0,16613.0,0.6931326021300028,2025-10-18T23:00:00Z,direct_ridge_90d_v1,0.0,13441.599712812656,0.824013536796878
2025-10-01_30d_d168_h3,609,core,2025-10-19T11:00:00Z,2025-10-19T12:00:00Z,2025-10-19,26.66,0.0,14643.0,0.7629890788428603,2025-10-18T23:00:00Z,direct_ridge_90d_v1,0.0,12569.31976986653,0.8579718691434204
2025-10-01_30d_d168_h3,610,core,2025-10-19T12:00:00Z,2025-10-19T13:00:00Z,2025-10-19,30.7,207.0,12666.0,0.7954453222478806,2025-10-18T23:00:00Z,direct_ridge_90d_v1,578.006829921004,11548.267506032676,0.8614097010950413
2025-10-01_30d_d168_h3,611,core,2025-10-19T13:00:00Z,2025-10-19T14:00:00Z,2025-10-19,20.93,9171.0,9785.0,0.6820060133773479,2025-10-18T23:00:00Z,direct_ridge_90d_v1,10360.90717581196,10059.376654204147,0.7116852185386039
2025-10-01_30d_d168_h3,612,core,2025-10-19T14:00:00Z,2025-10-19T15:00:00Z,2025-10-19,10.74,24637.0,6723.0,0.4491451635159452,2025-10-18T23:00:00Z,direct_ridge_90d_v1,22417.013768868313,8168.474664873283,0.5690593360502079
2025-10-01_30d_d168_h3,613,core,2025-10-19T15:00:00Z,2025-10-19T16:00:00Z,2025-10-19,9.39,27980.0,5188.0,0.4301526461212653,2025-10-18T23:00:00Z,direct_ridge_90d_v1,25064.13928180759,8646.388412343458,0.5342353696282325
2025-10-01_30d_d168_h3,614,core,2025-10-19T16:00:00Z,2025-10-19T17:00:00Z,2025-10-19,12.3,28160.0,4079.0,0.4583990594094529,2025-10-18T23:00:00Z,direct_ridge_90d_v1,25235.38769487571,8676.619848775434,0.535834826943662
2025-10-01_30d_d168_h3,615,core,2025-10-19T17:00:00Z,2025-10-19T18:00:00Z,2025-10-19,14.57,27564.0,4473.0,0.4680168096560959,2025-10-18T23:00:00Z,direct_ridge_90d_v1,24894.87021295884,7763.985429003206,0.5679484914636073
2025-10-01_30d_d168_h3,616,core,2025-10-19T18:00:00Z,2025-10-19T19:00:00Z,2025-10-19,15.71,27206.0,4946.0,0.484929404014046,2025-10-18T23:00:00Z,direct_ridge_90d_v1,24670.183966845725,7183.433455133435,0.6108467940423848
2025-10-01_30d_d168_h3,617,core,2025-10-19T19:00:00Z,2025-10-19T20:00:00Z,2025-10-19,16.27,27126.0,5474.0,0.501225817624025,2025-10-18T23:00:00Z,direct_ridge_90d_v1,24468.671277363366,7415.142160001834,0.6354373231922029
2025-10-01_30d_d168_h3,618,core,2025-10-19T20:00:00Z,2025-10-19T21:00:00Z,2025-10-19,17.3,27181.0,6174.0,0.5069523912209056,2025-10-18T23:00:00Z,direct_ridge_90d_v1,23837.29832427673,8179.749605461673,0.6470648878368965
2025-10-01_30d_d168_h3,619,core,2025-10-19T21:00:00Z,2025-10-19T22:00:00Z,2025-10-19,18.6,26456.0,7039.0,0.5119930211957958,2025-10-18T23:00:00Z,direct_ridge_90d_v1,22984.064102007327,9056.56775757928,0.6605525217748958
2025-10-01_30d_d168_h3,620,core,2025-10-19T22:00:00Z,2025-10-19T23:00:00Z,2025-10-19,24.43,18790.0,8204.0,0.6086455724516605,2025-10-18T23:00:00Z,direct_ridge_90d_v1,18895.31387708086,10052.746750188666,0.699583515321756
2025-10-01_30d_d168_h3,621,core,2025-10-19T23:00:00Z,2025-10-20T00:00:00Z,2025-10-19,52.25,3960.0,9496.0,0.7843628796696408,2025-10-18T23:00:00Z,direct_ridge_90d_v1,6145.084846890635,10739.512526269596,0.7944243544871628
2025-10-01_30d_d168_h3,622,core,2025-10-20T00:00:00Z,2025-10-20T01:00:00Z,2025-10-19,44.44,13.0,11723.0,0.8288292423698885,2025-10-18T23:00:00Z,direct_ridge_90d_v1,412.15419873428755,11541.591366816061,0.8510545428638915
2025-10-01_30d_d168_h3,623,core,2025-10-20T01:00:00Z,2025-10-20T02:00:00Z,2025-10-19,30.62,0.0,15122.0,0.7949830003135694,2025-10-18T23:00:00Z,direct_ridge_90d_v1,0.0,12974.435728542905,0.8641920441114723
2025-10-01_30d_d168_h3,624,core,2025-10-20T02:00:00Z,2025-10-20T03:00:00Z,2025-10-19,22.13,0.0,18248.0,0.7376472004670321,2025-10-18T23:00:00Z,direct_ridge_90d_v1,0.0,14477.505829919379,0.8600886512947057
2025-10-01_30d_d168_h3,625,core,2025-10-20T03:00:00Z,2025-10-20T04:00:00Z,2025-10-19,17.86,0.0,21210.0,0.6530509874961252,2025-10-18T23:00:00Z,direct_ridge_90d_v1,0.0,15443.546517520603,0.8368926092741905
2025-10-01_30d_d168_h3,626,core,2025-10-20T04:00:00Z,2025-10-20T05:00:00Z,2025-10-19,17.05,0.0,21681.0,0.6138280648387283,2025-10-18T23:00:00Z,direct_ridge_90d_v1,0.0,15753.779605246946,0.809677458271243
2025-10-01_30d_d168_h3,627,core,2025-10-20T05:00:00Z,2025-10-20T06:00:00Z,2025-10-20,17.86,0.0,21845.0,0.5877833266740917,2025-10-19T23:00:00Z,direct_ridge_90d_v1,0.0,13595.262512458798,0.8681958110941744
2025-10-01_30d_d168_h3,628,core,2025-10-20T06:00:00Z,2025-10-20T07:00:00Z,2025-10-20,16.75,1.0,22358.0,0.5612670652303202,2025-10-19T23:00:00Z,direct_ridge_90d_v1,0.0,13040.04288596042,0.8677308998219468
2025-10-01_30d_d168_h3,629,core,2025-10-20T07:00:00Z,2025-10-20T08:00:00Z,2025-10-20,16.1,0.0,22422.0,0.5475017806061049,2025-10-19T23:00:00Z,direct_ridge_90d_v1,0.0,12561.969952964455,0.8725242059781747
2025-10-01_30d_d168_h3,630,core,2025-10-20T08:00:00Z,2025-10-20T09:00:00Z,2025-10-20,15.52,0.0,22277.0,0.5449037800046317,2025-10-19T23:00:00Z,direct_ridge_90d_v1,0.0,12011.83100437657,0.8770642389619473
2025-10-01_30d_d168_h3,631,core,2025-10-20T09:00:00Z,2025-10-20T10:00:00Z,2025-10-20,15.59,0.0,21914.0,0.5513255658102136,2025-10-19T23:00:00Z,direct_ridge_90d_v1,0.0,11269.786832569473,0.8870473118986557
2025-10-01_30d_d168_h3,632,core,2025-10-20T10:00:00Z,2025-10-20T11:00:00Z,2025-10-20,17.11,0.0,21868.0,0.5718558722384068,2025-10-19T23:00:00Z,direct_ridge_90d_v1,0.0,10288.224788842179,0.9132875847283494
2025-10-01_30d_d168_h3,633,core,2025-10-20T11:00:00Z,2025-10-20T12:00:00Z,2025-10-20,20.91,0.0,22194.0,0.5871111007956139,2025-10-19T23:00:00Z,direct_ridge_90d_v1,7.340558985197532,9557.567885088823,0.9327911379230654
2025-10-01_30d_d168_h3,634,core,2025-10-20T12:00:00Z,2025-10-20T13:00:00Z,2025-10-20,21.69,205.0,22144.0,0.6001228181784423,2025-10-19T23:00:00Z,direct_ridge_90d_v1,559.371116396443,8807.790340816216,0.9299406618582521
2025-10-01_30d_d168_h3,635,core,2025-10-20T13:00:00Z,2025-10-20T14:00:00Z,2025-10-20,15.2,7674.0,20780.0,0.49058613421473496,2025-10-19T23:00:00Z,direct_ridge_90d_v1,10446.093621629096,7814.903567305249,0.782312746123714
2025-10-01_30d_d168_h3,636,core,2025-10-20T14:00:00Z,2025-10-20T15:00:00Z,2025-10-20,6.24,17556.0,18541.0,0.3806767021956267,2025-10-19T23:00:00Z,direct_ridge_90d_v1,23042.763630380017,6497.579363523495,0.6296529231653446
2025-10-01_30d_d168_h3,637,core,2025-10-20T15:00:00Z,2025-10-20T16:00:00Z,2025-10-20,7.58,19731.0,18472.0,0.3435025905225599,2025-10-19T23:00:00Z,direct_ridge_90d_v1,25807.57261591173,6690.067444944361,0.5926314814357944
2025-10-01_30d_d168_h3,638,core,2025-10-20T16:00:00Z,2025-10-20T17:00:00Z,2025-10-20,13.63,19785.0,18615.0,0.36551144034820454,2025-10-19T23:00:00Z,direct_ridge_90d_v1,25976.78989987198,6545.897204321576,0.5896710787045383
2025-10-01_30d_d168_h3,639,core,2025-10-20T17:00:00Z,2025-10-20T18:00:00Z,2025-10-20,16.99,20348.0,17979.0,0.41180146076058843,2025-10-19T23:00:00Z,direct_ridge_90d_v1,25447.794957249716,5954.970790645317,0.6172625339918287
2025-10-01_30d_d168_h3,640,core,2025-10-20T18:00:00Z,2025-10-20T19:00:00Z,2025-10-20,24.11,21447.0,17397.0,0.4535566833261793,2025-10-19T23:00:00Z,direct_ridge_90d_v1,24959.310894381688,5834.768745523743,0.6572235571765791
2025-10-01_30d_d168_h3,641,core,2025-10-20T19:00:00Z,2025-10-20T20:00:00Z,2025-10-20,26.65,22100.0,16772.0,0.4820516174512325,2025-10-19T23:00:00Z,direct_ridge_90d_v1,24752.887100963533,6199.346655057115,0.6764106336146197
2025-10-01_30d_d168_h3,642,core,2025-10-20T20:00:00Z,2025-10-20T21:00:00Z,2025-10-20,32.82,23123.0,16170.0,0.4920181247757824,2025-10-19T23:00:00Z,direct_ridge_90d_v1,24334.889059799832,6722.760625643151,0.6740699843343602
2025-10-01_30d_d168_h3,643,core,2025-10-20T21:00:00Z,2025-10-20T22:00:00Z,2025-10-20,33.02,22725.0,16390.0,0.5106155909126661,2025-10-19T23:00:00Z,direct_ridge_90d_v1,23328.02930362367,7322.51636186512,0.6846853940163482
2025-10-01_30d_d168_h3,644,core,2025-10-20T22:00:00Z,2025-10-20T23:00:00Z,2025-10-20,43.44,16633.0,16469.0,0.592279851250778,2025-10-19T23:00:00Z,direct_ridge_90d_v1,18844.544900257013,8328.299621402028,0.7237759093509403
2025-10-01_30d_d168_h3,645,core,2025-10-20T23:00:00Z,2025-10-21T00:00:00Z,2025-10-20,77.96,3421.0,15384.0,0.7359256151282058,2025-10-19T23:00:00Z,direct_ridge_90d_v1,5829.242715965107,9572.199410053725,0.8181031703047638
2025-10-01_30d_d168_h3,646,core,2025-10-21T00:00:00Z,2025-10-21T01:00:00Z,2025-10-20,73.08,9.0,15269.0,0.776691224363667,2025-10-19T23:00:00Z,direct_ridge_90d_v1,143.16862073225138,10254.982553453176,0.8797686743146315
2025-10-01_30d_d168_h3,647,core,2025-10-21T01:00:00Z,2025-10-21T02:00:00Z,2025-10-20,51.71,0.0,17156.0,0.7852910366447383,2025-10-19T23:00:00Z,direct_ridge_90d_v1,0.0,11761.807797977126,0.8950265401641901
2025-10-01_30d_d168_h3,648,core,2025-10-21T02:00:00Z,2025-10-21T03:00:00Z,2025-10-20,34.93,1.0,19926.0,0.7525696230994211,2025-10-19T23:00:00Z,direct_ridge_90d_v1,0.0,13145.21180351084,0.892219229159356
2025-10-01_30d_d168_h3,649,core,2025-10-21T03:00:00Z,2025-10-21T04:00:00Z,2025-10-20,32.14,1.0,21392.0,0.7126391449010613,2025-10-19T23:00:00Z,direct_ridge_90d_v1,0.0,13972.192876920028,0.8784392709023177
2025-10-01_30d_d168_h3,650,core,2025-10-21T04:00:00Z,2025-10-21T05:00:00Z,2025-10-20,23.82,0.0,21934.0,0.6758756188482029,2025-10-19T23:00:00Z,direct_ridge_90d_v1,0.0,14241.333278195365,0.8598248676040057
2025-10-01_30d_d168_h3,651,core,2025-10-21T05:00:00Z,2025-10-21T06:00:00Z,2025-10-21,22.48,0.0,23006.0,0.6331864999029432,2025-10-20T23:00:00Z,direct_ridge_90d_v1,0.0,17789.375451639957,0.7572525763439172
2025-10-01_30d_d168_h3,652,core,2025-10-21T06:00:00Z,2025-10-21T07:00:00Z,2025-10-21,20.29,0.0,22934.0,0.6152622784789925,2025-10-20T23:00:00Z,direct_ridge_90d_v1,0.0,17265.9412836782,0.7452710882105551
2025-10-01_30d_d168_h3,653,core,2025-10-21T07:00:00Z,2025-10-21T08:00:00Z,2025-10-21,19.0,1.0,22348.0,0.6148688056439047,2025-10-20T23:00:00Z,direct_ridge_90d_v1,0.0,16491.87737791967,0.7418531427789314
2025-10-01_30d_d168_h3,654,core,2025-10-21T08:00:00Z,2025-10-21T09:00:00Z,2025-10-21,17.48,1.0,22605.0,0.6055095885815573,2025-10-20T23:00:00Z,direct_ridge_90d_v1,0.0,15696.992315423027,0.7465809113319748
2025-10-01_30d_d168_h3,655,core,2025-10-21T09:00:00Z,2025-10-21T10:00:00Z,2025-10-21,17.98,1.0,21450.0,0.6205407921973841,2025-10-20T23:00:00Z,direct_ridge_90d_v1,0.0,14646.493504359707,0.7670881212071631
2025-10-01_30d_d168_h3,656,core,2025-10-21T10:00:00Z,2025-10-21T11:00:00Z,2025-10-21,19.87,1.0,20128.0,0.654027579831657,2025-10-20T23:00:00Z,direct_ridge_90d_v1,0.0,13474.717306404073,0.8149755596903018
2025-10-01_30d_d168_h3,657,core,2025-10-21T11:00:00Z,2025-10-21T12:00:00Z,2025-10-21,26.13,1.0,18475.0,0.7250786519955092,2025-10-20T23:00:00Z,direct_ridge_90d_v1,4.141467578927243,12462.60595387178,0.8553890211263109
2025-10-01_30d_d168_h3,658,core,2025-10-21T12:00:00Z,2025-10-21T13:00:00Z,2025-10-21,30.99,99.0,17360.0,0.7731889426363269,2025-10-20T23:00:00Z,direct_ridge_90d_v1,676.1719208992829,11137.37661299071,0.8562389564208507
2025-10-01_30d_d168_h3,659,core,2025-10-21T13:00:00Z,2025-10-21T14:00:00Z,2025-10-21,22.0,6027.0,15287.0,0.6956684730817979,2025-10-20T23:00:00Z,direct_ridge_90d_v1,10266.8240163423,9433.942449107632,0.7222075225121677
2025-10-01_30d_d168_h3,660,core,2025-10-21T14:00:00Z,2025-10-21T15:00:00Z,2025-10-21,17.08,18988.0,11196.0,0.5516930102022816,2025-10-20T23:00:00Z,direct_ridge_90d_v1,22605.91009686382,7478.684176003791,0.5792897179269401
2025-10-01_30d_d168_h3,661,core,2025-10-21T15:00:00Z,2025-10-21T16:00:00Z,2025-10-21,18.16,22732.0,11632.0,0.4798889409467379,2025-10-20T23:00:00Z,direct_ridge_90d_v1,25340.32052622369,7824.071842089996,0.5422316292635803
2025-10-01_30d_d168_h3,662,core,2025-10-21T16:00:00Z,2025-10-21T17:00:00Z,2025-10-21,23.52,22936.0,11080.0,0.4898516555598584,2025-10-20T23:00:00Z,direct_ridge_90d_v1,25565.074955488624,7612.808385801586,0.5506203495819932
2025-10-01_30d_d168_h3,663,core,2025-10-21T17:00:00Z,2025-10-21T18:00:00Z,2025-10-21,31.93,23905.0,9276.0,0.5195753212087754,2025-10-20T23:00:00Z,direct_ridge_90d_v1,25351.320011312047,6855.869156818767,0.5801173561098865
2025-10-01_30d_d168_h3,664,core,2025-10-21T18:00:00Z,2025-10-21T19:00:00Z,2025-10-21,36.71,24236.0,6446.0,0.5851338831713307,2025-10-20T23:00:00Z,direct_ridge_90d_v1,25150.168178477215,6588.515673133616,0.6138446986878463
2025-10-01_30d_d168_h3,665,core,2025-10-21T19:00:00Z,2025-10-21T20:00:00Z,2025-10-21,37.56,24590.0,4578.0,0.6258150865194382,2025-10-20T23:00:00Z,direct_ridge_90d_v1,25301.220132846873,6974.291304664161,0.6244008357642965
2025-10-01_30d_d168_h3,666,core,2025-10-21T20:00:00Z,2025-10-21T21:00:00Z,2025-10-21,37.91,24558.0,3701.0,0.6536970083943454,2025-10-20T23:00:00Z,direct_ridge_90d_v1,24987.75437352705,7695.744565298895,0.6284338901248032
2025-10-01_30d_d168_h3,667,core,2025-10-21T21:00:00Z,2025-10-21T22:00:00Z,2025-10-21,40.74,24077.0,3289.0,0.6745144394721159,2025-10-20T23:00:00Z,direct_ridge_90d_v1,24112.890666147967,8693.117704974717,0.6362351415273368
2025-10-01_30d_d168_h3,668,core,2025-10-21T22:00:00Z,2025-10-21T23:00:00Z,2025-10-21,101.18,16895.0,2981.0,0.7675575357272328,2025-10-20T23:00:00Z,direct_ridge_90d_v1,19832.80004138351,9740.228513650663,0.672464751962787
2025-10-01_30d_d168_h3,669,core,2025-10-21T23:00:00Z,2025-10-22T00:00:00Z,2025-10-21,126.39,3383.0,2877.0,0.8876991438301864,2025-10-20T23:00:00Z,direct_ridge_90d_v1,6934.994168859868,10125.77836236321,0.7693843671877695
2025-10-01_30d_d168_h3,670,core,2025-10-22T00:00:00Z,2025-10-22T01:00:00Z,2025-10-21,108.02,8.0,4036.0,0.9354766727419859,2025-10-20T23:00:00Z,direct_ridge_90d_v1,535.2365521010968,10789.635846303629,0.8309738208606497
2025-10-01_30d_d168_h3,671,core,2025-10-22T01:00:00Z,2025-10-22T02:00:00Z,2025-10-21,99.78,0.0,6215.0,0.9522451710756059,2025-10-20T23:00:00Z,direct_ridge_90d_v1,0.0,12258.909910181826,0.8482602521929063
2025-10-01_30d_d168_h3,672,core,2025-10-22T02:00:00Z,2025-10-22T03:00:00Z,2025-10-21,64.32,0.0,7747.0,0.9511690159398731,2025-10-20T23:00:00Z,direct_ridge_90d_v1,0.0,13877.29761109658,0.8456236082330144
2025-10-01_30d_d168_h3,673,core,2025-10-22T03:00:00Z,2025-10-22T04:00:00Z,2025-10-21,44.46,0.0,8834.0,0.9413899559873098,2025-10-20T23:00:00Z,direct_ridge_90d_v1,0.0,15104.60821767526,0.8226123856428806
2025-10-01_30d_d168_h3,674,core,2025-10-22T04:00:00Z,2025-10-22T05:00:00Z,2025-10-21,34.2,0.0,9873.0,0.9252895997292274,2025-10-20T23:00:00Z,direct_ridge_90d_v1,0.0,15622.361712549462,0.7916737647883273
2025-10-01_30d_d168_h3,675,core,2025-10-22T05:00:00Z,2025-10-22T06:00:00Z,2025-10-22,32.6,0.0,10487.0,0.9102730960438682,2025-10-21T23:00:00Z,direct_ridge_90d_v1,0.0,15178.453594500073,0.760957512846034
2025-10-01_30d_d168_h3,676,core,2025-10-22T06:00:00Z,2025-10-22T07:00:00Z,2025-10-22,28.92,0.0,11115.0,0.8787564727087867,2025-10-21T23:00:00Z,direct_ridge_90d_v1,0.0,14824.99267174278,0.7483706572116978
2025-10-01_30d_d168_h3,677,core,2025-10-22T07:00:00Z,2025-10-22T08:00:00Z,2025-10-22,27.26,0.0,11455.0,0.8353340531035977,2025-10-21T23:00:00Z,direct_ridge_90d_v1,0.0,14323.736283433978,0.7443261206014493
2025-10-01_30d_d168_h3,678,core,2025-10-22T08:00:00Z,2025-10-22T09:00:00Z,2025-10-22,26.54,0.0,12015.0,0.7993451536708083,2025-10-21T23:00:00Z,direct_ridge_90d_v1,0.0,13586.190665392878,0.7485545815482058
2025-10-01_30d_d168_h3,679,core,2025-10-22T09:00:00Z,2025-10-22T10:00:00Z,2025-10-22,24.97,0.0,12763.0,0.7828522673658429,2025-10-21T23:00:00Z,direct_ridge_90d_v1,0.0,12630.272337318638,0.7661508357311074
2025-10-01_30d_d168_h3,680,core,2025-10-22T10:00:00Z,2025-10-22T11:00:00Z,2025-10-22,25.28,0.0,13676.0,0.7676097620312426,2025-10-21T23:00:00Z,direct_ridge_90d_v1,0.0,11506.374726277678,0.8072817933827121
2025-10-01_30d_d168_h3,681,core,2025-10-22T11:00:00Z,2025-10-22T12:00:00Z,2025-10-22,28.23,0.0,14186.0,0.7788282300342884,2025-10-21T23:00:00Z,direct_ridge_90d_v1,3.7915729019337654,10674.592156548964,0.8423497570768239
2025-10-01_30d_d168_h3,682,core,2025-10-22T12:00:00Z,2025-10-22T13:00:00Z,2025-10-22,27.51,132.0,15013.0,0.7695807202151234,2025-10-21T23:00:00Z,direct_ridge_90d_v1,186.16869985607627,9842.930259903611,0.8523506364027683
2025-10-01_30d_d168_h3,683,core,2025-10-22T13:00:00Z,2025-10-22T14:00:00Z,2025-10-22,20.72,6533.0,14738.0,0.6512873736559296,2025-10-21T23:00:00Z,direct_ridge_90d_v1,8407.497312725352,8574.498212876531,0.7213126438831293
2025-10-01_30d_d168_h3,684,core,2025-10-22T14:00:00Z,2025-10-22T15:00:00Z,2025-10-22,13.12,19501.0,11120.0,0.487385113727167,2025-10-21T23:00:00Z,direct_ridge_90d_v1,20138.26842092994,6849.132340355044,0.5765174710570942
2025-10-01_30d_d168_h3,685,core,2025-10-22T15:00:00Z,2025-10-22T16:00:00Z,2025-10-22,11.64,23623.0,10601.0,0.44181719444442513,2025-10-21T23:00:00Z,direct_ridge_90d_v1,22945.63270763174,7265.24346030854,0.5335381797224439
2025-10-01_30d_d168_h3,686,core,2025-10-22T16:00:00Z,2025-10-22T17:00:00Z,2025-10-22,11.99,23707.0,10898.0,0.4334862643116998,2025-10-21T23:00:00Z,direct_ridge_90d_v1,23434.085380023058,7509.959158630118,0.5353710432645806
2025-10-01_30d_d168_h3,687,core,2025-10-22T17:00:00Z,2025-10-22T18:00:00Z,2025-10-22,16.02,23873.0,9702.0,0.4546300009118318,2025-10-21T23:00:00Z,direct_ridge_90d_v1,23450.28584319954,7202.946431747464,0.5646096079670224
2025-10-01_30d_d168_h3,688,core,2025-10-22T18:00:00Z,2025-10-22T19:00:00Z,2025-10-22,18.97,24128.0,9094.0,0.48021901407928236,2025-10-21T23:00:00Z,direct_ridge_90d_v1,22871.298950821027,7054.693392533799,0.6092325203233673
2025-10-01_30d_d168_h3,689,core,2025-10-22T19:00:00Z,2025-10-22T20:00:00Z,2025-10-22,24.2,25052.0,8115.0,0.49168081447478373,2025-10-21T23:00:00Z,direct_ridge_90d_v1,22408.588821929283,7350.585407206314,0.6286704542074458
2025-10-01_30d_d168_h3,690,core,2025-10-22T20:00:00Z,2025-10-22T21:00:00Z,2025-10-22,25.04,25153.0,7106.0,0.5438738628517064,2025-10-21T23:00:00Z,direct_ridge_90d_v1,21658.178370976082,7969.568307874344,0.6371565158082806
2025-10-01_30d_d168_h3,691,core,2025-10-22T21:00:00Z,2025-10-22T22:00:00Z,2025-10-22,25.69,24565.0,6823.0,0.5678423030282858,2025-10-21T23:00:00Z,direct_ridge_90d_v1,20271.859029929616,8518.87014259199,0.6467221508757856
2025-10-01_30d_d168_h3,692,core,2025-10-22T22:00:00Z,2025-10-22T23:00:00Z,2025-10-22,39.73,16601.0,6681.0,0.6840883083653615,2025-10-21T23:00:00Z,direct_ridge_90d_v1,15837.96788430833,9220.777798131765,0.6895371524840505
2025-10-01_30d_d168_h3,693,core,2025-10-22T23:00:00Z,2025-10-23T00:00:00Z,2025-10-22,67.56,3022.0,6963.0,0.8154462811326763,2025-10-21T23:00:00Z,direct_ridge_90d_v1,3499.65941907055,9814.74378853651,0.784803364764135
2025-10-01_30d_d168_h3,694,core,2025-10-23T00:00:00Z,2025-10-23T01:00:00Z,2025-10-22,54.89,4.0,9127.0,0.8671875445498797,2025-10-21T23:00:00Z,direct_ridge_90d_v1,0.0,10433.292114468659,0.8405647635269797
2025-10-01_30d_d168_h3,695,core,2025-10-23T01:00:00Z,2025-10-23T02:00:00Z,2025-10-22,35.53,0.0,12283.0,0.8619527102514665,2025-10-21T23:00:00Z,direct_ridge_90d_v1,0.0,12218.428471737678,0.8566837879334555
2025-10-01_30d_d168_h3,696,core,2025-10-23T02:00:00Z,2025-10-23T03:00:00Z,2025-10-22,28.22,0.0,14532.0,0.8436388121657865,2025-10-21T23:00:00Z,direct_ridge_90d_v1,0.0,13855.437577939947,0.8530876016167083
2025-10-01_30d_d168_h3,697,core,2025-10-23T03:00:00Z,2025-10-23T04:00:00Z,2025-10-22,24.51,0.0,17050.0,0.781452405023589,2025-10-21T23:00:00Z,direct_ridge_90d_v1,0.0,14978.072690163657,0.8335645698743003
2025-10-01_30d_d168_h3,698,core,2025-10-23T04:00:00Z,2025-10-23T05:00:00Z,2025-10-22,21.56,0.0,18878.0,0.7074029972307385,2025-10-21T23:00:00Z,direct_ridge_90d_v1,0.0,15443.026336477675,0.8057314099956493
2025-10-01_30d_d168_h3,699,core,2025-10-23T05:00:00Z,2025-10-23T06:00:00Z,2025-10-23,22.21,0.0,19095.0,0.6702827860440693,2025-10-22T23:00:00Z,direct_ridge_90d_v1,0.0,17128.071561289347,0.753368623194115
2025-10-01_30d_d168_h3,700,core,2025-10-23T06:00:00Z,2025-10-23T07:00:00Z,2025-10-23,21.65,1.0,19024.0,0.6592384981932313,2025-10-22T23:00:00Z,direct_ridge_90d_v1,0.0,16817.85813739312,0.7370196595533939
2025-10-01_30d_d168_h3,701,core,2025-10-23T07:00:00Z,2025-10-23T08:00:00Z,2025-10-23,21.76,0.0,18353.0,0.6647687979468963,2025-10-22T23:00:00Z,direct_ridge_90d_v1,0.0,16288.609671095875,0.7305425699386062
2025-10-01_30d_d168_h3,702,core,2025-10-23T08:00:00Z,2025-10-23T09:00:00Z,2025-10-23,22.42,0.0,17889.0,0.6651350327307515,2025-10-22T23:00:00Z,direct_ridge_90d_v1,0.0,15557.032190474632,0.7336642612199077
2025-10-01_30d_d168_h3,703,core,2025-10-23T09:00:00Z,2025-10-23T10:00:00Z,2025-10-23,23.37,0.0,17390.0,0.66118189636535,2025-10-22T23:00:00Z,direct_ridge_90d_v1,0.0,14627.38534756087,0.7507360597592052
2025-10-01_30d_d168_h3,704,core,2025-10-23T10:00:00Z,2025-10-23T11:00:00Z,2025-10-23,24.23,1.0,16100.0,0.7013734836941123,2025-10-22T23:00:00Z,direct_ridge_90d_v1,0.0,13479.865388567952,0.7893880929110209
2025-10-01_30d_d168_h3,705,core,2025-10-23T11:00:00Z,2025-10-23T12:00:00Z,2025-10-23,27.6,1.0,15305.0,0.7678723034108883,2025-10-22T23:00:00Z,direct_ridge_90d_v1,3.557426365068455,12521.501930262652,0.8254504437493546
2025-10-01_30d_d168_h3,706,core,2025-10-23T12:00:00Z,2025-10-23T13:00:00Z,2025-10-23,31.07,116.0,14655.0,0.8032393031465166,2025-10-22T23:00:00Z,direct_ridge_90d_v1,458.5026516732644,11441.271813274676,0.8348027920389715
2025-10-01_30d_d168_h3,707,core,2025-10-23T13:00:00Z,2025-10-23T14:00:00Z,2025-10-23,27.36,4738.0,14047.0,0.7112165680851016,2025-10-22T23:00:00Z,direct_ridge_90d_v1,9252.066118653314,9818.577622117016,0.716868158369626
2025-10-01_30d_d168_h3,708,core,2025-10-23T14:00:00Z,2025-10-23T15:00:00Z,2025-10-23,23.81,13319.0,12052.0,0.577584441955804,2025-10-22T23:00:00Z,direct_ridge_90d_v1,21183.001090279835,7612.412823978748,0.5660619495688551
2025-10-01_30d_d168_h3,709,core,2025-10-23T15:00:00Z,2025-10-23T16:00:00Z,2025-10-23,21.74,16695.0,12751.0,0.5250674064939537,2025-10-22T23:00:00Z,direct_ridge_90d_v1,24040.477032364674,7894.525621267439,0.5242941344036413
2025-10-01_30d_d168_h3,710,core,2025-10-23T16:00:00Z,2025-10-23T17:00:00Z,2025-10-23,23.51,19772.0,11638.0,0.5092775527082595,2025-10-22T23:00:00Z,direct_ridge_90d_v1,24518.42992537424,7642.587512581035,0.5249874291121951
2025-10-01_30d_d168_h3,711,core,2025-10-23T17:00:00Z,2025-10-23T18:00:00Z,2025-10-23,28.3,18827.0,8996.0,0.5969281645854366,2025-10-22T23:00:00Z,direct_ridge_90d_v1,24630.422287566482,6714.134602514908,0.5507433616927292
2025-10-01_30d_d168_h3,712,core,2025-10-23T18:00:00Z,2025-10-23T19:00:00Z,2025-10-23,31.22,18353.0,7698.0,0.651879304590988,2025-10-22T23:00:00Z,direct_ridge_90d_v1,24494.64444539042,6275.51132134561,0.593848240273684
2025-10-01_30d_d168_h3,713,core,2025-10-23T19:00:00Z,2025-10-23T20:00:00Z,2025-10-23,35.06,17855.0,7105.0,0.6798711322450967,2025-10-22T23:00:00Z,direct_ridge_90d_v1,24389.185235152097,6602.993244976107,0.613666672941999
2025-10-01_30d_d168_h3,714,core,2025-10-23T20:00:00Z,2025-10-23T21:00:00Z,2025-10-23,37.96,17522.0,7400.0,0.6948873624784774,2025-10-22T23:00:00Z,direct_ridge_90d_v1,23844.450190666535,7349.618043335495,0.6192610386614537
2025-10-01_30d_d168_h3,715,core,2025-10-23T21:00:00Z,2025-10-23T22:00:00Z,2025-10-23,41.69,14995.0,9241.0,0.7065764225147377,2025-10-22T23:00:00Z,direct_ridge_90d_v1,23014.646018135063,8163.672881076959,0.6312585653959322
2025-10-01_30d_d168_h3,716,core,2025-10-23T22:00:00Z,2025-10-23T23:00:00Z,2025-10-23,55.29,8120.0,11961.0,0.7513980214841653,2025-10-22T23:00:00Z,direct_ridge_90d_v1,18543.40841791889,9035.816819937758,0.682884291520604
2025-10-01_30d_d168_h3,717,core,2025-10-23T23:00:00Z,2025-10-24T00:00:00Z,2025-10-23,68.93,1187.0,14201.0,0.7815582607886318,2025-10-22T23:00:00Z,direct_ridge_90d_v1,5401.19319368803,10226.509777992524,0.7896010474798101
2025-10-01_30d_d168_h3,718,core,2025-10-24T00:00:00Z,2025-10-24T01:00:00Z,2025-10-23,53.64,0.0,17146.0,0.7635451026187552,2025-10-22T23:00:00Z,direct_ridge_90d_v1,111.81643982703099,10938.264358684091,0.8451498752447292
2025-10-01_30d_d168_h3,719,core,2025-10-24T01:00:00Z,2025-10-24T02:00:00Z,2025-10-23,42.2,0.0,18660.0,0.7547153162033076,2025-10-22T23:00:00Z,direct_ridge_90d_v1,0.0,12441.148487830636,0.8558193483537807
2025-10-01_30d_d168_h3,720,core,2025-10-24T02:00:00Z,2025-10-24T03:00:00Z,2025-10-23,35.41,0.0,19607.0,0.749161053652051,2025-10-22T23:00:00Z,direct_ridge_90d_v1,0.0,14016.220149307304,0.8452056238590023
2025-10-01_30d_d168_h3,721,core,2025-10-24T03:00:00Z,2025-10-24T04:00:00Z,2025-10-23,32.34,0.0,17977.0,0.7635809459148912,2025-10-22T23:00:00Z,direct_ridge_90d_v1,0.0,15195.941090665714,0.815661117800923
2025-10-01_30d_d168_h3,722,core,2025-10-24T04:00:00Z,2025-10-24T05:00:00Z,2025-10-23,28.62,0.0,16062.0,0.7843736773515134,2025-10-22T23:00:00Z,direct_ridge_90d_v1,0.0,15517.16610716043,0.785335490790953
2025-10-01_30d_d168_h3,723,core,2025-10-24T05:00:00Z,2025-10-24T06:00:00Z,2025-10-24,29.51,0.0,15549.0,0.7853550614150313,2025-10-23T23:00:00Z,direct_ridge_90d_v1,0.0,15581.855487065042,0.7841652900825085
2025-10-01_30d_d168_h3,724,core,2025-10-24T06:00:00Z,2025-10-24T07:00:00Z,2025-10-24,29.66,0.0,16670.0,0.7381781198556332,2025-10-23T23:00:00Z,direct_ridge_90d_v1,0.0,15402.213725586624,0.7710824208985084
2025-10-01_30d_d168_h3,725,core,2025-10-24T07:00:00Z,2025-10-24T08:00:00Z,2025-10-24,28.15,0.0,17148.0,0.7142333553941667,2025-10-23T23:00:00Z,direct_ridge_90d_v1,0.0,15098.72390634308,0.7676127951421026
2025-10-01_30d_d168_h3,726,core,2025-10-24T08:00:00Z,2025-10-24T09:00:00Z,2025-10-24,26.32,0.0,17750.0,0.6913513247864711,2025-10-23T23:00:00Z,direct_ridge_90d_v1,0.0,14563.65986664272,0.7703384088833547
2025-10-01_30d_d168_h3,727,core,2025-10-24T09:00:00Z,2025-10-24T10:00:00Z,2025-10-24,25.57,0.0,19070.0,0.6440763201170597,2025-10-23T23:00:00Z,direct_ridge_90d_v1,0.0,13734.477349944833,0.785465591425393
2025-10-01_30d_d168_h3,728,core,2025-10-24T10:00:00Z,2025-10-24T11:00:00Z,2025-10-24,24.5,0.0,19435.0,0.6457211280999793,2025-10-23T23:00:00Z,direct_ridge_90d_v1,0.0,12692.284703281171,0.8159224664081742
2025-10-01_30d_d168_h3,729,core,2025-10-24T11:00:00Z,2025-10-24T12:00:00Z,2025-10-24,24.72,0.0,20074.0,0.6834353567956702,2025-10-23T23:00:00Z,direct_ridge_90d_v1,4.256378390996268,11927.863552020659,0.8426221661937191
2025-10-01_30d_d168_h3,730,core,2025-10-24T12:00:00Z,2025-10-24T13:00:00Z,2025-10-24,25.65,69.0,20270.0,0.6944009750278427,2025-10-23T23:00:00Z,direct_ridge_90d_v1,226.7021350184948,11273.283278154508,0.8514682400171141
2025-10-01_30d_d168_h3,731,core,2025-10-24T13:00:00Z,2025-10-24T14:00:00Z,2025-10-24,24.24,2865.0,19022.0,0.6660112229814441,2025-10-23T23:00:00Z,direct_ridge_90d_v1,8502.372442640348,10233.51496768274,0.7184974043543243
2025-10-01_30d_d168_h3,732,core,2025-10-24T14:00:00Z,2025-10-24T15:00:00Z,2025-10-24,24.67,7744.0,17554.0,0.6081167099004536,2025-10-23T23:00:00Z,direct_ridge_90d_v1,20486.5965570593,8267.079229270623,0.5661712672326785
2025-10-01_30d_d168_h3,733,core,2025-10-24T15:00:00Z,2025-10-24T16:00:00Z,2025-10-24,23.83,10306.0,17666.0,0.5792814676604723,2025-10-23T23:00:00Z,direct_ridge_90d_v1,23270.68855826537,8393.05545092582,0.5232469064721229
2025-10-01_30d_d168_h3,734,core,2025-10-24T16:00:00Z,2025-10-24T17:00:00Z,2025-10-24,26.21,11922.0,17320.0,0.5729043516879305,2025-10-23T23:00:00Z,direct_ridge_90d_v1,23677.616848886806,8554.951932338492,0.5272927087562231
2025-10-01_30d_d168_h3,735,core,2025-10-24T17:00:00Z,2025-10-24T18:00:00Z,2025-10-24,26.82,11651.0,15965.0,0.6112464752699521,2025-10-23T23:00:00Z,direct_ridge_90d_v1,23731.689504025762,8041.480113121165,0.553117395690171
2025-10-01_30d_d168_h3,736,core,2025-10-24T18:00:00Z,2025-10-24T19:00:00Z,2025-10-24,28.14,11572.0,15142.0,0.6285506850572372,2025-10-23T23:00:00Z,direct_ridge_90d_v1,23578.05278066675,7850.2812550725375,0.5954807520404451
2025-10-01_30d_d168_h3,737,core,2025-10-24T19:00:00Z,2025-10-24T20:00:00Z,2025-10-24,31.05,11146.0,14862.0,0.650934849864875,2025-10-23T23:00:00Z,direct_ridge_90d_v1,23388.84956631024,8149.707443497203,0.620950289265849
2025-10-01_30d_d168_h3,738,core,2025-10-24T20:00:00Z,2025-10-24T21:00:00Z,2025-10-24,38.38,9848.0,15439.0,0.6657857741670156,2025-10-23T23:00:00Z,direct_ridge_90d_v1,22687.737648432514,8706.362442294165,0.6296311021089146
2025-10-01_30d_d168_h3,739,core,2025-10-24T21:00:00Z,2025-10-24T22:00:00Z,2025-10-24,42.86,8923.0,15169.0,0.6811658327277084,2025-10-23T23:00:00Z,direct_ridge_90d_v1,21545.438057467378,9122.899874020402,0.6425345548493882
2025-10-01_30d_d168_h3,740,core,2025-10-24T22:00:00Z,2025-10-24T23:00:00Z,2025-10-24,52.94,6349.0,13986.0,0.7276784721045361,2025-10-23T23:00:00Z,direct_ridge_90d_v1,17096.55241275811,9759.39134413801,0.6948996861321061
2025-10-01_30d_d168_h3,741,core,2025-10-24T23:00:00Z,2025-10-25T00:00:00Z,2025-10-24,60.06,1448.0,14546.0,0.7700464233874457,2025-10-23T23:00:00Z,direct_ridge_90d_v1,4185.252530222848,10521.889466335262,0.793131936270052
2025-10-01_30d_d168_h3,742,core,2025-10-25T00:00:00Z,2025-10-25T01:00:00Z,2025-10-24,55.07,7.0,14226.0,0.7843439899484124,2025-10-23T23:00:00Z,direct_ridge_90d_v1,0.0,11153.411603926023,0.8494087343690853
2025-10-01_30d_d168_h3,743,core,2025-10-25T01:00:00Z,2025-10-25T02:00:00Z,2025-10-24,46.82,0.0,13450.0,0.798819613508475,2025-10-23T23:00:00Z,direct_ridge_90d_v1,0.0,12999.147039653832,0.8591883964966263
2025-10-01_30d_d168_h3,744,core,2025-10-25T02:00:00Z,2025-10-25T03:00:00Z,2025-10-24,40.8,0.0,10168.0,0.8328631537279235,2025-10-23T23:00:00Z,direct_ridge_90d_v1,0.0,14634.905810564167,0.8472022047453119
2025-10-01_30d_d168_h3,745,core,2025-10-25T03:00:00Z,2025-10-25T04:00:00Z,2025-10-24,41.0,0.0,11003.0,0.8626203152702094,2025-10-23T23:00:00Z,direct_ridge_90d_v1,0.0,15652.760096447657,0.8204556129387296
2025-10-01_30d_d168_h3,746,core,2025-10-25T04:00:00Z,2025-10-25T05:00:00Z,2025-10-24,38.91,0.0,10141.0,0.8823143619478585,2025-10-23T23:00:00Z,direct_ridge_90d_v1,0.0,16137.532999501469,0.7930134742890348
2025-10-01_30d_d168_h3,747,core,2025-10-25T05:00:00Z,2025-10-25T06:00:00Z,2025-10-25,39.24,0.0,10183.0,0.883003191097347,2025-10-24T23:00:00Z,direct_ridge_90d_v1,0.0,16104.066536616407,0.7571953868093018
2025-10-01_30d_d168_h3,748,core,2025-10-25T06:00:00Z,2025-10-25T07:00:00Z,2025-10-25,36.69,0.0,9814.0,0.8839185379294697,2025-10-24T23:00:00Z,direct_ridge_90d_v1,0.0,16131.270954114036,0.7334929526707662
2025-10-01_30d_d168_h3,749,core,2025-10-25T07:00:00Z,2025-10-25T08:00:00Z,2025-10-25,36.7,0.0,7687.0,0.9194343389320219,2025-10-24T23:00:00Z,direct_ridge_90d_v1,0.0,15700.423279775649,0.7226132593374125
2025-10-01_30d_d168_h3,750,core,2025-10-25T08:00:00Z,2025-10-25T09:00:00Z,2025-10-25,37.28,0.0,6483.0,0.951927876101059,2025-10-24T23:00:00Z,direct_ridge_90d_v1,0.0,14981.772310807748,0.7276001985247733
2025-10-01_30d_d168_h3,751,core,2025-10-25T09:00:00Z,2025-10-25T10:00:00Z,2025-10-25,37.78,0.0,6397.0,0.9576842613551173,2025-10-24T23:00:00Z,direct_ridge_90d_v1,0.0,14160.33713137383,0.7458329904971294
2025-10-01_30d_d168_h3,752,core,2025-10-25T10:00:00Z,2025-10-25T11:00:00Z,2025-10-25,38.48,0.0,5913.0,0.9639254973110781,2025-10-24T23:00:00Z,direct_ridge_90d_v1,0.0,13133.373911265866,0.7809008797207063
2025-10-01_30d_d168_h3,753,core,2025-10-25T11:00:00Z,2025-10-25T12:00:00Z,2025-10-25,39.24,0.0,5376.0,0.9713162821047664,2025-10-24T23:00:00Z,direct_ridge_90d_v1,2.908990984237043,12142.284949423174,0.8195571709727189
2025-10-01_30d_d168_h3,754,core,2025-10-25T12:00:00Z,2025-10-25T13:00:00Z,2025-10-25,41.13,24.0,3607.0,0.9706156921651627,2025-10-24T23:00:00Z,direct_ridge_90d_v1,246.82469979321672,11412.936859678943,0.8270816142110569
2025-10-01_30d_d168_h3,755,core,2025-10-25T13:00:00Z,2025-10-25T14:00:00Z,2025-10-25,38.98,2373.0,2861.0,0.9524010142806739,2025-10-24T23:00:00Z,direct_ridge_90d_v1,8226.37947470569,9926.622614094127,0.7128237187706581
2025-10-01_30d_d168_h3,756,core,2025-10-25T14:00:00Z,2025-10-25T15:00:00Z,2025-10-25,34.85,8335.0,3260.0,0.8483331636349521,2025-10-24T23:00:00Z,direct_ridge_90d_v1,20450.752129806548,6922.026407861607,0.5682202786374039
2025-10-01_30d_d168_h3,757,core,2025-10-25T15:00:00Z,2025-10-25T16:00:00Z,2025-10-25,32.7,11675.0,4861.0,0.7632861112015673,2025-10-24T23:00:00Z,direct_ridge_90d_v1,23401.702499932464,7053.694294979542,0.5255105627317987
2025-10-01_30d_d168_h3,758,core,2025-10-25T16:00:00Z,2025-10-25T17:00:00Z,2025-10-25,29.26,13134.0,6766.0,0.714194023403919,2025-10-24T23:00:00Z,direct_ridge_90d_v1,23811.737171325934,7372.455552592724,0.5289955898775535
2025-10-01_30d_d168_h3,759,core,2025-10-25T17:00:00Z,2025-10-25T18:00:00Z,2025-10-25,30.69,14187.0,7928.0,0.6778445913153222,2025-10-24T23:00:00Z,direct_ridge_90d_v1,23960.765896885423,6892.437404605054,0.5541332397452151
2025-10-01_30d_d168_h3,760,core,2025-10-25T18:00:00Z,2025-10-25T19:00:00Z,2025-10-25,31.2,15747.0,6851.0,0.6748855065116407,2025-10-24T23:00:00Z,direct_ridge_90d_v1,23564.896631099404,6458.2891464954055,0.5881024124413484
2025-10-01_30d_d168_h3,761,core,2025-10-25T19:00:00Z,2025-10-25T20:00:00Z,2025-10-25,32.78,15973.0,6025.0,0.6949969199415499,2025-10-24T23:00:00Z,direct_ridge_90d_v1,23138.680136705596,6514.714072015618,0.6061636628252193
2025-10-01_30d_d168_h3,762,core,2025-10-25T20:00:00Z,2025-10-25T21:00:00Z,2025-10-25,39.1,14528.0,6270.0,0.7166966137566385,2025-10-24T23:00:00Z,direct_ridge_90d_v1,22611.52986029322,6958.862911637241,0.6268219165890718
2025-10-01_30d_d168_h3,763,core,2025-10-25T21:00:00Z,2025-10-25T22:00:00Z,2025-10-25,39.88,11876.0,5723.0,0.7730406928025995,2025-10-24T23:00:00Z,direct_ridge_90d_v1,21602.211730489747,7492.201479599373,0.6422723057067393
2025-10-01_30d_d168_h3,764,core,2025-10-25T22:00:00Z,2025-10-25T23:00:00Z,2025-10-25,49.11,8208.0,4884.0,0.8354147710291812,2025-10-24T23:00:00Z,direct_ridge_90d_v1,16933.329463623166,8020.141892951696,0.6997405523967292
2025-10-01_30d_d168_h3,765,core,2025-10-25T23:00:00Z,2025-10-26T00:00:00Z,2025-10-25,71.24,1807.0,3831.0,0.9251254974651728,2025-10-24T23:00:00Z,direct_ridge_90d_v1,4081.225191552311,8727.223533175063,0.8005823224137345
2025-10-01_30d_d168_h3,766,core,2025-10-26T00:00:00Z,2025-10-26T01:00:00Z,2025-10-25,75.62,3.0,3973.0,0.9371749710533855,2025-10-24T23:00:00Z,direct_ridge_90d_v1,0.0,9582.163409382074,0.8518440982927454
2025-10-01_30d_d168_h3,767,core,2025-10-26T01:00:00Z,2025-10-26T02:00:00Z,2025-10-25,74.61,0.0,3726.0,0.9583622469520121,2025-10-24T23:00:00Z,direct_ridge_90d_v1,0.0,11500.67038016325,0.8628027558559791
2025-10-01_30d_d168_h3,768,core,2025-10-26T02:00:00Z,2025-10-26T03:00:00Z,2025-10-25,68.14,0.0,3574.0,0.9794753077993706,2025-10-24T23:00:00Z,direct_ridge_90d_v1,0.0,13266.31838745968,0.8599396558414831
2025-10-01_30d_d168_h3,769,core,2025-10-26T03:00:00Z,2025-10-26T04:00:00Z,2025-10-25,67.8,0.0,3424.0,1.013108004002616,2025-10-24T23:00:00Z,direct_ridge_90d_v1,0.0,14581.503235592114,0.8365865978177649
2025-10-01_30d_d168_h3,770,core,2025-10-26T04:00:00Z,2025-10-26T05:00:00Z,2025-10-25,47.85,0.0,3015.0,1.0262403336275971,2025-10-24T23:00:00Z,direct_ridge_90d_v1,0.0,15189.405889989106,0.8101697130577191
2025-10-01_30d_d168_h3,771,core,2025-10-26T05:00:00Z,2025-10-26T06:00:00Z,2025-10-26,78.92,0.0,2995.0,1.0277877945916667,2025-10-25T23:00:00Z,direct_ridge_90d_v1,0.0,17019.40224049268,0.7822868031047968
2025-10-01_30d_d168_h3,772,core,2025-10-26T06:00:00Z,2025-10-26T07:00:00Z,2025-10-26,70.15,0.0,2903.0,1.0207806270356878,2025-10-25T23:00:00Z,direct_ridge_90d_v1,0.0,17071.929225617645,0.7643968721096758
2025-10-01_30d_d168_h3,773,core,2025-10-26T07:00:00Z,2025-10-26T08:00:00Z,2025-10-26,63.35,0.0,2856.0,1.022879696462905,2025-10-25T23:00:00Z,direct_ridge_90d_v1,0.0,16724.57072980679,0.7549456441756978
2025-10-01_30d_d168_h3,774,core,2025-10-26T08:00:00Z,2025-10-26T09:00:00Z,2025-10-26,56.88,0.0,3137.0,1.025762027565141,2025-10-25T23:00:00Z,direct_ridge_90d_v1,0.0,16121.70748408377,0.7559171762020653
2025-10-01_30d_d168_h3,775,core,2025-10-26T09:00:00Z,2025-10-26T10:00:00Z,2025-10-26,52.91,0.0,3247.0,1.024473633856119,2025-10-25T23:00:00Z,direct_ridge_90d_v1,0.0,15251.964839444136,0.7719674682949218
2025-10-01_30d_d168_h3,776,core,2025-10-26T10:00:00Z,2025-10-26T11:00:00Z,2025-10-26,47.29,0.0,3703.0,1.013965754646713,2025-10-25T23:00:00Z,direct_ridge_90d_v1,0.0,14155.04345553382,0.802029953366935
2025-10-01_30d_d168_h3,777,core,2025-10-26T11:00:00Z,2025-10-26T12:00:00Z,2025-10-26,49.11,0.0,3957.0,1.01917310527942,2025-10-25T23:00:00Z,direct_ridge_90d_v1,0.0,13220.205338633907,0.8300580073193461
2025-10-01_30d_d168_h3,778,core,2025-10-26T12:00:00Z,2025-10-26T13:00:00Z,2025-10-26,43.86,17.0,3691.0,1.0180193740101007,2025-10-25T23:00:00Z,direct_ridge_90d_v1,493.1017802612437,12446.252118985674,0.8337225587109875
2025-10-01_30d_d168_h3,779,core,2025-10-26T13:00:00Z,2025-10-26T14:00:00Z,2025-10-26,37.75,2951.0,3562.0,0.9616074736472191,2025-10-25T23:00:00Z,direct_ridge_90d_v1,9116.512397613835,11292.138686694285,0.707439067504796
2025-10-01_30d_d168_h3,780,core,2025-10-26T14:00:00Z,2025-10-26T15:00:00Z,2025-10-26,30.05,11168.0,2668.0,0.8253776110369537,2025-10-25T23:00:00Z,direct_ridge_90d_v1,22037.141554315058,8737.073826017562,0.5529151903918118
2025-10-01_30d_d168_h3,781,core,2025-10-26T15:00:00Z,2025-10-26T16:00:00Z,2025-10-26,28.67,15737.0,1645.0,0.7655571234889622,2025-10-25T23:00:00Z,direct_ridge_90d_v1,24888.977245669423,8958.096040861463,0.5097630423840103
2025-10-01_30d_d168_h3,782,core,2025-10-26T16:00:00Z,2025-10-26T17:00:00Z,2025-10-26,27.32,18483.0,1430.0,0.7283655034982742,2025-10-25T23:00:00Z,direct_ridge_90d_v1,25018.43152705464,9271.267873885059,0.5071514313083705
2025-10-01_30d_d168_h3,783,core,2025-10-26T17:00:00Z,2025-10-26T18:00:00Z,2025-10-26,28.34,20118.0,1377.0,0.7081979479783749,2025-10-25T23:00:00Z,direct_ridge_90d_v1,24743.003379843758,8591.458003112231,0.5353518710314359
2025-10-01_30d_d168_h3,784,core,2025-10-26T18:00:00Z,2025-10-26T19:00:00Z,2025-10-26,30.7,22254.0,1320.0,0.6749254291024457,2025-10-25T23:00:00Z,direct_ridge_90d_v1,24514.634470297908,8035.439454475368,0.5765743323714625
2025-10-01_30d_d168_h3,785,core,2025-10-26T19:00:00Z,2025-10-26T20:00:00Z,2025-10-26,35.53,23399.0,1523.0,0.6527918722756382,2025-10-25T23:00:00Z,direct_ridge_90d_v1,24518.049288359947,7980.842660588867,0.6061409469028298
2025-10-01_30d_d168_h3,786,core,2025-10-26T20:00:00Z,2025-10-26T21:00:00Z,2025-10-26,34.9,23579.0,1847.0,0.6574787525246366,2025-10-25T23:00:00Z,direct_ridge_90d_v1,24137.252670984966,8419.023873065247,0.6231189796982999
2025-10-01_30d_d168_h3,787,core,2025-10-26T21:00:00Z,2025-10-26T22:00:00Z,2025-10-26,33.63,23291.0,2200.0,0.6516592847882553,2025-10-25T23:00:00Z,direct_ridge_90d_v1,23341.163939032445,8985.531920241423,0.6390961949008843
2025-10-01_30d_d168_h3,788,core,2025-10-26T22:00:00Z,2025-10-26T23:00:00Z,2025-10-26,60.53,15729.0,2183.0,0.7611835696315808,2025-10-25T23:00:00Z,direct_ridge_90d_v1,18491.886991475312,9693.294510655984,0.6910304534502931
2025-10-01_30d_d168_h3,789,core,2025-10-26T23:00:00Z,2025-10-27T00:00:00Z,2025-10-26,96.12,2636.0,2806.0,0.860005651318658,2025-10-25T23:00:00Z,direct_ridge_90d_v1,5555.31480598981,9821.176889504457,0.7945681361337691
2025-10-01_30d_d168_h3,790,core,2025-10-27T00:00:00Z,2025-10-27T01:00:00Z,2025-10-26,97.04,2.0,5257.0,0.887692799622491,2025-10-25T23:00:00Z,direct_ridge_90d_v1,383.71550138953967,10743.517289182166,0.850328255997575
2025-10-01_30d_d168_h3,791,core,2025-10-27T01:00:00Z,2025-10-27T02:00:00Z,2025-10-26,70.63,0.0,8466.0,0.897570594926223,2025-10-25T23:00:00Z,direct_ridge_90d_v1,0.0,12564.532098461845,0.8566686314540607
2025-10-01_30d_d168_h3,792,core,2025-10-27T02:00:00Z,2025-10-27T03:00:00Z,2025-10-26,48.93,0.0,10185.0,0.8902271865663299,2025-10-25T23:00:00Z,direct_ridge_90d_v1,0.0,14159.818824373671,0.8472994848226015
2025-10-01_30d_d168_h3,793,core,2025-10-27T03:00:00Z,2025-10-27T04:00:00Z,2025-10-26,40.7,0.0,10722.0,0.8811401532856468,2025-10-25T23:00:00Z,direct_ridge_90d_v1,0.0,15430.917497186414,0.8174912698461944
2025-10-01_30d_d168_h3,794,core,2025-10-27T04:00:00Z,2025-10-27T05:00:00Z,2025-10-26,31.93,0.0,11249.0,0.8676884006892525,2025-10-25T23:00:00Z,direct_ridge_90d_v1,0.0,16110.911796652854,0.786495280768235
2025-10-01_30d_d168_h3,795,core,2025-10-27T05:00:00Z,2025-10-27T06:00:00Z,2025-10-27,33.06,0.0,11551.0,0.8517121758748312,2025-10-26T23:00:00Z,direct_ridge_90d_v1,0.0,15214.423824921276,0.8231329483961226
2025-10-01_30d_d168_h3,796,core,2025-10-27T06:00:00Z,2025-10-27T07:00:00Z,2025-10-27,30.47,0.0,11454.0,0.8458696463950109,2025-10-26T23:00:00Z,direct_ridge_90d_v1,0.0,15246.273567429844,0.807498884967086
2025-10-01_30d_d168_h3,797,core,2025-10-27T07:00:00Z,2025-10-27T08:00:00Z,2025-10-27,30.22,0.0,11008.0,0.8572961340546289,2025-10-26T23:00:00Z,direct_ridge_90d_v1,0.0,14932.754036838629,0.8035760605508795
2025-10-01_30d_d168_h3,798,core,2025-10-27T08:00:00Z,2025-10-27T09:00:00Z,2025-10-27,31.07,0.0,11141.0,0.8508438379820817,2025-10-26T23:00:00Z,direct_ridge_90d_v1,0.0,14547.163401105458,0.8046702973721895
2025-10-01_30d_d168_h3,799,core,2025-10-27T09:00:00Z,2025-10-27T10:00:00Z,2025-10-27,31.1,0.0,10581.0,0.8651321487282029,2025-10-26T23:00:00Z,direct_ridge_90d_v1,0.0,13950.742110783856,0.8084597714079377
2025-10-01_30d_d168_h3,800,core,2025-10-27T10:00:00Z,2025-10-27T11:00:00Z,2025-10-27,38.01,0.0,10951.0,0.8688182429160605,2025-10-26T23:00:00Z,direct_ridge_90d_v1,0.0,12944.332365212293,0.8306546185850945
2025-10-01_30d_d168_h3,801,core,2025-10-27T11:00:00Z,2025-10-27T12:00:00Z,2025-10-27,38.48,0.0,11226.0,0.8580670226827252,2025-10-26T23:00:00Z,direct_ridge_90d_v1,0.0,12278.753571506397,0.8521237765404547
2025-10-01_30d_d168_h3,802,core,2025-10-27T12:00:00Z,2025-10-27T13:00:00Z,2025-10-27,44.17,59.0,11120.0,0.8485251077986807,2025-10-26T23:00:00Z,direct_ridge_90d_v1,859.7155492633503,11479.610205379826,0.8548358798973905
2025-10-01_30d_d168_h3,803,core,2025-10-27T13:00:00Z,2025-10-27T14:00:00Z,2025-10-27,32.45,4136.0,9745.0,0.8145601943346532,2025-10-26T23:00:00Z,direct_ridge_90d_v1,10556.407908581477,10147.257940049363,0.7316784586907641
2025-10-01_30d_d168_h3,804,core,2025-10-27T14:00:00Z,2025-10-27T15:00:00Z,2025-10-27,21.19,13186.0,8124.0,0.6938500106272827,2025-10-26T23:00:00Z,direct_ridge_90d_v1,24879.058698021552,7062.817347179222,0.5854122641691004
2025-10-01_30d_d168_h3,805,core,2025-10-27T15:00:00Z,2025-10-27T16:00:00Z,2025-10-27,19.16,17815.0,6485.0,0.6577199720811052,2025-10-26T23:00:00Z,direct_ridge_90d_v1,27990.023351002044,7106.871983907231,0.5456039615142457
2025-10-01_30d_d168_h3,806,core,2025-10-27T16:00:00Z,2025-10-27T17:00:00Z,2025-10-27,21.05,20878.0,5330.0,0.6426186869112999,2025-10-26T23:00:00Z,direct_ridge_90d_v1,27471.382548966434,6969.143055750506,0.5497306718367361
2025-10-01_30d_d168_h3,807,core,2025-10-27T17:00:00Z,2025-10-27T18:00:00Z,2025-10-27,25.73,23175.0,4166.0,0.621558110604003,2025-10-26T23:00:00Z,direct_ridge_90d_v1,26687.189802415498,6260.457178158553,0.5826724388515196
2025-10-01_30d_d168_h3,808,core,2025-10-27T18:00:00Z,2025-10-27T19:00:00Z,2025-10-27,28.96,23646.0,3108.0,0.6443722807512021,2025-10-26T23:00:00Z,direct_ridge_90d_v1,26332.97422211489,5991.178271189083,0.6148936536576859
2025-10-01_30d_d168_h3,809,core,2025-10-27T19:00:00Z,2025-10-27T20:00:00Z,2025-10-27,35.21,23833.0,2546.0,0.6623070357454524,2025-10-26T23:00:00Z,direct_ridge_90d_v1,26895.111617260478,6083.926771128215,0.6339680179346896
2025-10-01_30d_d168_h3,810,core,2025-10-27T20:00:00Z,2025-10-27T21:00:00Z,2025-10-27,36.77,24181.0,2625.0,0.663113700362469,2025-10-26T23:00:00Z,direct_ridge_90d_v1,27310.758813374214,6338.291137975154,0.6419077819713105
2025-10-01_30d_d168_h3,811,core,2025-10-27T21:00:00Z,2025-10-27T22:00:00Z,2025-10-27,38.96,23216.0,3433.0,0.6707990719334759,2025-10-26T23:00:00Z,direct_ridge_90d_v1,26798.54594049448,7006.114696447637,0.6553163029500526
2025-10-01_30d_d168_h3,812,core,2025-10-27T22:00:00Z,2025-10-27T23:00:00Z,2025-10-27,67.37,15359.0,4501.0,0.7394226171349292,2025-10-26T23:00:00Z,direct_ridge_90d_v1,21740.851949358464,7972.168707340553,0.700221967450433
2025-10-01_30d_d168_h3,813,core,2025-10-27T23:00:00Z,2025-10-28T00:00:00Z,2025-10-27,103.99,2571.0,5943.0,0.8289080360641502,2025-10-26T23:00:00Z,direct_ridge_90d_v1,7897.158784753698,8765.081511151093,0.8031322083985216
2025-10-01_30d_d168_h3,814,core,2025-10-28T00:00:00Z,2025-10-28T01:00:00Z,2025-10-27,81.05,2.0,9194.0,0.847362591178768,2025-10-26T23:00:00Z,direct_ridge_90d_v1,1367.0226550570233,9669.089146865703,0.8571631290980594
2025-10-01_30d_d168_h3,815,core,2025-10-28T01:00:00Z,2025-10-28T02:00:00Z,2025-10-27,57.39,0.0,13629.0,0.8265572722887555,2025-10-26T23:00:00Z,direct_ridge_90d_v1,0.0,11133.548284895736,0.8702229371959314
2025-10-01_30d_d168_h3,816,core,2025-10-28T02:00:00Z,2025-10-28T03:00:00Z,2025-10-27,44.84,0.0,15941.0,0.8051145562978348,2025-10-26T23:00:00Z,direct_ridge_90d_v1,0.0,12512.138031040327,0.8672120261009111
2025-10-01_30d_d168_h3,817,core,2025-10-28T03:00:00Z,2025-10-28T04:00:00Z,2025-10-27,35.05,0.0,17460.0,0.7774359976253467,2025-10-26T23:00:00Z,direct_ridge_90d_v1,0.0,13246.87876873912,0.8537748515242295
2025-10-01_30d_d168_h3,818,core,2025-10-28T04:00:00Z,2025-10-28T05:00:00Z,2025-10-27,27.51,0.0,18073.0,0.7589761848044233,2025-10-26T23:00:00Z,direct_ridge_90d_v1,0.0,13476.988140108542,0.8359322824343083
2025-10-01_30d_d168_h3,819,core,2025-10-28T05:00:00Z,2025-10-28T06:00:00Z,2025-10-28,31.0,0.0,17632.0,0.7414877604772665,2025-10-27T23:00:00Z,direct_ridge_90d_v1,0.0,14392.110187690714,0.8094629088242129
2025-10-01_30d_d168_h3,820,core,2025-10-28T06:00:00Z,2025-10-28T07:00:00Z,2025-10-28,29.5,0.0,16812.0,0.742991455484817,2025-10-27T23:00:00Z,direct_ridge_90d_v1,0.0,14291.45351636468,0.7959886893974506
2025-10-01_30d_d168_h3,821,core,2025-10-28T07:00:00Z,2025-10-28T08:00:00Z,2025-10-28,31.3,0.0,16362.0,0.7416063181160286,2025-10-27T23:00:00Z,direct_ridge_90d_v1,0.0,13699.800926139364,0.7970639271337215
2025-10-01_30d_d168_h3,822,core,2025-10-28T08:00:00Z,2025-10-28T09:00:00Z,2025-10-28,30.17,0.0,16064.0,0.7435561152961743,2025-10-27T23:00:00Z,direct_ridge_90d_v1,0.0,12977.876525791215,0.8044545599897042
2025-10-01_30d_d168_h3,823,core,2025-10-28T09:00:00Z,2025-10-28T10:00:00Z,2025-10-28,28.86,0.0,17077.0,0.710280180682433,2025-10-27T23:00:00Z,direct_ridge_90d_v1,0.0,12192.00982585255,0.8157886971423176
2025-10-01_30d_d168_h3,824,core,2025-10-28T10:00:00Z,2025-10-28T11:00:00Z,2025-10-28,29.93,0.0,18237.0,0.6784007965059649,2025-10-27T23:00:00Z,direct_ridge_90d_v1,0.0,11362.767558795085,0.841080314599365
2025-10-01_30d_d168_h3,825,core,2025-10-28T11:00:00Z,2025-10-28T12:00:00Z,2025-10-28,28.94,0.0,20140.0,0.6691225012897669,2025-10-27T23:00:00Z,direct_ridge_90d_v1,0.0,10682.246893438758,0.8639652068533935
2025-10-01_30d_d168_h3,826,core,2025-10-28T12:00:00Z,2025-10-28T13:00:00Z,2025-10-28,25.43,39.0,22785.0,0.6386688708822063,2025-10-27T23:00:00Z,direct_ridge_90d_v1,722.2685552028858,9932.119547516617,0.8643805208375107
2025-10-01_30d_d168_h3,827,core,2025-10-28T13:00:00Z,2025-10-28T14:00:00Z,2025-10-28,22.66,3511.0,22500.0,0.5854394097315511,2025-10-27T23:00:00Z,direct_ridge_90d_v1,9783.931589758871,8655.925564835683,0.7142311536257546
2025-10-01_30d_d168_h3,828,core,2025-10-28T14:00:00Z,2025-10-28T15:00:00Z,2025-10-28,18.49,10064.0,21711.0,0.5037436292300113,2025-10-27T23:00:00Z,direct_ridge_90d_v1,23382.178514039962,5596.757567410283,0.5776023197214131
2025-10-01_30d_d168_h3,829,core,2025-10-28T15:00:00Z,2025-10-28T16:00:00Z,2025-10-28,19.86,11836.0,22294.0,0.49352590570402755,2025-10-27T23:00:00Z,direct_ridge_90d_v1,26401.53945956248,5420.884387818447,0.5482772073645629
2025-10-01_30d_d168_h3,830,core,2025-10-28T16:00:00Z,2025-10-28T17:00:00Z,2025-10-28,26.66,12033.0,21244.0,0.5169129291985955,2025-10-27T23:00:00Z,direct_ridge_90d_v1,25896.927937000182,5626.788989863282,0.566839459280457
2025-10-01_30d_d168_h3,831,core,2025-10-28T17:00:00Z,2025-10-28T18:00:00Z,2025-10-28,31.4,13343.0,20354.0,0.5277101873423763,2025-10-27T23:00:00Z,direct_ridge_90d_v1,25223.797940247274,5469.361218173448,0.6046862553645639
2025-10-01_30d_d168_h3,832,core,2025-10-28T18:00:00Z,2025-10-28T19:00:00Z,2025-10-28,46.44,13764.0,19308.0,0.5400171998321808,2025-10-27T23:00:00Z,direct_ridge_90d_v1,25185.429167833547,5414.150252735523,0.6296147441906476
2025-10-01_30d_d168_h3,833,core,2025-10-28T19:00:00Z,2025-10-28T20:00:00Z,2025-10-28,58.82,14030.0,17851.0,0.5579014967508366,2025-10-27T23:00:00Z,direct_ridge_90d_v1,25813.657879063005,5646.451816253158,0.6402493094621772
2025-10-01_30d_d168_h3,834,core,2025-10-28T20:00:00Z,2025-10-28T21:00:00Z,2025-10-28,52.6,13831.0,17225.0,0.5679175076034826,2025-10-27T23:00:00Z,direct_ridge_90d_v1,26133.723600849295,6282.733017878336,0.647687571371788
2025-10-01_30d_d168_h3,835,core,2025-10-28T21:00:00Z,2025-10-28T22:00:00Z,2025-10-28,43.42,12727.0,17926.0,0.5659720030191763,2025-10-27T23:00:00Z,direct_ridge_90d_v1,25833.25078544101,7080.010522223016,0.6567060356181044
2025-10-01_30d_d168_h3,836,core,2025-10-28T22:00:00Z,2025-10-28T23:00:00Z,2025-10-28,43.88,9234.0,19046.0,0.5864284626908881,2025-10-27T23:00:00Z,direct_ridge_90d_v1,20476.230172291896,8064.65515399936,0.6920462553960204
2025-10-01_30d_d168_h3,837,core,2025-10-28T23:00:00Z,2025-10-29T00:00:00Z,2025-10-28,45.26,1866.0,21187.0,0.6450936657753391,2025-10-27T23:00:00Z,direct_ridge_90d_v1,7069.976648770319,8749.779195751795,0.7845636539420898
2025-10-01_30d_d168_h3,838,core,2025-10-29T00:00:00Z,2025-10-29T01:00:00Z,2025-10-28,41.87,1.0,22621.0,0.636986402756113,2025-10-27T23:00:00Z,direct_ridge_90d_v1,1100.454613394196,9515.913605826016,0.8422978801823323
2025-10-01_30d_d168_h3,839,core,2025-10-29T01:00:00Z,2025-10-29T02:00:00Z,2025-10-28,31.47,0.0,23871.0,0.6243543102471484,2025-10-27T23:00:00Z,direct_ridge_90d_v1,0.0,11382.813570738977,0.8604052286982787
2025-10-01_30d_d168_h3,840,core,2025-10-29T02:00:00Z,2025-10-29T03:00:00Z,2025-10-28,24.98,0.0,23655.0,0.6291497196603365,2025-10-27T23:00:00Z,direct_ridge_90d_v1,0.0,12888.916165975772,0.8622979954251769
2025-10-01_30d_d168_h3,841,core,2025-10-29T03:00:00Z,2025-10-29T04:00:00Z,2025-10-28,23.19,0.0,23619.0,0.6097608172805753,2025-10-27T23:00:00Z,direct_ridge_90d_v1,0.0,13908.042851515795,0.8524255123578698
2025-10-01_30d_d168_h3,842,core,2025-10-29T04:00:00Z,2025-10-29T05:00:00Z,2025-10-28,21.25,0.0,24744.0,0.5477267356758557,2025-10-27T23:00:00Z,direct_ridge_90d_v1,0.0,14474.798813779662,0.8314224974209874
2025-10-01_30d_d168_h3,843,core,2025-10-29T05:00:00Z,2025-10-29T06:00:00Z,2025-10-29,20.12,0.0,25116.0,0.5057074399727696,2025-10-28T23:00:00Z,direct_ridge_90d_v1,0.0,13984.758164397454,0.7808334631129997
2025-10-01_30d_d168_h3,844,core,2025-10-29T06:00:00Z,2025-10-29T07:00:00Z,2025-10-29,17.25,0.0,24599.0,0.49453415926089755,2025-10-28T23:00:00Z,direct_ridge_90d_v1,0.0,13778.965610226096,0.7628036733745807
2025-10-01_30d_d168_h3,845,core,2025-10-29T07:00:00Z,2025-10-29T08:00:00Z,2025-10-29,15.54,0.0,23919.0,0.4947175801875848,2025-10-28T23:00:00Z,direct_ridge_90d_v1,0.0,13045.690452177645,0.7615854145143992
2025-10-01_30d_d168_h3,846,core,2025-10-29T08:00:00Z,2025-10-29T09:00:00Z,2025-10-29,15.46,0.0,23732.0,0.4921756869228051,2025-10-28T23:00:00Z,direct_ridge_90d_v1,0.0,12208.020317319046,0.772924610545945
2025-10-01_30d_d168_h3,847,core,2025-10-29T09:00:00Z,2025-10-29T10:00:00Z,2025-10-29,16.05,0.0,23901.0,0.4896094573529542,2025-10-28T23:00:00Z,direct_ridge_90d_v1,0.0,11449.265763617002,0.7918575076861368
2025-10-01_30d_d168_h3,848,core,2025-10-29T10:00:00Z,2025-10-29T11:00:00Z,2025-10-29,19.43,0.0,23887.0,0.5050629450234448,2025-10-28T23:00:00Z,direct_ridge_90d_v1,0.0,10653.854216953538,0.8276421029789819
2025-10-01_30d_d168_h3,849,core,2025-10-29T11:00:00Z,2025-10-29T12:00:00Z,2025-10-29,22.54,0.0,24036.0,0.5428166616252681,2025-10-28T23:00:00Z,direct_ridge_90d_v1,6.425240174419518,9831.628105622622,0.8610405936857635
2025-10-01_30d_d168_h3,850,core,2025-10-29T12:00:00Z,2025-10-29T13:00:00Z,2025-10-29,23.38,107.0,23920.0,0.5735155667899979,2025-10-28T23:00:00Z,direct_ridge_90d_v1,362.8074669654727,9102.427211812292,0.8595274377428874
2025-10-01_30d_d168_h3,851,core,2025-10-29T13:00:00Z,2025-10-29T14:00:00Z,2025-10-29,13.87,7023.0,22883.0,0.4778488416305695,2025-10-28T23:00:00Z,direct_ridge_90d_v1,7347.040431689717,7895.4587999273435,0.7192511634327213
2025-10-01_30d_d168_h3,852,core,2025-10-29T14:00:00Z,2025-10-29T15:00:00Z,2025-10-29,4.51,16535.0,20602.0,0.3433251509767288,2025-10-28T23:00:00Z,direct_ridge_90d_v1,19616.791127903347,5277.736022314711,0.5785318155880917
2025-10-01_30d_d168_h3,853,core,2025-10-29T15:00:00Z,2025-10-29T16:00:00Z,2025-10-29,6.48,15796.0,21524.0,0.31053188310130164,2025-10-28T23:00:00Z,direct_ridge_90d_v1,23121.269045511155,5310.309401680361,0.5459133290835608
2025-10-01_30d_d168_h3,854,core,2025-10-29T16:00:00Z,2025-10-29T17:00:00Z,2025-10-29,5.88,15109.0,21779.0,0.2978794081035585,2025-10-28T23:00:00Z,direct_ridge_90d_v1,22971.141181374715,5859.894088244819,0.559093680408832
2025-10-01_30d_d168_h3,855,core,2025-10-29T17:00:00Z,2025-10-29T18:00:00Z,2025-10-29,5.28,15008.0,21069.0,0.2975379166766949,2025-10-28T23:00:00Z,direct_ridge_90d_v1,22941.677745628596,5889.666793126784,0.5933527278051234
2025-10-01_30d_d168_h3,856,core,2025-10-29T18:00:00Z,2025-10-29T19:00:00Z,2025-10-29,5.54,15258.0,20622.0,0.29046195925269097,2025-10-28T23:00:00Z,direct_ridge_90d_v1,23004.468990047375,5702.28403319455,0.6150689109105731
2025-10-01_30d_d168_h3,857,core,2025-10-29T19:00:00Z,2025-10-29T20:00:00Z,2025-10-29,4.92,15305.0,20312.0,0.2838615451586627,2025-10-28T23:00:00Z,direct_ridge_90d_v1,23386.99089057943,5753.922951824277,0.6236777100808402
2025-10-01_30d_d168_h3,858,core,2025-10-29T20:00:00Z,2025-10-29T21:00:00Z,2025-10-29,4.76,15548.0,19955.0,0.2895805698421653,2025-10-28T23:00:00Z,direct_ridge_90d_v1,23507.062947381124,6273.352376993622,0.6359951590346008
2025-10-01_30d_d168_h3,859,core,2025-10-29T21:00:00Z,2025-10-29T22:00:00Z,2025-10-29,4.86,14796.0,19594.0,0.3148431249841577,2025-10-28T23:00:00Z,direct_ridge_90d_v1,22760.75252885083,6970.24281405125,0.6460162217397678
2025-10-01_30d_d168_h3,860,core,2025-10-29T22:00:00Z,2025-10-29T23:00:00Z,2025-10-29,16.38,12410.0,19069.0,0.3691698202203996,2025-10-28T23:00:00Z,direct_ridge_90d_v1,17329.36317328314,7813.760093896578,0.6856771409379486
2025-10-01_30d_d168_h3,861,core,2025-10-29T23:00:00Z,2025-10-30T00:00:00Z,2025-10-29,39.18,2560.0,16640.0,0.6281135083519517,2025-10-28T23:00:00Z,direct_ridge_90d_v1,5002.630951637896,8971.052155910942,0.7817172141804957
2025-10-01_30d_d168_h3,862,core,2025-10-30T00:00:00Z,2025-10-30T01:00:00Z,2025-10-29,43.74,1.0,13076.0,0.7759097967438843,2025-10-28T23:00:00Z,direct_ridge_90d_v1,402.55507834447235,9868.986058181963,0.839461832687337
2025-10-01_30d_d168_h3,863,core,2025-10-30T01:00:00Z,2025-10-30T02:00:00Z,2025-10-29,42.46,0.0,12315.0,0.8177274130253999,2025-10-28T23:00:00Z,direct_ridge_90d_v1,0.0,11799.56510361246,0.8555953717976109
2025-10-01_30d_d168_h3,864,core,2025-10-30T02:00:00Z,2025-10-30T03:00:00Z,2025-10-29,42.48,0.0,11455.0,0.8311770101820598,2025-10-28T23:00:00Z,direct_ridge_90d_v1,0.0,13442.376854576918,0.8577715106419475
2025-10-01_30d_d168_h3,865,core,2025-10-30T03:00:00Z,2025-10-30T04:00:00Z,2025-10-29,43.39,0.0,10401.0,0.8501808854731442,2025-10-28T23:00:00Z,direct_ridge_90d_v1,0.0,14477.179024174931,0.8455325048370423
2025-10-01_30d_d168_h3,866,core,2025-10-30T04:00:00Z,2025-10-30T05:00:00Z,2025-10-29,38.18,0.0,9110.0,0.880448226540863,2025-10-28T23:00:00Z,direct_ridge_90d_v1,0.0,15063.805634969227,0.8208717632437139
2025-10-01_30d_d168_h3,867,core,2025-10-30T05:00:00Z,2025-10-30T06:00:00Z,2025-10-30,34.57,0.0,8160.0,0.9076771805499912,2025-10-29T23:00:00Z,direct_ridge_90d_v1,0.0,14266.000128053467,0.8004208854227424
2025-10-01_30d_d168_h3,868,core,2025-10-30T06:00:00Z,2025-10-30T07:00:00Z,2025-10-30,33.52,0.0,7388.0,0.9248115910975548,2025-10-29T23:00:00Z,direct_ridge_90d_v1,0.0,14044.886793876447,0.7861737201658198
2025-10-01_30d_d168_h3,869,core,2025-10-30T07:00:00Z,2025-10-30T08:00:00Z,2025-10-30,33.26,0.0,6556.0,0.9382211347375594,2025-10-29T23:00:00Z,direct_ridge_90d_v1,0.0,13470.365613310481,0.7838519432015707
2025-10-01_30d_d168_h3,870,core,2025-10-30T08:00:00Z,2025-10-30T09:00:00Z,2025-10-30,37.76,0.0,5562.0,0.9660030066144317,2025-10-29T23:00:00Z,direct_ridge_90d_v1,0.0,12896.77815581868,0.7893476403009426
2025-10-01_30d_d168_h3,871,core,2025-10-30T09:00:00Z,2025-10-30T10:00:00Z,2025-10-30,39.35,0.0,4745.0,0.9732398724343769,2025-10-29T23:00:00Z,direct_ridge_90d_v1,0.0,12267.524617317638,0.8041722274192179
2025-10-01_30d_d168_h3,872,core,2025-10-30T10:00:00Z,2025-10-30T11:00:00Z,2025-10-30,51.94,0.0,3979.0,0.97639902572836,2025-10-29T23:00:00Z,direct_ridge_90d_v1,0.0,11553.500021671996,0.8331743570334462
2025-10-01_30d_d168_h3,873,core,2025-10-30T11:00:00Z,2025-10-30T12:00:00Z,2025-10-30,62.03,0.0,3741.0,0.9317619650708162,2025-10-29T23:00:00Z,direct_ridge_90d_v1,5.6463314717498,10882.684668331134,0.8583430607597982
2025-10-01_30d_d168_h3,874,core,2025-10-30T12:00:00Z,2025-10-30T13:00:00Z,2025-10-30,85.52,92.0,3686.0,0.9001584974601613,2025-10-29T23:00:00Z,direct_ridge_90d_v1,289.28493398886803,10248.256642994054,0.8603589278694894
2025-10-01_30d_d168_h3,875,core,2025-10-30T13:00:00Z,2025-10-30T14:00:00Z,2025-10-30,42.14,7483.0,3345.0,0.8210168359409054,2025-10-29T23:00:00Z,direct_ridge_90d_v1,6660.068907563287,9229.332010888333,0.7280660731390471
2025-10-01_30d_d168_h3,876,core,2025-10-30T14:00:00Z,2025-10-30T15:00:00Z,2025-10-30,20.0,23693.0,2217.0,0.5369572037507409,2025-10-29T23:00:00Z,direct_ridge_90d_v1,18632.347341972625,7131.024431869533,0.5826761874930855
2025-10-01_30d_d168_h3,877,core,2025-10-30T15:00:00Z,2025-10-30T16:00:00Z,2025-10-30,14.72,27709.0,1455.0,0.4522299724501745,2025-10-29T23:00:00Z,direct_ridge_90d_v1,22199.14852990199,7281.336510393464,0.5467497312728985
2025-10-01_30d_d168_h3,878,core,2025-10-30T16:00:00Z,2025-10-30T17:00:00Z,2025-10-30,14.18,27639.0,2363.0,0.43046613905079223,2025-10-29T23:00:00Z,direct_ridge_90d_v1,22201.937994858195,7628.693121910378,0.5552338071665387
2025-10-01_30d_d168_h3,879,core,2025-10-30T17:00:00Z,2025-10-30T18:00:00Z,2025-10-30,12.96,26896.0,2902.0,0.4333413069357208,2025-10-29T23:00:00Z,direct_ridge_90d_v1,22377.612631421027,7178.28118460792,0.5891984529188837
2025-10-01_30d_d168_h3,880,core,2025-10-30T18:00:00Z,2025-10-30T19:00:00Z,2025-10-30,14.2,26574.0,2544.0,0.43113576477841703,2025-10-29T23:00:00Z,direct_ridge_90d_v1,22566.82359773663,6740.839513098128,0.6177790148143373
2025-10-01_30d_d168_h3,881,core,2025-10-30T19:00:00Z,2025-10-30T20:00:00Z,2025-10-30,14.26,26876.0,2079.0,0.4291204488001684,2025-10-29T23:00:00Z,direct_ridge_90d_v1,22886.597218218954,6809.262887381874,0.6336090264874081
2025-10-01_30d_d168_h3,882,core,2025-10-30T20:00:00Z,2025-10-30T21:00:00Z,2025-10-30,13.07,27369.0,1710.0,0.43334110409884663,2025-10-29T23:00:00Z,direct_ridge_90d_v1,22801.08841243866,7399.7464702362195,0.6460656020347508
2025-10-01_30d_d168_h3,883,core,2025-10-30T21:00:00Z,2025-10-30T22:00:00Z,2025-10-30,16.43,26657.0,1641.0,0.4592761570631411,2025-10-29T23:00:00Z,direct_ridge_90d_v1,21965.18523646236,7999.191287995698,0.6572863979988054
2025-10-01_30d_d168_h3,884,core,2025-10-30T22:00:00Z,2025-10-30T23:00:00Z,2025-10-30,30.81,17201.0,1575.0,0.6358051266348336,2025-10-29T23:00:00Z,direct_ridge_90d_v1,16265.245657880547,8809.888427223194,0.6970906544505677
2025-10-01_30d_d168_h3,885,core,2025-10-30T23:00:00Z,2025-10-31T00:00:00Z,2025-10-30,69.93,2699.0,1987.0,0.8580581625011288,2025-10-29T23:00:00Z,direct_ridge_90d_v1,4371.531354168022,9306.59642321389,0.7905886215084624
2025-10-01_30d_d168_h3,886,core,2025-10-31T00:00:00Z,2025-10-31T01:00:00Z,2025-10-30,67.83,213.0,3108.0,0.8947807524003283,2025-10-29T23:00:00Z,direct_ridge_90d_v1,283.8665934826572,10393.71080559816,0.8424282089716137
2025-10-01_30d_d168_h3,887,core,2025-10-31T01:00:00Z,2025-10-31T02:00:00Z,2025-10-30,52.09,211.0,4690.0,0.9226245164225543,2025-10-29T23:00:00Z,direct_ridge_90d_v1,0.0,12336.59750254061,0.85599437540036
2025-10-01_30d_d168_h3,888,core,2025-10-31T02:00:00Z,2025-10-31T03:00:00Z,2025-10-30,38.63,98.0,6593.0,0.9321788576842619,2025-10-29T23:00:00Z,direct_ridge_90d_v1,0.0,13892.48698217995,0.8541959617436675
2025-10-01_30d_d168_h3,889,core,2025-10-31T03:00:00Z,2025-10-31T04:00:00Z,2025-10-30,33.42,0.0,7986.0,0.920760423200411,2025-10-29T23:00:00Z,direct_ridge_90d_v1,0.0,14872.774740953386,0.8377380409720011
2025-10-01_30d_d168_h3,890,core,2025-10-31T04:00:00Z,2025-10-31T05:00:00Z,2025-10-30,28.31,0.0,8348.0,0.9105663260080853,2025-10-29T23:00:00Z,direct_ridge_90d_v1,0.0,15312.49490222943,0.8156906726363727
2025-10-01_30d_d168_h3,891,settlement_tail,2025-10-31T05:00:00Z,2025-10-31T06:00:00Z,2025-10-31,31.02,0.0,7934.0,0.9144497306446696,2025-10-30T23:00:00Z,direct_ridge_90d_v1,0.0,15725.447278226598,0.7820528137937968
2025-10-01_30d_d168_h3,892,settlement_tail,2025-10-31T06:00:00Z,2025-10-31T07:00:00Z,2025-10-31,30.68,0.0,8236.0,0.9071629499737064,2025-10-30T23:00:00Z,direct_ridge_90d_v1,0.0,15421.51269948409,0.7712482462108758
2025-10-01_30d_d168_h3,893,settlement_tail,2025-10-31T07:00:00Z,2025-10-31T08:00:00Z,2025-10-31,30.64,0.0,7620.0,0.9220077139030147,2025-10-30T23:00:00Z,direct_ridge_90d_v1,0.0,14923.115770767496,0.7673187428742435
2025-10-01_30d_d168_h3,894,settlement_tail,2025-10-31T08:00:00Z,2025-10-31T09:00:00Z,2025-10-31,32.9,0.0,6455.0,0.9482086898515082,2025-10-30T23:00:00Z,direct_ridge_90d_v1,0.0,14600.231283474206,0.7685908861010106
2025-10-01_30d_d168_h3,895,settlement_tail,2025-10-31T09:00:00Z,2025-10-31T10:00:00Z,2025-10-31,37.52,0.0,5506.0,0.9658132328197104,2025-10-30T23:00:00Z,direct_ridge_90d_v1,0.0,13931.188318521348,0.7772945818660055
2025-10-01_30d_d168_h3,896,settlement_tail,2025-10-31T10:00:00Z,2025-10-31T11:00:00Z,2025-10-31,45.29,0.0,4988.0,0.9609459578713704,2025-10-30T23:00:00Z,direct_ridge_90d_v1,0.0,12968.953419829284,0.8031884858866539
2025-10-01_30d_d168_h3,897,settlement_tail,2025-10-31T11:00:00Z,2025-10-31T12:00:00Z,2025-10-31,53.38,0.0,4728.0,0.935073278934191,2025-10-30T23:00:00Z,direct_ridge_90d_v1,0.0,12099.462547156876,0.8317827865751697
2025-10-01_30d_d168_h3,898,settlement_tail,2025-10-31T12:00:00Z,2025-10-31T13:00:00Z,2025-10-31,59.78,85.0,5013.0,0.9030663577845716,2025-10-30T23:00:00Z,direct_ridge_90d_v1,376.6622750352544,10874.45995502788,0.8408784938298941
2025-10-01_30d_d168_h3,899,settlement_tail,2025-10-31T13:00:00Z,2025-10-31T14:00:00Z,2025-10-31,38.86,7199.0,6047.0,0.7940064735538654,2025-10-30T23:00:00Z,direct_ridge_90d_v1,6666.159478764485,9494.90138902537,0.7397742360656647
2025-10-01_30d_d168_h3,900,settlement_tail,2025-10-31T14:00:00Z,2025-10-31T15:00:00Z,2025-10-31,18.6,23070.0,5366.0,0.49539414377316193,2025-10-30T23:00:00Z,direct_ridge_90d_v1,18122.088840808632,7387.44289134786,0.5972985924611719
2025-10-01_30d_d168_h3,901,settlement_tail,2025-10-31T15:00:00Z,2025-10-31T16:00:00Z,2025-10-31,14.02,27204.0,4369.0,0.4246738916810432,2025-10-30T23:00:00Z,direct_ridge_90d_v1,21658.5074442537,7550.445357173007,0.5558716944747252
2025-10-01_30d_d168_h3,902,settlement_tail,2025-10-31T16:00:00Z,2025-10-31T17:00:00Z,2025-10-31,13.47,26468.0,5935.0,0.40537706037716453,2025-10-30T23:00:00Z,direct_ridge_90d_v1,21445.34673228766,7295.8299472962835,0.5566927148950931
2025-10-01_30d_d168_h3,903,settlement_tail,2025-10-31T17:00:00Z,2025-10-31T18:00:00Z,2025-10-31,13.43,25653.0,7192.0,0.3889041276328019,2025-10-30T23:00:00Z,direct_ridge_90d_v1,21803.71572068788,6302.815553492388,0.5881366860816896
2025-10-01_30d_d168_h3,904,settlement_tail,2025-10-31T18:00:00Z,2025-10-31T19:00:00Z,2025-10-31,13.51,24370.0,8709.0,0.37746353272821864,2025-10-30T23:00:00Z,direct_ridge_90d_v1,22372.138050606398,5443.904138086963,0.6186608754940094
2025-10-01_30d_d168_h3,905,settlement_tail,2025-10-31T19:00:00Z,2025-10-31T20:00:00Z,2025-10-31,13.06,23427.0,10093.0,0.3637446946344893,2025-10-30T23:00:00Z,direct_ridge_90d_v1,23086.839153138993,5432.5454062850995,0.6344800186138859
2025-10-01_30d_d168_h3,906,settlement_tail,2025-10-31T20:00:00Z,2025-10-31T21:00:00Z,2025-10-31,12.0,22487.0,10611.0,0.36749594822846415,2025-10-30T23:00:00Z,direct_ridge_90d_v1,23445.74218336893,5940.160708066559,0.6437545207925215
2025-10-01_30d_d168_h3,907,settlement_tail,2025-10-31T21:00:00Z,2025-10-31T22:00:00Z,2025-10-31,14.76,21485.0,11156.0,0.38108345794527604,2025-10-30T23:00:00Z,direct_ridge_90d_v1,22855.602293988286,6678.404799966167,0.6566136670900888
2025-10-01_30d_d168_h3,908,settlement_tail,2025-10-31T22:00:00Z,2025-10-31T23:00:00Z,2025-10-31,28.48,14578.0,12091.0,0.49106165329475265,2025-10-30T23:00:00Z,direct_ridge_90d_v1,16590.74009015424,7683.510928965039,0.7018318972754792
2025-10-01_30d_d168_h3,909,settlement_tail,2025-10-31T23:00:00Z,2025-11-01T00:00:00Z,2025-10-31,52.58,2132.0,11791.0,0.7175510110149493,2025-10-30T23:00:00Z,direct_ridge_90d_v1,5141.790408881261,8612.126825195395,0.8011492147672884
2025-10-01_30d_d168_h3,910,settlement_tail,2025-11-01T00:00:00Z,2025-11-01T01:00:00Z,2025-10-31,43.64,0.0,15653.0,0.7276529022775635,2025-10-30T23:00:00Z,direct_ridge_90d_v1,628.1004172419227,9761.12428788037,0.8454111816989769
2025-10-01_30d_d168_h3,911,settlement_tail,2025-11-01T01:00:00Z,2025-11-01T02:00:00Z,2025-10-31,29.09,0.0,20776.0,0.6061257756250006,2025-10-30T23:00:00Z,direct_ridge_90d_v1,0.0,11262.71640805813,0.8513124987277328
2025-10-01_30d_d168_h3,912,settlement_tail,2025-11-01T02:00:00Z,2025-11-01T03:00:00Z,2025-10-31,23.87,0.0,23081.0,0.5570845776735096,2025-10-30T23:00:00Z,direct_ridge_90d_v1,0.0,12627.220076802121,0.8438004613161489
2025-10-01_30d_d168_h3,913,settlement_tail,2025-11-01T03:00:00Z,2025-11-01T04:00:00Z,2025-10-31,23.48,0.0,23465.0,0.531436536328803,2025-10-30T23:00:00Z,direct_ridge_90d_v1,0.0,13157.644812222408,0.8257306070556658
2025-10-01_30d_d168_h3,914,settlement_tail,2025-11-01T04:00:00Z,2025-11-01T05:00:00Z,2025-10-31,23.85,0.0,23312.0,0.512478145725289,2025-10-30T23:00:00Z,direct_ridge_90d_v1,0.0,12782.50402573502,0.8098300025318875
2025-10-01_30d_d168_h3,915,settlement_tail,2025-11-01T05:00:00Z,2025-11-01T06:00:00Z,2025-11-01,24.34,0.0,23052.0,0.5078613131648743,2025-10-31T23:00:00Z,direct_ridge_90d_v1,0.0,15684.353554492085,0.6871622125858586
2025-10-01_30d_d168_h3,916,settlement_tail,2025-11-01T06:00:00Z,2025-11-01T07:00:00Z,2025-11-01,24.01,0.0,22376.0,0.5330614348982713,2025-10-31T23:00:00Z,direct_ridge_90d_v1,0.0,15299.365306016,0.6740021294224581
2025-10-01_30d_d168_h3,917,settlement_tail,2025-11-01T07:00:00Z,2025-11-01T08:00:00Z,2025-11-01,26.41,0.0,21329.0,0.5526028903561089,2025-10-31T23:00:00Z,direct_ridge_90d_v1,0.0,14924.020343932867,0.6627067671701606
2025-10-01_30d_d168_h3,918,settlement_tail,2025-11-01T08:00:00Z,2025-11-01T09:00:00Z,2025-11-01,27.6,0.0,19628.0,0.6039582378075827,2025-10-31T23:00:00Z,direct_ridge_90d_v1,0.0,14789.585654261075,0.6534275276168007
2025-10-01_30d_d168_h3,919,settlement_tail,2025-11-01T09:00:00Z,2025-11-01T10:00:00Z,2025-11-01,31.32,0.0,16142.0,0.700468948801796,2025-10-31T23:00:00Z,direct_ridge_90d_v1,0.0,14181.328578459772,0.6595591507231764
2025-10-01_30d_d168_h3,920,settlement_tail,2025-11-01T10:00:00Z,2025-11-01T11:00:00Z,2025-11-01,34.22,0.0,14330.0,0.7375156166845309,2025-10-31T23:00:00Z,direct_ridge_90d_v1,0.0,13472.740099370692,0.6899823758092514
2025-10-01_30d_d168_h3,921,settlement_tail,2025-11-01T11:00:00Z,2025-11-01T12:00:00Z,2025-11-01,33.43,0.0,13697.0,0.747396473470489,2025-10-31T23:00:00Z,direct_ridge_90d_v1,0.0,13001.329369582678,0.7321238540804664
2025-10-01_30d_d168_h3,922,settlement_tail,2025-11-01T12:00:00Z,2025-11-01T13:00:00Z,2025-11-01,37.27,53.0,14486.0,0.7115176344144845,2025-10-31T23:00:00Z,direct_ridge_90d_v1,322.9914584704899,12151.766237078764,0.7619520236147312
2025-10-01_30d_d168_h3,923,settlement_tail,2025-11-01T13:00:00Z,2025-11-01T14:00:00Z,2025-11-01,30.36,3292.0,14183.0,0.6808851628939624,2025-10-31T23:00:00Z,direct_ridge_90d_v1,6408.81570921805,11137.758188359028,0.6851964914155795
2025-10-01_30d_d168_h3,924,settlement_tail,2025-11-01T14:00:00Z,2025-11-01T15:00:00Z,2025-11-01,19.97,12964.0,12126.0,0.5668926505346952,2025-10-31T23:00:00Z,direct_ridge_90d_v1,17853.961959903045,9019.41102267084,0.5572735085560017
2025-10-01_30d_d168_h3,925,settlement_tail,2025-11-01T15:00:00Z,2025-11-01T16:00:00Z,2025-11-01,15.98,15675.0,11362.0,0.5503912097491278,2025-10-31T23:00:00Z,direct_ridge_90d_v1,21090.338538444918,8926.688613015043,0.5149074302463426
2025-10-01_30d_d168_h3,926,settlement_tail,2025-11-01T16:00:00Z,2025-11-01T17:00:00Z,2025-11-01,16.61,16245.0,11659.0,0.5427082645688575,2025-10-31T23:00:00Z,direct_ridge_90d_v1,20358.36548187994,8530.714091434027,0.5199134474795181
2025-10-01_30d_d168_h3,927,settlement_tail,2025-11-01T17:00:00Z,2025-11-01T18:00:00Z,2025-11-01,17.38,16713.0,11288.0,0.5471978457686587,2025-10-31T23:00:00Z,direct_ridge_90d_v1,20718.871841998975,7686.632766888496,0.549049492703633
2025-10-01_30d_d168_h3,928,settlement_tail,2025-11-01T18:00:00Z,2025-11-01T19:00:00Z,2025-11-01,18.35,16782.0,9842.0,0.5678641241885635,2025-10-31T23:00:00Z,direct_ridge_90d_v1,21301.961883248998,7057.021471756773,0.5893830987840448
2025-10-01_30d_d168_h3,929,settlement_tail,2025-11-01T19:00:00Z,2025-11-01T20:00:00Z,2025-11-01,20.21,17457.0,8238.0,0.5833405184416134,2025-10-31T23:00:00Z,direct_ridge_90d_v1,21964.750927901125,6988.045662393363,0.6053329167636095
2025-10-01_30d_d168_h3,930,settlement_tail,2025-11-01T20:00:00Z,2025-11-01T21:00:00Z,2025-11-01,22.76,17643.0,7563.0,0.5969164438996036,2025-10-31T23:00:00Z,direct_ridge_90d_v1,22501.39004799938,7333.448014965591,0.6208650016587031
2025-10-01_30d_d168_h3,931,settlement_tail,2025-11-01T21:00:00Z,2025-11-01T22:00:00Z,2025-11-01,25.93,15698.0,7383.0,0.6270513428367651,2025-10-31T23:00:00Z,direct_ridge_90d_v1,21697.078035678118,7960.596186062512,0.6379313718938194
2025-10-01_30d_d168_h3,932,settlement_tail,2025-11-01T22:00:00Z,2025-11-01T23:00:00Z,2025-11-01,47.35,9780.0,7330.0,0.734059827754029,2025-10-31T23:00:00Z,direct_ridge_90d_v1,14977.660412763164,8816.171214989128,0.6812665548016862
2025-10-01_30d_d168_h3,933,settlement_tail,2025-11-01T23:00:00Z,2025-11-02T00:00:00Z,2025-11-01,68.69,1642.0,6794.0,0.8256924331656638,2025-10-31T23:00:00Z,direct_ridge_90d_v1,3720.218834909855,9644.854702956865,0.7721985773474812
2025-10-01_30d_d168_h3,934,settlement_tail,2025-11-02T00:00:00Z,2025-11-02T01:00:00Z,2025-11-01,71.71,0.0,6089.0,0.8567578480440546,2025-10-31T23:00:00Z,direct_ridge_90d_v1,293.7035720767144,10468.838285775195,0.8084272448040383
2025-10-01_30d_d168_h3,935,settlement_tail,2025-11-02T01:00:00Z,2025-11-02T02:00:00Z,2025-11-01,66.96,0.0,6011.0,0.8984207431770689,2025-10-31T23:00:00Z,direct_ridge_90d_v1,0.0,11901.593745166412,0.8169386542139806
2025-10-01_30d_d168_h3,936,settlement_tail,2025-11-02T02:00:00Z,2025-11-02T03:00:00Z,2025-11-01,67.56,0.0,7281.0,0.9158840075685699,2025-10-31T23:00:00Z,direct_ridge_90d_v1,0.0,12916.443184933907,0.8156093434126773
2025-10-01_30d_d168_h3,937,settlement_tail,2025-11-02T03:00:00Z,2025-11-02T04:00:00Z,2025-11-01,75.94,0.0,7805.0,0.8980303037382088,2025-10-31T23:00:00Z,direct_ridge_90d_v1,0.0,13284.43073399204,0.8036995875357812
2025-10-01_30d_d168_h3,938,settlement_tail,2025-11-02T04:00:00Z,2025-11-02T05:00:00Z,2025-11-01,50.78,0.0,8567.0,0.8962130902746976,2025-10-31T23:00:00Z,direct_ridge_90d_v1,0.0,13145.005680160597,0.78290716812626
2025-10-01_30d_d168_h3,939,settlement_tail,2025-11-02T05:00:00Z,2025-11-02T06:00:00Z,2025-11-02,54.81,0.0,9135.0,0.8881061510341461,2025-11-01T23:00:00Z,direct_ridge_90d_v1,0.0,14645.744381484796,0.7114634597069179
2025-10-01_30d_d168_h3,940,settlement_tail,2025-11-02T06:00:00Z,2025-11-02T07:00:00Z,2025-11-02,45.35,0.0,9861.0,0.8699117508790819,2025-11-01T23:00:00Z,direct_ridge_90d_v1,0.0,14645.744381484796,0.7114634597069179
2025-10-01_30d_d168_h3,941,settlement_tail,2025-11-02T07:00:00Z,2025-11-02T08:00:00Z,2025-11-02,46.86,0.0,10346.0,0.8578217401680249,2025-11-01T23:00:00Z,direct_ridge_90d_v1,0.0,14293.234917806432,0.701201268291371
2025-10-01_30d_d168_h3,942,settlement_tail,2025-11-02T08:00:00Z,2025-11-02T09:00:00Z,2025-11-02,51.04,0.0,9989.0,0.8663017359288482,2025-11-01T23:00:00Z,direct_ridge_90d_v1,0.0,13745.265608222622,0.6995488634137049
2025-10-01_30d_d168_h3,943,settlement_tail,2025-11-02T09:00:00Z,2025-11-02T10:00:00Z,2025-11-02,50.17,0.0,9403.0,0.8774832749737335,2025-11-01T23:00:00Z,direct_ridge_90d_v1,0.0,13099.325169449183,0.7061433425555232
2025-10-01_30d_d168_h3,944,settlement_tail,2025-11-02T10:00:00Z,2025-11-02T11:00:00Z,2025-11-02,48.19,0.0,9373.0,0.8780141362923761,2025-11-01T23:00:00Z,direct_ridge_90d_v1,0.0,12549.434785833528,0.7181905483480597
2025-10-01_30d_d168_h3,945,settlement_tail,2025-11-02T11:00:00Z,2025-11-02T12:00:00Z,2025-11-02,44.46,0.0,9665.0,0.8655221752535114,2025-11-01T23:00:00Z,direct_ridge_90d_v1,0.0,12267.604144443892,0.7420669608149353
2025-10-01_30d_d168_h3,946,settlement_tail,2025-11-02T12:00:00Z,2025-11-02T13:00:00Z,2025-11-02,36.88,51.0,10292.0,0.8423430775104859,2025-11-01T23:00:00Z,direct_ridge_90d_v1,2.455174153336864,12118.955643169753,0.7739722137675457
2025-10-01_30d_d168_h3,947,settlement_tail,2025-11-02T13:00:00Z,2025-11-02T14:00:00Z,2025-11-02,26.36,5921.0,11030.0,0.6805601295902866,2025-11-01T23:00:00Z,direct_ridge_90d_v1,110.31129079977154,12009.83314325632,0.7894694075517785
2025-10-01_30d_d168_h3,948,settlement_tail,2025-11-02T14:00:00Z,2025-11-02T15:00:00Z,2025-11-02,14.35,20505.0,9525.0,0.3776027949797235,2025-11-01T23:00:00Z,direct_ridge_90d_v1,5738.7285715923545,11410.394898103845,0.6787612108637809
2025-10-01_30d_d168_h3,949,settlement_tail,2025-11-02T15:00:00Z,2025-11-02T16:00:00Z,2025-11-02,6.64,25757.0,8475.0,0.2953534702106918,2025-11-01T23:00:00Z,direct_ridge_90d_v1,17940.180865504044,8765.956101096644,0.5651983861828705
2025-10-01_30d_d168_h3,950,settlement_tail,2025-11-02T16:00:00Z,2025-11-02T17:00:00Z,2025-11-02,6.6,23759.0,9710.0,0.2969669269736285,2025-11-01T23:00:00Z,direct_ridge_90d_v1,21247.879076642887,8572.877070732548,0.5342877997231383
2025-10-01_30d_d168_h3,951,settlement_tail,2025-11-02T17:00:00Z,2025-11-02T18:00:00Z,2025-11-02,8.26,23358.0,9571.0,0.30027800150508144,2025-11-01T23:00:00Z,direct_ridge_90d_v1,20382.278344266455,9032.883340606038,0.5502891580156916
2025-10-01_30d_d168_h3,952,settlement_tail,2025-11-02T18:00:00Z,2025-11-02T19:00:00Z,2025-11-02,9.36,24565.0,9272.0,0.2946508326855284,2025-11-01T23:00:00Z,direct_ridge_90d_v1,20480.790797462752,9106.753042524497,0.5779974935007978
2025-10-01_30d_d168_h3,953,settlement_tail,2025-11-02T19:00:00Z,2025-11-02T20:00:00Z,2025-11-02,9.63,24811.0,8986.0,0.2945914896010936,2025-11-01T23:00:00Z,direct_ridge_90d_v1,20448.530198858385,8947.477409839816,0.5995427136802629
2025-10-01_30d_d168_h3,954,settlement_tail,2025-11-02T20:00:00Z,2025-11-02T21:00:00Z,2025-11-02,10.63,25491.0,8847.0,0.2937889956127298,2025-11-01T23:00:00Z,direct_ridge_90d_v1,20580.052650108726,8741.6024852404,0.6054350267094375
2025-10-01_30d_d168_h3,955,settlement_tail,2025-11-02T21:00:00Z,2025-11-02T22:00:00Z,2025-11-02,13.06,24799.0,8687.0,0.32061601500567466,2025-11-01T23:00:00Z,direct_ridge_90d_v1,20827.778390495147,9046.569675655408,0.6247515415488999
2025-10-01_30d_d168_h3,956,settlement_tail,2025-11-02T22:00:00Z,2025-11-02T23:00:00Z,2025-11-02,27.3,15804.0,9557.0,0.49198240184328607,2025-11-01T23:00:00Z,direct_ridge_90d_v1,19527.74788911649,9531.824278492615,0.6454933334312393
2025-10-01_30d_d168_h3,957,settlement_tail,2025-11-02T23:00:00Z,2025-11-03T00:00:00Z,2025-11-02,74.77,2077.0,9859.0,0.7358096425138234,2025-11-01T23:00:00Z,direct_ridge_90d_v1,12894.683566460451,10073.303661227392,0.6904851420922267
2025-10-01_30d_d168_h3,958,settlement_tail,2025-11-03T00:00:00Z,2025-11-03T01:00:00Z,2025-11-02,65.12,0.0,14829.0,0.749996510544077,2025-11-01T23:00:00Z,direct_ridge_90d_v1,1932.4271980230988,10715.639129906314,0.7605695768263007
2025-10-01_30d_d168_h3,959,settlement_tail,2025-11-03T01:00:00Z,2025-11-03T02:00:00Z,2025-11-02,46.87,0.0,20007.0,0.665571476055246,2025-11-01T23:00:00Z,direct_ridge_90d_v1,0.0,11381.702211547765,0.8019471708132532
2025-10-01_30d_d168_h3,960,settlement_tail,2025-11-03T02:00:00Z,2025-11-03T03:00:00Z,2025-11-02,32.72,1.0,23088.0,0.6006040370564529,2025-11-01T23:00:00Z,direct_ridge_90d_v1,0.0,13230.582924971355,0.8238285804504843
2025-10-01_30d_d168_h3,961,settlement_tail,2025-11-03T03:00:00Z,2025-11-03T04:00:00Z,2025-11-02,28.32,1.0,23702.0,0.5705650451113352,2025-11-01T23:00:00Z,direct_ridge_90d_v1,0.0,14528.824334271994,0.8350804570547645
2025-10-01_30d_d168_h3,962,settlement_tail,2025-11-03T04:00:00Z,2025-11-03T05:00:00Z,2025-11-02,27.92,1.0,23554.0,0.5274908305360766,2025-11-01T23:00:00Z,direct_ridge_90d_v1,0.0,15315.408663107117,0.8339782763987217
2025-10-01_30d_d168_h3,963,settlement_tail,2025-11-03T05:00:00Z,2025-11-03T06:00:00Z,2025-11-02,23.89,1.0,23280.0,0.507319011542616,2025-11-01T23:00:00Z,direct_ridge_90d_v1,0.0,15832.380662875104,0.8197643835700494
2025-10-01_30d_d168_h3,964,settlement_tail,2025-11-03T06:00:00Z,2025-11-03T07:00:00Z,2025-11-03,22.66,1.0,23288.0,0.48204233453453116,2025-11-03T00:00:00Z,direct_ridge_90d_v1,0.0,15905.811795390106,0.7314688754134375
2025-10-01_30d_d168_h3,965,settlement_tail,2025-11-03T07:00:00Z,2025-11-03T08:00:00Z,2025-11-03,22.1,1.0,23158.0,0.4742514427988062,2025-11-03T00:00:00Z,direct_ridge_90d_v1,0.0,15464.831871999862,0.7169960505143153
2025-10-01_30d_d168_h3,966,settlement_tail,2025-11-03T08:00:00Z,2025-11-03T09:00:00Z,2025-11-03,22.04,1.0,22349.0,0.4860110323345961,2025-11-03T00:00:00Z,direct_ridge_90d_v1,0.0,14716.448433507074,0.7194953688885166
2025-10-01_30d_d168_h3,967,settlement_tail,2025-11-03T09:00:00Z,2025-11-03T10:00:00Z,2025-11-03,23.14,1.0,21715.0,0.49820972202460234,2025-11-03T00:00:00Z,direct_ridge_90d_v1,0.0,13899.626605436104,0.7289500653385084
2025-10-01_30d_d168_h3,968,settlement_tail,2025-11-03T10:00:00Z,2025-11-03T11:00:00Z,2025-11-03,24.83,0.0,20334.0,0.5468935165962083,2025-11-03T00:00:00Z,direct_ridge_90d_v1,0.0,13050.011119080988,0.741265169345995
2025-10-01_30d_d168_h3,969,settlement_tail,2025-11-03T11:00:00Z,2025-11-03T12:00:00Z,2025-11-03,31.91,0.0,18662.0,0.6339394858249807,2025-11-03T00:00:00Z,direct_ridge_90d_v1,0.0,12278.545045565366,0.7720607957684816
2025-10-01_30d_d168_h3,970,settlement_tail,2025-11-03T12:00:00Z,2025-11-03T13:00:00Z,2025-11-03,38.37,51.0,17820.0,0.6600968174608092,2025-11-03T00:00:00Z,direct_ridge_90d_v1,0.0,11700.242767408012,0.8108394221377369
2025-10-01_30d_d168_h3,971,settlement_tail,2025-11-03T13:00:00Z,2025-11-03T14:00:00Z,2025-11-03,28.58,6456.0,17569.0,0.5756315423683704,2025-11-03T00:00:00Z,direct_ridge_90d_v1,935.0110650779892,11147.120148652446,0.8291956031917016
2025-10-01_30d_d168_h3,972,settlement_tail,2025-11-03T14:00:00Z,2025-11-03T15:00:00Z,2025-11-03,16.08,21157.0,13962.0,0.3755126469521514,2025-11-03T00:00:00Z,direct_ridge_90d_v1,8616.80694235482,9940.880869971814,0.7277372612775852
2025-10-01_30d_d168_h3,973,settlement_tail,2025-11-03T15:00:00Z,2025-11-03T16:00:00Z,2025-11-03,18.08,24738.0,11342.0,0.34039593871383617,2025-11-03T00:00:00Z,direct_ridge_90d_v1,21375.10713075575,7331.270462446813,0.5891394712247303
2025-10-01_30d_d168_h3,974,settlement_tail,2025-11-03T16:00:00Z,2025-11-03T17:00:00Z,2025-11-03,18.66,25297.0,9948.0,0.3136530734992786,2025-11-03T00:00:00Z,direct_ridge_90d_v1,24871.17637247135,7507.911968962099,0.5414093203844851
2025-10-01_30d_d168_h3,975,settlement_tail,2025-11-03T17:00:00Z,2025-11-03T18:00:00Z,2025-11-03,20.22,25763.0,7677.0,0.34723797039283133,2025-11-03T00:00:00Z,direct_ridge_90d_v1,24379.553425198934,7652.72990132432,0.5458912625401836
2025-10-01_30d_d168_h3,976,settlement_tail,2025-11-03T18:00:00Z,2025-11-03T19:00:00Z,2025-11-03,23.6,25478.0,6874.0,0.39246375995017513,2025-11-03T00:00:00Z,direct_ridge_90d_v1,23862.73407736595,7323.237203326012,0.5696132541362
2025-10-01_30d_d168_h3,977,settlement_tail,2025-11-03T19:00:00Z,2025-11-03T20:00:00Z,2025-11-03,23.79,25608.0,7456.0,0.39761812811222996,2025-11-03T00:00:00Z,direct_ridge_90d_v1,23226.256234820114,6798.5062432159375,0.5956239909691676
2025-10-01_30d_d168_h3,978,settlement_tail,2025-11-03T20:00:00Z,2025-11-03T21:00:00Z,2025-11-03,23.62,25940.0,8913.0,0.3703556940553165,2025-11-03T00:00:00Z,direct_ridge_90d_v1,22991.806823012383,6519.887719155907,0.5967854224699791
2025-10-01_30d_d168_h3,979,settlement_tail,2025-11-03T21:00:00Z,2025-11-03T22:00:00Z,2025-11-03,25.47,24549.0,10801.0,0.3618735941570672,2025-11-03T00:00:00Z,direct_ridge_90d_v1,23092.297715280656,6832.241563475764,0.6141839198710414
2025-10-01_30d_d168_h3,980,settlement_tail,2025-11-03T22:00:00Z,2025-11-03T23:00:00Z,2025-11-03,38.33,15243.0,12349.0,0.5101062106501565,2025-11-03T00:00:00Z,direct_ridge_90d_v1,21743.40874420844,7540.115245293239,0.6404123076121572
2025-10-01_30d_d168_h3,981,settlement_tail,2025-11-03T23:00:00Z,2025-11-04T00:00:00Z,2025-11-03,74.45,1990.0,13772.0,0.6741480571143244,2025-11-03T00:00:00Z,direct_ridge_90d_v1,15354.619248642037,8541.46599111068,0.7055219570354777
2025-10-01_30d_d168_h3,982,settlement_tail,2025-11-04T00:00:00Z,2025-11-04T01:00:00Z,2025-11-03,54.45,0.0,18757.0,0.6623476218516728,2025-11-03T00:00:00Z,direct_ridge_90d_v1,5256.9641239387065,9775.483175212481,0.7923480656354897
2025-10-01_30d_d168_h3,983,settlement_tail,2025-11-04T01:00:00Z,2025-11-04T02:00:00Z,2025-11-03,42.94,1.0,23379.0,0.5860267226174661,2025-11-03T00:00:00Z,direct_ridge_90d_v1,1683.6169111240715,10380.605759560005,0.833889626625519
2025-10-01_30d_d168_h3,984,settlement_tail,2025-11-04T02:00:00Z,2025-11-04T03:00:00Z,2025-11-03,51.37,1.0,24492.0,0.5633397484877577,2025-11-03T00:00:00Z,direct_ridge_90d_v1,0.0,12141.784202588316,0.8564046824790308
2025-10-01_30d_d168_h3,985,settlement_tail,2025-11-04T03:00:00Z,2025-11-04T04:00:00Z,2025-11-03,40.69,1.0,24036.0,0.5682110276287619,2025-11-03T00:00:00Z,direct_ridge_90d_v1,0.0,13928.337038969423,0.861693409908699
2025-10-01_30d_d168_h3,986,settlement_tail,2025-11-04T04:00:00Z,2025-11-04T05:00:00Z,2025-11-03,29.19,1.0,23959.0,0.5470801771976117,2025-11-03T00:00:00Z,direct_ridge_90d_v1,0.0,14867.040809371425,0.849135574093171
2025-10-01_30d_d168_h3,987,settlement_tail,2025-11-04T05:00:00Z,2025-11-04T06:00:00Z,2025-11-03,25.43,1.0,23884.0,0.5071781069066518,2025-11-03T00:00:00Z,direct_ridge_90d_v1,0.0,15022.724839162114,0.8321680356204342
2025-10-01_30d_d168_h3,988,settlement_tail,2025-11-04T06:00:00Z,2025-11-04T07:00:00Z,2025-11-04,22.5,1.0,23704.0,0.4958573581451876,2025-11-04T00:00:00Z,direct_ridge_90d_v1,0.0,14263.910812690621,0.826006099803602
2025-10-01_30d_d168_h3,989,settlement_tail,2025-11-04T07:00:00Z,2025-11-04T08:00:00Z,2025-11-04,21.17,1.0,23416.0,0.49218095431976444,2025-11-04T00:00:00Z,direct_ridge_90d_v1,0.0,13860.00934453131,0.825629745250326
2025-10-01_30d_d168_h3,990,settlement_tail,2025-11-04T08:00:00Z,2025-11-04T09:00:00Z,2025-11-04,20.4,1.0,23272.0,0.490607994245062,2025-11-04T00:00:00Z,direct_ridge_90d_v1,0.0,13533.721048261725,0.8301744040688791
2025-10-01_30d_d168_h3,991,settlement_tail,2025-11-04T09:00:00Z,2025-11-04T10:00:00Z,2025-11-04,20.2,1.0,23090.0,0.4875712936434462,2025-11-04T00:00:00Z,direct_ridge_90d_v1,0.0,13164.964186093723,0.8318434375624546
2025-10-01_30d_d168_h3,992,settlement_tail,2025-11-04T10:00:00Z,2025-11-04T11:00:00Z,2025-11-04,22.04,1.0,22443.0,0.5278769819248428,2025-11-04T00:00:00Z,direct_ridge_90d_v1,0.0,12542.220064651756,0.8385138528555376
2025-10-01_30d_d168_h3,993,settlement_tail,2025-11-04T11:00:00Z,2025-11-04T12:00:00Z,2025-11-04,27.95,1.0,22326.0,0.5821074638182604,2025-11-04T00:00:00Z,direct_ridge_90d_v1,0.0,12142.452543035057,0.8428903459273704
2025-10-01_30d_d168_h3,994,settlement_tail,2025-11-04T12:00:00Z,2025-11-04T13:00:00Z,2025-11-04,33.26,47.0,21922.0,0.589477767585977,2025-11-04T00:00:00Z,direct_ridge_90d_v1,0.0,12108.532613855754,0.8435742209964953
2025-10-01_30d_d168_h3,995,settlement_tail,2025-11-04T13:00:00Z,2025-11-04T14:00:00Z,2025-11-04,23.89,5400.0,20850.0,0.5358174832988543,2025-11-04T00:00:00Z,direct_ridge_90d_v1,587.6051155604675,12001.365179164002,0.8397107433675427
2025-10-01_30d_d168_h3,996,settlement_tail,2025-11-04T14:00:00Z,2025-11-04T15:00:00Z,2025-11-04,8.92,17679.0,16581.0,0.3655382177993535,2025-11-04T00:00:00Z,direct_ridge_90d_v1,7327.949984952891,11144.79083432488,0.7253730085694388
2025-10-01_30d_d168_h3,997,settlement_tail,2025-11-04T15:00:00Z,2025-11-04T16:00:00Z,2025-11-04,6.49,21355.0,15555.0,0.30309770062045566,2025-11-04T00:00:00Z,direct_ridge_90d_v1,20196.463332977386,8781.667939513985,0.5896187382250142
2025-10-01_30d_d168_h3,998,settlement_tail,2025-11-04T16:00:00Z,2025-11-04T17:00:00Z,2025-11-04,8.05,20945.0,16862.0,0.2884177319424041,2025-11-04T00:00:00Z,direct_ridge_90d_v1,23504.908905384567,8566.847954422385,0.5561160602189168
2025-10-01_30d_d168_h3,999,settlement_tail,2025-11-04T17:00:00Z,2025-11-04T18:00:00Z,2025-11-04,11.97,20689.0,16141.0,0.2949428943358087,2025-11-04T00:00:00Z,direct_ridge_90d_v1,23032.66524952997,8503.821338736976,0.5722502620958295
2025-10-01_30d_d168_h3,1000,settlement_tail,2025-11-04T18:00:00Z,2025-11-04T19:00:00Z,2025-11-04,15.62,21317.0,15571.0,0.29440919300415586,2025-11-04T00:00:00Z,direct_ridge_90d_v1,22804.437388097827,7983.765477031134,0.6023991516490809
2025-10-01_30d_d168_h3,1001,settlement_tail,2025-11-04T19:00:00Z,2025-11-04T20:00:00Z,2025-11-04,18.66,22163.0,15457.0,0.3044007536493572,2025-11-04T00:00:00Z,direct_ridge_90d_v1,22662.18244687442,7613.184434001871,0.6323405642702533
2025-10-01_30d_d168_h3,1002,settlement_tail,2025-11-04T20:00:00Z,2025-11-04T21:00:00Z,2025-11-04,21.65,22661.0,15508.0,0.3138691792424572,2025-11-04T00:00:00Z,direct_ridge_90d_v1,22922.22675227545,7526.23014602021,0.6414669090658731
2025-10-01_30d_d168_h3,1003,settlement_tail,2025-11-04T21:00:00Z,2025-11-04T22:00:00Z,2025-11-04,28.02,21637.0,15920.0,0.3385749212559314,2025-11-04T00:00:00Z,direct_ridge_90d_v1,23232.55032031987,7847.56598630018,0.643902602146065
2025-10-01_30d_d168_h3,1004,settlement_tail,2025-11-04T22:00:00Z,2025-11-04T23:00:00Z,2025-11-04,40.1,13313.0,17378.0,0.49095529958102524,2025-11-04T00:00:00Z,direct_ridge_90d_v1,22420.974995687906,8345.04657361216,0.6541829224966678
2025-10-01_30d_d168_h3,1005,settlement_tail,2025-11-04T23:00:00Z,2025-11-05T00:00:00Z,2025-11-04,62.46,1779.0,18890.0,0.6572500453093462,2025-11-04T00:00:00Z,direct_ridge_90d_v1,15904.035012315766,9206.627723922014,0.7153334343830835
2025-10-01_30d_d168_h3,1006,settlement_tail,2025-11-05T00:00:00Z,2025-11-05T01:00:00Z,2025-11-04,46.63,1.0,23172.0,0.6250360384955106,2025-11-04T00:00:00Z,direct_ridge_90d_v1,4656.460503568626,9754.684108651254,0.7980862060808787
2025-10-01_30d_d168_h3,1007,settlement_tail,2025-11-05T01:00:00Z,2025-11-05T02:00:00Z,2025-11-04,43.47,1.0,25352.0,0.5965605620220955,2025-11-04T00:00:00Z,direct_ridge_90d_v1,1121.8964690024168,11143.356006689424,0.824091262029229
2025-10-01_30d_d168_h3,1008,settlement_tail,2025-11-05T02:00:00Z,2025-11-05T03:00:00Z,2025-11-04,40.03,1.0,26079.0,0.5873395955789179,2025-11-04T00:00:00Z,direct_ridge_90d_v1,0.0,13116.050710765401,0.8204145010623232
2025-10-01_30d_d168_h3,1009,settlement_tail,2025-11-05T03:00:00Z,2025-11-05T04:00:00Z,2025-11-04,31.16,1.0,26081.0,0.5658393472542647,2025-11-04T00:00:00Z,direct_ridge_90d_v1,0.0,14723.780619600368,0.8059369806765835
2025-10-01_30d_d168_h3,1010,settlement_tail,2025-11-05T04:00:00Z,2025-11-05T05:00:00Z,2025-11-04,25.61,1.0,26036.0,0.5255633839422371,2025-11-04T00:00:00Z,direct_ridge_90d_v1,0.0,15650.401398460528,0.7868016338229114
2025-10-01_30d_d168_h3,1011,settlement_tail,2025-11-05T05:00:00Z,2025-11-05T06:00:00Z,2025-11-04,24.84,1.0,25695.0,0.501061214761426,2025-11-04T00:00:00Z,direct_ridge_90d_v1,0.0,15805.6934449105,0.7658998597876866
2025-10-01_30d_d168_h3,1012,settlement_tail,2025-11-05T06:00:00Z,2025-11-05T07:00:00Z,2025-11-05,18.56,1.0,25453.0,0.4850352601532415,2025-11-05T00:00:00Z,direct_ridge_90d_v1,0.0,15158.8814619131,0.7502538596516249
2025-10-01_30d_d168_h3,1013,settlement_tail,2025-11-05T07:00:00Z,2025-11-05T08:00:00Z,2025-11-05,17.76,1.0,25020.0,0.48360088876443713,2025-11-05T00:00:00Z,direct_ridge_90d_v1,0.0,14741.322247336815,0.7357856676482426
2025-10-01_30d_d168_h3,1014,settlement_tail,2025-11-05T08:00:00Z,2025-11-05T09:00:00Z,2025-11-05,17.66,1.0,25039.0,0.47922670017955427,2025-11-05T00:00:00Z,direct_ridge_90d_v1,0.0,14123.92195624023,0.7407336209534516
2025-10-01_30d_d168_h3,1015,settlement_tail,2025-11-05T09:00:00Z,2025-11-05T10:00:00Z,2025-11-05,18.26,1.0,24526.0,0.46697341879956467,2025-11-05T00:00:00Z,direct_ridge_90d_v1,0.0,13443.37915849829,0.7545498251907587
2025-10-01_30d_d168_h3,1016,settlement_tail,2025-11-05T10:00:00Z,2025-11-05T11:00:00Z,2025-11-05,20.39,1.0,23316.0,0.4996128286908735,2025-11-05T00:00:00Z,direct_ridge_90d_v1,0.0,12735.008777527093,0.7722268115609796
2025-10-01_30d_d168_h3,1017,settlement_tail,2025-11-05T11:00:00Z,2025-11-05T12:00:00Z,2025-11-05,25.27,1.0,21991.0,0.5484592727032213,2025-11-05T00:00:00Z,direct_ridge_90d_v1,0.0,12051.036631681027,0.7986971838076349
2025-10-01_30d_d168_h3,1018,settlement_tail,2025-11-05T12:00:00Z,2025-11-05T13:00:00Z,2025-11-05,28.84,29.0,20855.0,0.6254779346056486,2025-11-05T00:00:00Z,direct_ridge_90d_v1,0.0,11586.189516387403,0.8283875776542403
2025-10-01_30d_d168_h3,1019,settlement_tail,2025-11-05T13:00:00Z,2025-11-05T14:00:00Z,2025-11-05,25.48,5559.0,19178.0,0.588433425200913,2025-11-05T00:00:00Z,direct_ridge_90d_v1,1338.7122197168503,11226.415927641525,0.8139843531491231
2025-10-01_30d_d168_h3,1020,settlement_tail,2025-11-05T14:00:00Z,2025-11-05T15:00:00Z,2025-11-05,13.45,20540.0,13353.0,0.40132575379405794,2025-11-05T00:00:00Z,direct_ridge_90d_v1,9375.596916168071,10377.498942904649,0.7329262977907608
2025-10-01_30d_d168_h3,1021,settlement_tail,2025-11-05T15:00:00Z,2025-11-05T16:00:00Z,2025-11-05,14.6,25768.0,9281.0,0.3612429389718398,2025-11-05T00:00:00Z,direct_ridge_90d_v1,21049.804036891845,8198.241450615047,0.5907117225888411
2025-10-01_30d_d168_h3,1022,settlement_tail,2025-11-05T16:00:00Z,2025-11-05T17:00:00Z,2025-11-05,19.52,25811.0,7218.0,0.40637450250420243,2025-11-05T00:00:00Z,direct_ridge_90d_v1,23752.62893780467,8122.621245437535,0.5418934240852257
2025-10-01_30d_d168_h3,1023,settlement_tail,2025-11-05T17:00:00Z,2025-11-05T18:00:00Z,2025-11-05,24.28,25422.0,5134.0,0.5015717169643694,2025-11-05T00:00:00Z,direct_ridge_90d_v1,23248.74172176706,8450.38692270756,0.5303734695362543
2025-10-01_30d_d168_h3,1024,settlement_tail,2025-11-05T18:00:00Z,2025-11-05T19:00:00Z,2025-11-05,27.87,25094.0,4572.0,0.55046123658046,2025-11-05T00:00:00Z,direct_ridge_90d_v1,22872.61370673783,8135.072507611577,0.5359520492798158
2025-10-01_30d_d168_h3,1025,settlement_tail,2025-11-05T19:00:00Z,2025-11-05T20:00:00Z,2025-11-05,30.01,25240.0,4177.0,0.5539572733120606,2025-11-05T00:00:00Z,direct_ridge_90d_v1,22414.042302243124,7596.368202664957,0.5473152031942761
2025-10-01_30d_d168_h3,1026,settlement_tail,2025-11-05T20:00:00Z,2025-11-05T21:00:00Z,2025-11-05,33.57,25708.0,4366.0,0.5565966516946086,2025-11-05T00:00:00Z,direct_ridge_90d_v1,22304.827092544965,7260.413060648741,0.545413866544166
2025-10-01_30d_d168_h3,1027,settlement_tail,2025-11-05T21:00:00Z,2025-11-05T22:00:00Z,2025-11-05,36.51,24693.0,5101.0,0.5769060924894437,2025-11-05T00:00:00Z,direct_ridge_90d_v1,22120.43769581562,7470.827899261499,0.5648710046435914
2025-10-01_30d_d168_h3,1028,settlement_tail,2025-11-05T22:00:00Z,2025-11-05T23:00:00Z,2025-11-05,66.51,14667.0,5956.0,0.713209285196268,2025-11-05T00:00:00Z,direct_ridge_90d_v1,20859.964303992034,7924.6832706132245,0.6320884055199314
2025-10-01_30d_d168_h3,1029,settlement_tail,2025-11-05T23:00:00Z,2025-11-06T00:00:00Z,2025-11-05,150.29,1719.0,7389.0,0.8244889123794151,2025-11-05T00:00:00Z,direct_ridge_90d_v1,13065.58377185365,8589.775326761915,0.7360188983144299
2025-10-01_30d_d168_h3,1030,settlement_tail,2025-11-06T00:00:00Z,2025-11-06T01:00:00Z,2025-11-05,91.72,0.0,10978.0,0.8264525794137753,2025-11-05T00:00:00Z,direct_ridge_90d_v1,4508.662694857373,9508.434791738891,0.807491170045605
2025-10-01_30d_d168_h3,1031,settlement_tail,2025-11-06T01:00:00Z,2025-11-06T02:00:00Z,2025-11-05,76.43,0.0,14535.0,0.8131307755352875,2025-11-05T00:00:00Z,direct_ridge_90d_v1,1276.7012563384378,10450.229892587004,0.8416945026602546
2025-10-01_30d_d168_h3,1032,settlement_tail,2025-11-06T02:00:00Z,2025-11-06T03:00:00Z,2025-11-05,50.07,0.0,15509.0,0.8033879189453764,2025-11-05T00:00:00Z,direct_ridge_90d_v1,0.0,12310.323336105464,0.8559771615233134
2025-10-01_30d_d168_h3,1033,settlement_tail,2025-11-06T03:00:00Z,2025-11-06T04:00:00Z,2025-11-05,40.0,0.0,15772.0,0.8018950071350196,2025-11-05T00:00:00Z,direct_ridge_90d_v1,0.0,13863.767720916203,0.8565442296021754
2025-10-01_30d_d168_h3,1034,settlement_tail,2025-11-06T04:00:00Z,2025-11-06T05:00:00Z,2025-11-05,37.36,1.0,14396.0,0.8153648324968179,2025-11-05T00:00:00Z,direct_ridge_90d_v1,0.0,14668.64428667782,0.8437998641662496
2025-10-01_30d_d168_h3,1035,settlement_tail,2025-11-06T05:00:00Z,2025-11-06T06:00:00Z,2025-11-05,34.79,1.0,12028.0,0.8452439591862704,2025-11-05T00:00:00Z,direct_ridge_90d_v1,0.0,14790.04342797217,0.8341610087263396
2025-10-01_30d_d168_h3,1036,settlement_tail,2025-11-06T06:00:00Z,2025-11-06T07:00:00Z,2025-11-06,34.1,1.0,9891.0,0.8753535188761526,2025-11-06T00:00:00Z,direct_ridge_90d_v1,0.0,15796.57870542508,0.7277985716118909
2025-10-01_30d_d168_h3,1037,settlement_tail,2025-11-06T07:00:00Z,2025-11-06T08:00:00Z,2025-11-06,34.56,1.0,7522.0,0.9149135464914102,2025-11-06T00:00:00Z,direct_ridge_90d_v1,0.0,15307.58720198228,0.7183825302034298
2025-10-01_30d_d168_h3,1038,settlement_tail,2025-11-06T08:00:00Z,2025-11-06T09:00:00Z,2025-11-06,37.65,1.0,6129.0,0.9557628226545983,2025-11-06T00:00:00Z,direct_ridge_90d_v1,0.0,14840.100420046754,0.7202078402252282
2025-10-01_30d_d168_h3,1039,settlement_tail,2025-11-06T09:00:00Z,2025-11-06T10:00:00Z,2025-11-06,37.25,0.0,5639.0,0.9613961063653529,2025-11-06T00:00:00Z,direct_ridge_90d_v1,0.0,14373.655671692,0.7243514563210185
2025-10-01_30d_d168_h3,1040,settlement_tail,2025-11-06T10:00:00Z,2025-11-06T11:00:00Z,2025-11-06,38.25,1.0,5550.0,0.9590957427174804,2025-11-06T00:00:00Z,direct_ridge_90d_v1,0.0,13561.943609230817,0.7448940043963133
2025-10-01_30d_d168_h3,1041,settlement_tail,2025-11-06T11:00:00Z,2025-11-06T12:00:00Z,2025-11-06,44.81,1.0,5635.0,0.9513779141533665,2025-11-06T00:00:00Z,direct_ridge_90d_v1,0.0,12903.332364483047,0.770403955420143
2025-10-01_30d_d168_h3,1042,settlement_tail,2025-11-06T12:00:00Z,2025-11-06T13:00:00Z,2025-11-06,55.58,25.0,6053.0,0.9186149198429945,2025-11-06T00:00:00Z,direct_ridge_90d_v1,19.669389284619637,12564.682949272901,0.785456702500569
2025-10-01_30d_d168_h3,1043,settlement_tail,2025-11-06T13:00:00Z,2025-11-06T14:00:00Z,2025-11-06,38.76,4947.0,6052.0,0.8366763511364935,2025-11-06T00:00:00Z,direct_ridge_90d_v1,3296.3748747024474,12247.86810751473,0.7655224688318478
2025-10-01_30d_d168_h3,1044,settlement_tail,2025-11-06T14:00:00Z,2025-11-06T15:00:00Z,2025-11-06,26.5,19778.0,4443.0,0.6066621710948703,2025-11-06T00:00:00Z,direct_ridge_90d_v1,14425.444322272404,11657.770132767177,0.6946219616828458
2025-10-01_30d_d168_h3,1045,settlement_tail,2025-11-06T15:00:00Z,2025-11-06T16:00:00Z,2025-11-06,25.35,25050.0,3262.0,0.5317638199149103,2025-11-06T00:00:00Z,direct_ridge_90d_v1,22939.544608864642,9964.049543887013,0.5546412964713234
2025-10-01_30d_d168_h3,1046,settlement_tail,2025-11-06T16:00:00Z,2025-11-06T17:00:00Z,2025-11-06,25.42,24992.0,4081.0,0.5250002194395946,2025-11-06T00:00:00Z,direct_ridge_90d_v1,24657.403378225015,9875.305952434292,0.5143001917106607
2025-10-01_30d_d168_h3,1047,settlement_tail,2025-11-06T17:00:00Z,2025-11-06T18:00:00Z,2025-11-06,27.19,23825.0,5182.0,0.5315010214011284,2025-11-06T00:00:00Z,direct_ridge_90d_v1,24311.20750471588,9974.96506750972,0.5086638617264468
2025-10-01_30d_d168_h3,1048,settlement_tail,2025-11-06T18:00:00Z,2025-11-06T19:00:00Z,2025-11-06,28.48,23126.0,6420.0,0.5260464407375479,2025-11-06T00:00:00Z,direct_ridge_90d_v1,23911.954724919862,9610.778620464182,0.5252267820199455
2025-10-01_30d_d168_h3,1049,settlement_tail,2025-11-06T19:00:00Z,2025-11-06T20:00:00Z,2025-11-06,31.36,24067.0,7766.0,0.5052755825582055,2025-11-06T00:00:00Z,direct_ridge_90d_v1,23734.63174060887,9303.644240922773,0.5400337673980664
2025-10-01_30d_d168_h3,1050,settlement_tail,2025-11-06T20:00:00Z,2025-11-06T21:00:00Z,2025-11-06,35.94,24216.0,9946.0,0.47994144310827597,2025-11-06T00:00:00Z,direct_ridge_90d_v1,23885.51611229867,8939.457699188108,0.5346983461051925
2025-10-01_30d_d168_h3,1051,settlement_tail,2025-11-06T21:00:00Z,2025-11-06T22:00:00Z,2025-11-06,38.49,22663.0,11724.0,0.48405236310332256,2025-11-06T00:00:00Z,direct_ridge_90d_v1,23308.77795349236,8900.729487024331,0.53816491439696
2025-10-01_30d_d168_h3,1052,settlement_tail,2025-11-06T22:00:00Z,2025-11-06T23:00:00Z,2025-11-06,59.4,13460.0,14204.0,0.5776009530722898,2025-11-06T00:00:00Z,direct_ridge_90d_v1,18422.254913421013,9236.66871586417,0.6050179803588561
2025-10-01_30d_d168_h3,1053,settlement_tail,2025-11-06T23:00:00Z,2025-11-07T00:00:00Z,2025-11-06,86.76,1557.0,14158.0,0.7209584979755392,2025-11-06T00:00:00Z,direct_ridge_90d_v1,7047.136548569935,9647.795519426641,0.7034191098941799
2025-10-01_30d_d168_h3,1054,settlement_tail,2025-11-07T00:00:00Z,2025-11-07T01:00:00Z,2025-11-06,59.86,3.0,17903.0,0.7253288407002115,2025-11-06T00:00:00Z,direct_ridge_90d_v1,4715.2863464332495,10194.471445068819,0.7973851454079783
2025-10-01_30d_d168_h3,1055,settlement_tail,2025-11-07T01:00:00Z,2025-11-07T02:00:00Z,2025-11-06,40.78,1.0,22286.0,0.6719894211705557,2025-11-06T00:00:00Z,direct_ridge_90d_v1,1217.848286300527,11163.677474633321,0.8145722955562329
2025-10-01_30d_d168_h3,1056,settlement_tail,2025-11-07T02:00:00Z,2025-11-07T03:00:00Z,2025-11-06,33.43,1.0,24816.0,0.6368019445149522,2025-11-06T00:00:00Z,direct_ridge_90d_v1,0.0,13054.595720609193,0.8143315126169861
2025-10-01_30d_d168_h3,1057,settlement_tail,2025-11-07T03:00:00Z,2025-11-07T04:00:00Z,2025-11-06,30.21,1.0,25258.0,0.6174165963351993,2025-11-06T00:00:00Z,direct_ridge_90d_v1,0.0,14683.706340639106,0.8022209062911657
2025-10-01_30d_d168_h3,1058,settlement_tail,2025-11-07T04:00:00Z,2025-11-07T05:00:00Z,2025-11-06,26.42,1.0,25016.0,0.5912172116286261,2025-11-06T00:00:00Z,direct_ridge_90d_v1,0.0,15676.443794977145,0.7814809484837135
2025-10-01_30d_d168_h3,1059,settlement_tail,2025-11-07T05:00:00Z,2025-11-07T06:00:00Z,2025-11-06,22.98,1.0,24632.0,0.5628202773039305,2025-11-06T00:00:00Z,direct_ridge_90d_v1,0.0,16053.654193190878,0.7659798324615616
2025-10-01_30d_d168_h3,1060,settlement_tail,2025-11-07T06:00:00Z,2025-11-07T07:00:00Z,2025-11-07,24.43,1.0,23903.0,0.561941866316806,2025-11-07T00:00:00Z,direct_ridge_90d_v1,0.0,16559.087623516934,0.6706651521121954
2025-10-01_30d_d168_h3,1061,settlement_tail,2025-11-07T07:00:00Z,2025-11-07T08:00:00Z,2025-11-07,23.84,0.0,23619.0,0.5359651162068249,2025-11-07T00:00:00Z,direct_ridge_90d_v1,0.0,16183.866566649143,0.6775110552741177
