window_id,window_hour,period_role,interval_start_utc,interval_end_utc,local_date,dam_lz_houston_usd_per_mwh,erco_solar_generation_mwh,erco_wind_generation_mwh,erco_consumed_co2_intensity_lbs_per_kwh,forecast_cutoff_utc,forecast_method,forecast_erco_solar_generation_mwh,forecast_erco_wind_generation_mwh,forecast_consumed_co2_lbs_per_kwh
2025-07-01_30d_d168_h3,0,context,2025-06-24T02:00:00Z,2025-06-24T03:00:00Z,2025-06-23,54.21,0.0,20366.0,0.765735118078686,,,,,
2025-07-01_30d_d168_h3,1,context,2025-06-24T03:00:00Z,2025-06-24T04:00:00Z,2025-06-23,43.56,0.0,20691.0,0.7724678185964513,,,,,
2025-07-01_30d_d168_h3,2,context,2025-06-24T04:00:00Z,2025-06-24T05:00:00Z,2025-06-23,34.82,0.0,20904.0,0.7637297613205404,,,,,
2025-07-01_30d_d168_h3,3,context,2025-06-24T05:00:00Z,2025-06-24T06:00:00Z,2025-06-24,26.15,0.0,20812.0,0.7525666020748182,,,,,
2025-07-01_30d_d168_h3,4,context,2025-06-24T06:00:00Z,2025-06-24T07:00:00Z,2025-06-24,23.48,0.0,20686.0,0.737665319973519,,,,,
2025-07-01_30d_d168_h3,5,context,2025-06-24T07:00:00Z,2025-06-24T08:00:00Z,2025-06-24,22.17,0.0,19508.0,0.7315268829674905,,,,,
2025-07-01_30d_d168_h3,6,context,2025-06-24T08:00:00Z,2025-06-24T09:00:00Z,2025-06-24,22.62,0.0,17595.0,0.7635753908758277,,,,,
2025-07-01_30d_d168_h3,7,context,2025-06-24T09:00:00Z,2025-06-24T10:00:00Z,2025-06-24,23.36,0.0,16521.0,0.7772006799172909,,,,,
2025-07-01_30d_d168_h3,8,context,2025-06-24T10:00:00Z,2025-06-24T11:00:00Z,2025-06-24,27.86,0.0,15500.0,0.802786861475795,,,,,
2025-07-01_30d_d168_h3,9,context,2025-06-24T11:00:00Z,2025-06-24T12:00:00Z,2025-06-24,30.8,258.0,14373.0,0.8333620815404641,,,,,
2025-07-01_30d_d168_h3,10,context,2025-06-24T12:00:00Z,2025-06-24T13:00:00Z,2025-06-24,24.81,6923.0,12155.0,0.7500208781869394,,,,,
2025-07-01_30d_d168_h3,11,context,2025-06-24T13:00:00Z,2025-06-24T14:00:00Z,2025-06-24,19.51,18681.0,12301.0,0.5437206993091235,,,,,
2025-07-01_30d_d168_h3,12,context,2025-06-24T14:00:00Z,2025-06-24T15:00:00Z,2025-06-24,18.03,23051.0,13309.0,0.46339431342502646,,,,,
2025-07-01_30d_d168_h3,13,context,2025-06-24T15:00:00Z,2025-06-24T16:00:00Z,2025-06-24,20.4,24739.0,12778.0,0.4787418340620312,,,,,
2025-07-01_30d_d168_h3,14,context,2025-06-24T16:00:00Z,2025-06-24T17:00:00Z,2025-06-24,26.42,25043.0,12294.0,0.518109561655383,,,,,
2025-07-01_30d_d168_h3,15,context,2025-06-24T17:00:00Z,2025-06-24T18:00:00Z,2025-06-24,33.43,24943.0,13062.0,0.5474310721919595,,,,,
2025-07-01_30d_d168_h3,16,context,2025-06-24T18:00:00Z,2025-06-24T19:00:00Z,2025-06-24,35.54,24927.0,14047.0,0.5594650684535118,,,,,
2025-07-01_30d_d168_h3,17,context,2025-06-24T19:00:00Z,2025-06-24T20:00:00Z,2025-06-24,37.62,24037.0,15137.0,0.5692045294584482,,,,,
2025-07-01_30d_d168_h3,18,context,2025-06-24T20:00:00Z,2025-06-24T21:00:00Z,2025-06-24,35.75,22183.0,16376.0,0.5733166715676603,,,,,
2025-07-01_30d_d168_h3,19,context,2025-06-24T21:00:00Z,2025-06-24T22:00:00Z,2025-06-24,33.86,20437.0,17581.0,0.5811220425503393,,,,,
2025-07-01_30d_d168_h3,20,context,2025-06-24T22:00:00Z,2025-06-24T23:00:00Z,2025-06-24,34.36,19192.0,18099.0,0.586653068134466,,,,,
2025-07-01_30d_d168_h3,21,context,2025-06-24T23:00:00Z,2025-06-25T00:00:00Z,2025-06-24,33.65,16356.0,18113.0,0.6145027043832182,,,,,
2025-07-01_30d_d168_h3,22,context,2025-06-25T00:00:00Z,2025-06-25T01:00:00Z,2025-06-24,57.33,7940.0,18882.0,0.6957168988650003,,,,,
2025-07-01_30d_d168_h3,23,context,2025-06-25T01:00:00Z,2025-06-25T02:00:00Z,2025-06-24,69.19,706.0,18614.0,0.767205296470087,,,,,
2025-07-01_30d_d168_h3,24,context,2025-06-25T02:00:00Z,2025-06-25T03:00:00Z,2025-06-24,59.19,0.0,18619.0,0.7866327260564356,,,,,
2025-07-01_30d_d168_h3,25,context,2025-06-25T03:00:00Z,2025-06-25T04:00:00Z,2025-06-24,39.54,0.0,19213.0,0.789638781621893,,,,,
2025-07-01_30d_d168_h3,26,context,2025-06-25T04:00:00Z,2025-06-25T05:00:00Z,2025-06-24,29.97,0.0,19289.0,0.7820199016402056,,,,,
2025-07-01_30d_d168_h3,27,context,2025-06-25T05:00:00Z,2025-06-25T06:00:00Z,2025-06-25,24.66,0.0,19928.0,0.7384143368376592,,,,,
2025-07-01_30d_d168_h3,28,context,2025-06-25T06:00:00Z,2025-06-25T07:00:00Z,2025-06-25,22.18,0.0,19929.0,0.6953680861301649,,,,,
2025-07-01_30d_d168_h3,29,context,2025-06-25T07:00:00Z,2025-06-25T08:00:00Z,2025-06-25,21.74,0.0,18774.0,0.694411782748211,,,,,
2025-07-01_30d_d168_h3,30,context,2025-06-25T08:00:00Z,2025-06-25T09:00:00Z,2025-06-25,22.49,0.0,17353.0,0.7103221121510045,,,,,
2025-07-01_30d_d168_h3,31,context,2025-06-25T09:00:00Z,2025-06-25T10:00:00Z,2025-06-25,23.31,0.0,15856.0,0.7437298643891521,,,,,
2025-07-01_30d_d168_h3,32,context,2025-06-25T10:00:00Z,2025-06-25T11:00:00Z,2025-06-25,27.08,0.0,14416.0,0.7876550111753854,,,,,
2025-07-01_30d_d168_h3,33,context,2025-06-25T11:00:00Z,2025-06-25T12:00:00Z,2025-06-25,29.7,211.0,12919.0,0.8368206200804023,,,,,
2025-07-01_30d_d168_h3,34,context,2025-06-25T12:00:00Z,2025-06-25T13:00:00Z,2025-06-25,24.93,5476.0,10670.0,0.789591304329634,,,,,
2025-07-01_30d_d168_h3,35,context,2025-06-25T13:00:00Z,2025-06-25T14:00:00Z,2025-06-25,18.53,15531.0,10569.0,0.5969412200355386,,,,,
2025-07-01_30d_d168_h3,36,context,2025-06-25T14:00:00Z,2025-06-25T15:00:00Z,2025-06-25,16.54,19419.0,12378.0,0.5152067931528478,,,,,
2025-07-01_30d_d168_h3,37,context,2025-06-25T15:00:00Z,2025-06-25T16:00:00Z,2025-06-25,18.18,20589.0,12350.0,0.5250681593191705,,,,,
2025-07-01_30d_d168_h3,38,context,2025-06-25T16:00:00Z,2025-06-25T17:00:00Z,2025-06-25,21.49,22159.0,12094.0,0.5257651688364305,,,,,
2025-07-01_30d_d168_h3,39,context,2025-06-25T17:00:00Z,2025-06-25T18:00:00Z,2025-06-25,26.87,22972.0,12529.0,0.5230523714146122,,,,,
2025-07-01_30d_d168_h3,40,context,2025-06-25T18:00:00Z,2025-06-25T19:00:00Z,2025-06-25,29.79,21848.0,13117.0,0.5767272809793257,,,,,
2025-07-01_30d_d168_h3,41,context,2025-06-25T19:00:00Z,2025-06-25T20:00:00Z,2025-06-25,32.26,20204.0,13813.0,0.6148116115786236,,,,,
2025-07-01_30d_d168_h3,42,context,2025-06-25T20:00:00Z,2025-06-25T21:00:00Z,2025-06-25,32.81,17794.0,13864.0,0.6702317679431655,,,,,
2025-07-01_30d_d168_h3,43,context,2025-06-25T21:00:00Z,2025-06-25T22:00:00Z,2025-06-25,34.69,16570.0,14851.0,0.6728907746944548,,,,,
2025-07-01_30d_d168_h3,44,context,2025-06-25T22:00:00Z,2025-06-25T23:00:00Z,2025-06-25,32.37,14508.0,15508.0,0.6837445911595149,,,,,
2025-07-01_30d_d168_h3,45,context,2025-06-25T23:00:00Z,2025-06-26T00:00:00Z,2025-06-25,39.32,10819.0,15844.0,0.7225313095917513,,,,,
2025-07-01_30d_d168_h3,46,context,2025-06-26T00:00:00Z,2025-06-26T01:00:00Z,2025-06-25,57.35,5492.0,16786.0,0.7688470664742008,,,,,
2025-07-01_30d_d168_h3,47,context,2025-06-26T01:00:00Z,2025-06-26T02:00:00Z,2025-06-25,62.82,559.0,17414.0,0.8001842353091291,,,,,
2025-07-01_30d_d168_h3,48,context,2025-06-26T02:00:00Z,2025-06-26T03:00:00Z,2025-06-25,52.09,0.0,18246.0,0.8073803767016214,,,,,
2025-07-01_30d_d168_h3,49,context,2025-06-26T03:00:00Z,2025-06-26T04:00:00Z,2025-06-25,37.09,0.0,19431.0,0.7736772593784795,,,,,
2025-07-01_30d_d168_h3,50,context,2025-06-26T04:00:00Z,2025-06-26T05:00:00Z,2025-06-25,29.66,0.0,18892.0,0.7409996429473712,,,,,
2025-07-01_30d_d168_h3,51,context,2025-06-26T05:00:00Z,2025-06-26T06:00:00Z,2025-06-26,21.29,0.0,17535.0,0.7504028197498875,,,,,
2025-07-01_30d_d168_h3,52,context,2025-06-26T06:00:00Z,2025-06-26T07:00:00Z,2025-06-26,20.71,0.0,16882.0,0.7518189598953089,,,,,
2025-07-01_30d_d168_h3,53,context,2025-06-26T07:00:00Z,2025-06-26T08:00:00Z,2025-06-26,19.34,0.0,16510.0,0.7415883155168422,,,,,
2025-07-01_30d_d168_h3,54,context,2025-06-26T08:00:00Z,2025-06-26T09:00:00Z,2025-06-26,19.4,0.0,15050.0,0.7707800576628497,,,,,
2025-07-01_30d_d168_h3,55,context,2025-06-26T09:00:00Z,2025-06-26T10:00:00Z,2025-06-26,20.51,0.0,14407.0,0.781941579429633,,,,,
2025-07-01_30d_d168_h3,56,context,2025-06-26T10:00:00Z,2025-06-26T11:00:00Z,2025-06-26,22.67,1.0,13512.0,0.8161193406554395,,,,,
2025-07-01_30d_d168_h3,57,context,2025-06-26T11:00:00Z,2025-06-26T12:00:00Z,2025-06-26,23.4,205.0,12641.0,0.8689050849352619,,,,,
2025-07-01_30d_d168_h3,58,context,2025-06-26T12:00:00Z,2025-06-26T13:00:00Z,2025-06-26,22.49,5433.0,10814.0,0.7952232775547485,,,,,
2025-07-01_30d_d168_h3,59,context,2025-06-26T13:00:00Z,2025-06-26T14:00:00Z,2025-06-26,18.34,15332.0,9187.0,0.6340818966230085,,,,,
2025-07-01_30d_d168_h3,60,context,2025-06-26T14:00:00Z,2025-06-26T15:00:00Z,2025-06-26,17.64,20119.0,9296.0,0.5740668587424709,,,,,
2025-07-01_30d_d168_h3,61,context,2025-06-26T15:00:00Z,2025-06-26T16:00:00Z,2025-06-26,19.97,21958.0,8370.0,0.5837877956454148,,,,,
2025-07-01_30d_d168_h3,62,context,2025-06-26T16:00:00Z,2025-06-26T17:00:00Z,2025-06-26,23.93,23750.0,7115.0,0.6046852550343325,,,,,
2025-07-01_30d_d168_h3,63,context,2025-06-26T17:00:00Z,2025-06-26T18:00:00Z,2025-06-26,30.76,23759.0,6228.0,0.6466607940271684,,,,,
2025-07-01_30d_d168_h3,64,context,2025-06-26T18:00:00Z,2025-06-26T19:00:00Z,2025-06-26,34.75,23167.0,6047.0,0.6738383176692638,,,,,
2025-07-01_30d_d168_h3,65,context,2025-06-26T19:00:00Z,2025-06-26T20:00:00Z,2025-06-26,35.26,22526.0,7298.0,0.677892653133808,,,,,
2025-07-01_30d_d168_h3,66,context,2025-06-26T20:00:00Z,2025-06-26T21:00:00Z,2025-06-26,38.22,20997.0,9727.0,0.6646579099670125,,,,,
2025-07-01_30d_d168_h3,67,context,2025-06-26T21:00:00Z,2025-06-26T22:00:00Z,2025-06-26,37.87,17935.0,11555.0,0.6778106350408138,,,,,
2025-07-01_30d_d168_h3,68,context,2025-06-26T22:00:00Z,2025-06-26T23:00:00Z,2025-06-26,35.72,15646.0,12421.0,0.6999133705074857,,,,,
2025-07-01_30d_d168_h3,69,context,2025-06-26T23:00:00Z,2025-06-27T00:00:00Z,2025-06-26,40.27,13548.0,13960.0,0.6955711181125699,,,,,
2025-07-01_30d_d168_h3,70,context,2025-06-27T00:00:00Z,2025-06-27T01:00:00Z,2025-06-26,52.46,6913.0,15239.0,0.7486349711287127,,,,,
2025-07-01_30d_d168_h3,71,context,2025-06-27T01:00:00Z,2025-06-27T02:00:00Z,2025-06-26,59.83,587.0,15575.0,0.8060020921907691,,,,,
2025-07-01_30d_d168_h3,72,context,2025-06-27T02:00:00Z,2025-06-27T03:00:00Z,2025-06-26,52.6,1.0,15407.0,0.8290084395382633,,,,,
2025-07-01_30d_d168_h3,73,context,2025-06-27T03:00:00Z,2025-06-27T04:00:00Z,2025-06-26,37.67,0.0,15087.0,0.8532709336300366,,,,,
2025-07-01_30d_d168_h3,74,context,2025-06-27T04:00:00Z,2025-06-27T05:00:00Z,2025-06-26,30.05,0.0,15208.0,0.8532757775088604,,,,,
2025-07-01_30d_d168_h3,75,context,2025-06-27T05:00:00Z,2025-06-27T06:00:00Z,2025-06-27,25.38,0.0,15028.0,0.8534232511179203,,,,,
2025-07-01_30d_d168_h3,76,context,2025-06-27T06:00:00Z,2025-06-27T07:00:00Z,2025-06-27,23.04,0.0,14661.0,0.8502250847772934,,,,,
2025-07-01_30d_d168_h3,77,context,2025-06-27T07:00:00Z,2025-06-27T08:00:00Z,2025-06-27,21.78,0.0,12386.0,0.892998051019625,,,,,
2025-07-01_30d_d168_h3,78,context,2025-06-27T08:00:00Z,2025-06-27T09:00:00Z,2025-06-27,21.67,0.0,12636.0,0.8747605039759205,,,,,
2025-07-01_30d_d168_h3,79,context,2025-06-27T09:00:00Z,2025-06-27T10:00:00Z,2025-06-27,21.94,0.0,12532.0,0.8549681300213744,,,,,
2025-07-01_30d_d168_h3,80,context,2025-06-27T10:00:00Z,2025-06-27T11:00:00Z,2025-06-27,22.39,0.0,10530.0,0.9152966200429463,,,,,
2025-07-01_30d_d168_h3,81,context,2025-06-27T11:00:00Z,2025-06-27T12:00:00Z,2025-06-27,24.95,193.0,8534.0,0.9553376730973437,,,,,
2025-07-01_30d_d168_h3,82,context,2025-06-27T12:00:00Z,2025-06-27T13:00:00Z,2025-06-27,21.36,6220.0,7893.0,0.8584426185207439,,,,,
2025-07-01_30d_d168_h3,83,context,2025-06-27T13:00:00Z,2025-06-27T14:00:00Z,2025-06-27,17.28,17192.0,7646.0,0.6450651212318118,,,,,
2025-07-01_30d_d168_h3,84,context,2025-06-27T14:00:00Z,2025-06-27T15:00:00Z,2025-06-27,16.8,22026.0,8749.0,0.5662442169121144,,,,,
2025-07-01_30d_d168_h3,85,context,2025-06-27T15:00:00Z,2025-06-27T16:00:00Z,2025-06-27,20.36,24570.0,8770.0,0.5436261714411785,,,,,
2025-07-01_30d_d168_h3,86,context,2025-06-27T16:00:00Z,2025-06-27T17:00:00Z,2025-06-27,25.38,25767.0,7901.0,0.5659459435491051,,,,,
2025-07-01_30d_d168_h3,87,context,2025-06-27T17:00:00Z,2025-06-27T18:00:00Z,2025-06-27,32.27,25688.0,7119.0,0.6169450831958994,,,,,
2025-07-01_30d_d168_h3,88,context,2025-06-27T18:00:00Z,2025-06-27T19:00:00Z,2025-06-27,39.34,24855.0,7295.0,0.6477901889937544,,,,,
2025-07-01_30d_d168_h3,89,context,2025-06-27T19:00:00Z,2025-06-27T20:00:00Z,2025-06-27,34.2,24052.0,8564.0,0.6462346744484502,,,,,
2025-07-01_30d_d168_h3,90,context,2025-06-27T20:00:00Z,2025-06-27T21:00:00Z,2025-06-27,36.29,22988.0,10122.0,0.6446700701090973,,,,,
2025-07-01_30d_d168_h3,91,context,2025-06-27T21:00:00Z,2025-06-27T22:00:00Z,2025-06-27,36.19,21841.0,11967.0,0.6372740334329178,,,,,
2025-07-01_30d_d168_h3,92,context,2025-06-27T22:00:00Z,2025-06-27T23:00:00Z,2025-06-27,35.45,19445.0,12189.0,0.6632464540979043,,,,,
2025-07-01_30d_d168_h3,93,context,2025-06-27T23:00:00Z,2025-06-28T00:00:00Z,2025-06-27,39.68,15063.0,12314.0,0.7091211631945235,,,,,
2025-07-01_30d_d168_h3,94,context,2025-06-28T00:00:00Z,2025-06-28T01:00:00Z,2025-06-27,58.61,5865.0,11302.0,0.8105393597107657,,,,,
2025-07-01_30d_d168_h3,95,context,2025-06-28T01:00:00Z,2025-06-28T02:00:00Z,2025-06-27,69.21,474.0,11158.0,0.8808125699731466,,,,,
2025-07-01_30d_d168_h3,96,context,2025-06-28T02:00:00Z,2025-06-28T03:00:00Z,2025-06-27,52.88,0.0,12771.0,0.8858826159925167,,,,,
2025-07-01_30d_d168_h3,97,context,2025-06-28T03:00:00Z,2025-06-28T04:00:00Z,2025-06-27,38.42,0.0,14553.0,0.8760496200148614,,,,,
2025-07-01_30d_d168_h3,98,context,2025-06-28T04:00:00Z,2025-06-28T05:00:00Z,2025-06-27,30.1,0.0,15519.0,0.8571337312522941,,,,,
2025-07-01_30d_d168_h3,99,context,2025-06-28T05:00:00Z,2025-06-28T06:00:00Z,2025-06-28,27.68,0.0,16167.0,0.8482592448301293,,,,,
2025-07-01_30d_d168_h3,100,context,2025-06-28T06:00:00Z,2025-06-28T07:00:00Z,2025-06-28,24.93,0.0,16645.0,0.8255975174084046,,,,,
2025-07-01_30d_d168_h3,101,context,2025-06-28T07:00:00Z,2025-06-28T08:00:00Z,2025-06-28,23.25,0.0,17165.0,0.7755153477304729,,,,,
2025-07-01_30d_d168_h3,102,context,2025-06-28T08:00:00Z,2025-06-28T09:00:00Z,2025-06-28,21.99,0.0,17305.0,0.755581486241082,,,,,
2025-07-01_30d_d168_h3,103,context,2025-06-28T09:00:00Z,2025-06-28T10:00:00Z,2025-06-28,21.46,0.0,16601.0,0.7694680274916323,,,,,
2025-07-01_30d_d168_h3,104,context,2025-06-28T10:00:00Z,2025-06-28T11:00:00Z,2025-06-28,21.3,0.0,15786.0,0.7927476634665479,,,,,
2025-07-01_30d_d168_h3,105,context,2025-06-28T11:00:00Z,2025-06-28T12:00:00Z,2025-06-28,20.96,207.0,15146.0,0.8115860979250139,,,,,
2025-07-01_30d_d168_h3,106,context,2025-06-28T12:00:00Z,2025-06-28T13:00:00Z,2025-06-28,18.33,6318.0,13400.0,0.7183959986201052,,,,,
2025-07-01_30d_d168_h3,107,context,2025-06-28T13:00:00Z,2025-06-28T14:00:00Z,2025-06-28,13.72,18319.0,11810.0,0.5641611829536562,,,,,
2025-07-01_30d_d168_h3,108,context,2025-06-28T14:00:00Z,2025-06-28T15:00:00Z,2025-06-28,13.51,23968.0,12500.0,0.4866395267930347,,,,,
2025-07-01_30d_d168_h3,109,context,2025-06-28T15:00:00Z,2025-06-28T16:00:00Z,2025-06-28,18.14,25527.0,12533.0,0.4681419487809194,,,,,
2025-07-01_30d_d168_h3,110,context,2025-06-28T16:00:00Z,2025-06-28T17:00:00Z,2025-06-28,23.09,26128.0,10834.0,0.5130618918547504,,,,,
2025-07-01_30d_d168_h3,111,context,2025-06-28T17:00:00Z,2025-06-28T18:00:00Z,2025-06-28,27.98,26628.0,8545.0,0.5697859830768266,,,,,
2025-07-01_30d_d168_h3,112,context,2025-06-28T18:00:00Z,2025-06-28T19:00:00Z,2025-06-28,29.97,26329.0,8250.0,0.6140407930864815,,,,,
2025-07-01_30d_d168_h3,113,context,2025-06-28T19:00:00Z,2025-06-28T20:00:00Z,2025-06-28,30.58,26068.0,9133.0,0.6191121147496699,,,,,
2025-07-01_30d_d168_h3,114,context,2025-06-28T20:00:00Z,2025-06-28T21:00:00Z,2025-06-28,31.57,25232.0,10609.0,0.6173843887980687,,,,,
2025-07-01_30d_d168_h3,115,context,2025-06-28T21:00:00Z,2025-06-28T22:00:00Z,2025-06-28,31.61,23666.0,12130.0,0.6205259688258011,,,,,
2025-07-01_30d_d168_h3,116,context,2025-06-28T22:00:00Z,2025-06-28T23:00:00Z,2025-06-28,32.6,22064.0,14020.0,0.6037895500950065,,,,,
2025-07-01_30d_d168_h3,117,context,2025-06-28T23:00:00Z,2025-06-29T00:00:00Z,2025-06-28,34.75,17218.0,15719.0,0.6460317325726253,,,,,
2025-07-01_30d_d168_h3,118,context,2025-06-29T00:00:00Z,2025-06-29T01:00:00Z,2025-06-28,57.71,7203.0,16280.0,0.745572611064212,,,,,
2025-07-01_30d_d168_h3,119,context,2025-06-29T01:00:00Z,2025-06-29T02:00:00Z,2025-06-28,67.49,569.0,15475.0,0.8145067339224928,,,,,
2025-07-01_30d_d168_h3,120,context,2025-06-29T02:00:00Z,2025-06-29T03:00:00Z,2025-06-28,46.46,0.0,17018.0,0.829482849716186,,,,,
2025-07-01_30d_d168_h3,121,context,2025-06-29T03:00:00Z,2025-06-29T04:00:00Z,2025-06-28,32.57,0.0,19149.0,0.8129612192260415,,,,,
2025-07-01_30d_d168_h3,122,context,2025-06-29T04:00:00Z,2025-06-29T05:00:00Z,2025-06-28,28.62,0.0,20334.0,0.7853374627169549,,,,,
2025-07-01_30d_d168_h3,123,context,2025-06-29T05:00:00Z,2025-06-29T06:00:00Z,2025-06-29,25.44,0.0,19134.0,0.7960202649453982,,,,,
2025-07-01_30d_d168_h3,124,context,2025-06-29T06:00:00Z,2025-06-29T07:00:00Z,2025-06-29,22.66,0.0,18208.0,0.8031052585437759,,,,,
2025-07-01_30d_d168_h3,125,context,2025-06-29T07:00:00Z,2025-06-29T08:00:00Z,2025-06-29,21.13,0.0,17899.0,0.8001389813550139,,,,,
2025-07-01_30d_d168_h3,126,context,2025-06-29T08:00:00Z,2025-06-29T09:00:00Z,2025-06-29,20.96,0.0,17755.0,0.7739153380044239,,,,,
2025-07-01_30d_d168_h3,127,context,2025-06-29T09:00:00Z,2025-06-29T10:00:00Z,2025-06-29,20.86,0.0,17995.0,0.748048192855418,,,,,
2025-07-01_30d_d168_h3,128,context,2025-06-29T10:00:00Z,2025-06-29T11:00:00Z,2025-06-29,20.71,0.0,17498.0,0.753225190144347,,,,,
2025-07-01_30d_d168_h3,129,context,2025-06-29T11:00:00Z,2025-06-29T12:00:00Z,2025-06-29,20.92,242.0,16451.0,0.7660804436615687,,,,,
2025-07-01_30d_d168_h3,130,context,2025-06-29T12:00:00Z,2025-06-29T13:00:00Z,2025-06-29,19.07,6654.0,13678.0,0.6981527883618657,,,,,
2025-07-01_30d_d168_h3,131,context,2025-06-29T13:00:00Z,2025-06-29T14:00:00Z,2025-06-29,15.24,17671.0,11626.0,0.5493169812848091,,,,,
2025-07-01_30d_d168_h3,132,context,2025-06-29T14:00:00Z,2025-06-29T15:00:00Z,2025-06-29,14.55,21653.0,11196.0,0.5150327594841321,,,,,
2025-07-01_30d_d168_h3,133,context,2025-06-29T15:00:00Z,2025-06-29T16:00:00Z,2025-06-29,17.79,23709.0,10595.0,0.513916257093406,,,,,
2025-07-01_30d_d168_h3,134,context,2025-06-29T16:00:00Z,2025-06-29T17:00:00Z,2025-06-29,21.26,24259.0,9695.0,0.5442907717910905,,,,,
2025-07-01_30d_d168_h3,135,context,2025-06-29T17:00:00Z,2025-06-29T18:00:00Z,2025-06-29,23.93,24133.0,8949.0,0.5994388886854265,,,,,
2025-07-01_30d_d168_h3,136,context,2025-06-29T18:00:00Z,2025-06-29T19:00:00Z,2025-06-29,25.84,23109.0,9242.0,0.6137421451272752,,,,,
2025-07-01_30d_d168_h3,137,context,2025-06-29T19:00:00Z,2025-06-29T20:00:00Z,2025-06-29,26.46,22960.0,9497.0,0.6244241182743424,,,,,
2025-07-01_30d_d168_h3,138,context,2025-06-29T20:00:00Z,2025-06-29T21:00:00Z,2025-06-29,26.69,22090.0,9209.0,0.6529264803068966,,,,,
2025-07-01_30d_d168_h3,139,context,2025-06-29T21:00:00Z,2025-06-29T22:00:00Z,2025-06-29,27.65,19096.0,8425.0,0.7185867065963442,,,,,
2025-07-01_30d_d168_h3,140,context,2025-06-29T22:00:00Z,2025-06-29T23:00:00Z,2025-06-29,29.79,16991.0,10387.0,0.7259531247814924,,,,,
2025-07-01_30d_d168_h3,141,context,2025-06-29T23:00:00Z,2025-06-30T00:00:00Z,2025-06-29,35.69,13450.0,14267.0,0.70838270251269,,,,,
2025-07-01_30d_d168_h3,142,context,2025-06-30T00:00:00Z,2025-06-30T01:00:00Z,2025-06-29,54.17,6526.0,16802.0,0.7560989670708989,,,,,
2025-07-01_30d_d168_h3,143,context,2025-06-30T01:00:00Z,2025-06-30T02:00:00Z,2025-06-29,64.94,539.0,16776.0,0.812221300351703,,,,,
2025-07-01_30d_d168_h3,144,context,2025-06-30T02:00:00Z,2025-06-30T03:00:00Z,2025-06-29,50.53,0.0,16636.0,0.8322790263344364,,,,,
2025-07-01_30d_d168_h3,145,context,2025-06-30T03:00:00Z,2025-06-30T04:00:00Z,2025-06-29,33.15,0.0,15410.0,0.852522965947215,,,,,
2025-07-01_30d_d168_h3,146,context,2025-06-30T04:00:00Z,2025-06-30T05:00:00Z,2025-06-29,27.57,0.0,16037.0,0.8342905645145389,,,,,
2025-07-01_30d_d168_h3,147,context,2025-06-30T05:00:00Z,2025-06-30T06:00:00Z,2025-06-30,24.48,0.0,16270.0,0.8143469643994249,,,,,
2025-07-01_30d_d168_h3,148,context,2025-06-30T06:00:00Z,2025-06-30T07:00:00Z,2025-06-30,22.55,0.0,14832.0,0.8318316705499234,,,,,
2025-07-01_30d_d168_h3,149,context,2025-06-30T07:00:00Z,2025-06-30T08:00:00Z,2025-06-30,21.32,0.0,12881.0,0.8657799816424904,,,,,
2025-07-01_30d_d168_h3,150,context,2025-06-30T08:00:00Z,2025-06-30T09:00:00Z,2025-06-30,21.41,0.0,11961.0,0.8837830486896664,,,,,
2025-07-01_30d_d168_h3,151,context,2025-06-30T09:00:00Z,2025-06-30T10:00:00Z,2025-06-30,22.27,0.0,11634.0,0.8755658769320585,,,,,
2025-07-01_30d_d168_h3,152,context,2025-06-30T10:00:00Z,2025-06-30T11:00:00Z,2025-06-30,24.96,0.0,10864.0,0.9076119917129254,,,,,
2025-07-01_30d_d168_h3,153,context,2025-06-30T11:00:00Z,2025-06-30T12:00:00Z,2025-06-30,28.11,218.0,10323.0,0.9274731306486834,,,,,
2025-07-01_30d_d168_h3,154,context,2025-06-30T12:00:00Z,2025-06-30T13:00:00Z,2025-06-30,23.95,5757.0,8900.0,0.8386974760287038,,,,,
2025-07-01_30d_d168_h3,155,context,2025-06-30T13:00:00Z,2025-06-30T14:00:00Z,2025-06-30,20.04,15944.0,7460.0,0.6842272158281487,,,,,
2025-07-01_30d_d168_h3,156,context,2025-06-30T14:00:00Z,2025-06-30T15:00:00Z,2025-06-30,19.97,21007.0,7169.0,0.6097973759400734,,,,,
2025-07-01_30d_d168_h3,157,context,2025-06-30T15:00:00Z,2025-06-30T16:00:00Z,2025-06-30,23.33,22001.0,5772.0,0.6483325495846407,,,,,
2025-07-01_30d_d168_h3,158,context,2025-06-30T16:00:00Z,2025-06-30T17:00:00Z,2025-06-30,26.94,22929.0,4660.0,0.6922267837061863,,,,,
2025-07-01_30d_d168_h3,159,context,2025-06-30T17:00:00Z,2025-06-30T18:00:00Z,2025-06-30,32.7,23615.0,3764.0,0.7144263149073021,,,,,
2025-07-01_30d_d168_h3,160,context,2025-06-30T18:00:00Z,2025-06-30T19:00:00Z,2025-06-30,39.68,21485.0,4484.0,0.744404395879928,,,,,
2025-07-01_30d_d168_h3,161,context,2025-06-30T19:00:00Z,2025-06-30T20:00:00Z,2025-06-30,37.95,19478.0,4882.0,0.7709105350974794,,,,,
2025-07-01_30d_d168_h3,162,context,2025-06-30T20:00:00Z,2025-06-30T21:00:00Z,2025-06-30,38.32,17762.0,6294.0,0.779235911836974,,,,,
2025-07-01_30d_d168_h3,163,context,2025-06-30T21:00:00Z,2025-06-30T22:00:00Z,2025-06-30,46.47,16335.0,8921.0,0.7501257446430004,,,,,
2025-07-01_30d_d168_h3,164,context,2025-06-30T22:00:00Z,2025-06-30T23:00:00Z,2025-06-30,45.39,13490.0,9701.0,0.7800039264393746,,,,,
2025-07-01_30d_d168_h3,165,context,2025-06-30T23:00:00Z,2025-07-01T00:00:00Z,2025-06-30,54.63,9323.0,9364.0,0.8323074177681377,,,,,
2025-07-01_30d_d168_h3,166,context,2025-07-01T00:00:00Z,2025-07-01T01:00:00Z,2025-06-30,112.28,3708.0,10319.0,0.8880740076793385,,,,,
2025-07-01_30d_d168_h3,167,context,2025-07-01T01:00:00Z,2025-07-01T02:00:00Z,2025-06-30,92.27,255.0,11716.0,0.9112005659500442,,,,,
2025-07-01_30d_d168_h3,168,context,2025-07-01T02:00:00Z,2025-07-01T03:00:00Z,2025-06-30,76.42,0.0,10274.0,0.9277377579134033,,,,,
2025-07-01_30d_d168_h3,169,context,2025-07-01T03:00:00Z,2025-07-01T04:00:00Z,2025-06-30,55.36,0.0,8101.0,0.964947984418962,,,,,
2025-07-01_30d_d168_h3,170,context,2025-07-01T04:00:00Z,2025-07-01T05:00:00Z,2025-06-30,44.49,0.0,6849.0,0.9923352356359464,,,,,
2025-07-01_30d_d168_h3,171,core,2025-07-01T05:00:00Z,2025-07-01T06:00:00Z,2025-07-01,35.39,0.0,5223.0,1.0012635608479115,2025-06-30T23:00:00Z,direct_ridge_90d_v1,0.0,17503.76131862177,0.7738200293152133
2025-07-01_30d_d168_h3,172,core,2025-07-01T06:00:00Z,2025-07-01T07:00:00Z,2025-07-01,35.89,0.0,5200.0,1.0170995522099968,2025-06-30T23:00:00Z,direct_ridge_90d_v1,0.0,16778.436175867642,0.7669277407605791
2025-07-01_30d_d168_h3,173,core,2025-07-01T07:00:00Z,2025-07-01T08:00:00Z,2025-07-01,33.1,0.0,5970.0,1.0104590017621622,2025-06-30T23:00:00Z,direct_ridge_90d_v1,0.0,15882.234445535898,0.765478426622224
2025-07-01_30d_d168_h3,174,core,2025-07-01T08:00:00Z,2025-07-01T09:00:00Z,2025-07-01,29.2,0.0,5874.0,1.0135494335364055,2025-06-30T23:00:00Z,direct_ridge_90d_v1,0.0,15296.07938726094,0.7680159307347914
2025-07-01_30d_d168_h3,175,core,2025-07-01T09:00:00Z,2025-07-01T10:00:00Z,2025-07-01,30.35,0.0,5980.0,1.0090688727224972,2025-06-30T23:00:00Z,direct_ridge_90d_v1,0.0,14917.782740310473,0.7781606525912861
2025-07-01_30d_d168_h3,176,core,2025-07-01T10:00:00Z,2025-07-01T11:00:00Z,2025-07-01,33.17,0.0,5909.0,1.0071332343186081,2025-06-30T23:00:00Z,direct_ridge_90d_v1,0.0,14454.18212277856,0.7938075302905329
2025-07-01_30d_d168_h3,177,core,2025-07-01T11:00:00Z,2025-07-01T12:00:00Z,2025-07-01,36.67,166.0,4455.0,1.0265424883990393,2025-06-30T23:00:00Z,direct_ridge_90d_v1,193.8825495984667,13652.443416266236,0.8096666992751977
2025-07-01_30d_d168_h3,178,core,2025-07-01T12:00:00Z,2025-07-01T13:00:00Z,2025-07-01,29.1,3482.0,3156.0,0.9920938622547719,2025-06-30T23:00:00Z,direct_ridge_90d_v1,5104.639576951307,12714.702022468939,0.7503976566840308
2025-07-01_30d_d168_h3,179,core,2025-07-01T13:00:00Z,2025-07-01T14:00:00Z,2025-07-01,25.15,9744.0,2273.0,0.8830829265619007,2025-06-30T23:00:00Z,direct_ridge_90d_v1,13538.751363080912,11783.146409957557,0.6256765522474689
2025-07-01_30d_d168_h3,180,core,2025-07-01T14:00:00Z,2025-07-01T15:00:00Z,2025-07-01,25.22,14632.0,2546.0,0.7971605610041624,2025-06-30T23:00:00Z,direct_ridge_90d_v1,17613.29884996575,11818.67519264239,0.5655205435223997
2025-07-01_30d_d168_h3,181,core,2025-07-01T15:00:00Z,2025-07-01T16:00:00Z,2025-07-01,26.86,17672.0,2736.0,0.7584473482763415,2025-06-30T23:00:00Z,direct_ridge_90d_v1,20155.988050986336,11599.240865755413,0.555008004639441
2025-07-01_30d_d168_h3,182,core,2025-07-01T16:00:00Z,2025-07-01T17:00:00Z,2025-07-01,30.2,19068.0,3149.0,0.7381652909220053,2025-06-30T23:00:00Z,direct_ridge_90d_v1,21689.809985600146,11230.152520623225,0.5719872782273586
2025-07-01_30d_d168_h3,183,core,2025-07-01T17:00:00Z,2025-07-01T18:00:00Z,2025-07-01,35.56,20522.0,3474.0,0.7218801967922563,2025-06-30T23:00:00Z,direct_ridge_90d_v1,22638.364066845912,10992.745454545622,0.5927178508917973
2025-07-01_30d_d168_h3,184,core,2025-07-01T18:00:00Z,2025-07-01T19:00:00Z,2025-07-01,41.54,20640.0,3835.0,0.7246403470101258,2025-06-30T23:00:00Z,direct_ridge_90d_v1,22882.932362580766,11127.06456308547,0.6133495196229621
2025-07-01_30d_d168_h3,185,core,2025-07-01T19:00:00Z,2025-07-01T20:00:00Z,2025-07-01,45.07,19320.0,4146.0,0.7440491211724162,2025-06-30T23:00:00Z,direct_ridge_90d_v1,22612.268133929596,11495.94011377262,0.6265907390066106
2025-07-01_30d_d168_h3,186,core,2025-07-01T20:00:00Z,2025-07-01T21:00:00Z,2025-07-01,48.2,18045.0,4529.0,0.7645714191265248,2025-06-30T23:00:00Z,direct_ridge_90d_v1,21910.286415471517,11953.949290758539,0.6302104440559412
2025-07-01_30d_d168_h3,187,core,2025-07-01T21:00:00Z,2025-07-01T22:00:00Z,2025-07-01,47.47,16700.0,5294.0,0.7707457540316234,2025-06-30T23:00:00Z,direct_ridge_90d_v1,21065.707841552965,12545.2507059298,0.631796757787139
2025-07-01_30d_d168_h3,188,core,2025-07-01T22:00:00Z,2025-07-01T23:00:00Z,2025-07-01,46.0,13572.0,4781.0,0.8065057065215245,2025-06-30T23:00:00Z,direct_ridge_90d_v1,19293.517885735175,13132.685645629732,0.6379061801537671
2025-07-01_30d_d168_h3,189,core,2025-07-01T23:00:00Z,2025-07-02T00:00:00Z,2025-07-01,55.98,9398.0,4838.0,0.8538902595943318,2025-06-30T23:00:00Z,direct_ridge_90d_v1,14982.357780419612,14936.014670797238,0.6622300563990161
2025-07-01_30d_d168_h3,190,core,2025-07-02T00:00:00Z,2025-07-02T01:00:00Z,2025-07-01,110.84,3475.0,4355.0,0.9105997717878932,2025-06-30T23:00:00Z,direct_ridge_90d_v1,6680.820245185265,15857.810609565775,0.7262352136836673
2025-07-01_30d_d168_h3,191,core,2025-07-02T01:00:00Z,2025-07-02T02:00:00Z,2025-07-01,106.45,256.0,3752.0,0.9597362311579906,2025-06-30T23:00:00Z,direct_ridge_90d_v1,0.0,16135.237043935054,0.7808662448779267
2025-07-01_30d_d168_h3,192,core,2025-07-02T02:00:00Z,2025-07-02T03:00:00Z,2025-07-01,85.95,1.0,3755.0,0.9826572673689391,2025-06-30T23:00:00Z,direct_ridge_90d_v1,0.0,17094.43108523885,0.7925344584944948
2025-07-01_30d_d168_h3,193,core,2025-07-02T03:00:00Z,2025-07-02T04:00:00Z,2025-07-01,61.1,0.0,3406.0,1.016804979023117,2025-06-30T23:00:00Z,direct_ridge_90d_v1,0.0,18171.0413956774,0.7815515406015415
2025-07-01_30d_d168_h3,194,core,2025-07-02T04:00:00Z,2025-07-02T05:00:00Z,2025-07-01,46.91,0.0,3158.0,1.0260963202045037,2025-06-30T23:00:00Z,direct_ridge_90d_v1,0.0,18427.896793070882,0.7576631876312204
2025-07-01_30d_d168_h3,195,core,2025-07-02T05:00:00Z,2025-07-02T06:00:00Z,2025-07-02,38.01,0.0,3150.0,1.0306188832198178,2025-07-01T23:00:00Z,direct_ridge_90d_v1,0.0,18304.6168900594,0.7784496839671368
2025-07-01_30d_d168_h3,196,core,2025-07-02T06:00:00Z,2025-07-02T07:00:00Z,2025-07-02,34.37,0.0,3369.0,1.0294512645257026,2025-07-01T23:00:00Z,direct_ridge_90d_v1,0.0,17593.011176712473,0.76867447405809
2025-07-01_30d_d168_h3,197,core,2025-07-02T07:00:00Z,2025-07-02T08:00:00Z,2025-07-02,33.26,0.0,3658.0,1.0249733001534107,2025-07-01T23:00:00Z,direct_ridge_90d_v1,0.0,16773.174195701202,0.7647291560153661
2025-07-01_30d_d168_h3,198,core,2025-07-02T08:00:00Z,2025-07-02T09:00:00Z,2025-07-02,30.38,0.0,4047.0,1.018955621160191,2025-07-01T23:00:00Z,direct_ridge_90d_v1,0.0,16251.469259006177,0.7649897314927459
2025-07-01_30d_d168_h3,199,core,2025-07-02T09:00:00Z,2025-07-02T10:00:00Z,2025-07-02,31.64,0.0,4134.0,1.0181104096111764,2025-07-01T23:00:00Z,direct_ridge_90d_v1,0.0,15874.962836058923,0.7742453101021902
2025-07-01_30d_d168_h3,200,core,2025-07-02T10:00:00Z,2025-07-02T11:00:00Z,2025-07-02,32.93,0.0,3838.0,1.0242907314760215,2025-07-01T23:00:00Z,direct_ridge_90d_v1,0.0,15369.365791466773,0.788433719439171
2025-07-01_30d_d168_h3,201,core,2025-07-02T11:00:00Z,2025-07-02T12:00:00Z,2025-07-02,37.74,111.0,3433.0,1.0296455968780647,2025-07-01T23:00:00Z,direct_ridge_90d_v1,210.8263518485448,14571.12755089223,0.8036617695007082
2025-07-01_30d_d168_h3,202,core,2025-07-02T12:00:00Z,2025-07-02T13:00:00Z,2025-07-02,32.94,3159.0,3131.0,0.989171538406352,2025-07-01T23:00:00Z,direct_ridge_90d_v1,5558.9844389265845,13535.190772651813,0.7392491546607942
2025-07-01_30d_d168_h3,203,core,2025-07-02T13:00:00Z,2025-07-02T14:00:00Z,2025-07-02,30.76,9934.0,2852.0,0.888910381005946,2025-07-01T23:00:00Z,direct_ridge_90d_v1,14654.535123088612,12603.008130117743,0.6145176077553828
2025-07-01_30d_d168_h3,204,core,2025-07-02T14:00:00Z,2025-07-02T15:00:00Z,2025-07-02,29.77,14851.0,3307.0,0.8074974443446351,2025-07-01T23:00:00Z,direct_ridge_90d_v1,18698.43750538786,12793.459869726248,0.5545159252660878
2025-07-01_30d_d168_h3,205,core,2025-07-02T15:00:00Z,2025-07-02T16:00:00Z,2025-07-02,30.07,18135.0,4377.0,0.7502983965648942,2025-07-01T23:00:00Z,direct_ridge_90d_v1,21085.617946187544,12650.645826470953,0.5420828919503337
2025-07-01_30d_d168_h3,206,core,2025-07-02T16:00:00Z,2025-07-02T17:00:00Z,2025-07-02,34.05,19713.0,5615.0,0.7125034249735246,2025-07-01T23:00:00Z,direct_ridge_90d_v1,22473.994466122025,12189.610927760183,0.5591640833311474
2025-07-01_30d_d168_h3,207,core,2025-07-02T17:00:00Z,2025-07-02T18:00:00Z,2025-07-02,34.88,20388.0,6708.0,0.7057770009846713,2025-07-01T23:00:00Z,direct_ridge_90d_v1,23196.011604191604,11768.185571816026,0.5836459932089799
2025-07-01_30d_d168_h3,208,core,2025-07-02T18:00:00Z,2025-07-02T19:00:00Z,2025-07-02,40.25,21127.0,7316.0,0.6999104717206814,2025-07-01T23:00:00Z,direct_ridge_90d_v1,23229.15837287772,11785.205076948145,0.6018202752092693
2025-07-01_30d_d168_h3,209,core,2025-07-02T19:00:00Z,2025-07-02T20:00:00Z,2025-07-02,39.53,19883.0,8930.0,0.6946294476884595,2025-07-01T23:00:00Z,direct_ridge_90d_v1,22756.887762665563,12069.69081630411,0.6132940735314549
2025-07-01_30d_d168_h3,210,core,2025-07-02T20:00:00Z,2025-07-02T21:00:00Z,2025-07-02,43.0,18051.0,10091.0,0.697049668849606,2025-07-01T23:00:00Z,direct_ridge_90d_v1,21808.040199825147,12531.950210011186,0.6193921511086751
2025-07-01_30d_d168_h3,211,core,2025-07-02T21:00:00Z,2025-07-02T22:00:00Z,2025-07-02,40.53,16355.0,9936.0,0.711206542651894,2025-07-01T23:00:00Z,direct_ridge_90d_v1,20826.498178764257,13132.939108798926,0.6252891154401632
2025-07-01_30d_d168_h3,212,core,2025-07-02T22:00:00Z,2025-07-02T23:00:00Z,2025-07-02,41.66,12798.0,10591.0,0.7461023170547121,2025-07-01T23:00:00Z,direct_ridge_90d_v1,19151.03362535844,13968.307044946354,0.6320957454751067
2025-07-01_30d_d168_h3,213,core,2025-07-02T23:00:00Z,2025-07-03T00:00:00Z,2025-07-02,48.51,7777.0,11806.0,0.7940670646631275,2025-07-01T23:00:00Z,direct_ridge_90d_v1,15230.86316774717,15765.46615908004,0.6575300947125454
2025-07-01_30d_d168_h3,214,core,2025-07-03T00:00:00Z,2025-07-03T01:00:00Z,2025-07-02,62.34,2513.0,10828.0,0.8622751962431535,2025-07-01T23:00:00Z,direct_ridge_90d_v1,6950.632516203694,16814.114506417962,0.7250507813859706
2025-07-01_30d_d168_h3,215,core,2025-07-03T01:00:00Z,2025-07-03T02:00:00Z,2025-07-02,63.65,205.0,11188.0,0.8861269385174878,2025-07-01T23:00:00Z,direct_ridge_90d_v1,0.0,17070.98646322888,0.7815783955594942
2025-07-01_30d_d168_h3,216,core,2025-07-03T02:00:00Z,2025-07-03T03:00:00Z,2025-07-02,57.19,0.0,11373.0,0.884787406550704,2025-07-01T23:00:00Z,direct_ridge_90d_v1,0.0,17779.556843998802,0.7965431085760988
2025-07-01_30d_d168_h3,217,core,2025-07-03T03:00:00Z,2025-07-03T04:00:00Z,2025-07-02,41.97,0.0,10907.0,0.9030792405059989,2025-07-01T23:00:00Z,direct_ridge_90d_v1,0.0,18672.600598018067,0.7894807352724771
2025-07-01_30d_d168_h3,218,core,2025-07-03T04:00:00Z,2025-07-03T05:00:00Z,2025-07-02,35.0,0.0,9935.0,0.9211193954338527,2025-07-01T23:00:00Z,direct_ridge_90d_v1,0.0,18777.10291297775,0.7686303954568647
2025-07-01_30d_d168_h3,219,core,2025-07-03T05:00:00Z,2025-07-03T06:00:00Z,2025-07-03,34.24,0.0,9625.0,0.922475488927359,2025-07-02T23:00:00Z,direct_ridge_90d_v1,0.0,17255.404804096674,0.7924853033880219
2025-07-01_30d_d168_h3,220,core,2025-07-03T06:00:00Z,2025-07-03T07:00:00Z,2025-07-03,30.63,0.0,9094.0,0.9303391083523049,2025-07-02T23:00:00Z,direct_ridge_90d_v1,0.0,16344.746094193728,0.7914345429025347
2025-07-01_30d_d168_h3,221,core,2025-07-03T07:00:00Z,2025-07-03T08:00:00Z,2025-07-03,29.16,0.0,8742.0,0.9321456670582225,2025-07-02T23:00:00Z,direct_ridge_90d_v1,0.0,15541.48173384153,0.7907610494391761
2025-07-01_30d_d168_h3,222,core,2025-07-03T08:00:00Z,2025-07-03T09:00:00Z,2025-07-03,28.53,0.0,7988.0,0.9463782334176666,2025-07-02T23:00:00Z,direct_ridge_90d_v1,0.0,15172.474438792924,0.7852101217476358
2025-07-01_30d_d168_h3,223,core,2025-07-03T09:00:00Z,2025-07-03T10:00:00Z,2025-07-03,28.77,0.0,7670.0,0.9594990133244955,2025-07-02T23:00:00Z,direct_ridge_90d_v1,0.0,14916.953154488732,0.7887216683526663
2025-07-01_30d_d168_h3,224,core,2025-07-03T10:00:00Z,2025-07-03T11:00:00Z,2025-07-03,30.48,0.0,8040.0,0.952253516336861,2025-07-02T23:00:00Z,direct_ridge_90d_v1,0.0,14465.0043394991,0.7985259766277181
2025-07-01_30d_d168_h3,225,core,2025-07-03T11:00:00Z,2025-07-03T12:00:00Z,2025-07-03,31.52,37.0,9024.0,0.9292270843697463,2025-07-02T23:00:00Z,direct_ridge_90d_v1,209.57288929928882,13880.86713303118,0.8075640380343031
2025-07-01_30d_d168_h3,226,core,2025-07-03T12:00:00Z,2025-07-03T13:00:00Z,2025-07-03,28.14,1276.0,9520.0,0.9068998723214173,2025-07-02T23:00:00Z,direct_ridge_90d_v1,5785.483038107241,12873.611209840692,0.7308522611119732
2025-07-01_30d_d168_h3,227,core,2025-07-03T13:00:00Z,2025-07-03T14:00:00Z,2025-07-03,28.49,4375.0,10350.0,0.8451358534327257,2025-07-02T23:00:00Z,direct_ridge_90d_v1,15130.395813988707,11732.324650620989,0.6033454785193624
2025-07-01_30d_d168_h3,228,core,2025-07-03T14:00:00Z,2025-07-03T15:00:00Z,2025-07-03,29.84,7642.0,12105.0,0.7667371576366867,2025-07-02T23:00:00Z,direct_ridge_90d_v1,18964.730842379733,11864.95460361229,0.5516098719026371
2025-07-01_30d_d168_h3,229,core,2025-07-03T15:00:00Z,2025-07-03T16:00:00Z,2025-07-03,33.23,9942.0,12728.0,0.730832175296383,2025-07-02T23:00:00Z,direct_ridge_90d_v1,21124.806708918284,11469.740617790987,0.543279434304031
2025-07-01_30d_d168_h3,230,core,2025-07-03T16:00:00Z,2025-07-03T17:00:00Z,2025-07-03,36.12,11417.0,13447.0,0.6990635566920471,2025-07-02T23:00:00Z,direct_ridge_90d_v1,22417.848554292883,10837.990594718476,0.5655338186001647
2025-07-01_30d_d168_h3,231,core,2025-07-03T17:00:00Z,2025-07-03T18:00:00Z,2025-07-03,42.35,11835.0,13350.0,0.702719829171174,2025-07-02T23:00:00Z,direct_ridge_90d_v1,22993.073131736808,10315.952208243327,0.5910911129268304
2025-07-01_30d_d168_h3,232,core,2025-07-03T18:00:00Z,2025-07-03T19:00:00Z,2025-07-03,45.63,12757.0,14183.0,0.6755719755421993,2025-07-02T23:00:00Z,direct_ridge_90d_v1,22830.951315660604,10327.809814802713,0.6095069800257514
2025-07-01_30d_d168_h3,233,core,2025-07-03T19:00:00Z,2025-07-03T20:00:00Z,2025-07-03,48.6,11939.0,13766.0,0.6831535681448436,2025-07-02T23:00:00Z,direct_ridge_90d_v1,22249.356877207323,10576.364806680893,0.6239016685332062
2025-07-01_30d_d168_h3,234,core,2025-07-03T20:00:00Z,2025-07-03T21:00:00Z,2025-07-03,49.08,10508.0,13018.0,0.7111954102017837,2025-07-02T23:00:00Z,direct_ridge_90d_v1,21197.963515757252,11058.364981036613,0.6265726895026348
2025-07-01_30d_d168_h3,235,core,2025-07-03T21:00:00Z,2025-07-03T22:00:00Z,2025-07-03,48.25,9563.0,11655.0,0.7418866593270359,2025-07-02T23:00:00Z,direct_ridge_90d_v1,20116.716409366432,11714.299200897469,0.6292971106730147
2025-07-01_30d_d168_h3,236,core,2025-07-03T22:00:00Z,2025-07-03T23:00:00Z,2025-07-03,46.04,8171.0,11512.0,0.7631448028819898,2025-07-02T23:00:00Z,direct_ridge_90d_v1,18414.03770235067,12568.309326691506,0.6365836106756944
2025-07-01_30d_d168_h3,237,core,2025-07-03T23:00:00Z,2025-07-04T00:00:00Z,2025-07-03,39.62,4544.0,12016.0,0.8075113808108033,2025-07-02T23:00:00Z,direct_ridge_90d_v1,14968.945614172691,14650.1541975544,0.6547139223858222
2025-07-01_30d_d168_h3,238,core,2025-07-04T00:00:00Z,2025-07-04T01:00:00Z,2025-07-03,43.65,2154.0,12752.0,0.8262684924576975,2025-07-02T23:00:00Z,direct_ridge_90d_v1,6684.934991302194,15713.666413460425,0.7257556589256936
2025-07-01_30d_d168_h3,239,core,2025-07-04T01:00:00Z,2025-07-04T02:00:00Z,2025-07-03,49.26,324.0,13282.0,0.828271039355584,2025-07-02T23:00:00Z,direct_ridge_90d_v1,0.0,15947.06175873924,0.7879609471231391
2025-07-01_30d_d168_h3,240,core,2025-07-04T02:00:00Z,2025-07-04T03:00:00Z,2025-07-03,41.95,1.0,12882.0,0.8436921691212294,2025-07-02T23:00:00Z,direct_ridge_90d_v1,0.0,16544.98781663572,0.8053742136621779
2025-07-01_30d_d168_h3,241,core,2025-07-04T03:00:00Z,2025-07-04T04:00:00Z,2025-07-03,36.23,0.0,12376.0,0.8647205840787527,2025-07-02T23:00:00Z,direct_ridge_90d_v1,0.0,17116.531177870387,0.8099138689967335
2025-07-01_30d_d168_h3,242,core,2025-07-04T04:00:00Z,2025-07-04T05:00:00Z,2025-07-03,31.26,0.0,12290.0,0.8664576777069558,2025-07-02T23:00:00Z,direct_ridge_90d_v1,0.0,17263.45668538982,0.7959243142629371
2025-07-01_30d_d168_h3,243,core,2025-07-04T05:00:00Z,2025-07-04T06:00:00Z,2025-07-04,29.59,0.0,12002.0,0.8636068536046126,2025-07-03T23:00:00Z,direct_ridge_90d_v1,0.0,15326.366363075209,0.8205370041725218
2025-07-01_30d_d168_h3,244,core,2025-07-04T06:00:00Z,2025-07-04T07:00:00Z,2025-07-04,27.71,0.0,11734.0,0.862922066112874,2025-07-03T23:00:00Z,direct_ridge_90d_v1,0.0,14430.214380570913,0.8244822848746297
2025-07-01_30d_d168_h3,245,core,2025-07-04T07:00:00Z,2025-07-04T08:00:00Z,2025-07-04,26.56,0.0,11779.0,0.8498301830564357,2025-07-03T23:00:00Z,direct_ridge_90d_v1,0.0,13978.624014290224,0.8173878428342254
2025-07-01_30d_d168_h3,246,core,2025-07-04T08:00:00Z,2025-07-04T09:00:00Z,2025-07-04,25.73,0.0,11236.0,0.8548755689154484,2025-07-03T23:00:00Z,direct_ridge_90d_v1,0.0,13762.569680938577,0.8053058774395975
2025-07-01_30d_d168_h3,247,core,2025-07-04T09:00:00Z,2025-07-04T10:00:00Z,2025-07-04,26.15,0.0,10742.0,0.8598591446159372,2025-07-03T23:00:00Z,direct_ridge_90d_v1,0.0,13715.097376550293,0.8030777998817795
2025-07-01_30d_d168_h3,248,core,2025-07-04T10:00:00Z,2025-07-04T11:00:00Z,2025-07-04,26.32,0.0,10838.0,0.8610127841712647,2025-07-03T23:00:00Z,direct_ridge_90d_v1,0.0,13534.522736630724,0.807911037303516
2025-07-01_30d_d168_h3,249,core,2025-07-04T11:00:00Z,2025-07-04T12:00:00Z,2025-07-04,27.21,27.0,10094.0,0.883397294483302,2025-07-03T23:00:00Z,direct_ridge_90d_v1,181.22725837568913,13078.21421519805,0.813887171852183
2025-07-01_30d_d168_h3,250,core,2025-07-04T12:00:00Z,2025-07-04T13:00:00Z,2025-07-04,25.6,1289.0,8871.0,0.8905194708049847,2025-07-03T23:00:00Z,direct_ridge_90d_v1,5058.788155012778,12049.126755337515,0.7243547313960917
2025-07-01_30d_d168_h3,251,core,2025-07-04T13:00:00Z,2025-07-04T14:00:00Z,2025-07-04,25.47,4456.0,8309.0,0.8461934310569467,2025-07-03T23:00:00Z,direct_ridge_90d_v1,13900.430099944157,10794.786099641455,0.5822241393436401
2025-07-01_30d_d168_h3,252,core,2025-07-04T14:00:00Z,2025-07-04T15:00:00Z,2025-07-04,25.41,9015.0,8725.0,0.7628314287283324,2025-07-03T23:00:00Z,direct_ridge_90d_v1,17919.610002822905,10811.504875484596,0.5340190858724481
2025-07-01_30d_d168_h3,253,core,2025-07-04T15:00:00Z,2025-07-04T16:00:00Z,2025-07-04,25.69,13413.0,8969.0,0.6754811291772387,2025-07-03T23:00:00Z,direct_ridge_90d_v1,20168.61985047781,10267.154309802645,0.5322181233354812
2025-07-01_30d_d168_h3,254,core,2025-07-04T16:00:00Z,2025-07-04T17:00:00Z,2025-07-04,28.73,15742.0,9414.0,0.6490190278919818,2025-07-03T23:00:00Z,direct_ridge_90d_v1,21369.86940351332,9924.016883064067,0.5559795235470817
2025-07-01_30d_d168_h3,255,core,2025-07-04T17:00:00Z,2025-07-04T18:00:00Z,2025-07-04,31.01,18464.0,9516.0,0.6151196864889462,2025-07-03T23:00:00Z,direct_ridge_90d_v1,22053.33132999554,9822.364874149667,0.5783106872837396
2025-07-01_30d_d168_h3,256,core,2025-07-04T18:00:00Z,2025-07-04T19:00:00Z,2025-07-04,30.66,19042.0,9496.0,0.6244099435092678,2025-07-03T23:00:00Z,direct_ridge_90d_v1,21945.342395345022,9999.83320593858,0.5947568059354372
2025-07-01_30d_d168_h3,257,core,2025-07-04T19:00:00Z,2025-07-04T20:00:00Z,2025-07-04,32.69,18303.0,9241.0,0.6534221714009264,2025-07-03T23:00:00Z,direct_ridge_90d_v1,21315.424380999484,10225.368568023168,0.6118400683316634
2025-07-01_30d_d168_h3,258,core,2025-07-04T20:00:00Z,2025-07-04T21:00:00Z,2025-07-04,31.31,16477.0,9015.0,0.688051773811859,2025-07-03T23:00:00Z,direct_ridge_90d_v1,20378.57049666647,10584.191670880451,0.6149642018331812
2025-07-01_30d_d168_h3,259,core,2025-07-04T21:00:00Z,2025-07-04T22:00:00Z,2025-07-04,32.08,14623.0,9000.0,0.7139878983229966,2025-07-03T23:00:00Z,direct_ridge_90d_v1,19302.13043602299,11135.635231889522,0.6216713260850524
2025-07-01_30d_d168_h3,260,core,2025-07-04T22:00:00Z,2025-07-04T23:00:00Z,2025-07-04,28.7,12244.0,9532.0,0.741055304561918,2025-07-03T23:00:00Z,direct_ridge_90d_v1,17279.08581444617,11873.959074688371,0.6299481016179976
2025-07-01_30d_d168_h3,261,core,2025-07-04T23:00:00Z,2025-07-05T00:00:00Z,2025-07-04,29.61,10153.0,10090.0,0.7589077615226413,2025-07-03T23:00:00Z,direct_ridge_90d_v1,13769.283470944069,13127.848351947405,0.6640072543099551
2025-07-01_30d_d168_h3,262,core,2025-07-05T00:00:00Z,2025-07-05T01:00:00Z,2025-07-04,37.19,5924.0,11317.0,0.7941653997033752,2025-07-03T23:00:00Z,direct_ridge_90d_v1,6101.28351549181,14043.969218374488,0.7400194801107796
2025-07-01_30d_d168_h3,263,core,2025-07-05T01:00:00Z,2025-07-05T02:00:00Z,2025-07-04,39.89,1025.0,12646.0,0.8292069325027513,2025-07-03T23:00:00Z,direct_ridge_90d_v1,0.0,14364.13721298829,0.8076246614476821
2025-07-01_30d_d168_h3,264,core,2025-07-05T02:00:00Z,2025-07-05T03:00:00Z,2025-07-04,36.93,1.0,14810.0,0.8088682392014829,2025-07-03T23:00:00Z,direct_ridge_90d_v1,0.0,15190.327285481564,0.8202708753429758
2025-07-01_30d_d168_h3,265,core,2025-07-05T03:00:00Z,2025-07-05T04:00:00Z,2025-07-04,29.58,0.0,16283.0,0.7721716517319597,2025-07-03T23:00:00Z,direct_ridge_90d_v1,0.0,15748.772631943788,0.8232277587825122
2025-07-01_30d_d168_h3,266,core,2025-07-05T04:00:00Z,2025-07-05T05:00:00Z,2025-07-04,25.58,0.0,16853.0,0.7361516143654199,2025-07-03T23:00:00Z,direct_ridge_90d_v1,0.0,15842.87232733574,0.8124192547204586
2025-07-01_30d_d168_h3,267,core,2025-07-05T05:00:00Z,2025-07-05T06:00:00Z,2025-07-05,26.08,0.0,16480.0,0.7318598240669881,2025-07-04T23:00:00Z,direct_ridge_90d_v1,0.0,14220.22386411724,0.8281313746430763
2025-07-01_30d_d168_h3,268,core,2025-07-05T06:00:00Z,2025-07-05T07:00:00Z,2025-07-05,23.88,0.0,14981.0,0.7677655668436393,2025-07-04T23:00:00Z,direct_ridge_90d_v1,0.0,13569.107015876923,0.8297619543735313
2025-07-01_30d_d168_h3,269,core,2025-07-05T07:00:00Z,2025-07-05T08:00:00Z,2025-07-05,23.11,0.0,13677.0,0.7899383115445366,2025-07-04T23:00:00Z,direct_ridge_90d_v1,0.0,13224.300156218347,0.8222690411838285
2025-07-01_30d_d168_h3,270,core,2025-07-05T08:00:00Z,2025-07-05T09:00:00Z,2025-07-05,22.35,0.0,11786.0,0.8362214000032546,2025-07-04T23:00:00Z,direct_ridge_90d_v1,0.0,12982.394710366036,0.8100831897889271
2025-07-01_30d_d168_h3,271,core,2025-07-05T09:00:00Z,2025-07-05T10:00:00Z,2025-07-05,23.44,0.0,9591.0,0.8952036702830461,2025-07-04T23:00:00Z,direct_ridge_90d_v1,0.0,12713.02101508611,0.809335265933488
2025-07-01_30d_d168_h3,272,core,2025-07-05T10:00:00Z,2025-07-05T11:00:00Z,2025-07-05,24.22,0.0,7669.0,0.9284755772297635,2025-07-04T23:00:00Z,direct_ridge_90d_v1,0.0,12312.924941993093,0.8177773561548665
2025-07-01_30d_d168_h3,273,core,2025-07-05T11:00:00Z,2025-07-05T12:00:00Z,2025-07-05,24.86,84.0,6454.0,0.9444121672961451,2025-07-04T23:00:00Z,direct_ridge_90d_v1,165.9637069765663,11805.809678827958,0.8256959361261136
2025-07-01_30d_d168_h3,274,core,2025-07-05T12:00:00Z,2025-07-05T13:00:00Z,2025-07-05,22.37,2609.0,5841.0,0.9188660181881033,2025-07-04T23:00:00Z,direct_ridge_90d_v1,4839.966495581996,10737.547876174882,0.735004645554807
2025-07-01_30d_d168_h3,275,core,2025-07-05T13:00:00Z,2025-07-05T14:00:00Z,2025-07-05,20.22,7690.0,5709.0,0.836239052807855,2025-07-04T23:00:00Z,direct_ridge_90d_v1,13493.211637282991,9770.433781361195,0.5904242510839528
2025-07-01_30d_d168_h3,276,core,2025-07-05T14:00:00Z,2025-07-05T15:00:00Z,2025-07-05,21.5,10850.0,5773.0,0.791920619797661,2025-07-04T23:00:00Z,direct_ridge_90d_v1,17501.939515619204,9969.660873723118,0.538294239467244
2025-07-01_30d_d168_h3,277,core,2025-07-05T15:00:00Z,2025-07-05T16:00:00Z,2025-07-05,23.44,13347.0,5478.0,0.7704152145818561,2025-07-04T23:00:00Z,direct_ridge_90d_v1,19841.568409198302,9276.145322747481,0.5338063919889082
2025-07-01_30d_d168_h3,278,core,2025-07-05T16:00:00Z,2025-07-05T17:00:00Z,2025-07-05,26.64,15529.0,5294.0,0.7476779858684344,2025-07-04T23:00:00Z,direct_ridge_90d_v1,21112.541148628537,8976.348676175443,0.5540541360007852
2025-07-01_30d_d168_h3,279,core,2025-07-05T17:00:00Z,2025-07-05T18:00:00Z,2025-07-05,31.78,17203.0,6114.0,0.7132275756883415,2025-07-04T23:00:00Z,direct_ridge_90d_v1,21753.506375897447,9104.949671505561,0.5763918140213021
2025-07-01_30d_d168_h3,280,core,2025-07-05T18:00:00Z,2025-07-05T19:00:00Z,2025-07-05,31.72,17774.0,6968.0,0.6894553836374159,2025-07-04T23:00:00Z,direct_ridge_90d_v1,21699.163472206383,9463.09158402896,0.5936683129647684
2025-07-01_30d_d168_h3,281,core,2025-07-05T19:00:00Z,2025-07-05T20:00:00Z,2025-07-05,32.45,17634.0,7777.0,0.6820159971237225,2025-07-04T23:00:00Z,direct_ridge_90d_v1,21137.704144964337,9661.971084463456,0.611361770756348
2025-07-01_30d_d168_h3,282,core,2025-07-05T20:00:00Z,2025-07-05T21:00:00Z,2025-07-05,32.67,17376.0,8368.0,0.6800627751632357,2025-07-04T23:00:00Z,direct_ridge_90d_v1,20207.236879589487,9952.211905071728,0.6182664597386028
2025-07-01_30d_d168_h3,283,core,2025-07-05T21:00:00Z,2025-07-05T22:00:00Z,2025-07-05,31.66,15925.0,8808.0,0.6924025711456311,2025-07-04T23:00:00Z,direct_ridge_90d_v1,19034.478853907473,10399.43180763217,0.627899405841395
2025-07-01_30d_d168_h3,284,core,2025-07-05T22:00:00Z,2025-07-05T23:00:00Z,2025-07-05,28.69,14236.0,9035.0,0.709491384045023,2025-07-04T23:00:00Z,direct_ridge_90d_v1,16912.5595482097,10862.99043003637,0.6379950064240665
2025-07-01_30d_d168_h3,285,core,2025-07-05T23:00:00Z,2025-07-06T00:00:00Z,2025-07-05,31.89,11006.0,9866.0,0.7472560431203737,2025-07-04T23:00:00Z,direct_ridge_90d_v1,13279.449320010628,11971.645722767511,0.6687845249243566
2025-07-01_30d_d168_h3,286,core,2025-07-06T00:00:00Z,2025-07-06T01:00:00Z,2025-07-05,44.53,5973.0,10960.0,0.7901663386825368,2025-07-04T23:00:00Z,direct_ridge_90d_v1,5568.452567376439,12455.230917424466,0.7509496149843652
2025-07-01_30d_d168_h3,287,core,2025-07-06T01:00:00Z,2025-07-06T02:00:00Z,2025-07-05,51.61,836.0,10229.0,0.8489113382751252,2025-07-04T23:00:00Z,direct_ridge_90d_v1,0.0,12564.63570885358,0.8208069826964178
2025-07-01_30d_d168_h3,288,core,2025-07-06T02:00:00Z,2025-07-06T03:00:00Z,2025-07-05,44.12,0.0,8934.0,0.887916331029517,2025-07-04T23:00:00Z,direct_ridge_90d_v1,0.0,13710.944167533215,0.8324477100156242
2025-07-01_30d_d168_h3,289,core,2025-07-06T03:00:00Z,2025-07-06T04:00:00Z,2025-07-05,40.32,0.0,8232.0,0.9164211208108386,2025-07-04T23:00:00Z,direct_ridge_90d_v1,0.0,14555.29832711379,0.8350942985165564
2025-07-01_30d_d168_h3,290,core,2025-07-06T04:00:00Z,2025-07-06T05:00:00Z,2025-07-05,38.08,0.0,7908.0,0.9298031173302022,2025-07-04T23:00:00Z,direct_ridge_90d_v1,0.0,14932.759746643755,0.8233722699443452
2025-07-01_30d_d168_h3,291,core,2025-07-06T05:00:00Z,2025-07-06T06:00:00Z,2025-07-06,36.99,0.0,8363.0,0.9296617828152982,2025-07-05T23:00:00Z,direct_ridge_90d_v1,0.0,14919.423434708657,0.8172766459117526
2025-07-01_30d_d168_h3,292,core,2025-07-06T06:00:00Z,2025-07-06T07:00:00Z,2025-07-06,34.72,0.0,7232.0,0.9538459945806284,2025-07-05T23:00:00Z,direct_ridge_90d_v1,0.0,14633.954917728424,0.813720169600808
2025-07-01_30d_d168_h3,293,core,2025-07-06T07:00:00Z,2025-07-06T08:00:00Z,2025-07-06,31.97,0.0,5248.0,0.9956671178404896,2025-07-05T23:00:00Z,direct_ridge_90d_v1,0.0,14403.495338970466,0.8028195157621458
2025-07-01_30d_d168_h3,294,core,2025-07-06T08:00:00Z,2025-07-06T09:00:00Z,2025-07-06,28.81,0.0,4246.0,1.0147119304272079,2025-07-05T23:00:00Z,direct_ridge_90d_v1,0.0,13827.41827992921,0.7958689859500399
2025-07-01_30d_d168_h3,295,core,2025-07-06T09:00:00Z,2025-07-06T10:00:00Z,2025-07-06,29.5,0.0,3765.0,1.0276569203603079,2025-07-05T23:00:00Z,direct_ridge_90d_v1,0.0,13217.183685607133,0.7993121457369385
2025-07-01_30d_d168_h3,296,core,2025-07-06T10:00:00Z,2025-07-06T11:00:00Z,2025-07-06,30.26,0.0,3791.0,1.0274048347026166,2025-07-05T23:00:00Z,direct_ridge_90d_v1,0.0,12816.138707770231,0.8079849636994915
2025-07-01_30d_d168_h3,297,core,2025-07-06T11:00:00Z,2025-07-06T12:00:00Z,2025-07-06,28.55,119.0,4206.0,1.0188062093044454,2025-07-05T23:00:00Z,direct_ridge_90d_v1,148.23376135224035,12513.83392591662,0.8157199764444649
2025-07-01_30d_d168_h3,298,core,2025-07-06T12:00:00Z,2025-07-06T13:00:00Z,2025-07-06,25.48,3569.0,3940.0,0.9454316711949082,2025-07-05T23:00:00Z,direct_ridge_90d_v1,4736.84357160286,11542.003587220526,0.7270844041197806
2025-07-01_30d_d168_h3,299,core,2025-07-06T13:00:00Z,2025-07-06T14:00:00Z,2025-07-06,21.79,10956.0,3341.0,0.803032468035418,2025-07-05T23:00:00Z,direct_ridge_90d_v1,13499.69776072621,10897.83720629431,0.5865279534875054
2025-07-01_30d_d168_h3,300,core,2025-07-06T14:00:00Z,2025-07-06T15:00:00Z,2025-07-06,20.96,14516.0,3531.0,0.7563202630535368,2025-07-05T23:00:00Z,direct_ridge_90d_v1,17541.77107082735,11456.126527892775,0.5372001615521661
2025-07-01_30d_d168_h3,301,core,2025-07-06T15:00:00Z,2025-07-06T16:00:00Z,2025-07-06,22.09,17175.0,4084.0,0.7183787413380687,2025-07-05T23:00:00Z,direct_ridge_90d_v1,19569.890811665256,11009.9891527258,0.5309280183101658
2025-07-01_30d_d168_h3,302,core,2025-07-06T16:00:00Z,2025-07-06T17:00:00Z,2025-07-06,24.56,19556.0,4822.0,0.6739679357179738,2025-07-05T23:00:00Z,direct_ridge_90d_v1,20575.89450568952,10762.747130943873,0.5472937098301602
2025-07-01_30d_d168_h3,303,core,2025-07-06T17:00:00Z,2025-07-06T18:00:00Z,2025-07-06,29.46,21319.0,5246.0,0.6476019192037893,2025-07-05T23:00:00Z,direct_ridge_90d_v1,20928.832342138325,10802.05307295869,0.569705629098113
2025-07-01_30d_d168_h3,304,core,2025-07-06T18:00:00Z,2025-07-06T19:00:00Z,2025-07-06,28.8,22011.0,5761.0,0.6459876727508178,2025-07-05T23:00:00Z,direct_ridge_90d_v1,20573.057246084434,11052.495151827648,0.5818226664951941
2025-07-01_30d_d168_h3,305,core,2025-07-06T19:00:00Z,2025-07-06T20:00:00Z,2025-07-06,30.21,22253.0,6637.0,0.6356136822232639,2025-07-05T23:00:00Z,direct_ridge_90d_v1,19734.120421700823,11226.73836603943,0.5983135986666437
2025-07-01_30d_d168_h3,306,core,2025-07-06T20:00:00Z,2025-07-06T21:00:00Z,2025-07-06,30.11,21697.0,7599.0,0.647411547741846,2025-07-05T23:00:00Z,direct_ridge_90d_v1,18599.036373425908,11610.386008636378,0.6082629315141372
2025-07-01_30d_d168_h3,307,core,2025-07-06T21:00:00Z,2025-07-06T22:00:00Z,2025-07-06,30.13,20644.0,8372.0,0.6484516014264788,2025-07-05T23:00:00Z,direct_ridge_90d_v1,17456.632503151624,12137.315388223644,0.6208888079751815
2025-07-01_30d_d168_h3,308,core,2025-07-06T22:00:00Z,2025-07-06T23:00:00Z,2025-07-06,32.89,18713.0,9009.0,0.6724496506789442,2025-07-05T23:00:00Z,direct_ridge_90d_v1,15469.15234211993,12713.049935605297,0.6314935515852077
2025-07-01_30d_d168_h3,309,core,2025-07-06T23:00:00Z,2025-07-07T00:00:00Z,2025-07-06,36.6,15278.0,9024.0,0.7191596569602771,2025-07-05T23:00:00Z,direct_ridge_90d_v1,12197.386861920284,13505.623965650359,0.6579669300838848
2025-07-01_30d_d168_h3,310,core,2025-07-07T00:00:00Z,2025-07-07T01:00:00Z,2025-07-06,55.44,7765.0,8435.0,0.8130633039673928,2025-07-05T23:00:00Z,direct_ridge_90d_v1,5231.9018637451045,13954.01047498498,0.7426135376184846
2025-07-01_30d_d168_h3,311,core,2025-07-07T01:00:00Z,2025-07-07T02:00:00Z,2025-07-06,58.49,705.0,7614.0,0.8811187274091574,2025-07-05T23:00:00Z,direct_ridge_90d_v1,0.0,14035.744218423286,0.8108585898927503
2025-07-01_30d_d168_h3,312,core,2025-07-07T02:00:00Z,2025-07-07T03:00:00Z,2025-07-06,48.71,8.0,7559.0,0.9164654469085001,2025-07-05T23:00:00Z,direct_ridge_90d_v1,0.0,14835.290496904503,0.8232690162549958
2025-07-01_30d_d168_h3,313,core,2025-07-07T03:00:00Z,2025-07-07T04:00:00Z,2025-07-06,46.41,9.0,7475.0,0.9509996085276208,2025-07-05T23:00:00Z,direct_ridge_90d_v1,0.0,15407.789200441961,0.8303714416938033
2025-07-01_30d_d168_h3,314,core,2025-07-07T04:00:00Z,2025-07-07T05:00:00Z,2025-07-06,36.02,9.0,8621.0,0.940710631347533,2025-07-05T23:00:00Z,direct_ridge_90d_v1,0.0,15799.213190501578,0.8208205462974579
2025-07-01_30d_d168_h3,315,core,2025-07-07T05:00:00Z,2025-07-07T06:00:00Z,2025-07-07,32.01,9.0,9076.0,0.9350409632491201,2025-07-06T23:00:00Z,direct_ridge_90d_v1,0.0,15693.802070464671,0.8081743008522451
2025-07-01_30d_d168_h3,316,core,2025-07-07T06:00:00Z,2025-07-07T07:00:00Z,2025-07-07,28.36,9.0,8638.0,0.9396992052405163,2025-07-06T23:00:00Z,direct_ridge_90d_v1,0.0,15321.880589598817,0.79911033801282
2025-07-01_30d_d168_h3,317,core,2025-07-07T07:00:00Z,2025-07-07T08:00:00Z,2025-07-07,26.81,9.0,7488.0,0.9584323976678057,2025-07-06T23:00:00Z,direct_ridge_90d_v1,0.0,14755.2856398382,0.7914882073513155
2025-07-01_30d_d168_h3,318,core,2025-07-07T08:00:00Z,2025-07-07T09:00:00Z,2025-07-07,27.11,9.0,6267.0,0.9815311242407253,2025-07-06T23:00:00Z,direct_ridge_90d_v1,0.0,14042.333959351372,0.7867396768727889
2025-07-01_30d_d168_h3,319,core,2025-07-07T09:00:00Z,2025-07-07T10:00:00Z,2025-07-07,27.84,7.0,5480.0,0.9938128294812397,2025-07-06T23:00:00Z,direct_ridge_90d_v1,0.0,13310.596959475426,0.7981516649322772
2025-07-01_30d_d168_h3,320,core,2025-07-07T10:00:00Z,2025-07-07T11:00:00Z,2025-07-07,30.29,1.0,5043.0,0.9969255184953036,2025-07-06T23:00:00Z,direct_ridge_90d_v1,0.0,12909.674443869977,0.8182431907181102
2025-07-01_30d_d168_h3,321,core,2025-07-07T11:00:00Z,2025-07-07T12:00:00Z,2025-07-07,36.68,110.0,5181.0,0.9915279140461263,2025-07-06T23:00:00Z,direct_ridge_90d_v1,130.72786667757882,12327.506305849889,0.8403745543836137
2025-07-01_30d_d168_h3,322,core,2025-07-07T12:00:00Z,2025-07-07T13:00:00Z,2025-07-07,30.16,4128.0,5779.0,0.9174524765393679,2025-07-06T23:00:00Z,direct_ridge_90d_v1,4083.1579565763495,11248.31190255931,0.7718106212888536
2025-07-01_30d_d168_h3,323,core,2025-07-07T13:00:00Z,2025-07-07T14:00:00Z,2025-07-07,25.92,13525.0,4240.0,0.7757327412652563,2025-07-06T23:00:00Z,direct_ridge_90d_v1,12229.276505561167,10282.276117994363,0.6353870092319086
2025-07-01_30d_d168_h3,324,core,2025-07-07T14:00:00Z,2025-07-07T15:00:00Z,2025-07-07,24.25,17493.0,4720.0,0.6997760577448116,2025-07-06T23:00:00Z,direct_ridge_90d_v1,16562.40457463481,10362.739254794098,0.5846478596497827
2025-07-01_30d_d168_h3,325,core,2025-07-07T15:00:00Z,2025-07-07T16:00:00Z,2025-07-07,26.99,18891.0,5087.0,0.6809881990005732,2025-07-06T23:00:00Z,direct_ridge_90d_v1,18824.34456404908,9959.68319342975,0.5782564931914366
2025-07-01_30d_d168_h3,326,core,2025-07-07T16:00:00Z,2025-07-07T17:00:00Z,2025-07-07,32.83,19960.0,5549.0,0.6768331315110417,2025-07-06T23:00:00Z,direct_ridge_90d_v1,20028.91234198493,9691.930150975475,0.591594795113276
2025-07-01_30d_d168_h3,327,core,2025-07-07T17:00:00Z,2025-07-07T18:00:00Z,2025-07-07,38.14,20181.0,6124.0,0.6813251148160099,2025-07-06T23:00:00Z,direct_ridge_90d_v1,20877.18989525723,9607.946475392591,0.601866214833079
2025-07-01_30d_d168_h3,328,core,2025-07-07T18:00:00Z,2025-07-07T19:00:00Z,2025-07-07,41.26,20239.0,6765.0,0.6914753133673487,2025-07-06T23:00:00Z,direct_ridge_90d_v1,20764.12839846951,9751.368832157941,0.6131284817993892
2025-07-01_30d_d168_h3,329,core,2025-07-07T19:00:00Z,2025-07-07T20:00:00Z,2025-07-07,41.34,21346.0,6402.0,0.6901503535772925,2025-07-06T23:00:00Z,direct_ridge_90d_v1,20085.8145631602,10069.689000178296,0.6291794052074805
2025-07-01_30d_d168_h3,330,core,2025-07-07T20:00:00Z,2025-07-07T21:00:00Z,2025-07-07,42.65,21867.0,7538.0,0.6683072911842445,2025-07-06T23:00:00Z,direct_ridge_90d_v1,19131.802052373885,10568.261588958016,0.6356977878651481
2025-07-01_30d_d168_h3,331,core,2025-07-07T21:00:00Z,2025-07-07T22:00:00Z,2025-07-07,41.43,19201.0,7647.0,0.7047426341301418,2025-07-06T23:00:00Z,direct_ridge_90d_v1,18101.194162232725,11221.615810072957,0.6424355199297501
2025-07-01_30d_d168_h3,332,core,2025-07-07T22:00:00Z,2025-07-07T23:00:00Z,2025-07-07,37.77,18004.0,8112.0,0.7114597693392528,2025-07-06T23:00:00Z,direct_ridge_90d_v1,16207.131480855674,11949.781989158499,0.6557001938131186
2025-07-01_30d_d168_h3,333,core,2025-07-07T23:00:00Z,2025-07-08T00:00:00Z,2025-07-07,39.05,15729.0,7170.0,0.7552810863263023,2025-07-06T23:00:00Z,direct_ridge_90d_v1,12297.699234223894,12677.273948177026,0.6782892404865319
2025-07-01_30d_d168_h3,334,core,2025-07-08T00:00:00Z,2025-07-08T01:00:00Z,2025-07-07,56.0,7808.0,6587.0,0.8286148564869551,2025-07-06T23:00:00Z,direct_ridge_90d_v1,4934.503250632557,13482.950506600768,0.7569286149728353
2025-07-01_30d_d168_h3,335,core,2025-07-08T01:00:00Z,2025-07-08T02:00:00Z,2025-07-07,66.09,941.0,8042.0,0.8805666393070076,2025-07-06T23:00:00Z,direct_ridge_90d_v1,0.0,14093.086716706934,0.8159547929316665
2025-07-01_30d_d168_h3,336,core,2025-07-08T02:00:00Z,2025-07-08T03:00:00Z,2025-07-07,48.1,0.0,10473.0,0.8897724390198984,2025-07-06T23:00:00Z,direct_ridge_90d_v1,0.0,14850.838720542331,0.8263774456414616
2025-07-01_30d_d168_h3,337,core,2025-07-08T03:00:00Z,2025-07-08T04:00:00Z,2025-07-07,39.85,0.0,11946.0,0.887352422862023,2025-07-06T23:00:00Z,direct_ridge_90d_v1,0.0,15465.931852880902,0.8305061988115119
2025-07-01_30d_d168_h3,338,core,2025-07-08T04:00:00Z,2025-07-08T05:00:00Z,2025-07-07,31.99,0.0,12666.0,0.8779239833047564,2025-07-06T23:00:00Z,direct_ridge_90d_v1,0.0,15816.714736306218,0.8187340146795232
2025-07-01_30d_d168_h3,339,core,2025-07-08T05:00:00Z,2025-07-08T06:00:00Z,2025-07-08,25.69,0.0,10961.0,0.8969149663060751,2025-07-07T23:00:00Z,direct_ridge_90d_v1,0.0,16709.818722748063,0.7906950992313276
2025-07-01_30d_d168_h3,340,core,2025-07-08T06:00:00Z,2025-07-08T07:00:00Z,2025-07-08,23.21,0.0,9808.0,0.9159268335817791,2025-07-07T23:00:00Z,direct_ridge_90d_v1,0.0,16188.648272427969,0.7859014620494303
2025-07-01_30d_d168_h3,341,core,2025-07-08T07:00:00Z,2025-07-08T08:00:00Z,2025-07-08,23.49,0.0,9438.0,0.9155036759524254,2025-07-07T23:00:00Z,direct_ridge_90d_v1,0.0,15568.489026773768,0.7811575759457727
2025-07-01_30d_d168_h3,342,core,2025-07-08T08:00:00Z,2025-07-08T09:00:00Z,2025-07-08,23.19,0.0,9699.0,0.8948685107947371,2025-07-07T23:00:00Z,direct_ridge_90d_v1,0.0,14821.345472986879,0.7791703876445307
2025-07-01_30d_d168_h3,343,core,2025-07-08T09:00:00Z,2025-07-08T10:00:00Z,2025-07-08,23.73,0.0,9027.0,0.9161426299342925,2025-07-07T23:00:00Z,direct_ridge_90d_v1,0.0,13837.77173658343,0.7937389222302653
2025-07-01_30d_d168_h3,344,core,2025-07-08T10:00:00Z,2025-07-08T11:00:00Z,2025-07-08,26.17,0.0,9392.0,0.9074858219584437,2025-07-07T23:00:00Z,direct_ridge_90d_v1,0.0,13184.532198167488,0.8169796677456299
2025-07-01_30d_d168_h3,345,core,2025-07-08T11:00:00Z,2025-07-08T12:00:00Z,2025-07-08,30.54,53.0,9385.0,0.9097099800163637,2025-07-07T23:00:00Z,direct_ridge_90d_v1,175.84121757181663,12506.207434894559,0.8400801990118018
2025-07-01_30d_d168_h3,346,core,2025-07-08T12:00:00Z,2025-07-08T13:00:00Z,2025-07-08,25.56,2959.0,8432.0,0.8840557175874987,2025-07-07T23:00:00Z,direct_ridge_90d_v1,4957.464662165923,11461.527918255195,0.7714618492474137
2025-07-01_30d_d168_h3,347,core,2025-07-08T13:00:00Z,2025-07-08T14:00:00Z,2025-07-08,19.88,11417.0,6386.0,0.7797184694395134,2025-07-07T23:00:00Z,direct_ridge_90d_v1,13999.956405636924,10678.785223093904,0.6346150463230135
2025-07-01_30d_d168_h3,348,core,2025-07-08T14:00:00Z,2025-07-08T15:00:00Z,2025-07-08,18.91,18027.0,7195.0,0.6615571714884889,2025-07-07T23:00:00Z,direct_ridge_90d_v1,18218.30308053336,11072.184987099425,0.5850124980259029
2025-07-01_30d_d168_h3,349,core,2025-07-08T15:00:00Z,2025-07-08T16:00:00Z,2025-07-08,23.86,21388.0,6887.0,0.6227820868593935,2025-07-07T23:00:00Z,direct_ridge_90d_v1,20356.93420646577,10561.394568373775,0.5777348506731285
2025-07-01_30d_d168_h3,350,core,2025-07-08T16:00:00Z,2025-07-08T17:00:00Z,2025-07-08,29.58,22759.0,5647.0,0.6430729806794208,2025-07-07T23:00:00Z,direct_ridge_90d_v1,21551.554649245398,9961.935379078943,0.5940704660375465
2025-07-01_30d_d168_h3,351,core,2025-07-08T17:00:00Z,2025-07-08T18:00:00Z,2025-07-08,35.51,22856.0,4731.0,0.678907560030131,2025-07-07T23:00:00Z,direct_ridge_90d_v1,22206.714011112388,9580.333906082322,0.6052165914348735
2025-07-01_30d_d168_h3,352,core,2025-07-08T18:00:00Z,2025-07-08T19:00:00Z,2025-07-08,43.83,21527.0,4365.0,0.702323288462901,2025-07-07T23:00:00Z,direct_ridge_90d_v1,21868.814987152167,9687.47615513187,0.6131434052975238
2025-07-01_30d_d168_h3,353,core,2025-07-08T19:00:00Z,2025-07-08T20:00:00Z,2025-07-08,42.0,20480.0,4197.0,0.7118749503131012,2025-07-07T23:00:00Z,direct_ridge_90d_v1,21064.659917849935,9982.961368343966,0.6249029585558697
2025-07-01_30d_d168_h3,354,core,2025-07-08T20:00:00Z,2025-07-08T21:00:00Z,2025-07-08,41.98,18887.0,3818.0,0.7412241132226391,2025-07-07T23:00:00Z,direct_ridge_90d_v1,20046.889915492135,10428.541760244856,0.6265725831991026
2025-07-01_30d_d168_h3,355,core,2025-07-08T21:00:00Z,2025-07-08T22:00:00Z,2025-07-08,42.17,15981.0,3825.0,0.769253824975228,2025-07-07T23:00:00Z,direct_ridge_90d_v1,18989.386622745937,11000.694608158803,0.6319258783851941
2025-07-01_30d_d168_h3,356,core,2025-07-08T22:00:00Z,2025-07-08T23:00:00Z,2025-07-08,38.41,12891.0,3761.0,0.8054694794433791,2025-07-07T23:00:00Z,direct_ridge_90d_v1,17415.803746329453,11835.880739123555,0.644894657502284
2025-07-01_30d_d168_h3,357,core,2025-07-08T23:00:00Z,2025-07-09T00:00:00Z,2025-07-08,39.39,10014.0,4158.0,0.8384042951668975,2025-07-07T23:00:00Z,direct_ridge_90d_v1,13686.321313719076,13054.072903296279,0.6783464959970795
2025-07-01_30d_d168_h3,358,core,2025-07-09T00:00:00Z,2025-07-09T01:00:00Z,2025-07-08,58.34,5931.0,5017.0,0.8652524219567987,2025-07-07T23:00:00Z,direct_ridge_90d_v1,6080.137610116997,13962.589401271038,0.7510699587910169
2025-07-01_30d_d168_h3,359,core,2025-07-09T01:00:00Z,2025-07-09T02:00:00Z,2025-07-08,70.33,696.0,6414.0,0.9020198284617971,2025-07-07T23:00:00Z,direct_ridge_90d_v1,0.0,14448.905623548897,0.8079289786445701
2025-07-01_30d_d168_h3,360,core,2025-07-09T02:00:00Z,2025-07-09T03:00:00Z,2025-07-08,46.85,0.0,8291.0,0.9073278445436486,2025-07-07T23:00:00Z,direct_ridge_90d_v1,0.0,15111.980431890752,0.8201318711966731
2025-07-01_30d_d168_h3,361,core,2025-07-09T03:00:00Z,2025-07-09T04:00:00Z,2025-07-08,37.45,0.0,10945.0,0.8795382518804798,2025-07-07T23:00:00Z,direct_ridge_90d_v1,0.0,15590.237666935463,0.8279084401249565
2025-07-01_30d_d168_h3,362,core,2025-07-09T04:00:00Z,2025-07-09T05:00:00Z,2025-07-08,27.89,0.0,12691.0,0.8356786558192884,2025-07-07T23:00:00Z,direct_ridge_90d_v1,0.0,15907.127038731518,0.8192448549649898
2025-07-01_30d_d168_h3,363,core,2025-07-09T05:00:00Z,2025-07-09T06:00:00Z,2025-07-09,23.82,0.0,12543.0,0.8182283294261766,2025-07-08T23:00:00Z,direct_ridge_90d_v1,0.0,14874.317641699763,0.8120605208268563
2025-07-01_30d_d168_h3,364,core,2025-07-09T06:00:00Z,2025-07-09T07:00:00Z,2025-07-09,25.57,0.0,13823.0,0.772962551279898,2025-07-08T23:00:00Z,direct_ridge_90d_v1,0.0,14358.992455338135,0.8139120972198275
2025-07-01_30d_d168_h3,365,core,2025-07-09T07:00:00Z,2025-07-09T08:00:00Z,2025-07-09,24.02,0.0,15333.0,0.7269318661809305,2025-07-08T23:00:00Z,direct_ridge_90d_v1,0.0,13890.860208753511,0.8139115808321251
2025-07-01_30d_d168_h3,366,core,2025-07-09T08:00:00Z,2025-07-09T09:00:00Z,2025-07-09,23.85,0.0,13699.0,0.7490431608476642,2025-07-08T23:00:00Z,direct_ridge_90d_v1,0.0,13260.714528004097,0.8126133098117234
2025-07-01_30d_d168_h3,367,core,2025-07-09T09:00:00Z,2025-07-09T10:00:00Z,2025-07-09,24.83,0.0,10864.0,0.7999681834485258,2025-07-08T23:00:00Z,direct_ridge_90d_v1,0.0,12364.859053113367,0.8223047362436119
2025-07-01_30d_d168_h3,368,core,2025-07-09T10:00:00Z,2025-07-09T11:00:00Z,2025-07-09,27.89,0.0,9723.0,0.8485383828113384,2025-07-08T23:00:00Z,direct_ridge_90d_v1,0.0,11803.803511921145,0.8406485380502579
2025-07-01_30d_d168_h3,369,core,2025-07-09T11:00:00Z,2025-07-09T12:00:00Z,2025-07-09,28.46,85.0,10043.0,0.8514386564409431,2025-07-08T23:00:00Z,direct_ridge_90d_v1,166.51569348607046,11285.605210145291,0.8590941595877237
2025-07-01_30d_d168_h3,370,core,2025-07-09T12:00:00Z,2025-07-09T13:00:00Z,2025-07-09,25.15,3150.0,8291.0,0.8377711155619894,2025-07-08T23:00:00Z,direct_ridge_90d_v1,4594.702324072074,10143.154756436916,0.7866572311746286
2025-07-01_30d_d168_h3,371,core,2025-07-09T13:00:00Z,2025-07-09T14:00:00Z,2025-07-09,21.42,11130.0,5926.0,0.7512929340913267,2025-07-08T23:00:00Z,direct_ridge_90d_v1,13242.029859040209,9217.066447702024,0.6371472215940861
2025-07-01_30d_d168_h3,372,core,2025-07-09T14:00:00Z,2025-07-09T15:00:00Z,2025-07-09,21.85,15369.0,5566.0,0.7043625431721061,2025-07-08T23:00:00Z,direct_ridge_90d_v1,17469.132761661294,9503.846670622303,0.5927325488147781
2025-07-01_30d_d168_h3,373,core,2025-07-09T15:00:00Z,2025-07-09T16:00:00Z,2025-07-09,23.27,17898.0,5248.0,0.6853882359365439,2025-07-08T23:00:00Z,direct_ridge_90d_v1,19808.427518283985,8992.512660378927,0.5872224283969187
2025-07-01_30d_d168_h3,374,core,2025-07-09T16:00:00Z,2025-07-09T17:00:00Z,2025-07-09,26.17,18556.0,5008.0,0.6926951764936784,2025-07-08T23:00:00Z,direct_ridge_90d_v1,21196.66615470393,8714.401112540041,0.5983584680002851
2025-07-01_30d_d168_h3,375,core,2025-07-09T17:00:00Z,2025-07-09T18:00:00Z,2025-07-09,32.61,20612.0,4790.0,0.6861674232638434,2025-07-08T23:00:00Z,direct_ridge_90d_v1,22053.568280070624,8694.247243824619,0.6082260045262707
2025-07-01_30d_d168_h3,376,core,2025-07-09T18:00:00Z,2025-07-09T19:00:00Z,2025-07-09,36.04,20836.0,4304.0,0.6895246716142515,2025-07-08T23:00:00Z,direct_ridge_90d_v1,21987.425544498576,8954.64622123319,0.6201839298520463
2025-07-01_30d_d168_h3,377,core,2025-07-09T19:00:00Z,2025-07-09T20:00:00Z,2025-07-09,35.04,20958.0,4230.0,0.6930861238687739,2025-07-08T23:00:00Z,direct_ridge_90d_v1,21536.927391878737,9331.594207149068,0.6298579563687827
2025-07-01_30d_d168_h3,378,core,2025-07-09T20:00:00Z,2025-07-09T21:00:00Z,2025-07-09,36.9,19366.0,4107.0,0.7205800424159601,2025-07-08T23:00:00Z,direct_ridge_90d_v1,20718.144639635084,9741.6741506087,0.633064981017686
2025-07-01_30d_d168_h3,379,core,2025-07-09T21:00:00Z,2025-07-09T22:00:00Z,2025-07-09,35.03,18695.0,3894.0,0.7400507238426991,2025-07-08T23:00:00Z,direct_ridge_90d_v1,19580.3662240041,10251.685107891124,0.6438454928921927
2025-07-01_30d_d168_h3,380,core,2025-07-09T22:00:00Z,2025-07-09T23:00:00Z,2025-07-09,35.29,17813.0,4675.0,0.7463753481951761,2025-07-08T23:00:00Z,direct_ridge_90d_v1,17835.754950964576,10878.874050310438,0.6606740171038283
2025-07-01_30d_d168_h3,381,core,2025-07-09T23:00:00Z,2025-07-10T00:00:00Z,2025-07-09,38.06,14879.0,5482.0,0.7740299480979398,2025-07-08T23:00:00Z,direct_ridge_90d_v1,13625.818703813778,11745.003979518195,0.6989002386872761
2025-07-01_30d_d168_h3,382,core,2025-07-10T00:00:00Z,2025-07-10T01:00:00Z,2025-07-09,52.6,7912.0,6272.0,0.8171673525439994,2025-07-08T23:00:00Z,direct_ridge_90d_v1,5941.154262878901,12511.336346187401,0.7771173365034266
2025-07-01_30d_d168_h3,383,core,2025-07-10T01:00:00Z,2025-07-10T02:00:00Z,2025-07-09,49.72,1209.0,8026.0,0.8584953930560074,2025-07-08T23:00:00Z,direct_ridge_90d_v1,0.0,12755.861272533351,0.8352153974947722
2025-07-01_30d_d168_h3,384,core,2025-07-10T02:00:00Z,2025-07-10T03:00:00Z,2025-07-09,38.27,0.0,10777.0,0.8675709559354242,2025-07-08T23:00:00Z,direct_ridge_90d_v1,0.0,13436.577461117315,0.8483975445020788
2025-07-01_30d_d168_h3,385,core,2025-07-10T03:00:00Z,2025-07-10T04:00:00Z,2025-07-09,31.09,0.0,13089.0,0.851983454125148,2025-07-08T23:00:00Z,direct_ridge_90d_v1,0.0,14007.879667031382,0.8561426728150687
2025-07-01_30d_d168_h3,386,core,2025-07-10T04:00:00Z,2025-07-10T05:00:00Z,2025-07-09,25.51,0.0,13697.0,0.8440384085716364,2025-07-08T23:00:00Z,direct_ridge_90d_v1,0.0,14414.227205750596,0.8484825465132163
2025-07-01_30d_d168_h3,387,core,2025-07-10T05:00:00Z,2025-07-10T06:00:00Z,2025-07-10,24.87,0.0,14578.0,0.8238521567011087,2025-07-09T23:00:00Z,direct_ridge_90d_v1,0.0,15487.572159384368,0.8289926672213065
2025-07-01_30d_d168_h3,388,core,2025-07-10T06:00:00Z,2025-07-10T07:00:00Z,2025-07-10,22.47,0.0,14700.0,0.8036355196160747,2025-07-09T23:00:00Z,direct_ridge_90d_v1,0.0,15033.319030904588,0.8309735674365841
2025-07-01_30d_d168_h3,389,core,2025-07-10T07:00:00Z,2025-07-10T08:00:00Z,2025-07-10,21.71,1.0,14878.0,0.7804691777107058,2025-07-09T23:00:00Z,direct_ridge_90d_v1,0.0,14393.400852991132,0.8333738959439617
2025-07-01_30d_d168_h3,390,core,2025-07-10T08:00:00Z,2025-07-10T09:00:00Z,2025-07-10,21.38,1.0,14756.0,0.763753365669637,2025-07-09T23:00:00Z,direct_ridge_90d_v1,0.0,13665.789485114226,0.8346968315454334
2025-07-01_30d_d168_h3,391,core,2025-07-10T09:00:00Z,2025-07-10T10:00:00Z,2025-07-10,20.95,1.0,14370.0,0.7833853036515821,2025-07-09T23:00:00Z,direct_ridge_90d_v1,0.0,12726.256509781213,0.8442988791924989
2025-07-01_30d_d168_h3,392,core,2025-07-10T10:00:00Z,2025-07-10T11:00:00Z,2025-07-10,22.79,1.0,14499.0,0.7906729906424775,2025-07-09T23:00:00Z,direct_ridge_90d_v1,0.0,11984.117636946778,0.8605556479058728
2025-07-01_30d_d168_h3,393,core,2025-07-10T11:00:00Z,2025-07-10T12:00:00Z,2025-07-10,25.12,102.0,15369.0,0.7704357431378073,2025-07-09T23:00:00Z,direct_ridge_90d_v1,108.7912451191712,11487.24613329782,0.8735065401617486
2025-07-01_30d_d168_h3,394,core,2025-07-10T12:00:00Z,2025-07-10T13:00:00Z,2025-07-10,21.52,4836.0,14485.0,0.6894726989165277,2025-07-09T23:00:00Z,direct_ridge_90d_v1,2360.9650748397958,10376.767616714156,0.7976161885369021
2025-07-01_30d_d168_h3,395,core,2025-07-10T13:00:00Z,2025-07-10T14:00:00Z,2025-07-10,17.08,17299.0,10853.0,0.5579046915810579,2025-07-09T23:00:00Z,direct_ridge_90d_v1,12855.849482958989,9489.281199406943,0.6419165091193392
2025-07-01_30d_d168_h3,396,core,2025-07-10T14:00:00Z,2025-07-10T15:00:00Z,2025-07-10,16.35,24273.0,10832.0,0.4600714557230195,2025-07-09T23:00:00Z,direct_ridge_90d_v1,19127.822637517682,9764.636962966213,0.5983662795896444
2025-07-01_30d_d168_h3,397,core,2025-07-10T15:00:00Z,2025-07-10T16:00:00Z,2025-07-10,19.66,26647.0,10972.0,0.4303182557248683,2025-07-09T23:00:00Z,direct_ridge_90d_v1,21292.34542138015,9272.294942805249,0.5950698893936681
2025-07-01_30d_d168_h3,398,core,2025-07-10T16:00:00Z,2025-07-10T17:00:00Z,2025-07-10,24.6,27556.0,11564.0,0.43819637546935886,2025-07-09T23:00:00Z,direct_ridge_90d_v1,24204.963452429307,8950.065836437412,0.606836187048018
2025-07-01_30d_d168_h3,399,core,2025-07-10T17:00:00Z,2025-07-10T18:00:00Z,2025-07-10,30.6,27789.0,12214.0,0.45952698030656736,2025-07-09T23:00:00Z,direct_ridge_90d_v1,26266.521365931767,8924.542442496007,0.6196282030135647
2025-07-01_30d_d168_h3,400,core,2025-07-10T18:00:00Z,2025-07-10T19:00:00Z,2025-07-10,34.55,27321.0,13393.0,0.48910965090939934,2025-07-09T23:00:00Z,direct_ridge_90d_v1,30289.633564524273,9220.380547107525,0.6311272784267443
2025-07-01_30d_d168_h3,401,core,2025-07-10T19:00:00Z,2025-07-10T20:00:00Z,2025-07-10,34.6,26425.0,15058.0,0.4850737815001419,2025-07-09T23:00:00Z,direct_ridge_90d_v1,33367.5638569908,9454.314907974382,0.6409649137427407
2025-07-01_30d_d168_h3,402,core,2025-07-10T20:00:00Z,2025-07-10T21:00:00Z,2025-07-10,35.67,24941.0,15554.0,0.520729800034783,2025-07-09T23:00:00Z,direct_ridge_90d_v1,37191.95573172622,9834.832030398413,0.6427625760546477
2025-07-01_30d_d168_h3,403,core,2025-07-10T21:00:00Z,2025-07-10T22:00:00Z,2025-07-10,36.88,24123.0,16049.0,0.541081244400615,2025-07-09T23:00:00Z,direct_ridge_90d_v1,36236.06249971739,10306.410270559816,0.6556924459466581
2025-07-01_30d_d168_h3,404,core,2025-07-10T22:00:00Z,2025-07-10T23:00:00Z,2025-07-10,33.09,23000.0,16275.0,0.5541734245929895,2025-07-09T23:00:00Z,direct_ridge_90d_v1,35057.99231236025,10957.792655751175,0.6704542460830906
2025-07-01_30d_d168_h3,405,core,2025-07-10T23:00:00Z,2025-07-11T00:00:00Z,2025-07-10,31.08,20068.0,16716.0,0.5783288435431369,2025-07-09T23:00:00Z,direct_ridge_90d_v1,29090.576117883284,12090.35992135435,0.7017904198890467
2025-07-01_30d_d168_h3,406,core,2025-07-11T00:00:00Z,2025-07-11T01:00:00Z,2025-07-10,45.5,9790.0,17116.0,0.6751656751438742,2025-07-09T23:00:00Z,direct_ridge_90d_v1,11647.386693415361,12776.385739089834,0.7768717522407926
2025-07-01_30d_d168_h3,407,core,2025-07-11T01:00:00Z,2025-07-11T02:00:00Z,2025-07-10,53.86,959.0,17467.0,0.7574115328461575,2025-07-09T23:00:00Z,direct_ridge_90d_v1,0.0,13045.248647606219,0.8369186636102316
2025-07-01_30d_d168_h3,408,core,2025-07-11T02:00:00Z,2025-07-11T03:00:00Z,2025-07-10,41.93,2.0,21293.0,0.7563742250207042,2025-07-09T23:00:00Z,direct_ridge_90d_v1,0.0,13777.517280274173,0.8512602535179686
2025-07-01_30d_d168_h3,409,core,2025-07-11T03:00:00Z,2025-07-11T04:00:00Z,2025-07-10,31.14,0.0,25092.0,0.7044484493354162,2025-07-09T23:00:00Z,direct_ridge_90d_v1,0.0,14348.784861692413,0.8619987050367637
2025-07-01_30d_d168_h3,410,core,2025-07-11T04:00:00Z,2025-07-11T05:00:00Z,2025-07-10,25.21,0.0,25581.0,0.6465989962670139,2025-07-09T23:00:00Z,direct_ridge_90d_v1,0.0,14901.029011256072,0.853607079014975
2025-07-01_30d_d168_h3,411,core,2025-07-11T05:00:00Z,2025-07-11T06:00:00Z,2025-07-11,22.67,0.0,24674.0,0.6362327339510467,2025-07-10T23:00:00Z,direct_ridge_90d_v1,0.0,16356.101422662712,0.8331168079490524
2025-07-01_30d_d168_h3,412,core,2025-07-11T06:00:00Z,2025-07-11T07:00:00Z,2025-07-11,20.88,0.0,24141.0,0.6368454121670529,2025-07-10T23:00:00Z,direct_ridge_90d_v1,0.0,15812.906053417631,0.8343910925711094
2025-07-01_30d_d168_h3,413,core,2025-07-11T07:00:00Z,2025-07-11T08:00:00Z,2025-07-11,19.67,0.0,23260.0,0.6330533135514685,2025-07-10T23:00:00Z,direct_ridge_90d_v1,0.0,15234.606204054755,0.8337743783901744
2025-07-01_30d_d168_h3,414,core,2025-07-11T08:00:00Z,2025-07-11T09:00:00Z,2025-07-11,19.06,0.0,21716.0,0.6568517931566927,2025-07-10T23:00:00Z,direct_ridge_90d_v1,0.0,14595.602536124168,0.8338343936948049
2025-07-01_30d_d168_h3,415,core,2025-07-11T09:00:00Z,2025-07-11T10:00:00Z,2025-07-11,19.51,0.0,19857.0,0.7033151240829351,2025-07-10T23:00:00Z,direct_ridge_90d_v1,0.0,13783.103685381822,0.8453364860143401
2025-07-01_30d_d168_h3,416,core,2025-07-11T10:00:00Z,2025-07-11T11:00:00Z,2025-07-11,21.72,0.0,18557.0,0.7360386473273557,2025-07-10T23:00:00Z,direct_ridge_90d_v1,0.0,13155.150880933446,0.8577086580328038
2025-07-01_30d_d168_h3,417,core,2025-07-11T11:00:00Z,2025-07-11T12:00:00Z,2025-07-11,22.54,105.0,18917.0,0.736638201268641,2025-07-10T23:00:00Z,direct_ridge_90d_v1,141.06413931718055,12624.122451184227,0.8673048863196109
2025-07-01_30d_d168_h3,418,core,2025-07-11T12:00:00Z,2025-07-11T13:00:00Z,2025-07-11,20.23,4237.0,18741.0,0.6644631751215712,2025-07-10T23:00:00Z,direct_ridge_90d_v1,4353.472513225943,11577.199103997933,0.7943448206273798
2025-07-01_30d_d168_h3,419,core,2025-07-11T13:00:00Z,2025-07-11T14:00:00Z,2025-07-11,14.39,13127.0,18328.0,0.5238340964535594,2025-07-10T23:00:00Z,direct_ridge_90d_v1,13595.310953546476,10645.709305604694,0.6488509076179263
2025-07-01_30d_d168_h3,420,core,2025-07-11T14:00:00Z,2025-07-11T15:00:00Z,2025-07-11,15.07,18581.0,20970.0,0.4126394759904367,2025-07-10T23:00:00Z,direct_ridge_90d_v1,18087.86802989411,10942.544195875316,0.6026872016450486
2025-07-01_30d_d168_h3,421,core,2025-07-11T15:00:00Z,2025-07-11T16:00:00Z,2025-07-11,21.31,20797.0,20278.0,0.403831673909022,2025-07-10T23:00:00Z,direct_ridge_90d_v1,20314.455190908637,10685.393577692714,0.5940792462088746
2025-07-01_30d_d168_h3,422,core,2025-07-11T16:00:00Z,2025-07-11T17:00:00Z,2025-07-11,25.17,23118.0,18137.0,0.4378732482382547,2025-07-10T23:00:00Z,direct_ridge_90d_v1,21579.73617083321,10308.222012529379,0.6034352628084173
2025-07-01_30d_d168_h3,423,core,2025-07-11T17:00:00Z,2025-07-11T18:00:00Z,2025-07-11,30.0,23321.0,16611.0,0.48861828873295454,2025-07-10T23:00:00Z,direct_ridge_90d_v1,22168.83759277043,10088.873384523033,0.6174972092329094
2025-07-01_30d_d168_h3,424,core,2025-07-11T18:00:00Z,2025-07-11T19:00:00Z,2025-07-11,30.54,23581.0,15807.0,0.5160965449255666,2025-07-10T23:00:00Z,direct_ridge_90d_v1,21945.092198041428,10189.079865087691,0.6265835406543193
2025-07-01_30d_d168_h3,425,core,2025-07-11T19:00:00Z,2025-07-11T20:00:00Z,2025-07-11,33.33,23929.0,16301.0,0.502025553145727,2025-07-10T23:00:00Z,direct_ridge_90d_v1,21486.444853448178,10189.641980593344,0.6364273959055975
2025-07-01_30d_d168_h3,426,core,2025-07-11T20:00:00Z,2025-07-11T21:00:00Z,2025-07-11,33.33,23788.0,16128.0,0.5170321383360027,2025-07-10T23:00:00Z,direct_ridge_90d_v1,20544.494489661753,10392.967916307873,0.644331488819858
2025-07-01_30d_d168_h3,427,core,2025-07-11T21:00:00Z,2025-07-11T22:00:00Z,2025-07-11,31.63,22090.0,15555.0,0.5487521865490974,2025-07-10T23:00:00Z,direct_ridge_90d_v1,19072.124843309477,10826.149941677275,0.6586198620421713
2025-07-01_30d_d168_h3,428,core,2025-07-11T22:00:00Z,2025-07-11T23:00:00Z,2025-07-11,31.39,21939.0,15293.0,0.552801829263381,2025-07-10T23:00:00Z,direct_ridge_90d_v1,17315.22186202812,11651.590778349046,0.6736107589918173
2025-07-01_30d_d168_h3,429,core,2025-07-11T23:00:00Z,2025-07-12T00:00:00Z,2025-07-11,31.5,18645.0,15657.0,0.5793473995250344,2025-07-10T23:00:00Z,direct_ridge_90d_v1,13651.901853053745,12870.379079294344,0.6968798455825942
2025-07-01_30d_d168_h3,430,core,2025-07-12T00:00:00Z,2025-07-12T01:00:00Z,2025-07-11,43.81,8997.0,16209.0,0.6623704142032629,2025-07-10T23:00:00Z,direct_ridge_90d_v1,5995.103788921391,13647.629678064124,0.7676455598390223
2025-07-01_30d_d168_h3,431,core,2025-07-12T01:00:00Z,2025-07-12T02:00:00Z,2025-07-11,53.06,905.0,16252.0,0.7212694370303563,2025-07-10T23:00:00Z,direct_ridge_90d_v1,0.0,14373.697374225356,0.8259714425509143
2025-07-01_30d_d168_h3,432,core,2025-07-12T02:00:00Z,2025-07-12T03:00:00Z,2025-07-11,40.69,0.0,17702.0,0.7592978341766148,2025-07-10T23:00:00Z,direct_ridge_90d_v1,0.0,15297.1791374305,0.837993306980492
2025-07-01_30d_d168_h3,433,core,2025-07-12T03:00:00Z,2025-07-12T04:00:00Z,2025-07-11,35.17,0.0,20129.0,0.7351983394301987,2025-07-10T23:00:00Z,direct_ridge_90d_v1,0.0,15799.504368440319,0.8473750453405942
2025-07-01_30d_d168_h3,434,core,2025-07-12T04:00:00Z,2025-07-12T05:00:00Z,2025-07-11,26.04,0.0,22210.0,0.6995688542249282,2025-07-10T23:00:00Z,direct_ridge_90d_v1,0.0,16164.974828950133,0.8380962399012254
2025-07-01_30d_d168_h3,435,core,2025-07-12T05:00:00Z,2025-07-12T06:00:00Z,2025-07-12,26.61,0.0,21826.0,0.6873005962941914,2025-07-11T23:00:00Z,direct_ridge_90d_v1,0.0,16467.541178960582,0.8221431787210707
2025-07-01_30d_d168_h3,436,core,2025-07-12T06:00:00Z,2025-07-12T07:00:00Z,2025-07-12,24.74,0.0,20507.0,0.6916376864280667,2025-07-11T23:00:00Z,direct_ridge_90d_v1,0.0,15996.996279213936,0.8187694038151048
2025-07-01_30d_d168_h3,437,core,2025-07-12T07:00:00Z,2025-07-12T08:00:00Z,2025-07-12,23.73,0.0,19053.0,0.7107040900502951,2025-07-11T23:00:00Z,direct_ridge_90d_v1,0.0,15568.17976780522,0.8142477891593229
2025-07-01_30d_d168_h3,438,core,2025-07-12T08:00:00Z,2025-07-12T09:00:00Z,2025-07-12,23.39,1.0,17401.0,0.7348402526285637,2025-07-11T23:00:00Z,direct_ridge_90d_v1,0.0,15003.044858468127,0.8157096062254279
2025-07-01_30d_d168_h3,439,core,2025-07-12T09:00:00Z,2025-07-12T10:00:00Z,2025-07-12,24.39,1.0,14598.0,0.7845712456021151,2025-07-11T23:00:00Z,direct_ridge_90d_v1,0.0,14212.644246300315,0.8295409350205707
2025-07-01_30d_d168_h3,440,core,2025-07-12T10:00:00Z,2025-07-12T11:00:00Z,2025-07-12,25.87,1.0,11080.0,0.8418333744446802,2025-07-11T23:00:00Z,direct_ridge_90d_v1,0.0,13503.535602846225,0.8480404742179307
2025-07-01_30d_d168_h3,441,core,2025-07-12T11:00:00Z,2025-07-12T12:00:00Z,2025-07-12,25.21,62.0,11757.0,0.8361350671834877,2025-07-11T23:00:00Z,direct_ridge_90d_v1,129.39063271337682,12854.900328644278,0.8584950257710047
2025-07-01_30d_d168_h3,442,core,2025-07-12T12:00:00Z,2025-07-12T13:00:00Z,2025-07-12,23.73,3062.0,11563.0,0.7892054992442515,2025-07-11T23:00:00Z,direct_ridge_90d_v1,4113.024685169562,11784.087687625208,0.792539706118346
2025-07-01_30d_d168_h3,443,core,2025-07-12T13:00:00Z,2025-07-12T14:00:00Z,2025-07-12,20.38,8996.0,9874.0,0.7321089819332957,2025-07-11T23:00:00Z,direct_ridge_90d_v1,13052.268371854077,10937.132834756147,0.6541096617975517
2025-07-01_30d_d168_h3,444,core,2025-07-12T14:00:00Z,2025-07-12T15:00:00Z,2025-07-12,20.12,12733.0,10335.0,0.6821596171171757,2025-07-11T23:00:00Z,direct_ridge_90d_v1,17525.606355965283,11267.549190011583,0.600838273740242
2025-07-01_30d_d168_h3,445,core,2025-07-12T15:00:00Z,2025-07-12T16:00:00Z,2025-07-12,22.31,16517.0,9492.0,0.6448390467992866,2025-07-11T23:00:00Z,direct_ridge_90d_v1,19923.481546104136,10920.926397752944,0.5879350739446995
2025-07-01_30d_d168_h3,446,core,2025-07-12T16:00:00Z,2025-07-12T17:00:00Z,2025-07-12,25.98,18815.0,8784.0,0.62863036490546,2025-07-11T23:00:00Z,direct_ridge_90d_v1,21111.397527683646,10374.780198430024,0.5995029747487728
2025-07-01_30d_d168_h3,447,core,2025-07-12T17:00:00Z,2025-07-12T18:00:00Z,2025-07-12,28.6,20268.0,8958.0,0.6228937752642529,2025-07-11T23:00:00Z,direct_ridge_90d_v1,21882.418151340677,10008.279932142214,0.6129846025094838
2025-07-01_30d_d168_h3,448,core,2025-07-12T18:00:00Z,2025-07-12T19:00:00Z,2025-07-12,34.56,20821.0,9197.0,0.618310460128045,2025-07-11T23:00:00Z,direct_ridge_90d_v1,21660.60080930583,10035.140120228965,0.6206485238580817
2025-07-01_30d_d168_h3,449,core,2025-07-12T19:00:00Z,2025-07-12T20:00:00Z,2025-07-12,37.83,19625.0,8199.0,0.6387585955142062,2025-07-11T23:00:00Z,direct_ridge_90d_v1,21265.46228169943,9979.535490912593,0.6325364616299239
2025-07-01_30d_d168_h3,450,core,2025-07-12T20:00:00Z,2025-07-12T21:00:00Z,2025-07-12,38.43,18716.0,7738.0,0.6663835731375215,2025-07-11T23:00:00Z,direct_ridge_90d_v1,20404.146471443393,10196.102589788066,0.6423442879858098
2025-07-01_30d_d168_h3,451,core,2025-07-12T21:00:00Z,2025-07-12T22:00:00Z,2025-07-12,38.64,18018.0,8192.0,0.677267454190996,2025-07-11T23:00:00Z,direct_ridge_90d_v1,18998.207488877706,10653.318068173505,0.6556942344008739
2025-07-01_30d_d168_h3,452,core,2025-07-12T22:00:00Z,2025-07-12T23:00:00Z,2025-07-12,40.74,16008.0,7181.0,0.7076468670665881,2025-07-11T23:00:00Z,direct_ridge_90d_v1,16963.816674325448,11579.295524266501,0.6654301000133196
2025-07-01_30d_d168_h3,453,core,2025-07-12T23:00:00Z,2025-07-13T00:00:00Z,2025-07-12,45.64,11871.0,6728.0,0.759367474881907,2025-07-11T23:00:00Z,direct_ridge_90d_v1,13094.492017759192,12866.662460464997,0.6921252274322213
2025-07-01_30d_d168_h3,454,core,2025-07-13T00:00:00Z,2025-07-13T01:00:00Z,2025-07-12,62.87,5954.0,6791.0,0.8162782014887153,2025-07-11T23:00:00Z,direct_ridge_90d_v1,5813.422369981822,13591.074097088298,0.7557380764558936
2025-07-01_30d_d168_h3,455,core,2025-07-13T01:00:00Z,2025-07-13T02:00:00Z,2025-07-12,67.09,741.0,6146.0,0.8743803879795393,2025-07-11T23:00:00Z,direct_ridge_90d_v1,0.0,14244.263606477714,0.8141997579659385
2025-07-01_30d_d168_h3,456,core,2025-07-13T02:00:00Z,2025-07-13T03:00:00Z,2025-07-12,57.41,0.0,6701.0,0.8873552157873071,2025-07-11T23:00:00Z,direct_ridge_90d_v1,0.0,15252.474072226574,0.8244531349435824
2025-07-01_30d_d168_h3,457,core,2025-07-13T03:00:00Z,2025-07-13T04:00:00Z,2025-07-12,42.67,0.0,7300.0,0.9120281785424958,2025-07-11T23:00:00Z,direct_ridge_90d_v1,0.0,15951.316564158957,0.8264949013579932
2025-07-01_30d_d168_h3,458,core,2025-07-13T04:00:00Z,2025-07-13T05:00:00Z,2025-07-12,39.19,1.0,7462.0,0.9105934567731331,2025-07-11T23:00:00Z,direct_ridge_90d_v1,0.0,16340.01225883042,0.8136774170483273
2025-07-01_30d_d168_h3,459,core,2025-07-13T05:00:00Z,2025-07-13T06:00:00Z,2025-07-13,42.76,0.0,7497.0,0.9074242575504796,2025-07-12T23:00:00Z,direct_ridge_90d_v1,0.0,15733.5599576751,0.7871842167090373
2025-07-01_30d_d168_h3,460,core,2025-07-13T06:00:00Z,2025-07-13T07:00:00Z,2025-07-13,35.79,1.0,7440.0,0.910380423644556,2025-07-12T23:00:00Z,direct_ridge_90d_v1,0.0,15555.640922650946,0.7739922733748277
2025-07-01_30d_d168_h3,461,core,2025-07-13T07:00:00Z,2025-07-13T08:00:00Z,2025-07-13,32.74,1.0,6693.0,0.9180138007361935,2025-07-12T23:00:00Z,direct_ridge_90d_v1,0.0,15189.778452601531,0.7676493958395709
2025-07-01_30d_d168_h3,462,core,2025-07-13T08:00:00Z,2025-07-13T09:00:00Z,2025-07-13,30.05,1.0,6627.0,0.9193306602263799,2025-07-12T23:00:00Z,direct_ridge_90d_v1,0.0,14558.187632931791,0.7728340670126221
2025-07-01_30d_d168_h3,463,core,2025-07-13T09:00:00Z,2025-07-13T10:00:00Z,2025-07-13,29.09,1.0,6778.0,0.9186086581686413,2025-07-12T23:00:00Z,direct_ridge_90d_v1,0.0,13734.317162743555,0.7835188659551903
2025-07-01_30d_d168_h3,464,core,2025-07-13T10:00:00Z,2025-07-13T11:00:00Z,2025-07-13,29.46,1.0,6421.0,0.9256175125492325,2025-07-12T23:00:00Z,direct_ridge_90d_v1,0.0,12883.361360325445,0.8025468682375057
2025-07-01_30d_d168_h3,465,core,2025-07-13T11:00:00Z,2025-07-13T12:00:00Z,2025-07-13,28.4,58.0,6367.0,0.9234507546017096,2025-07-12T23:00:00Z,direct_ridge_90d_v1,162.65029898628762,12350.308111954999,0.8167404814509116
2025-07-01_30d_d168_h3,466,core,2025-07-13T12:00:00Z,2025-07-13T13:00:00Z,2025-07-13,26.99,3118.0,6164.0,0.8737308282769654,2025-07-12T23:00:00Z,direct_ridge_90d_v1,4576.06108740419,11363.88457615907,0.7537688595851976
2025-07-01_30d_d168_h3,467,core,2025-07-13T13:00:00Z,2025-07-13T14:00:00Z,2025-07-13,24.77,10249.0,6860.0,0.7435463968316119,2025-07-12T23:00:00Z,direct_ridge_90d_v1,13182.649721852817,10762.81015979353,0.614387127973342
2025-07-01_30d_d168_h3,468,core,2025-07-13T14:00:00Z,2025-07-13T15:00:00Z,2025-07-13,24.55,15471.0,7508.0,0.6293779428144874,2025-07-12T23:00:00Z,direct_ridge_90d_v1,17008.499863303823,11326.8485110438,0.5602031425657739
2025-07-01_30d_d168_h3,469,core,2025-07-13T15:00:00Z,2025-07-13T16:00:00Z,2025-07-13,24.34,19763.0,7189.0,0.5612564396660714,2025-07-12T23:00:00Z,direct_ridge_90d_v1,19534.094873727114,10846.546942518034,0.556303540907819
2025-07-01_30d_d168_h3,470,core,2025-07-13T16:00:00Z,2025-07-13T17:00:00Z,2025-07-13,26.57,20759.0,7077.0,0.5661319332944103,2025-07-12T23:00:00Z,direct_ridge_90d_v1,21135.190465704934,10255.53464204358,0.5662056270350322
2025-07-01_30d_d168_h3,471,core,2025-07-13T17:00:00Z,2025-07-13T18:00:00Z,2025-07-13,30.97,21883.0,6442.0,0.5856061685328259,2025-07-12T23:00:00Z,direct_ridge_90d_v1,22128.02887287435,10052.63957100506,0.5819569559897075
2025-07-01_30d_d168_h3,472,core,2025-07-13T18:00:00Z,2025-07-13T19:00:00Z,2025-07-13,33.28,19435.0,5789.0,0.6446192079981276,2025-07-12T23:00:00Z,direct_ridge_90d_v1,22559.07539339323,10374.78519896762,0.5967576200103337
2025-07-01_30d_d168_h3,473,core,2025-07-13T19:00:00Z,2025-07-13T20:00:00Z,2025-07-13,37.61,16889.0,5525.0,0.6954439188009541,2025-07-12T23:00:00Z,direct_ridge_90d_v1,22591.035716868348,10573.789080777502,0.6063873701270026
2025-07-01_30d_d168_h3,474,core,2025-07-13T20:00:00Z,2025-07-13T21:00:00Z,2025-07-13,39.29,16288.0,5369.0,0.7074681156153397,2025-07-12T23:00:00Z,direct_ridge_90d_v1,22041.89248266381,11009.801054794338,0.6200724312451553
2025-07-01_30d_d168_h3,475,core,2025-07-13T21:00:00Z,2025-07-13T22:00:00Z,2025-07-13,40.38,14390.0,5349.0,0.7304727902736983,2025-07-12T23:00:00Z,direct_ridge_90d_v1,20734.137635149567,11503.238161808848,0.6335220657975444
2025-07-01_30d_d168_h3,476,core,2025-07-13T22:00:00Z,2025-07-13T23:00:00Z,2025-07-13,41.01,13069.0,5295.0,0.7591698022420084,2025-07-12T23:00:00Z,direct_ridge_90d_v1,18974.573157740684,12223.138373413214,0.6459433039639019
2025-07-01_30d_d168_h3,477,core,2025-07-13T23:00:00Z,2025-07-14T00:00:00Z,2025-07-13,48.65,11106.0,5622.0,0.7845544795139134,2025-07-12T23:00:00Z,direct_ridge_90d_v1,15701.341962410994,12935.103816544828,0.6838470844802166
2025-07-01_30d_d168_h3,478,core,2025-07-14T00:00:00Z,2025-07-14T01:00:00Z,2025-07-13,76.49,5578.0,6723.0,0.8215120733356545,2025-07-12T23:00:00Z,direct_ridge_90d_v1,6909.600707783998,13417.82262066344,0.7577889802097288
2025-07-01_30d_d168_h3,479,core,2025-07-14T01:00:00Z,2025-07-14T02:00:00Z,2025-07-13,77.11,673.0,8080.0,0.8454082353417092,2025-07-12T23:00:00Z,direct_ridge_90d_v1,0.0,13865.98758273806,0.8111481463741008
2025-07-01_30d_d168_h3,480,core,2025-07-14T02:00:00Z,2025-07-14T03:00:00Z,2025-07-13,65.84,0.0,9824.0,0.8464949046804189,2025-07-12T23:00:00Z,direct_ridge_90d_v1,0.0,15012.515688530228,0.8177376708122013
2025-07-01_30d_d168_h3,481,core,2025-07-14T03:00:00Z,2025-07-14T04:00:00Z,2025-07-13,49.68,0.0,10604.0,0.8598695958162313,2025-07-12T23:00:00Z,direct_ridge_90d_v1,0.0,15868.871840794896,0.8106353474743165
2025-07-01_30d_d168_h3,482,core,2025-07-14T04:00:00Z,2025-07-14T05:00:00Z,2025-07-13,40.86,0.0,11185.0,0.8578901639707006,2025-07-12T23:00:00Z,direct_ridge_90d_v1,0.0,16447.24422693388,0.7905553837875999
2025-07-01_30d_d168_h3,483,core,2025-07-14T05:00:00Z,2025-07-14T06:00:00Z,2025-07-14,30.61,0.0,11204.0,0.8523409843673752,2025-07-13T23:00:00Z,direct_ridge_90d_v1,0.0,17264.329272741765,0.771225329140211
2025-07-01_30d_d168_h3,484,core,2025-07-14T06:00:00Z,2025-07-14T07:00:00Z,2025-07-14,30.93,1.0,10299.0,0.8663194962245907,2025-07-13T23:00:00Z,direct_ridge_90d_v1,0.0,17255.214989058197,0.7546931245760393
2025-07-01_30d_d168_h3,485,core,2025-07-14T07:00:00Z,2025-07-14T08:00:00Z,2025-07-14,28.75,1.0,9406.0,0.8755165023876217,2025-07-13T23:00:00Z,direct_ridge_90d_v1,0.0,16489.459013382464,0.7529619891826018
2025-07-01_30d_d168_h3,486,core,2025-07-14T08:00:00Z,2025-07-14T09:00:00Z,2025-07-14,30.44,1.0,8277.0,0.9017710956616726,2025-07-13T23:00:00Z,direct_ridge_90d_v1,0.0,15522.343485507445,0.7611034060865824
2025-07-01_30d_d168_h3,487,core,2025-07-14T09:00:00Z,2025-07-14T10:00:00Z,2025-07-14,32.71,1.0,7021.0,0.9287371235442207,2025-07-13T23:00:00Z,direct_ridge_90d_v1,0.0,14422.056916912188,0.779799553605151
2025-07-01_30d_d168_h3,488,core,2025-07-14T10:00:00Z,2025-07-14T11:00:00Z,2025-07-14,36.07,1.0,6029.0,0.9412975340499938,2025-07-13T23:00:00Z,direct_ridge_90d_v1,0.0,13372.744693908775,0.8125137313826915
2025-07-01_30d_d168_h3,489,core,2025-07-14T11:00:00Z,2025-07-14T12:00:00Z,2025-07-14,41.17,66.0,5471.0,0.9410808747474679,2025-07-13T23:00:00Z,direct_ridge_90d_v1,154.92143045798613,12763.029751719205,0.839030663765747
2025-07-01_30d_d168_h3,490,core,2025-07-14T12:00:00Z,2025-07-14T13:00:00Z,2025-07-14,38.02,3117.0,4809.0,0.9141539319360837,2025-07-13T23:00:00Z,direct_ridge_90d_v1,4407.286279924935,11744.318988049396,0.7806494151229638
2025-07-01_30d_d168_h3,491,core,2025-07-14T13:00:00Z,2025-07-14T14:00:00Z,2025-07-14,30.78,11775.0,4347.0,0.7944855934053092,2025-07-13T23:00:00Z,direct_ridge_90d_v1,13068.655579435897,11049.002172109165,0.6388047317432372
2025-07-01_30d_d168_h3,492,core,2025-07-14T14:00:00Z,2025-07-14T15:00:00Z,2025-07-14,28.43,16303.0,4445.0,0.7273113883005826,2025-07-13T23:00:00Z,direct_ridge_90d_v1,17541.86551035592,11630.43613930207,0.5741729939781907
2025-07-01_30d_d168_h3,493,core,2025-07-14T15:00:00Z,2025-07-14T16:00:00Z,2025-07-14,29.59,19942.0,4126.0,0.6726781815709266,2025-07-13T23:00:00Z,direct_ridge_90d_v1,20136.511287428006,11592.837205822269,0.5661070287622583
2025-07-01_30d_d168_h3,494,core,2025-07-14T16:00:00Z,2025-07-14T17:00:00Z,2025-07-14,33.97,21793.0,4263.0,0.6472694321148169,2025-07-13T23:00:00Z,direct_ridge_90d_v1,21543.752493075954,10960.414845734596,0.5852505844818356
2025-07-01_30d_d168_h3,495,core,2025-07-14T17:00:00Z,2025-07-14T18:00:00Z,2025-07-14,43.06,22802.0,5094.0,0.6389196975354174,2025-07-13T23:00:00Z,direct_ridge_90d_v1,22461.011686391335,10417.99683670951,0.610604977768655
2025-07-01_30d_d168_h3,496,core,2025-07-14T18:00:00Z,2025-07-14T19:00:00Z,2025-07-14,44.41,23383.0,6675.0,0.6156511322997833,2025-07-13T23:00:00Z,direct_ridge_90d_v1,22451.26265056805,10429.843435757019,0.6319766960741786
2025-07-01_30d_d168_h3,497,core,2025-07-14T19:00:00Z,2025-07-14T20:00:00Z,2025-07-14,45.14,22201.0,8905.0,0.6132697817709298,2025-07-13T23:00:00Z,direct_ridge_90d_v1,21973.193308493785,10807.799982843828,0.6372976622679384
2025-07-01_30d_d168_h3,498,core,2025-07-14T20:00:00Z,2025-07-14T21:00:00Z,2025-07-14,48.2,21809.0,11411.0,0.5913965042953494,2025-07-13T23:00:00Z,direct_ridge_90d_v1,21142.59456692438,11470.08532001036,0.6427602353594664
2025-07-01_30d_d168_h3,499,core,2025-07-14T21:00:00Z,2025-07-14T22:00:00Z,2025-07-14,48.25,19913.0,12828.0,0.6151652261228066,2025-07-13T23:00:00Z,direct_ridge_90d_v1,19918.35786029571,12174.550707256607,0.650912136807452
2025-07-01_30d_d168_h3,500,core,2025-07-14T22:00:00Z,2025-07-14T23:00:00Z,2025-07-14,52.25,18403.0,11445.0,0.6595478550011638,2025-07-13T23:00:00Z,direct_ridge_90d_v1,18236.09382362511,13033.517097802094,0.6651899432185117
2025-07-01_30d_d168_h3,501,core,2025-07-14T23:00:00Z,2025-07-15T00:00:00Z,2025-07-14,57.31,14509.0,10870.0,0.7200919796297305,2025-07-13T23:00:00Z,direct_ridge_90d_v1,14073.930030948719,14012.628010338507,0.6926971441700454
2025-07-01_30d_d168_h3,502,core,2025-07-15T00:00:00Z,2025-07-15T01:00:00Z,2025-07-14,74.26,5992.0,10790.0,0.797106598970813,2025-07-13T23:00:00Z,direct_ridge_90d_v1,6714.168465968511,14934.853624583857,0.7585969931468683
2025-07-01_30d_d168_h3,503,core,2025-07-15T01:00:00Z,2025-07-15T02:00:00Z,2025-07-14,77.7,467.0,10813.0,0.8400225875341232,2025-07-13T23:00:00Z,direct_ridge_90d_v1,0.0,15575.792888058344,0.8049555521733541
2025-07-01_30d_d168_h3,504,core,2025-07-15T02:00:00Z,2025-07-15T03:00:00Z,2025-07-14,55.1,0.0,11899.0,0.8625100466815798,2025-07-13T23:00:00Z,direct_ridge_90d_v1,0.0,16181.276535432458,0.8196086219850427
2025-07-01_30d_d168_h3,505,core,2025-07-15T03:00:00Z,2025-07-15T04:00:00Z,2025-07-14,41.63,0.0,12727.0,0.872459432384563,2025-07-13T23:00:00Z,direct_ridge_90d_v1,0.0,16850.079986899815,0.8169163435608435
2025-07-01_30d_d168_h3,506,core,2025-07-15T04:00:00Z,2025-07-15T05:00:00Z,2025-07-14,29.96,0.0,12736.0,0.8714003537616847,2025-07-13T23:00:00Z,direct_ridge_90d_v1,0.0,17292.667089640658,0.7979472726184019
2025-07-01_30d_d168_h3,507,core,2025-07-15T05:00:00Z,2025-07-15T06:00:00Z,2025-07-15,28.95,0.0,12582.0,0.87781125838196,2025-07-14T23:00:00Z,direct_ridge_90d_v1,0.0,17905.633107916612,0.7864395660673064
2025-07-01_30d_d168_h3,508,core,2025-07-15T06:00:00Z,2025-07-15T07:00:00Z,2025-07-15,26.38,1.0,13368.0,0.8539360257547834,2025-07-14T23:00:00Z,direct_ridge_90d_v1,0.0,17462.044081228687,0.7796858199305703
2025-07-01_30d_d168_h3,509,core,2025-07-15T07:00:00Z,2025-07-15T08:00:00Z,2025-07-15,24.82,1.0,13277.0,0.8288405706922196,2025-07-14T23:00:00Z,direct_ridge_90d_v1,0.0,16649.661282744073,0.7803720557174953
2025-07-01_30d_d168_h3,510,core,2025-07-15T08:00:00Z,2025-07-15T09:00:00Z,2025-07-15,24.64,1.0,12083.0,0.8493764569544169,2025-07-14T23:00:00Z,direct_ridge_90d_v1,0.0,15816.83562354735,0.7856755189389644
2025-07-01_30d_d168_h3,511,core,2025-07-15T09:00:00Z,2025-07-15T10:00:00Z,2025-07-15,24.25,1.0,12229.0,0.8365699242754362,2025-07-14T23:00:00Z,direct_ridge_90d_v1,0.0,14803.679901566295,0.8039431956293362
2025-07-01_30d_d168_h3,512,core,2025-07-15T10:00:00Z,2025-07-15T11:00:00Z,2025-07-15,25.24,1.0,12160.0,0.8480400141953088,2025-07-14T23:00:00Z,direct_ridge_90d_v1,0.0,13667.607226754551,0.833203976061756
2025-07-01_30d_d168_h3,513,core,2025-07-15T11:00:00Z,2025-07-15T12:00:00Z,2025-07-15,28.14,92.0,12621.0,0.8544888018183566,2025-07-14T23:00:00Z,direct_ridge_90d_v1,157.89244832998844,13085.627571967567,0.850022697076891
2025-07-01_30d_d168_h3,514,core,2025-07-15T12:00:00Z,2025-07-15T13:00:00Z,2025-07-15,25.0,4044.0,11625.0,0.7881633650422829,2025-07-14T23:00:00Z,direct_ridge_90d_v1,4658.051898731163,12065.638785220799,0.7843649014370517
2025-07-01_30d_d168_h3,515,core,2025-07-15T13:00:00Z,2025-07-15T14:00:00Z,2025-07-15,19.43,13084.0,10500.0,0.6565338837920973,2025-07-14T23:00:00Z,direct_ridge_90d_v1,13607.432313574378,11003.237928859862,0.63988751442534
2025-07-01_30d_d168_h3,516,core,2025-07-15T14:00:00Z,2025-07-15T15:00:00Z,2025-07-15,19.29,19336.0,12581.0,0.5512894326805079,2025-07-14T23:00:00Z,direct_ridge_90d_v1,17940.76297334709,11435.655253732524,0.5744499703173105
2025-07-01_30d_d168_h3,517,core,2025-07-15T15:00:00Z,2025-07-15T16:00:00Z,2025-07-15,21.76,23067.0,13383.0,0.49586727668895775,2025-07-14T23:00:00Z,direct_ridge_90d_v1,20271.411144978112,11324.676537090452,0.5600665475461948
2025-07-01_30d_d168_h3,518,core,2025-07-15T16:00:00Z,2025-07-15T17:00:00Z,2025-07-15,27.66,24782.0,13007.0,0.5092473242076735,2025-07-14T23:00:00Z,direct_ridge_90d_v1,21613.876195357792,10749.364332180448,0.5764413265690347
2025-07-01_30d_d168_h3,519,core,2025-07-15T17:00:00Z,2025-07-15T18:00:00Z,2025-07-15,37.28,25185.0,13662.0,0.5231526818757206,2025-07-14T23:00:00Z,direct_ridge_90d_v1,22385.456232444758,10241.631627046705,0.5979435657475973
2025-07-01_30d_d168_h3,520,core,2025-07-15T18:00:00Z,2025-07-15T19:00:00Z,2025-07-15,34.64,25382.0,15294.0,0.5191886705614203,2025-07-14T23:00:00Z,direct_ridge_90d_v1,22515.242208294803,10207.177993180103,0.6134405817427686
2025-07-01_30d_d168_h3,521,core,2025-07-15T19:00:00Z,2025-07-15T20:00:00Z,2025-07-15,37.81,23771.0,15597.0,0.5390846676143399,2025-07-14T23:00:00Z,direct_ridge_90d_v1,21959.40227674187,10366.3863931885,0.6200816595715765
2025-07-01_30d_d168_h3,522,core,2025-07-15T20:00:00Z,2025-07-15T21:00:00Z,2025-07-15,38.89,22609.0,16118.0,0.5506366555263343,2025-07-14T23:00:00Z,direct_ridge_90d_v1,21170.81647034129,10762.14228056591,0.6276431387566652
2025-07-01_30d_d168_h3,523,core,2025-07-15T21:00:00Z,2025-07-15T22:00:00Z,2025-07-15,38.79,22347.0,15846.0,0.5677664643465982,2025-07-14T23:00:00Z,direct_ridge_90d_v1,20023.707653589125,11325.15349693324,0.6397935193322551
2025-07-01_30d_d168_h3,524,core,2025-07-15T22:00:00Z,2025-07-15T23:00:00Z,2025-07-15,37.24,20990.0,15882.0,0.5866829864511082,2025-07-14T23:00:00Z,direct_ridge_90d_v1,18431.24984673641,12225.343681404493,0.6563607573132753
2025-07-01_30d_d168_h3,525,core,2025-07-15T23:00:00Z,2025-07-16T00:00:00Z,2025-07-15,40.29,17395.0,17496.0,0.6147839646490059,2025-07-14T23:00:00Z,direct_ridge_90d_v1,14916.165948487222,13233.23176994842,0.68559126638477
2025-07-01_30d_d168_h3,526,core,2025-07-16T00:00:00Z,2025-07-16T01:00:00Z,2025-07-15,53.4,7818.0,19351.0,0.7019345345297787,2025-07-14T23:00:00Z,direct_ridge_90d_v1,7309.4624805448375,14210.761108802351,0.7537424379366345
2025-07-01_30d_d168_h3,527,core,2025-07-16T01:00:00Z,2025-07-16T02:00:00Z,2025-07-15,60.77,753.0,18990.0,0.769272231680286,2025-07-14T23:00:00Z,direct_ridge_90d_v1,0.0,14909.779049920922,0.8042749909981928
2025-07-01_30d_d168_h3,528,core,2025-07-16T02:00:00Z,2025-07-16T03:00:00Z,2025-07-15,51.38,0.0,19558.0,0.7811762257175462,2025-07-14T23:00:00Z,direct_ridge_90d_v1,0.0,15622.018127419622,0.8233180803517876
2025-07-01_30d_d168_h3,529,core,2025-07-16T03:00:00Z,2025-07-16T04:00:00Z,2025-07-15,39.16,0.0,20649.0,0.7749180718307176,2025-07-14T23:00:00Z,direct_ridge_90d_v1,0.0,16381.234444186339,0.8251436469041086
2025-07-01_30d_d168_h3,530,core,2025-07-16T04:00:00Z,2025-07-16T05:00:00Z,2025-07-15,29.98,0.0,21448.0,0.7323981138632087,2025-07-14T23:00:00Z,direct_ridge_90d_v1,0.0,16903.897072650718,0.8091869561210967
2025-07-01_30d_d168_h3,531,core,2025-07-16T05:00:00Z,2025-07-16T06:00:00Z,2025-07-16,26.61,0.0,21141.0,0.6983307977484832,2025-07-15T23:00:00Z,direct_ridge_90d_v1,0.0,15724.451664469554,0.81285232961142
2025-07-01_30d_d168_h3,532,core,2025-07-16T06:00:00Z,2025-07-16T07:00:00Z,2025-07-16,25.4,0.0,20095.0,0.7014565213696331,2025-07-15T23:00:00Z,direct_ridge_90d_v1,0.0,15227.315239900301,0.8126679813419228
2025-07-01_30d_d168_h3,533,core,2025-07-16T07:00:00Z,2025-07-16T08:00:00Z,2025-07-16,23.6,1.0,18672.0,0.7165278865192859,2025-07-15T23:00:00Z,direct_ridge_90d_v1,0.0,14621.022870517267,0.812946543730695
2025-07-01_30d_d168_h3,534,core,2025-07-16T08:00:00Z,2025-07-16T09:00:00Z,2025-07-16,22.44,1.0,17927.0,0.7255358472211613,2025-07-15T23:00:00Z,direct_ridge_90d_v1,0.0,14065.848775340539,0.8172995752979042
2025-07-01_30d_d168_h3,535,core,2025-07-16T09:00:00Z,2025-07-16T10:00:00Z,2025-07-16,23.2,1.0,17205.0,0.740496967013117,2025-07-15T23:00:00Z,direct_ridge_90d_v1,0.0,13411.071744323366,0.8316363539995111
2025-07-01_30d_d168_h3,536,core,2025-07-16T10:00:00Z,2025-07-16T11:00:00Z,2025-07-16,25.32,1.0,16868.0,0.7537766689932645,2025-07-15T23:00:00Z,direct_ridge_90d_v1,0.0,12712.403178055716,0.8498334054531724
2025-07-01_30d_d168_h3,537,core,2025-07-16T11:00:00Z,2025-07-16T12:00:00Z,2025-07-16,25.74,63.0,16701.0,0.7601565527024619,2025-07-15T23:00:00Z,direct_ridge_90d_v1,123.516037333813,12315.329592770262,0.8560888589842286
2025-07-01_30d_d168_h3,538,core,2025-07-16T12:00:00Z,2025-07-16T13:00:00Z,2025-07-16,22.5,4287.0,15964.0,0.7121836089207414,2025-07-15T23:00:00Z,direct_ridge_90d_v1,4242.144539355367,11354.038645300549,0.7918078007726599
2025-07-01_30d_d168_h3,539,core,2025-07-16T13:00:00Z,2025-07-16T14:00:00Z,2025-07-16,17.42,14406.0,15693.0,0.5555939238616988,2025-07-15T23:00:00Z,direct_ridge_90d_v1,12905.710139282572,10067.24839428084,0.6597058838289593
2025-07-01_30d_d168_h3,540,core,2025-07-16T14:00:00Z,2025-07-16T15:00:00Z,2025-07-16,17.0,19240.0,17877.0,0.47340209950688206,2025-07-15T23:00:00Z,direct_ridge_90d_v1,17260.51899628916,10208.47236501518,0.6029707603698623
2025-07-01_30d_d168_h3,541,core,2025-07-16T15:00:00Z,2025-07-16T16:00:00Z,2025-07-16,20.9,21735.0,18147.0,0.45595231532933495,2025-07-15T23:00:00Z,direct_ridge_90d_v1,19523.12523585573,9781.918375209902,0.5886235039299588
2025-07-01_30d_d168_h3,542,core,2025-07-16T16:00:00Z,2025-07-16T17:00:00Z,2025-07-16,28.1,23512.0,16863.0,0.4844674284511164,2025-07-15T23:00:00Z,direct_ridge_90d_v1,20790.972398588678,9554.022367738187,0.5960963665609075
2025-07-01_30d_d168_h3,543,core,2025-07-16T17:00:00Z,2025-07-16T18:00:00Z,2025-07-16,34.18,25724.0,14598.0,0.5181774316410585,2025-07-15T23:00:00Z,direct_ridge_90d_v1,21529.260610434365,9531.845817426827,0.6088065160360254
2025-07-01_30d_d168_h3,544,core,2025-07-16T18:00:00Z,2025-07-16T19:00:00Z,2025-07-16,40.42,26100.0,13440.0,0.5566950603893717,2025-07-15T23:00:00Z,direct_ridge_90d_v1,21623.12359237681,9633.109629572806,0.6241003054069568
2025-07-01_30d_d168_h3,545,core,2025-07-16T19:00:00Z,2025-07-16T20:00:00Z,2025-07-16,40.26,25830.0,13237.0,0.5772056423027999,2025-07-15T23:00:00Z,direct_ridge_90d_v1,21013.07820836003,9814.011198433749,0.634142617939842
2025-07-01_30d_d168_h3,546,core,2025-07-16T20:00:00Z,2025-07-16T21:00:00Z,2025-07-16,43.77,25532.0,13198.0,0.5803712110906066,2025-07-15T23:00:00Z,direct_ridge_90d_v1,20195.434089840226,9987.749628237318,0.6451713137014369
2025-07-01_30d_d168_h3,547,core,2025-07-16T21:00:00Z,2025-07-16T22:00:00Z,2025-07-16,44.25,24582.0,13632.0,0.5936221618404006,2025-07-15T23:00:00Z,direct_ridge_90d_v1,18873.705338268,10347.573398232269,0.6595661239613793
2025-07-01_30d_d168_h3,548,core,2025-07-16T22:00:00Z,2025-07-16T23:00:00Z,2025-07-16,41.82,22406.0,15118.0,0.600376339386142,2025-07-15T23:00:00Z,direct_ridge_90d_v1,17332.58301801198,10841.83503344679,0.6738578585338066
2025-07-01_30d_d168_h3,549,core,2025-07-16T23:00:00Z,2025-07-17T00:00:00Z,2025-07-16,41.07,17411.0,17154.0,0.6357635400912695,2025-07-15T23:00:00Z,direct_ridge_90d_v1,14269.204990266384,11532.51855354658,0.7049834052420716
2025-07-01_30d_d168_h3,550,core,2025-07-17T00:00:00Z,2025-07-17T01:00:00Z,2025-07-16,58.45,7533.0,19352.0,0.7294186390093779,2025-07-15T23:00:00Z,direct_ridge_90d_v1,7039.083115874191,12245.033355511392,0.7702384139764632
2025-07-01_30d_d168_h3,551,core,2025-07-17T01:00:00Z,2025-07-17T02:00:00Z,2025-07-16,73.82,695.0,19486.0,0.7764922115782741,2025-07-15T23:00:00Z,direct_ridge_90d_v1,0.0,12755.192606578452,0.8230932153132117
2025-07-01_30d_d168_h3,552,core,2025-07-17T02:00:00Z,2025-07-17T03:00:00Z,2025-07-16,55.32,5.0,20148.0,0.7842034665625053,2025-07-15T23:00:00Z,direct_ridge_90d_v1,0.0,13966.383564104663,0.8326616147151257
2025-07-01_30d_d168_h3,553,core,2025-07-17T03:00:00Z,2025-07-17T04:00:00Z,2025-07-16,42.29,0.0,20403.0,0.7940728606877332,2025-07-15T23:00:00Z,direct_ridge_90d_v1,0.0,15030.84379853595,0.8275002770404185
2025-07-01_30d_d168_h3,554,core,2025-07-17T04:00:00Z,2025-07-17T05:00:00Z,2025-07-16,36.08,0.0,19727.0,0.8020353286043503,2025-07-15T23:00:00Z,direct_ridge_90d_v1,0.0,15511.933178258347,0.8108207224726192
2025-07-01_30d_d168_h3,555,core,2025-07-17T05:00:00Z,2025-07-17T06:00:00Z,2025-07-17,27.63,0.0,19122.0,0.7989554149329379,2025-07-16T23:00:00Z,direct_ridge_90d_v1,0.0,15508.99379040103,0.791955496561669
2025-07-01_30d_d168_h3,556,core,2025-07-17T06:00:00Z,2025-07-17T07:00:00Z,2025-07-17,25.29,1.0,18357.0,0.7924308372542637,2025-07-16T23:00:00Z,direct_ridge_90d_v1,0.0,15015.73410350959,0.7909402417007099
2025-07-01_30d_d168_h3,557,core,2025-07-17T07:00:00Z,2025-07-17T08:00:00Z,2025-07-17,23.76,1.0,18052.0,0.7657333151718807,2025-07-16T23:00:00Z,direct_ridge_90d_v1,0.0,14400.702133753379,0.7917520995880079
2025-07-01_30d_d168_h3,558,core,2025-07-17T08:00:00Z,2025-07-17T09:00:00Z,2025-07-17,23.11,1.0,17042.0,0.7626645346688877,2025-07-16T23:00:00Z,direct_ridge_90d_v1,0.0,13774.66319477259,0.7965335002407065
2025-07-01_30d_d168_h3,559,core,2025-07-17T09:00:00Z,2025-07-17T10:00:00Z,2025-07-17,23.96,1.0,15517.0,0.794729337431154,2025-07-16T23:00:00Z,direct_ridge_90d_v1,0.0,13045.242638486303,0.808883493240165
2025-07-01_30d_d168_h3,560,core,2025-07-17T10:00:00Z,2025-07-17T11:00:00Z,2025-07-17,26.5,1.0,14846.0,0.7995623649113761,2025-07-16T23:00:00Z,direct_ridge_90d_v1,0.0,12103.361922475686,0.8313314077106674
2025-07-01_30d_d168_h3,561,core,2025-07-17T11:00:00Z,2025-07-17T12:00:00Z,2025-07-17,30.41,84.0,14457.0,0.8266425523386678,2025-07-16T23:00:00Z,direct_ridge_90d_v1,118.18085532470147,11578.27043327187,0.8437397730797023
2025-07-01_30d_d168_h3,562,core,2025-07-17T12:00:00Z,2025-07-17T13:00:00Z,2025-07-17,23.19,4170.0,13308.0,0.772637501682986,2025-07-16T23:00:00Z,direct_ridge_90d_v1,3963.634325072411,10553.414602592586,0.7805332234747739
2025-07-01_30d_d168_h3,563,core,2025-07-17T13:00:00Z,2025-07-17T14:00:00Z,2025-07-17,18.57,14889.0,9458.0,0.670621749820964,2025-07-16T23:00:00Z,direct_ridge_90d_v1,12186.021038225519,9419.360484166373,0.6432198284219877
2025-07-01_30d_d168_h3,564,core,2025-07-17T14:00:00Z,2025-07-17T15:00:00Z,2025-07-17,18.49,21676.0,7890.0,0.6112853094828343,2025-07-16T23:00:00Z,direct_ridge_90d_v1,16463.041542549377,9644.722626870009,0.5843811708843816
2025-07-01_30d_d168_h3,565,core,2025-07-17T15:00:00Z,2025-07-17T16:00:00Z,2025-07-17,21.97,23697.0,5784.0,0.6228148195075809,2025-07-16T23:00:00Z,direct_ridge_90d_v1,18970.634741553833,9018.180857793817,0.5696903338888842
2025-07-01_30d_d168_h3,566,core,2025-07-17T16:00:00Z,2025-07-17T17:00:00Z,2025-07-17,27.11,25003.0,4741.0,0.6492322880203545,2025-07-16T23:00:00Z,direct_ridge_90d_v1,20541.717377503748,8606.550501578688,0.5796980137782224
2025-07-01_30d_d168_h3,567,core,2025-07-17T17:00:00Z,2025-07-17T18:00:00Z,2025-07-17,36.21,25916.0,4848.0,0.6712331138088744,2025-07-16T23:00:00Z,direct_ridge_90d_v1,21539.75979774192,8525.346091633925,0.5922889909100613
2025-07-01_30d_d168_h3,568,core,2025-07-17T18:00:00Z,2025-07-17T19:00:00Z,2025-07-17,40.48,26984.0,5394.0,0.6648044597349448,2025-07-16T23:00:00Z,direct_ridge_90d_v1,21778.00557074528,8890.918588326265,0.6075688951418824
2025-07-01_30d_d168_h3,569,core,2025-07-17T19:00:00Z,2025-07-17T20:00:00Z,2025-07-17,41.44,26606.0,6690.0,0.6609286737304279,2025-07-16T23:00:00Z,direct_ridge_90d_v1,21376.308831829065,9238.264648978526,0.6181944788365462
2025-07-01_30d_d168_h3,570,core,2025-07-17T20:00:00Z,2025-07-17T21:00:00Z,2025-07-17,49.0,25750.0,9044.0,0.6381058217180319,2025-07-16T23:00:00Z,direct_ridge_90d_v1,20830.076945910416,9538.83466393239,0.6273886857110642
2025-07-01_30d_d168_h3,571,core,2025-07-17T21:00:00Z,2025-07-17T22:00:00Z,2025-07-17,51.37,24496.0,11714.0,0.6200149601697597,2025-07-16T23:00:00Z,direct_ridge_90d_v1,19453.716588642415,9835.191434413544,0.6445038974602552
2025-07-01_30d_d168_h3,572,core,2025-07-17T22:00:00Z,2025-07-17T23:00:00Z,2025-07-17,43.58,22048.0,13637.0,0.6243721779009852,2025-07-16T23:00:00Z,direct_ridge_90d_v1,17629.04804054375,10342.399088383765,0.6625203698638441
2025-07-01_30d_d168_h3,573,core,2025-07-17T23:00:00Z,2025-07-18T00:00:00Z,2025-07-17,43.83,17582.0,14840.0,0.6609955041479749,2025-07-16T23:00:00Z,direct_ridge_90d_v1,14175.071099457526,10840.076785019965,0.6984128814102885
2025-07-01_30d_d168_h3,574,core,2025-07-18T00:00:00Z,2025-07-18T01:00:00Z,2025-07-17,69.94,7606.0,15265.0,0.7623992341675859,2025-07-16T23:00:00Z,direct_ridge_90d_v1,6929.877471601926,11453.065249987163,0.7656530917307967
2025-07-01_30d_d168_h3,575,core,2025-07-18T01:00:00Z,2025-07-18T02:00:00Z,2025-07-17,90.11,434.0,14452.0,0.818642536330333,2025-07-16T23:00:00Z,direct_ridge_90d_v1,0.0,11997.151183713228,0.8216789367510937
2025-07-01_30d_d168_h3,576,core,2025-07-18T02:00:00Z,2025-07-18T03:00:00Z,2025-07-17,65.41,0.0,14984.0,0.8390407261041268,2025-07-16T23:00:00Z,direct_ridge_90d_v1,0.0,13189.413351213294,0.8334761337849955
2025-07-01_30d_d168_h3,577,core,2025-07-18T03:00:00Z,2025-07-18T04:00:00Z,2025-07-17,38.89,0.0,15944.0,0.8477226050702487,2025-07-16T23:00:00Z,direct_ridge_90d_v1,0.0,14169.311309817464,0.8331318956134852
2025-07-01_30d_d168_h3,578,core,2025-07-18T04:00:00Z,2025-07-18T05:00:00Z,2025-07-17,31.91,0.0,17139.0,0.830773716245071,2025-07-16T23:00:00Z,direct_ridge_90d_v1,0.0,14743.069794527963,0.8181621347292135
2025-07-01_30d_d168_h3,579,core,2025-07-18T05:00:00Z,2025-07-18T06:00:00Z,2025-07-18,30.68,1.0,17198.0,0.8094015567294626,2025-07-17T23:00:00Z,direct_ridge_90d_v1,0.0,15614.136269883349,0.7932478918793664
2025-07-01_30d_d168_h3,580,core,2025-07-18T06:00:00Z,2025-07-18T07:00:00Z,2025-07-18,26.85,1.0,17487.0,0.7846943822355487,2025-07-17T23:00:00Z,direct_ridge_90d_v1,0.0,15379.598141650404,0.7877450566113497
2025-07-01_30d_d168_h3,581,core,2025-07-18T07:00:00Z,2025-07-18T08:00:00Z,2025-07-18,24.35,0.0,17924.0,0.749779470024516,2025-07-17T23:00:00Z,direct_ridge_90d_v1,0.0,14732.035076281347,0.7864091190514546
2025-07-01_30d_d168_h3,582,core,2025-07-18T08:00:00Z,2025-07-18T09:00:00Z,2025-07-18,23.77,1.0,17044.0,0.7535876479850355,2025-07-17T23:00:00Z,direct_ridge_90d_v1,0.0,14168.935670535331,0.7920575791845108
2025-07-01_30d_d168_h3,583,core,2025-07-18T09:00:00Z,2025-07-18T10:00:00Z,2025-07-18,23.35,0.0,15039.0,0.8062209577335622,2025-07-17T23:00:00Z,direct_ridge_90d_v1,0.0,13527.027984527329,0.8004969969770502
2025-07-01_30d_d168_h3,584,core,2025-07-18T10:00:00Z,2025-07-18T11:00:00Z,2025-07-18,24.85,0.0,13301.0,0.8624170583449555,2025-07-17T23:00:00Z,direct_ridge_90d_v1,0.0,12589.964171912252,0.8205614437274154
2025-07-01_30d_d168_h3,585,core,2025-07-18T11:00:00Z,2025-07-18T12:00:00Z,2025-07-18,27.0,68.0,11404.0,0.9226283141895805,2025-07-17T23:00:00Z,direct_ridge_90d_v1,121.0082554795558,12037.937511192653,0.8336866135078289
2025-07-01_30d_d168_h3,586,core,2025-07-18T12:00:00Z,2025-07-18T13:00:00Z,2025-07-18,23.76,3786.0,9859.0,0.8877756997214894,2025-07-17T23:00:00Z,direct_ridge_90d_v1,3893.0452312409284,10988.05272221487,0.7717227216135483
2025-07-01_30d_d168_h3,587,core,2025-07-18T13:00:00Z,2025-07-18T14:00:00Z,2025-07-18,20.02,13475.0,7007.0,0.7689569167633167,2025-07-17T23:00:00Z,direct_ridge_90d_v1,11761.010831054598,10211.248935837053,0.6334605541428199
2025-07-01_30d_d168_h3,588,core,2025-07-18T14:00:00Z,2025-07-18T15:00:00Z,2025-07-18,19.33,19722.0,6469.0,0.6860195138199549,2025-07-17T23:00:00Z,direct_ridge_90d_v1,16096.423549601179,10767.757521705238,0.5751130464739121
2025-07-01_30d_d168_h3,589,core,2025-07-18T15:00:00Z,2025-07-18T16:00:00Z,2025-07-18,20.82,22925.0,6951.0,0.6300225184808665,2025-07-17T23:00:00Z,direct_ridge_90d_v1,18827.119727469853,10232.351200521862,0.5625889998261259
2025-07-01_30d_d168_h3,590,core,2025-07-18T16:00:00Z,2025-07-18T17:00:00Z,2025-07-18,26.9,23361.0,8593.0,0.6137499085659275,2025-07-17T23:00:00Z,direct_ridge_90d_v1,20511.533026330766,9840.144786106992,0.5709221253109407
2025-07-01_30d_d168_h3,591,core,2025-07-18T17:00:00Z,2025-07-18T18:00:00Z,2025-07-18,33.24,24956.0,10070.0,0.5921783324739203,2025-07-17T23:00:00Z,direct_ridge_90d_v1,21667.692828049076,9892.189068529338,0.5844041953286615
2025-07-01_30d_d168_h3,592,core,2025-07-18T18:00:00Z,2025-07-18T19:00:00Z,2025-07-18,37.37,24627.0,11390.0,0.6122704511762262,2025-07-17T23:00:00Z,direct_ridge_90d_v1,22072.507427611043,10344.443151483918,0.6006322053425064
2025-07-01_30d_d168_h3,593,core,2025-07-18T19:00:00Z,2025-07-18T20:00:00Z,2025-07-18,36.42,24309.0,13407.0,0.6106667266091925,2025-07-17T23:00:00Z,direct_ridge_90d_v1,21750.15150315568,10740.216687431874,0.6127764355846523
2025-07-01_30d_d168_h3,594,core,2025-07-18T20:00:00Z,2025-07-18T21:00:00Z,2025-07-18,39.81,22793.0,14712.0,0.6179690072813898,2025-07-17T23:00:00Z,direct_ridge_90d_v1,21184.74853299621,11190.155229012675,0.6233490128887774
2025-07-01_30d_d168_h3,595,core,2025-07-18T21:00:00Z,2025-07-18T22:00:00Z,2025-07-18,38.56,21894.0,15532.0,0.6157757675053739,2025-07-17T23:00:00Z,direct_ridge_90d_v1,19952.60034006989,11654.803771454246,0.639033335545587
2025-07-01_30d_d168_h3,596,core,2025-07-18T22:00:00Z,2025-07-18T23:00:00Z,2025-07-18,35.47,19688.0,16228.0,0.6246027601541856,2025-07-17T23:00:00Z,direct_ridge_90d_v1,18139.36399790771,12115.072298032435,0.6570839378091045
2025-07-01_30d_d168_h3,597,core,2025-07-18T23:00:00Z,2025-07-19T00:00:00Z,2025-07-18,37.6,16328.0,17058.0,0.6487888863866116,2025-07-17T23:00:00Z,direct_ridge_90d_v1,14047.044444742281,12248.787508725889,0.6941284299187772
2025-07-01_30d_d168_h3,598,core,2025-07-19T00:00:00Z,2025-07-19T01:00:00Z,2025-07-18,52.24,8846.0,18866.0,0.6957671953509881,2025-07-17T23:00:00Z,direct_ridge_90d_v1,6547.621296797815,12791.313807185126,0.766129092913628
2025-07-01_30d_d168_h3,599,core,2025-07-19T01:00:00Z,2025-07-19T02:00:00Z,2025-07-18,60.85,967.0,19504.0,0.7483400851766709,2025-07-17T23:00:00Z,direct_ridge_90d_v1,0.0,13227.594432703561,0.8202247750237134
2025-07-01_30d_d168_h3,600,core,2025-07-19T02:00:00Z,2025-07-19T03:00:00Z,2025-07-18,45.21,0.0,21682.0,0.7514061160538191,2025-07-17T23:00:00Z,direct_ridge_90d_v1,0.0,14378.079538512133,0.830977735036361
2025-07-01_30d_d168_h3,601,core,2025-07-19T03:00:00Z,2025-07-19T04:00:00Z,2025-07-18,36.17,0.0,23220.0,0.7504261591499121,2025-07-17T23:00:00Z,direct_ridge_90d_v1,0.0,15357.51577194999,0.8287774523317002
2025-07-01_30d_d168_h3,602,core,2025-07-19T04:00:00Z,2025-07-19T05:00:00Z,2025-07-18,29.76,0.0,23279.0,0.7284686948627799,2025-07-17T23:00:00Z,direct_ridge_90d_v1,0.0,16003.803822254926,0.8121693311324454
2025-07-01_30d_d168_h3,603,core,2025-07-19T05:00:00Z,2025-07-19T06:00:00Z,2025-07-19,25.04,0.0,23510.0,0.7024282757600597,2025-07-18T23:00:00Z,direct_ridge_90d_v1,0.0,16630.889279400722,0.7887175170090786
2025-07-01_30d_d168_h3,604,core,2025-07-19T06:00:00Z,2025-07-19T07:00:00Z,2025-07-19,23.31,0.0,23225.0,0.6866005323757643,2025-07-18T23:00:00Z,direct_ridge_90d_v1,0.0,16513.315705009183,0.7804448511909855
2025-07-01_30d_d168_h3,605,core,2025-07-19T07:00:00Z,2025-07-19T08:00:00Z,2025-07-19,22.31,0.0,22290.0,0.6881157336149576,2025-07-18T23:00:00Z,direct_ridge_90d_v1,0.0,15773.553696999566,0.7816306475594357
2025-07-01_30d_d168_h3,606,core,2025-07-19T08:00:00Z,2025-07-19T09:00:00Z,2025-07-19,21.39,0.0,21802.0,0.6783655425536398,2025-07-18T23:00:00Z,direct_ridge_90d_v1,0.0,14950.119051361817,0.7907260560125261
2025-07-01_30d_d168_h3,607,core,2025-07-19T09:00:00Z,2025-07-19T10:00:00Z,2025-07-19,20.74,1.0,21657.0,0.6689741457829993,2025-07-18T23:00:00Z,direct_ridge_90d_v1,0.0,14056.206929826432,0.8007254925442115
2025-07-01_30d_d168_h3,608,core,2025-07-19T10:00:00Z,2025-07-19T11:00:00Z,2025-07-19,21.19,1.0,20556.0,0.6967767149282139,2025-07-18T23:00:00Z,direct_ridge_90d_v1,0.0,13067.207659838385,0.819940724266295
2025-07-01_30d_d168_h3,609,core,2025-07-19T11:00:00Z,2025-07-19T12:00:00Z,2025-07-19,20.95,58.0,20020.0,0.7214388082826868,2025-07-18T23:00:00Z,direct_ridge_90d_v1,124.25966227855025,12366.809029055052,0.8317489628532948
2025-07-01_30d_d168_h3,610,core,2025-07-19T12:00:00Z,2025-07-19T13:00:00Z,2025-07-19,18.93,3806.0,19014.0,0.6658783018485456,2025-07-18T23:00:00Z,direct_ridge_90d_v1,4166.282388711179,11382.048497161446,0.7684470537042165
2025-07-01_30d_d168_h3,611,core,2025-07-19T13:00:00Z,2025-07-19T14:00:00Z,2025-07-19,14.93,14954.0,17299.0,0.5234002817245939,2025-07-18T23:00:00Z,direct_ridge_90d_v1,12031.373457202955,10941.718130718156,0.6300530526095198
2025-07-01_30d_d168_h3,612,core,2025-07-19T14:00:00Z,2025-07-19T15:00:00Z,2025-07-19,14.22,19939.0,19748.0,0.42410093660326326,2025-07-18T23:00:00Z,direct_ridge_90d_v1,16147.427908824298,11891.256804733432,0.5698127489930055
2025-07-01_30d_d168_h3,613,core,2025-07-19T15:00:00Z,2025-07-19T16:00:00Z,2025-07-19,16.51,22370.0,20330.0,0.3938331411686751,2025-07-18T23:00:00Z,direct_ridge_90d_v1,18985.184480487955,11738.946956838225,0.5541181492818461
2025-07-01_30d_d168_h3,614,core,2025-07-19T16:00:00Z,2025-07-19T17:00:00Z,2025-07-19,21.38,23731.0,20398.0,0.40275537378346643,2025-07-18T23:00:00Z,direct_ridge_90d_v1,20908.44993763517,11239.54856450268,0.5630846219047554
2025-07-01_30d_d168_h3,615,core,2025-07-19T17:00:00Z,2025-07-19T18:00:00Z,2025-07-19,25.13,24401.0,19361.0,0.445338579745664,2025-07-18T23:00:00Z,direct_ridge_90d_v1,22050.415466575447,10885.09025830074,0.581366605965302
2025-07-01_30d_d168_h3,616,core,2025-07-19T18:00:00Z,2025-07-19T19:00:00Z,2025-07-19,27.87,25567.0,17442.0,0.4933546602831248,2025-07-18T23:00:00Z,direct_ridge_90d_v1,22493.484066732108,11013.33481639512,0.59579945223981
2025-07-01_30d_d168_h3,617,core,2025-07-19T19:00:00Z,2025-07-19T20:00:00Z,2025-07-19,29.63,25837.0,16361.0,0.5287628178645107,2025-07-18T23:00:00Z,direct_ridge_90d_v1,22292.89197437922,11334.328438036764,0.6083344125316824
2025-07-01_30d_d168_h3,618,core,2025-07-19T20:00:00Z,2025-07-19T21:00:00Z,2025-07-19,33.02,24696.0,16684.0,0.5500523247584279,2025-07-18T23:00:00Z,direct_ridge_90d_v1,21913.191995584828,11881.025514414792,0.6205315518254205
2025-07-01_30d_d168_h3,619,core,2025-07-19T21:00:00Z,2025-07-19T22:00:00Z,2025-07-19,30.87,23733.0,17283.0,0.5565132990499709,2025-07-18T23:00:00Z,direct_ridge_90d_v1,20711.589992271143,12486.223162962939,0.6334654301837567
2025-07-01_30d_d168_h3,620,core,2025-07-19T22:00:00Z,2025-07-19T23:00:00Z,2025-07-19,30.65,22017.0,18935.0,0.5422207867141131,2025-07-18T23:00:00Z,direct_ridge_90d_v1,18995.611629722574,13179.44510083063,0.6508109176805595
2025-07-01_30d_d168_h3,621,core,2025-07-19T23:00:00Z,2025-07-20T00:00:00Z,2025-07-19,32.86,17600.0,20800.0,0.5717767342149226,2025-07-18T23:00:00Z,direct_ridge_90d_v1,14879.145973069517,13911.242269763747,0.6796455424843658
2025-07-01_30d_d168_h3,622,core,2025-07-20T00:00:00Z,2025-07-20T01:00:00Z,2025-07-19,47.46,8667.0,22160.0,0.6688885861295687,2025-07-18T23:00:00Z,direct_ridge_90d_v1,7093.874779243809,14676.75809616021,0.7524808745254101
2025-07-01_30d_d168_h3,623,core,2025-07-20T01:00:00Z,2025-07-20T02:00:00Z,2025-07-19,55.73,805.0,22166.0,0.7275870743229921,2025-07-18T23:00:00Z,direct_ridge_90d_v1,0.0,15132.163236938837,0.8039896704826648
2025-07-01_30d_d168_h3,624,core,2025-07-20T02:00:00Z,2025-07-20T03:00:00Z,2025-07-19,46.66,0.0,23766.0,0.7387101415460386,2025-07-18T23:00:00Z,direct_ridge_90d_v1,0.0,15828.397500221532,0.818766154573486
2025-07-01_30d_d168_h3,625,core,2025-07-20T03:00:00Z,2025-07-20T04:00:00Z,2025-07-19,31.93,0.0,25605.0,0.7196792415440352,2025-07-18T23:00:00Z,direct_ridge_90d_v1,0.0,16487.825898018193,0.8203946920206091
2025-07-01_30d_d168_h3,626,core,2025-07-20T04:00:00Z,2025-07-20T05:00:00Z,2025-07-19,26.78,0.0,26586.0,0.6701600418550984,2025-07-18T23:00:00Z,direct_ridge_90d_v1,0.0,17021.257596696887,0.8038313364893481
2025-07-01_30d_d168_h3,627,core,2025-07-20T05:00:00Z,2025-07-20T06:00:00Z,2025-07-20,25.48,0.0,26358.0,0.6747918308738633,2025-07-19T23:00:00Z,direct_ridge_90d_v1,0.0,15571.418256021985,0.802740952407265
2025-07-01_30d_d168_h3,628,core,2025-07-20T06:00:00Z,2025-07-20T07:00:00Z,2025-07-20,24.07,0.0,25879.0,0.6605448488151928,2025-07-19T23:00:00Z,direct_ridge_90d_v1,0.0,15277.860787068494,0.7992593126968703
2025-07-01_30d_d168_h3,629,core,2025-07-20T07:00:00Z,2025-07-20T08:00:00Z,2025-07-20,22.49,0.0,25052.0,0.651757557159826,2025-07-19T23:00:00Z,direct_ridge_90d_v1,0.0,14808.860312344908,0.7964778271327059
2025-07-01_30d_d168_h3,630,core,2025-07-20T08:00:00Z,2025-07-20T09:00:00Z,2025-07-20,21.8,0.0,24430.0,0.6441768719550082,2025-07-19T23:00:00Z,direct_ridge_90d_v1,0.0,14280.281226972598,0.7982854060465129
2025-07-01_30d_d168_h3,631,core,2025-07-20T09:00:00Z,2025-07-20T10:00:00Z,2025-07-20,21.5,0.0,23693.0,0.6498215409735177,2025-07-19T23:00:00Z,direct_ridge_90d_v1,0.0,13621.013699597552,0.8039651670340144
2025-07-01_30d_d168_h3,632,core,2025-07-20T10:00:00Z,2025-07-20T11:00:00Z,2025-07-20,20.43,0.0,23104.0,0.6511908400547024,2025-07-19T23:00:00Z,direct_ridge_90d_v1,0.0,12858.096272174238,0.8177006323906029
2025-07-01_30d_d168_h3,633,core,2025-07-20T11:00:00Z,2025-07-20T12:00:00Z,2025-07-20,20.29,59.0,23003.0,0.6460471454182164,2025-07-19T23:00:00Z,direct_ridge_90d_v1,121.57742567731826,12101.266337171932,0.8273808121686705
2025-07-01_30d_d168_h3,634,core,2025-07-20T12:00:00Z,2025-07-20T13:00:00Z,2025-07-20,17.53,3644.0,22056.0,0.6060164556977669,2025-07-19T23:00:00Z,direct_ridge_90d_v1,4071.7857451836308,10959.523198342828,0.7604214979905675
2025-07-01_30d_d168_h3,635,core,2025-07-20T13:00:00Z,2025-07-20T14:00:00Z,2025-07-20,12.27,12904.0,21091.0,0.4873984928674945,2025-07-19T23:00:00Z,direct_ridge_90d_v1,12052.710532443476,10066.720145225132,0.6225895875777046
2025-07-01_30d_d168_h3,636,core,2025-07-20T14:00:00Z,2025-07-20T15:00:00Z,2025-07-20,12.1,19154.0,21813.0,0.4069476623455948,2025-07-19T23:00:00Z,direct_ridge_90d_v1,16413.839300945925,10816.580409083872,0.5604386672960255
2025-07-01_30d_d168_h3,637,core,2025-07-20T15:00:00Z,2025-07-20T16:00:00Z,2025-07-20,14.81,21733.0,20471.0,0.4083272014710238,2025-07-19T23:00:00Z,direct_ridge_90d_v1,19344.97994065742,10604.59589402872,0.5435504480139784
2025-07-01_30d_d168_h3,638,core,2025-07-20T16:00:00Z,2025-07-20T17:00:00Z,2025-07-20,18.98,23726.0,18413.0,0.4336473161827159,2025-07-19T23:00:00Z,direct_ridge_90d_v1,21183.740413440817,10086.360311697337,0.5546133436966262
2025-07-01_30d_d168_h3,639,core,2025-07-20T17:00:00Z,2025-07-20T18:00:00Z,2025-07-20,22.99,25354.0,17349.0,0.4549915355778646,2025-07-19T23:00:00Z,direct_ridge_90d_v1,22391.55617095884,9684.471869417492,0.5739204215669855
2025-07-01_30d_d168_h3,640,core,2025-07-20T18:00:00Z,2025-07-20T19:00:00Z,2025-07-20,27.15,25222.0,17113.0,0.49623958607945845,2025-07-19T23:00:00Z,direct_ridge_90d_v1,22874.2026361754,9927.319886534271,0.5860462834641873
2025-07-01_30d_d168_h3,641,core,2025-07-20T19:00:00Z,2025-07-20T20:00:00Z,2025-07-20,29.04,24864.0,16935.0,0.5232288855236648,2025-07-19T23:00:00Z,direct_ridge_90d_v1,22700.109674500145,10205.771753712606,0.5989786902363623
2025-07-01_30d_d168_h3,642,core,2025-07-20T20:00:00Z,2025-07-20T21:00:00Z,2025-07-20,31.73,23452.0,16935.0,0.5534117841250119,2025-07-19T23:00:00Z,direct_ridge_90d_v1,22410.56540574221,10654.746355101028,0.6112007635983505
2025-07-01_30d_d168_h3,643,core,2025-07-20T21:00:00Z,2025-07-20T22:00:00Z,2025-07-20,32.33,22349.0,16899.0,0.5823524037165569,2025-07-19T23:00:00Z,direct_ridge_90d_v1,21144.237247617108,11129.305647298248,0.6241979289239609
2025-07-01_30d_d168_h3,644,core,2025-07-20T22:00:00Z,2025-07-20T23:00:00Z,2025-07-20,31.66,19955.0,17584.0,0.6062752406249599,2025-07-19T23:00:00Z,direct_ridge_90d_v1,19406.713227094137,11923.275966822908,0.6416141493114073
2025-07-01_30d_d168_h3,645,core,2025-07-20T23:00:00Z,2025-07-21T00:00:00Z,2025-07-20,37.38,15383.0,20053.0,0.6293802242270129,2025-07-19T23:00:00Z,direct_ridge_90d_v1,15144.768741318243,13070.011908511104,0.6767789678128919
2025-07-01_30d_d168_h3,646,core,2025-07-21T00:00:00Z,2025-07-21T01:00:00Z,2025-07-20,51.9,6390.0,23556.0,0.6682123036864462,2025-07-19T23:00:00Z,direct_ridge_90d_v1,7224.607725891854,13828.979749246251,0.7477628169441459
2025-07-01_30d_d168_h3,647,core,2025-07-21T01:00:00Z,2025-07-21T02:00:00Z,2025-07-20,53.2,515.0,25423.0,0.6911451606623644,2025-07-19T23:00:00Z,direct_ridge_90d_v1,0.0,14287.9022147911,0.8022829594371468
2025-07-01_30d_d168_h3,648,core,2025-07-21T02:00:00Z,2025-07-21T03:00:00Z,2025-07-20,46.33,0.0,26216.0,0.6920980642463997,2025-07-19T23:00:00Z,direct_ridge_90d_v1,0.0,14999.023137179522,0.8201263840646266
2025-07-01_30d_d168_h3,649,core,2025-07-21T03:00:00Z,2025-07-21T04:00:00Z,2025-07-20,33.71,0.0,26181.0,0.706369054754974,2025-07-19T23:00:00Z,direct_ridge_90d_v1,0.0,15616.489006333528,0.8240958379177593
2025-07-01_30d_d168_h3,650,core,2025-07-21T04:00:00Z,2025-07-21T05:00:00Z,2025-07-20,27.04,0.0,26123.0,0.6817690100415223,2025-07-19T23:00:00Z,direct_ridge_90d_v1,0.0,15951.86163865761,0.8111104217658099
2025-07-01_30d_d168_h3,651,core,2025-07-21T05:00:00Z,2025-07-21T06:00:00Z,2025-07-21,26.81,0.0,25709.0,0.6770825664032987,2025-07-20T23:00:00Z,direct_ridge_90d_v1,0.0,16345.49468700975,0.7868536946793911
2025-07-01_30d_d168_h3,652,core,2025-07-21T06:00:00Z,2025-07-21T07:00:00Z,2025-07-21,24.17,0.0,24773.0,0.6774519141418952,2025-07-20T23:00:00Z,direct_ridge_90d_v1,0.0,16235.557539024587,0.7805879441633065
2025-07-01_30d_d168_h3,653,core,2025-07-21T07:00:00Z,2025-07-21T08:00:00Z,2025-07-21,21.98,0.0,23495.0,0.6795732279821182,2025-07-20T23:00:00Z,direct_ridge_90d_v1,0.0,15736.147425978877,0.7759294015196438
2025-07-01_30d_d168_h3,654,core,2025-07-21T08:00:00Z,2025-07-21T09:00:00Z,2025-07-21,21.58,0.0,22685.0,0.6824818631251769,2025-07-20T23:00:00Z,direct_ridge_90d_v1,0.0,15131.962021860558,0.7790231096151312
2025-07-01_30d_d168_h3,655,core,2025-07-21T09:00:00Z,2025-07-21T10:00:00Z,2025-07-21,22.17,0.0,21750.0,0.7062992902386257,2025-07-20T23:00:00Z,direct_ridge_90d_v1,0.0,14395.13030464586,0.7928151310138908
2025-07-01_30d_d168_h3,656,core,2025-07-21T10:00:00Z,2025-07-21T11:00:00Z,2025-07-21,24.35,0.0,20935.0,0.7404339878985466,2025-07-20T23:00:00Z,direct_ridge_90d_v1,0.0,13489.711539312579,0.8181602172545791
2025-07-01_30d_d168_h3,657,core,2025-07-21T11:00:00Z,2025-07-21T12:00:00Z,2025-07-21,23.84,93.0,19719.0,0.771742777204457,2025-07-20T23:00:00Z,direct_ridge_90d_v1,95.6965349170367,12539.336010893061,0.8417523517590675
2025-07-01_30d_d168_h3,658,core,2025-07-21T12:00:00Z,2025-07-21T13:00:00Z,2025-07-21,22.66,3939.0,18245.0,0.7384005220839546,2025-07-20T23:00:00Z,direct_ridge_90d_v1,3635.904825154258,11127.55857508853,0.7889511808419156
2025-07-01_30d_d168_h3,659,core,2025-07-21T13:00:00Z,2025-07-21T14:00:00Z,2025-07-21,16.27,13088.0,17206.0,0.6156445363145772,2025-07-20T23:00:00Z,direct_ridge_90d_v1,11680.703100755387,9898.435025903123,0.654453905271343
2025-07-01_30d_d168_h3,660,core,2025-07-21T14:00:00Z,2025-07-21T15:00:00Z,2025-07-21,14.31,21454.0,18378.0,0.4736098479191927,2025-07-20T23:00:00Z,direct_ridge_90d_v1,16503.865531918593,10218.523614566468,0.5900085858362926
2025-07-01_30d_d168_h3,661,core,2025-07-21T15:00:00Z,2025-07-21T16:00:00Z,2025-07-21,17.71,25376.0,18481.0,0.4207285902291328,2025-07-20T23:00:00Z,direct_ridge_90d_v1,19274.03958083669,9601.837773845273,0.5762067664912794
2025-07-01_30d_d168_h3,662,core,2025-07-21T16:00:00Z,2025-07-21T17:00:00Z,2025-07-21,24.96,26845.0,16560.0,0.46008424444553936,2025-07-20T23:00:00Z,direct_ridge_90d_v1,20835.2004415362,9011.24981874609,0.5914614365499248
2025-07-01_30d_d168_h3,663,core,2025-07-21T17:00:00Z,2025-07-21T18:00:00Z,2025-07-21,31.45,27519.0,15668.0,0.5012071945697001,2025-07-20T23:00:00Z,direct_ridge_90d_v1,21966.182695703283,8816.843836743303,0.6053511440975669
2025-07-01_30d_d168_h3,664,core,2025-07-21T18:00:00Z,2025-07-21T19:00:00Z,2025-07-21,37.6,27656.0,15235.0,0.5275386199260279,2025-07-20T23:00:00Z,direct_ridge_90d_v1,22214.31597282035,9282.517254798162,0.6190971056933977
2025-07-01_30d_d168_h3,665,core,2025-07-21T19:00:00Z,2025-07-21T20:00:00Z,2025-07-21,42.57,27172.0,15225.0,0.5319196804283407,2025-07-20T23:00:00Z,direct_ridge_90d_v1,21684.880609563745,9961.108286312186,0.6291111734495363
2025-07-01_30d_d168_h3,666,core,2025-07-21T20:00:00Z,2025-07-21T21:00:00Z,2025-07-21,39.12,26047.0,16040.0,0.5323173655528971,2025-07-20T23:00:00Z,direct_ridge_90d_v1,20918.848665023783,10762.30993046745,0.6321867822376269
2025-07-01_30d_d168_h3,667,core,2025-07-21T21:00:00Z,2025-07-21T22:00:00Z,2025-07-21,38.9,24708.0,17462.0,0.5355246099533498,2025-07-20T23:00:00Z,direct_ridge_90d_v1,19843.650846127923,11455.892914975822,0.641878374084616
2025-07-01_30d_d168_h3,668,core,2025-07-21T22:00:00Z,2025-07-21T23:00:00Z,2025-07-21,37.35,21668.0,19857.0,0.5437262251437441,2025-07-20T23:00:00Z,direct_ridge_90d_v1,17988.594595832226,12081.84866893141,0.6566737697217412
2025-07-01_30d_d168_h3,669,core,2025-07-21T23:00:00Z,2025-07-22T00:00:00Z,2025-07-21,40.2,15954.0,22007.0,0.5931980321455708,2025-07-20T23:00:00Z,direct_ridge_90d_v1,14435.894726060284,12541.580278192714,0.6977108866264466
2025-07-01_30d_d168_h3,670,core,2025-07-22T00:00:00Z,2025-07-22T01:00:00Z,2025-07-21,60.88,6782.0,23777.0,0.6668849412225405,2025-07-20T23:00:00Z,direct_ridge_90d_v1,6649.400581138554,13284.537801609786,0.7620456643767506
2025-07-01_30d_d168_h3,671,core,2025-07-22T01:00:00Z,2025-07-22T02:00:00Z,2025-07-21,68.31,662.0,24476.0,0.7177202645917258,2025-07-20T23:00:00Z,direct_ridge_90d_v1,0.0,13725.832893634955,0.8113860285369064
2025-07-01_30d_d168_h3,672,core,2025-07-22T02:00:00Z,2025-07-22T03:00:00Z,2025-07-21,51.83,0.0,24729.0,0.7306062698096181,2025-07-20T23:00:00Z,direct_ridge_90d_v1,0.0,14609.21087328026,0.8268721823979898
2025-07-01_30d_d168_h3,673,core,2025-07-22T03:00:00Z,2025-07-22T04:00:00Z,2025-07-21,43.96,0.0,24874.0,0.7325781455622972,2025-07-20T23:00:00Z,direct_ridge_90d_v1,0.0,15578.268160188585,0.825261073022668
2025-07-01_30d_d168_h3,674,core,2025-07-22T04:00:00Z,2025-07-22T05:00:00Z,2025-07-21,31.19,0.0,24258.0,0.7341255753619216,2025-07-20T23:00:00Z,direct_ridge_90d_v1,0.0,16119.514689763126,0.8098930198142212
2025-07-01_30d_d168_h3,675,core,2025-07-22T05:00:00Z,2025-07-22T06:00:00Z,2025-07-22,27.19,0.0,23622.0,0.7289106999686397,2025-07-21T23:00:00Z,direct_ridge_90d_v1,0.0,18248.034063256047,0.7764450509782894
2025-07-01_30d_d168_h3,676,core,2025-07-22T06:00:00Z,2025-07-22T07:00:00Z,2025-07-22,24.33,0.0,23162.0,0.7192502983747207,2025-07-21T23:00:00Z,direct_ridge_90d_v1,0.0,18290.415157400214,0.7628592561477404
2025-07-01_30d_d168_h3,677,core,2025-07-22T07:00:00Z,2025-07-22T08:00:00Z,2025-07-22,23.91,0.0,22882.0,0.6921800905594144,2025-07-21T23:00:00Z,direct_ridge_90d_v1,0.0,17566.082807822753,0.7607459748086841
2025-07-01_30d_d168_h3,678,core,2025-07-22T08:00:00Z,2025-07-22T09:00:00Z,2025-07-22,22.39,0.0,22770.0,0.671229152296647,2025-07-21T23:00:00Z,direct_ridge_90d_v1,0.0,16562.570856500606,0.7702641130850734
2025-07-01_30d_d168_h3,679,core,2025-07-22T09:00:00Z,2025-07-22T10:00:00Z,2025-07-22,22.37,0.0,21864.0,0.6977032859788759,2025-07-21T23:00:00Z,direct_ridge_90d_v1,0.0,15508.130449853299,0.787023288758815
2025-07-01_30d_d168_h3,680,core,2025-07-22T10:00:00Z,2025-07-22T11:00:00Z,2025-07-22,23.84,0.0,21927.0,0.697966024825771,2025-07-21T23:00:00Z,direct_ridge_90d_v1,0.0,14204.535959548663,0.8187192955219164
2025-07-01_30d_d168_h3,681,core,2025-07-22T11:00:00Z,2025-07-22T12:00:00Z,2025-07-22,25.37,77.0,21664.0,0.7051518732822217,2025-07-21T23:00:00Z,direct_ridge_90d_v1,111.07147886946156,13264.259345978237,0.8436124367017184
2025-07-01_30d_d168_h3,682,core,2025-07-22T12:00:00Z,2025-07-22T13:00:00Z,2025-07-22,22.04,4667.0,20831.0,0.6447927215380811,2025-07-21T23:00:00Z,direct_ridge_90d_v1,4042.1986424280035,12004.624898934218,0.7900917565979199
2025-07-01_30d_d168_h3,683,core,2025-07-22T13:00:00Z,2025-07-22T14:00:00Z,2025-07-22,18.13,16234.0,20241.0,0.48591285722167726,2025-07-21T23:00:00Z,direct_ridge_90d_v1,12318.808187533323,11300.222287205761,0.6494558335427648
2025-07-01_30d_d168_h3,684,core,2025-07-22T14:00:00Z,2025-07-22T15:00:00Z,2025-07-22,16.49,22047.0,20966.0,0.39424907820312977,2025-07-21T23:00:00Z,direct_ridge_90d_v1,16887.59056427176,12069.985374752856,0.5888110154078772
2025-07-01_30d_d168_h3,685,core,2025-07-22T15:00:00Z,2025-07-22T16:00:00Z,2025-07-22,19.57,24399.0,20125.0,0.3748484983405729,2025-07-21T23:00:00Z,direct_ridge_90d_v1,19761.51028728344,11788.468877692769,0.5770031614138387
2025-07-01_30d_d168_h3,686,core,2025-07-22T16:00:00Z,2025-07-22T17:00:00Z,2025-07-22,25.15,26064.0,19084.0,0.4016670303946886,2025-07-21T23:00:00Z,direct_ridge_90d_v1,21361.804602544125,11327.625087239585,0.5876290346767384
2025-07-01_30d_d168_h3,687,core,2025-07-22T17:00:00Z,2025-07-22T18:00:00Z,2025-07-22,31.17,27164.0,18128.0,0.4432147708420247,2025-07-21T23:00:00Z,direct_ridge_90d_v1,22461.107892467655,11053.191774740275,0.6031192595643398
2025-07-01_30d_d168_h3,688,core,2025-07-22T18:00:00Z,2025-07-22T19:00:00Z,2025-07-22,35.2,26897.0,17384.0,0.4874906755445994,2025-07-21T23:00:00Z,direct_ridge_90d_v1,22771.14318235283,11246.135672233386,0.6205940355730419
2025-07-01_30d_d168_h3,689,core,2025-07-22T19:00:00Z,2025-07-22T20:00:00Z,2025-07-22,37.02,26472.0,17630.0,0.49752817557265927,2025-07-21T23:00:00Z,direct_ridge_90d_v1,22131.925066609183,11773.149807858283,0.6309724841936513
2025-07-01_30d_d168_h3,690,core,2025-07-22T20:00:00Z,2025-07-22T21:00:00Z,2025-07-22,40.0,24820.0,17483.0,0.5236206240316343,2025-07-21T23:00:00Z,direct_ridge_90d_v1,21522.38515864537,12615.304322313255,0.634105284642469
2025-07-01_30d_d168_h3,691,core,2025-07-22T21:00:00Z,2025-07-22T22:00:00Z,2025-07-22,39.3,23217.0,18482.0,0.534540494575411,2025-07-21T23:00:00Z,direct_ridge_90d_v1,20417.783496698707,13438.624451028536,0.6389242823494525
2025-07-01_30d_d168_h3,692,core,2025-07-22T22:00:00Z,2025-07-22T23:00:00Z,2025-07-22,38.19,20225.0,20617.0,0.5487391507273401,2025-07-21T23:00:00Z,direct_ridge_90d_v1,18568.581011870698,14113.13993640617,0.6513679268456554
2025-07-01_30d_d168_h3,693,core,2025-07-22T23:00:00Z,2025-07-23T00:00:00Z,2025-07-22,37.93,15121.0,22955.0,0.5867543095621498,2025-07-21T23:00:00Z,direct_ridge_90d_v1,14916.634261610056,14177.221975495737,0.6899307527878226
2025-07-01_30d_d168_h3,694,core,2025-07-23T00:00:00Z,2025-07-23T01:00:00Z,2025-07-22,59.05,6600.0,23256.0,0.6844431960444308,2025-07-21T23:00:00Z,direct_ridge_90d_v1,6941.7825932765145,15011.369189231718,0.7571866621717271
2025-07-01_30d_d168_h3,695,core,2025-07-23T01:00:00Z,2025-07-23T02:00:00Z,2025-07-22,60.86,373.0,21733.0,0.7524615680143363,2025-07-21T23:00:00Z,direct_ridge_90d_v1,0.0,15591.889979691787,0.8041119866721205
2025-07-01_30d_d168_h3,696,core,2025-07-23T02:00:00Z,2025-07-23T03:00:00Z,2025-07-22,55.99,2.0,21158.0,0.7710487654495093,2025-07-21T23:00:00Z,direct_ridge_90d_v1,0.0,16436.02805047959,0.8151908002670213
2025-07-01_30d_d168_h3,697,core,2025-07-23T03:00:00Z,2025-07-23T04:00:00Z,2025-07-22,38.8,0.0,19336.0,0.8154532864520431,2025-07-21T23:00:00Z,direct_ridge_90d_v1,0.0,17298.48283725833,0.8136152713698844
2025-07-01_30d_d168_h3,698,core,2025-07-23T04:00:00Z,2025-07-23T05:00:00Z,2025-07-22,31.74,0.0,18625.0,0.8306238510378204,2025-07-21T23:00:00Z,direct_ridge_90d_v1,0.0,17940.310346059603,0.796799698737199
2025-07-01_30d_d168_h3,699,core,2025-07-23T05:00:00Z,2025-07-23T06:00:00Z,2025-07-23,28.67,0.0,20026.0,0.7953251742455062,2025-07-22T23:00:00Z,direct_ridge_90d_v1,0.0,18678.46907314564,0.7755663351792025
2025-07-01_30d_d168_h3,700,core,2025-07-23T06:00:00Z,2025-07-23T07:00:00Z,2025-07-23,26.82,0.0,19525.0,0.7746493336524253,2025-07-22T23:00:00Z,direct_ridge_90d_v1,0.0,18754.611771415446,0.7621964735229829
2025-07-01_30d_d168_h3,701,core,2025-07-23T07:00:00Z,2025-07-23T08:00:00Z,2025-07-23,24.78,1.0,18548.0,0.7774230386601558,2025-07-22T23:00:00Z,direct_ridge_90d_v1,0.0,18019.2668509816,0.7608757678725762
2025-07-01_30d_d168_h3,702,core,2025-07-23T08:00:00Z,2025-07-23T09:00:00Z,2025-07-23,23.55,1.0,17048.0,0.8006906598048,2025-07-22T23:00:00Z,direct_ridge_90d_v1,0.0,17129.232844825186,0.7692110124295837
2025-07-01_30d_d168_h3,703,core,2025-07-23T09:00:00Z,2025-07-23T10:00:00Z,2025-07-23,23.19,1.0,15753.0,0.8390306424751935,2025-07-22T23:00:00Z,direct_ridge_90d_v1,0.0,16240.232661697788,0.7833440026141119
2025-07-01_30d_d168_h3,704,core,2025-07-23T10:00:00Z,2025-07-23T11:00:00Z,2025-07-23,24.97,1.0,14691.0,0.866681906828548,2025-07-22T23:00:00Z,direct_ridge_90d_v1,0.0,14961.964978647573,0.8123582183322061
2025-07-01_30d_d168_h3,705,core,2025-07-23T11:00:00Z,2025-07-23T12:00:00Z,2025-07-23,25.69,70.0,13375.0,0.888498824054795,2025-07-22T23:00:00Z,direct_ridge_90d_v1,96.24115980720804,13903.402314678147,0.8369687970757881
2025-07-01_30d_d168_h3,706,core,2025-07-23T12:00:00Z,2025-07-23T13:00:00Z,2025-07-23,22.79,4527.0,13063.0,0.8124317506391121,2025-07-22T23:00:00Z,direct_ridge_90d_v1,3800.5809245759697,12622.446995149261,0.7803787989713049
2025-07-01_30d_d168_h3,707,core,2025-07-23T13:00:00Z,2025-07-23T14:00:00Z,2025-07-23,17.47,15277.0,13310.0,0.6069419225609769,2025-07-22T23:00:00Z,direct_ridge_90d_v1,12031.76500604978,12032.904341804668,0.6382653812422818
2025-07-01_30d_d168_h3,708,core,2025-07-23T14:00:00Z,2025-07-23T15:00:00Z,2025-07-23,16.45,20728.0,16582.0,0.48942272709389334,2025-07-22T23:00:00Z,direct_ridge_90d_v1,16585.55255598724,13029.904574496026,0.5743209748376199
2025-07-01_30d_d168_h3,709,core,2025-07-23T15:00:00Z,2025-07-23T16:00:00Z,2025-07-23,18.71,23342.0,18601.0,0.43962984852003406,2025-07-22T23:00:00Z,direct_ridge_90d_v1,19474.44830557958,12878.383562659246,0.5601814057627214
2025-07-01_30d_d168_h3,710,core,2025-07-23T16:00:00Z,2025-07-23T17:00:00Z,2025-07-23,24.11,25024.0,17042.0,0.4633133665873599,2025-07-22T23:00:00Z,direct_ridge_90d_v1,21132.288686631335,12305.006069075704,0.5721635087309485
2025-07-01_30d_d168_h3,711,core,2025-07-23T17:00:00Z,2025-07-23T18:00:00Z,2025-07-23,30.53,26498.0,14655.0,0.5110579558985101,2025-07-22T23:00:00Z,direct_ridge_90d_v1,22181.965697114756,11903.65032819224,0.5912900387642536
2025-07-01_30d_d168_h3,712,core,2025-07-23T18:00:00Z,2025-07-23T19:00:00Z,2025-07-23,37.13,27282.0,13225.0,0.5437579022259689,2025-07-22T23:00:00Z,direct_ridge_90d_v1,22444.00781488652,12071.88958258964,0.6085996670562425
2025-07-01_30d_d168_h3,713,core,2025-07-23T19:00:00Z,2025-07-23T20:00:00Z,2025-07-23,39.98,27152.0,13169.0,0.5534481676941612,2025-07-22T23:00:00Z,direct_ridge_90d_v1,21964.645822901508,12526.267080158104,0.6187495804036122
2025-07-01_30d_d168_h3,714,core,2025-07-23T20:00:00Z,2025-07-23T21:00:00Z,2025-07-23,42.12,25606.0,15398.0,0.5523255865280293,2025-07-22T23:00:00Z,direct_ridge_90d_v1,21313.31515888148,13303.991553492378,0.6261132527593327
2025-07-01_30d_d168_h3,715,core,2025-07-23T21:00:00Z,2025-07-23T22:00:00Z,2025-07-23,40.96,24189.0,17548.0,0.546339816879535,2025-07-22T23:00:00Z,direct_ridge_90d_v1,20199.56316473209,14063.355428793113,0.6329931641870286
2025-07-01_30d_d168_h3,716,core,2025-07-23T22:00:00Z,2025-07-23T23:00:00Z,2025-07-23,37.89,22272.0,19315.0,0.5477374568039298,2025-07-22T23:00:00Z,direct_ridge_90d_v1,18377.335416375987,14874.0985986974,0.6460789362840111
2025-07-01_30d_d168_h3,717,core,2025-07-23T23:00:00Z,2025-07-24T00:00:00Z,2025-07-23,37.41,18338.0,21045.0,0.5699393148843581,2025-07-22T23:00:00Z,direct_ridge_90d_v1,14401.849962485961,15209.925766473445,0.670544096929288
2025-07-01_30d_d168_h3,718,core,2025-07-24T00:00:00Z,2025-07-24T01:00:00Z,2025-07-23,64.18,7399.0,21982.0,0.687024096357871,2025-07-22T23:00:00Z,direct_ridge_90d_v1,6756.46067733292,16094.655734937562,0.7416667690613272
2025-07-01_30d_d168_h3,719,core,2025-07-24T01:00:00Z,2025-07-24T02:00:00Z,2025-07-23,76.23,404.0,21251.0,0.7617603528502269,2025-07-22T23:00:00Z,direct_ridge_90d_v1,0.0,16644.340272470905,0.7907965523339371
2025-07-01_30d_d168_h3,720,core,2025-07-24T02:00:00Z,2025-07-24T03:00:00Z,2025-07-23,51.32,0.0,22266.0,0.7719092914318628,2025-07-22T23:00:00Z,direct_ridge_90d_v1,0.0,17372.88938203037,0.8039418120415948
2025-07-01_30d_d168_h3,721,core,2025-07-24T03:00:00Z,2025-07-24T04:00:00Z,2025-07-23,40.35,0.0,23162.0,0.7627528917072365,2025-07-22T23:00:00Z,direct_ridge_90d_v1,0.0,18160.72140582355,0.8013362926058469
2025-07-01_30d_d168_h3,722,core,2025-07-24T04:00:00Z,2025-07-24T05:00:00Z,2025-07-23,30.29,0.0,23037.0,0.7357932167579754,2025-07-22T23:00:00Z,direct_ridge_90d_v1,0.0,18692.009396470872,0.7827842068210789
2025-07-01_30d_d168_h3,723,core,2025-07-24T05:00:00Z,2025-07-24T06:00:00Z,2025-07-24,25.2,0.0,22298.0,0.723875418655692,2025-07-23T23:00:00Z,direct_ridge_90d_v1,0.0,18599.571782221305,0.7684508480940965
2025-07-01_30d_d168_h3,724,core,2025-07-24T06:00:00Z,2025-07-24T07:00:00Z,2025-07-24,22.88,0.0,20097.0,0.7453416047081929,2025-07-23T23:00:00Z,direct_ridge_90d_v1,0.0,18451.45387095793,0.758960680504339
2025-07-01_30d_d168_h3,725,core,2025-07-24T07:00:00Z,2025-07-24T08:00:00Z,2025-07-24,21.76,0.0,18168.0,0.7728689406360378,2025-07-23T23:00:00Z,direct_ridge_90d_v1,0.0,17676.690345931762,0.7574165035316099
2025-07-01_30d_d168_h3,726,core,2025-07-24T08:00:00Z,2025-07-24T09:00:00Z,2025-07-24,21.36,0.0,18277.0,0.7567142825772579,2025-07-23T23:00:00Z,direct_ridge_90d_v1,0.0,16896.30428165539,0.7612632161208347
2025-07-01_30d_d168_h3,727,core,2025-07-24T09:00:00Z,2025-07-24T10:00:00Z,2025-07-24,20.97,0.0,17896.0,0.750305876014641,2025-07-23T23:00:00Z,direct_ridge_90d_v1,0.0,16112.589614009437,0.7717494819416164
2025-07-01_30d_d168_h3,728,core,2025-07-24T10:00:00Z,2025-07-24T11:00:00Z,2025-07-24,21.44,0.0,17439.0,0.7688385233307226,2025-07-23T23:00:00Z,direct_ridge_90d_v1,0.0,14937.917273124733,0.7993234317881782
2025-07-01_30d_d168_h3,729,core,2025-07-24T11:00:00Z,2025-07-24T12:00:00Z,2025-07-24,23.83,51.0,16857.0,0.7898801983862939,2025-07-23T23:00:00Z,direct_ridge_90d_v1,92.78850061867391,13815.403661735625,0.8238182435644037
2025-07-01_30d_d168_h3,730,core,2025-07-24T12:00:00Z,2025-07-24T13:00:00Z,2025-07-24,21.48,4938.0,15562.0,0.7256706339937005,2025-07-23T23:00:00Z,direct_ridge_90d_v1,3586.4417389173414,12545.586400659273,0.7643076252526116
2025-07-01_30d_d168_h3,731,core,2025-07-24T13:00:00Z,2025-07-24T14:00:00Z,2025-07-24,16.27,18246.0,13500.0,0.5487147349997832,2025-07-23T23:00:00Z,direct_ridge_90d_v1,11334.411116787172,11899.306625454818,0.6244087825309
2025-07-01_30d_d168_h3,732,core,2025-07-24T14:00:00Z,2025-07-24T15:00:00Z,2025-07-24,15.81,24667.0,14290.0,0.4515556894289235,2025-07-23T23:00:00Z,direct_ridge_90d_v1,15944.709654680397,12922.322999257403,0.5621576665645894
2025-07-01_30d_d168_h3,733,core,2025-07-24T15:00:00Z,2025-07-24T16:00:00Z,2025-07-24,18.05,26969.0,11780.0,0.4749398101923974,2025-07-23T23:00:00Z,direct_ridge_90d_v1,18939.832279827475,12653.172017095847,0.5492072454954102
2025-07-01_30d_d168_h3,734,core,2025-07-24T16:00:00Z,2025-07-24T17:00:00Z,2025-07-24,26.19,28082.0,8349.0,0.5388281526194413,2025-07-23T23:00:00Z,direct_ridge_90d_v1,20782.40070706291,12010.091411649624,0.5610595507290894
2025-07-01_30d_d168_h3,735,core,2025-07-24T17:00:00Z,2025-07-24T18:00:00Z,2025-07-24,33.0,28177.0,5995.0,0.6133306217272753,2025-07-23T23:00:00Z,direct_ridge_90d_v1,22104.39711943485,11592.390699085812,0.5799399461597289
2025-07-01_30d_d168_h3,736,core,2025-07-24T18:00:00Z,2025-07-24T19:00:00Z,2025-07-24,41.58,28086.0,4502.0,0.6746641432083166,2025-07-23T23:00:00Z,direct_ridge_90d_v1,22569.897563637132,11792.202442069507,0.6001728714199992
2025-07-01_30d_d168_h3,737,core,2025-07-24T19:00:00Z,2025-07-24T20:00:00Z,2025-07-24,49.64,27498.0,4740.0,0.6746817101897296,2025-07-23T23:00:00Z,direct_ridge_90d_v1,22342.86216497681,12320.412480000101,0.6108197618756683
2025-07-01_30d_d168_h3,738,core,2025-07-24T20:00:00Z,2025-07-24T21:00:00Z,2025-07-24,49.21,25956.0,5765.0,0.6820316868373756,2025-07-23T23:00:00Z,direct_ridge_90d_v1,21847.384037224736,13113.257436049824,0.6181058474378808
2025-07-01_30d_d168_h3,739,core,2025-07-24T21:00:00Z,2025-07-24T22:00:00Z,2025-07-24,49.03,24514.0,7433.0,0.6701271978649904,2025-07-23T23:00:00Z,direct_ridge_90d_v1,20808.820672743022,13866.07146853346,0.6248713258681863
2025-07-01_30d_d168_h3,740,core,2025-07-24T22:00:00Z,2025-07-24T23:00:00Z,2025-07-24,50.92,21657.0,9791.0,0.6789486296208745,2025-07-23T23:00:00Z,direct_ridge_90d_v1,18763.237705309137,14693.83948056717,0.6387702198275532
2025-07-01_30d_d168_h3,741,core,2025-07-24T23:00:00Z,2025-07-25T00:00:00Z,2025-07-24,60.64,17099.0,11635.0,0.7070077077775356,2025-07-23T23:00:00Z,direct_ridge_90d_v1,14255.8908576081,15475.86520725508,0.6688447373887926
2025-07-01_30d_d168_h3,742,core,2025-07-25T00:00:00Z,2025-07-25T01:00:00Z,2025-07-24,114.49,7853.0,14302.0,0.7773663512926158,2025-07-23T23:00:00Z,direct_ridge_90d_v1,6424.886378481906,16454.248862919045,0.7345808517158935
2025-07-01_30d_d168_h3,743,core,2025-07-25T01:00:00Z,2025-07-25T02:00:00Z,2025-07-24,127.27,440.0,17255.0,0.8112453274021874,2025-07-23T23:00:00Z,direct_ridge_90d_v1,0.0,16921.46525561671,0.7833819217537046
2025-07-01_30d_d168_h3,744,core,2025-07-25T02:00:00Z,2025-07-25T03:00:00Z,2025-07-24,82.74,0.0,19874.0,0.8043211421479113,2025-07-23T23:00:00Z,direct_ridge_90d_v1,0.0,17410.232609149483,0.7989554327081033
2025-07-01_30d_d168_h3,745,core,2025-07-25T03:00:00Z,2025-07-25T04:00:00Z,2025-07-24,47.98,0.0,19521.0,0.8189864879104186,2025-07-23T23:00:00Z,direct_ridge_90d_v1,0.0,17974.400091813975,0.8026795920207566
2025-07-01_30d_d168_h3,746,core,2025-07-25T04:00:00Z,2025-07-25T05:00:00Z,2025-07-24,36.13,0.0,18871.0,0.8116054875841414,2025-07-23T23:00:00Z,direct_ridge_90d_v1,0.0,18465.8824059621,0.7863370555311002
2025-07-01_30d_d168_h3,747,core,2025-07-25T05:00:00Z,2025-07-25T06:00:00Z,2025-07-25,30.27,0.0,15936.0,0.8362031697672851,2025-07-24T23:00:00Z,direct_ridge_90d_v1,0.0,17943.43520035419,0.7774871979281177
2025-07-01_30d_d168_h3,748,core,2025-07-25T06:00:00Z,2025-07-25T07:00:00Z,2025-07-25,28.7,0.0,12899.0,0.8701221445683246,2025-07-24T23:00:00Z,direct_ridge_90d_v1,0.0,17994.324436811512,0.7646835669066078
2025-07-01_30d_d168_h3,749,core,2025-07-25T07:00:00Z,2025-07-25T08:00:00Z,2025-07-25,25.83,0.0,9747.0,0.9466803194955443,2025-07-24T23:00:00Z,direct_ridge_90d_v1,0.0,17397.000174175228,0.759199175690976
2025-07-01_30d_d168_h3,750,core,2025-07-25T08:00:00Z,2025-07-25T09:00:00Z,2025-07-25,26.2,1.0,6569.0,1.003409982601214,2025-07-24T23:00:00Z,direct_ridge_90d_v1,0.0,16676.69660102789,0.7625263416247682
2025-07-01_30d_d168_h3,751,core,2025-07-25T09:00:00Z,2025-07-25T10:00:00Z,2025-07-25,28.41,1.0,5473.0,1.022113113556297,2025-07-24T23:00:00Z,direct_ridge_90d_v1,0.0,16028.29018931255,0.7715320116986246
2025-07-01_30d_d168_h3,752,core,2025-07-25T10:00:00Z,2025-07-25T11:00:00Z,2025-07-25,32.1,1.0,5253.0,1.0160848521815329,2025-07-24T23:00:00Z,direct_ridge_90d_v1,0.0,15057.786901116531,0.7922161432945609
2025-07-01_30d_d168_h3,753,core,2025-07-25T11:00:00Z,2025-07-25T12:00:00Z,2025-07-25,34.26,25.0,4595.0,1.017588416820113,2025-07-24T23:00:00Z,direct_ridge_90d_v1,86.97130152340455,14021.032522818174,0.8133855977876753
2025-07-01_30d_d168_h3,754,core,2025-07-25T12:00:00Z,2025-07-25T13:00:00Z,2025-07-25,29.77,3359.0,4123.0,0.9760341374557908,2025-07-24T23:00:00Z,direct_ridge_90d_v1,3769.968282572169,12842.387275541583,0.7534497508482447
2025-07-01_30d_d168_h3,755,core,2025-07-25T13:00:00Z,2025-07-25T14:00:00Z,2025-07-25,23.77,13843.0,2614.0,0.8204996657834536,2025-07-24T23:00:00Z,direct_ridge_90d_v1,11841.024594034398,12263.421561247178,0.6134875915889813
2025-07-01_30d_d168_h3,756,core,2025-07-25T14:00:00Z,2025-07-25T15:00:00Z,2025-07-25,22.17,18308.0,2175.0,0.7729306239074247,2025-07-24T23:00:00Z,direct_ridge_90d_v1,16476.280090955686,13305.086631184222,0.5517506090607858
2025-07-01_30d_d168_h3,757,core,2025-07-25T15:00:00Z,2025-07-25T16:00:00Z,2025-07-25,25.37,21182.0,1722.0,0.7484274525222421,2025-07-24T23:00:00Z,direct_ridge_90d_v1,19458.374736306287,13024.963276387078,0.5391482626962647
2025-07-01_30d_d168_h3,758,core,2025-07-25T16:00:00Z,2025-07-25T17:00:00Z,2025-07-25,30.84,22720.0,1146.0,0.7505635713527319,2025-07-24T23:00:00Z,direct_ridge_90d_v1,21227.477384864385,12545.372781011863,0.549224037108164
2025-07-01_30d_d168_h3,759,core,2025-07-25T17:00:00Z,2025-07-25T18:00:00Z,2025-07-25,38.26,23404.0,767.0,0.7499711978973366,2025-07-24T23:00:00Z,direct_ridge_90d_v1,22404.534007798058,12281.372873076232,0.5685975419243317
2025-07-01_30d_d168_h3,760,core,2025-07-25T18:00:00Z,2025-07-25T19:00:00Z,2025-07-25,39.83,22557.0,1320.0,0.7572480361388477,2025-07-24T23:00:00Z,direct_ridge_90d_v1,22752.871349897603,12448.740033128326,0.590317037432495
2025-07-01_30d_d168_h3,761,core,2025-07-25T19:00:00Z,2025-07-25T20:00:00Z,2025-07-25,46.44,21443.0,2111.0,0.7593573525016689,2025-07-24T23:00:00Z,direct_ridge_90d_v1,22533.398984916734,12977.693001464271,0.6008001291485253
2025-07-01_30d_d168_h3,762,core,2025-07-25T20:00:00Z,2025-07-25T21:00:00Z,2025-07-25,48.85,19474.0,2991.0,0.7779848342268845,2025-07-24T23:00:00Z,direct_ridge_90d_v1,21948.766196354987,13735.443955659917,0.6112022060791438
2025-07-01_30d_d168_h3,763,core,2025-07-25T21:00:00Z,2025-07-25T22:00:00Z,2025-07-25,57.72,18515.0,3998.0,0.7781924400272558,2025-07-24T23:00:00Z,direct_ridge_90d_v1,20804.758338872194,14510.375112457692,0.618230439660378
2025-07-01_30d_d168_h3,764,core,2025-07-25T22:00:00Z,2025-07-25T23:00:00Z,2025-07-25,65.37,14807.0,5207.0,0.8046710423758854,2025-07-24T23:00:00Z,direct_ridge_90d_v1,18767.123988365634,15313.856407485395,0.6316295309935522
2025-07-01_30d_d168_h3,765,core,2025-07-25T23:00:00Z,2025-07-26T00:00:00Z,2025-07-25,71.89,11166.0,6299.0,0.8358422981945636,2025-07-24T23:00:00Z,direct_ridge_90d_v1,14470.254801636269,15943.009617284784,0.6693140824283133
2025-07-01_30d_d168_h3,766,core,2025-07-26T00:00:00Z,2025-07-26T01:00:00Z,2025-07-25,120.41,6014.0,6792.0,0.8627838637922582,2025-07-24T23:00:00Z,direct_ridge_90d_v1,6567.248400998686,16854.481746480455,0.735851721742227
2025-07-01_30d_d168_h3,767,core,2025-07-26T01:00:00Z,2025-07-26T02:00:00Z,2025-07-25,105.72,593.0,8145.0,0.8909130957294521,2025-07-24T23:00:00Z,direct_ridge_90d_v1,0.0,17166.894331046344,0.7834275707921562
2025-07-01_30d_d168_h3,768,core,2025-07-26T02:00:00Z,2025-07-26T03:00:00Z,2025-07-25,63.48,0.0,9610.0,0.8969852611325166,2025-07-24T23:00:00Z,direct_ridge_90d_v1,0.0,17698.932190057425,0.7979010802883966
2025-07-01_30d_d168_h3,769,core,2025-07-26T03:00:00Z,2025-07-26T04:00:00Z,2025-07-25,47.89,0.0,11542.0,0.8963594661410076,2025-07-24T23:00:00Z,direct_ridge_90d_v1,0.0,18271.294882444006,0.7986155323061405
2025-07-01_30d_d168_h3,770,core,2025-07-26T04:00:00Z,2025-07-26T05:00:00Z,2025-07-25,37.02,0.0,12387.0,0.8827078004154798,2025-07-24T23:00:00Z,direct_ridge_90d_v1,0.0,18625.337456335124,0.7821247305247894
2025-07-01_30d_d168_h3,771,core,2025-07-26T05:00:00Z,2025-07-26T06:00:00Z,2025-07-26,27.96,0.0,12746.0,0.8639337131393268,2025-07-25T23:00:00Z,direct_ridge_90d_v1,0.0,17594.340921358955,0.7804525862455854
2025-07-01_30d_d168_h3,772,core,2025-07-26T06:00:00Z,2025-07-26T07:00:00Z,2025-07-26,25.34,0.0,12658.0,0.8587546309339421,2025-07-25T23:00:00Z,direct_ridge_90d_v1,0.0,17470.514369389228,0.7714125728184971
2025-07-01_30d_d168_h3,773,core,2025-07-26T07:00:00Z,2025-07-26T08:00:00Z,2025-07-26,24.43,0.0,12856.0,0.8440858348628053,2025-07-25T23:00:00Z,direct_ridge_90d_v1,0.0,16752.955964929573,0.7672509382495302
2025-07-01_30d_d168_h3,774,core,2025-07-26T08:00:00Z,2025-07-26T09:00:00Z,2025-07-26,24.45,0.0,13068.0,0.8177153051120531,2025-07-25T23:00:00Z,direct_ridge_90d_v1,0.0,16028.598547551766,0.7687678791961321
2025-07-01_30d_d168_h3,775,core,2025-07-26T09:00:00Z,2025-07-26T10:00:00Z,2025-07-26,24.06,0.0,12801.0,0.7977449616992105,2025-07-25T23:00:00Z,direct_ridge_90d_v1,0.0,15465.739012558755,0.7737321379764244
2025-07-01_30d_d168_h3,776,core,2025-07-26T10:00:00Z,2025-07-26T11:00:00Z,2025-07-26,24.18,0.0,12062.0,0.8213049318467883,2025-07-25T23:00:00Z,direct_ridge_90d_v1,0.0,14549.385340771669,0.7913754938102586
2025-07-01_30d_d168_h3,777,core,2025-07-26T11:00:00Z,2025-07-26T12:00:00Z,2025-07-26,22.25,30.0,11754.0,0.8327490688188753,2025-07-25T23:00:00Z,direct_ridge_90d_v1,93.85906431992527,13573.814795620487,0.8108283960693521
2025-07-01_30d_d168_h3,778,core,2025-07-26T12:00:00Z,2025-07-26T13:00:00Z,2025-07-26,20.29,3318.0,11024.0,0.7774503695967849,2025-07-25T23:00:00Z,direct_ridge_90d_v1,3931.41268356715,12400.256286891812,0.7457979341597646
2025-07-01_30d_d168_h3,779,core,2025-07-26T13:00:00Z,2025-07-26T14:00:00Z,2025-07-26,18.73,13307.0,8488.0,0.6507427471586852,2025-07-25T23:00:00Z,direct_ridge_90d_v1,12362.782308159816,11659.034905247167,0.5968211592063551
2025-07-01_30d_d168_h3,780,core,2025-07-26T14:00:00Z,2025-07-26T15:00:00Z,2025-07-26,18.77,20971.0,8883.0,0.5511075300878571,2025-07-25T23:00:00Z,direct_ridge_90d_v1,17116.782079173052,12626.064468650724,0.5331841791132269
2025-07-01_30d_d168_h3,781,core,2025-07-26T15:00:00Z,2025-07-26T16:00:00Z,2025-07-26,20.01,24196.0,9565.0,0.49906034066639293,2025-07-25T23:00:00Z,direct_ridge_90d_v1,20025.05785588044,12556.09135546561,0.5178414697418219
2025-07-01_30d_d168_h3,782,core,2025-07-26T16:00:00Z,2025-07-26T17:00:00Z,2025-07-26,24.47,24142.0,9004.0,0.5330887583150822,2025-07-25T23:00:00Z,direct_ridge_90d_v1,21843.844811891282,12212.35138506786,0.5304531785897985
2025-07-01_30d_d168_h3,783,core,2025-07-26T17:00:00Z,2025-07-26T18:00:00Z,2025-07-26,30.83,23362.0,7655.0,0.6057482706334172,2025-07-25T23:00:00Z,direct_ridge_90d_v1,23208.64858299749,11874.881223620012,0.5521930030165991
2025-07-01_30d_d168_h3,784,core,2025-07-26T18:00:00Z,2025-07-26T19:00:00Z,2025-07-26,35.45,23079.0,6159.0,0.6467193778966954,2025-07-25T23:00:00Z,direct_ridge_90d_v1,23862.450244700874,11972.8427883965,0.5765514170519332
2025-07-01_30d_d168_h3,785,core,2025-07-26T19:00:00Z,2025-07-26T20:00:00Z,2025-07-26,35.96,22296.0,5879.0,0.6726241909102326,2025-07-25T23:00:00Z,direct_ridge_90d_v1,23797.161001646848,12492.48137793713,0.5872912755955676
2025-07-01_30d_d168_h3,786,core,2025-07-26T20:00:00Z,2025-07-26T21:00:00Z,2025-07-26,39.59,20671.0,6995.0,0.6876167760228246,2025-07-25T23:00:00Z,direct_ridge_90d_v1,23276.29484146486,13160.073610845902,0.5977354640895717
2025-07-01_30d_d168_h3,787,core,2025-07-26T21:00:00Z,2025-07-26T22:00:00Z,2025-07-26,39.32,17926.0,9002.0,0.685428415190687,2025-07-25T23:00:00Z,direct_ridge_90d_v1,22238.4568059624,13848.014446796462,0.6083337512738548
2025-07-01_30d_d168_h3,788,core,2025-07-26T22:00:00Z,2025-07-26T23:00:00Z,2025-07-26,38.81,17541.0,11256.0,0.6599963066692075,2025-07-25T23:00:00Z,direct_ridge_90d_v1,20045.14235841396,14618.58008257509,0.6224998518692729
2025-07-01_30d_d168_h3,789,core,2025-07-26T23:00:00Z,2025-07-27T00:00:00Z,2025-07-26,42.03,14601.0,14727.0,0.6435494163281054,2025-07-25T23:00:00Z,direct_ridge_90d_v1,15399.326109656296,15394.71980256757,0.6631777079074717
2025-07-01_30d_d168_h3,790,core,2025-07-27T00:00:00Z,2025-07-27T01:00:00Z,2025-07-26,48.41,6477.0,18171.0,0.6737275343358843,2025-07-25T23:00:00Z,direct_ridge_90d_v1,6844.466097666535,16245.742013100673,0.7391232187247002
2025-07-01_30d_d168_h3,791,core,2025-07-27T01:00:00Z,2025-07-27T02:00:00Z,2025-07-26,44.03,544.0,18270.0,0.7153780713132547,2025-07-25T23:00:00Z,direct_ridge_90d_v1,0.0,16301.3262991202,0.7929397659602301
2025-07-01_30d_d168_h3,792,core,2025-07-27T02:00:00Z,2025-07-27T03:00:00Z,2025-07-26,33.56,0.0,18723.0,0.7294264373549392,2025-07-25T23:00:00Z,direct_ridge_90d_v1,0.0,16815.67858062117,0.8093493772711213
2025-07-01_30d_d168_h3,793,core,2025-07-27T03:00:00Z,2025-07-27T04:00:00Z,2025-07-26,27.59,0.0,18964.0,0.7351485318230706,2025-07-25T23:00:00Z,direct_ridge_90d_v1,0.0,17404.634027448803,0.8134614467809413
2025-07-01_30d_d168_h3,794,core,2025-07-27T04:00:00Z,2025-07-27T05:00:00Z,2025-07-26,23.59,0.0,20384.0,0.7137234351416045,2025-07-25T23:00:00Z,direct_ridge_90d_v1,0.0,17866.668908142077,0.7975850648096031
2025-07-01_30d_d168_h3,795,core,2025-07-27T05:00:00Z,2025-07-27T06:00:00Z,2025-07-27,23.36,0.0,21497.0,0.6705455910713577,2025-07-26T23:00:00Z,direct_ridge_90d_v1,0.0,18366.327507431804,0.7884212272044887
2025-07-01_30d_d168_h3,796,core,2025-07-27T06:00:00Z,2025-07-27T07:00:00Z,2025-07-27,22.41,0.0,21803.0,0.6305249586001648,2025-07-26T23:00:00Z,direct_ridge_90d_v1,0.0,17882.38519453291,0.7862375992225125
2025-07-01_30d_d168_h3,797,core,2025-07-27T07:00:00Z,2025-07-27T08:00:00Z,2025-07-27,21.8,0.0,22036.0,0.6102243369190039,2025-07-26T23:00:00Z,direct_ridge_90d_v1,0.0,17076.093514869208,0.788805243390484
2025-07-01_30d_d168_h3,798,core,2025-07-27T08:00:00Z,2025-07-27T09:00:00Z,2025-07-27,21.05,0.0,21040.0,0.6201003655687904,2025-07-26T23:00:00Z,direct_ridge_90d_v1,0.0,16464.652816645714,0.7911772906666485
2025-07-01_30d_d168_h3,799,core,2025-07-27T09:00:00Z,2025-07-27T10:00:00Z,2025-07-27,21.8,0.0,19586.0,0.642337623953068,2025-07-26T23:00:00Z,direct_ridge_90d_v1,0.0,16124.036359708369,0.7942310244182303
2025-07-01_30d_d168_h3,800,core,2025-07-27T10:00:00Z,2025-07-27T11:00:00Z,2025-07-27,21.68,0.0,16875.0,0.7035070861652426,2025-07-26T23:00:00Z,direct_ridge_90d_v1,0.0,15443.745358054643,0.8061163754036946
2025-07-01_30d_d168_h3,801,core,2025-07-27T11:00:00Z,2025-07-27T12:00:00Z,2025-07-27,19.14,16.0,14866.0,0.764011298191938,2025-07-26T23:00:00Z,direct_ridge_90d_v1,75.73141643490838,14560.414862121925,0.8154361120841979
2025-07-01_30d_d168_h3,802,core,2025-07-27T12:00:00Z,2025-07-27T13:00:00Z,2025-07-27,18.22,3250.0,13611.0,0.7250967116266425,2025-07-26T23:00:00Z,direct_ridge_90d_v1,3905.288900489584,13546.054632199015,0.7457414473239603
2025-07-01_30d_d168_h3,803,core,2025-07-27T13:00:00Z,2025-07-27T14:00:00Z,2025-07-27,14.58,14415.0,12910.0,0.5536351267823721,2025-07-26T23:00:00Z,direct_ridge_90d_v1,12527.280099847698,12670.902484029586,0.5968424613846136
2025-07-01_30d_d168_h3,804,core,2025-07-27T14:00:00Z,2025-07-27T15:00:00Z,2025-07-27,12.29,20350.0,16413.0,0.4294548890031988,2025-07-26T23:00:00Z,direct_ridge_90d_v1,17410.84539744118,13792.680155599524,0.528474071648152
2025-07-01_30d_d168_h3,805,core,2025-07-27T15:00:00Z,2025-07-27T16:00:00Z,2025-07-27,14.55,22021.0,16517.0,0.40644647564186137,2025-07-26T23:00:00Z,direct_ridge_90d_v1,20402.05549426279,13927.502021388626,0.5106307991054966
2025-07-01_30d_d168_h3,806,core,2025-07-27T16:00:00Z,2025-07-27T17:00:00Z,2025-07-27,17.18,23399.0,15936.0,0.42480147426093484,2025-07-26T23:00:00Z,direct_ridge_90d_v1,22189.945326761554,13208.4190209226,0.5250203715048007
2025-07-01_30d_d168_h3,807,core,2025-07-27T17:00:00Z,2025-07-27T18:00:00Z,2025-07-27,20.91,24121.0,15973.0,0.445684618621248,2025-07-26T23:00:00Z,direct_ridge_90d_v1,23404.886529977877,12471.84279407329,0.5532623469535065
2025-07-01_30d_d168_h3,808,core,2025-07-27T18:00:00Z,2025-07-27T19:00:00Z,2025-07-27,21.57,23719.0,16809.0,0.4654738915750454,2025-07-26T23:00:00Z,direct_ridge_90d_v1,23902.56958840848,12288.951013252728,0.5735417162146532
2025-07-01_30d_d168_h3,809,core,2025-07-27T19:00:00Z,2025-07-27T20:00:00Z,2025-07-27,21.74,22666.0,17398.0,0.49158188727808255,2025-07-26T23:00:00Z,direct_ridge_90d_v1,23763.907748950212,12391.649414969992,0.5863208781225879
2025-07-01_30d_d168_h3,810,core,2025-07-27T20:00:00Z,2025-07-27T21:00:00Z,2025-07-27,23.22,21923.0,17847.0,0.5078560352551003,2025-07-26T23:00:00Z,direct_ridge_90d_v1,23008.90055601609,12742.385426087141,0.6008729156513083
2025-07-01_30d_d168_h3,811,core,2025-07-27T21:00:00Z,2025-07-27T22:00:00Z,2025-07-27,24.82,20717.0,18054.0,0.5321591072199513,2025-07-26T23:00:00Z,direct_ridge_90d_v1,21826.39295035215,13280.407999240006,0.6125562743593469
2025-07-01_30d_d168_h3,812,core,2025-07-27T22:00:00Z,2025-07-27T23:00:00Z,2025-07-27,26.54,18209.0,19286.0,0.5561309014580285,2025-07-26T23:00:00Z,direct_ridge_90d_v1,19451.73675207752,14211.517338225303,0.6254409248074233
2025-07-01_30d_d168_h3,813,core,2025-07-27T23:00:00Z,2025-07-28T00:00:00Z,2025-07-27,31.64,14794.0,20700.0,0.5698842545459103,2025-07-26T23:00:00Z,direct_ridge_90d_v1,14825.868290305576,15716.251602983462,0.6541983842656234
2025-07-01_30d_d168_h3,814,core,2025-07-28T00:00:00Z,2025-07-28T01:00:00Z,2025-07-27,45.24,7135.0,21008.0,0.6516496033835236,2025-07-26T23:00:00Z,direct_ridge_90d_v1,6408.810220142307,16751.234902510754,0.7263884948327635
2025-07-01_30d_d168_h3,815,core,2025-07-28T01:00:00Z,2025-07-28T02:00:00Z,2025-07-27,51.73,663.0,18904.0,0.71616639269091,2025-07-26T23:00:00Z,direct_ridge_90d_v1,0.0,17062.374189281178,0.7794364958646521
2025-07-01_30d_d168_h3,816,core,2025-07-28T02:00:00Z,2025-07-28T03:00:00Z,2025-07-27,41.86,0.0,17685.0,0.7557187192614668,2025-07-26T23:00:00Z,direct_ridge_90d_v1,0.0,17618.011008230696,0.7961960867774491
2025-07-01_30d_d168_h3,817,core,2025-07-28T03:00:00Z,2025-07-28T04:00:00Z,2025-07-27,31.49,0.0,18225.0,0.7705580157502732,2025-07-26T23:00:00Z,direct_ridge_90d_v1,0.0,18107.457866248893,0.8027714540414905
2025-07-01_30d_d168_h3,818,core,2025-07-28T04:00:00Z,2025-07-28T05:00:00Z,2025-07-27,25.96,0.0,17920.0,0.7673567031440052,2025-07-26T23:00:00Z,direct_ridge_90d_v1,0.0,18262.809838888326,0.7896777330015915
2025-07-01_30d_d168_h3,819,core,2025-07-28T05:00:00Z,2025-07-28T06:00:00Z,2025-07-28,25.84,0.0,17821.0,0.7538346332011691,2025-07-27T23:00:00Z,direct_ridge_90d_v1,0.0,17190.85681453242,0.7888949569593597
2025-07-01_30d_d168_h3,820,core,2025-07-28T06:00:00Z,2025-07-28T07:00:00Z,2025-07-28,24.15,0.0,17308.0,0.7414923035811125,2025-07-27T23:00:00Z,direct_ridge_90d_v1,0.0,16382.6884854698,0.796702179134424
2025-07-01_30d_d168_h3,821,core,2025-07-28T07:00:00Z,2025-07-28T08:00:00Z,2025-07-28,22.44,0.0,16936.0,0.7348208281844746,2025-07-27T23:00:00Z,direct_ridge_90d_v1,0.0,15450.4817530097,0.8035674264912296
2025-07-01_30d_d168_h3,822,core,2025-07-28T08:00:00Z,2025-07-28T09:00:00Z,2025-07-28,21.88,1.0,16593.0,0.7280377660938091,2025-07-27T23:00:00Z,direct_ridge_90d_v1,0.0,14670.293937477638,0.8100432871190828
2025-07-01_30d_d168_h3,823,core,2025-07-28T09:00:00Z,2025-07-28T10:00:00Z,2025-07-28,22.94,0.0,15949.0,0.7340801667421167,2025-07-27T23:00:00Z,direct_ridge_90d_v1,0.0,14121.056975895568,0.823005715485584
2025-07-01_30d_d168_h3,824,core,2025-07-28T10:00:00Z,2025-07-28T11:00:00Z,2025-07-28,24.96,0.0,14862.0,0.7711455775544261,2025-07-27T23:00:00Z,direct_ridge_90d_v1,0.0,13699.847607734484,0.8330623943879722
2025-07-01_30d_d168_h3,825,core,2025-07-28T11:00:00Z,2025-07-28T12:00:00Z,2025-07-28,26.93,39.0,13755.0,0.8232170482775922,2025-07-27T23:00:00Z,direct_ridge_90d_v1,79.50173910532588,12963.218063299802,0.8422307056219266
2025-07-01_30d_d168_h3,826,core,2025-07-28T12:00:00Z,2025-07-28T13:00:00Z,2025-07-28,25.0,4423.0,12259.0,0.78571944337798,2025-07-27T23:00:00Z,direct_ridge_90d_v1,3884.139491052315,11784.385012475319,0.7877036493260787
2025-07-01_30d_d168_h3,827,core,2025-07-28T13:00:00Z,2025-07-28T14:00:00Z,2025-07-28,17.69,17316.0,10750.0,0.6017292935396031,2025-07-27T23:00:00Z,direct_ridge_90d_v1,12689.812583128536,10246.47175556441,0.6613578425310408
2025-07-01_30d_d168_h3,828,core,2025-07-28T14:00:00Z,2025-07-28T15:00:00Z,2025-07-28,16.09,24340.0,12950.0,0.4854547482459629,2025-07-27T23:00:00Z,direct_ridge_90d_v1,17828.95383182187,10666.676814213914,0.5885948405763529
2025-07-01_30d_d168_h3,829,core,2025-07-28T15:00:00Z,2025-07-28T16:00:00Z,2025-07-28,17.73,26607.0,12409.0,0.4766584743863504,2025-07-27T23:00:00Z,direct_ridge_90d_v1,20577.172222826015,10202.632753397922,0.566367499180436
2025-07-01_30d_d168_h3,830,core,2025-07-28T16:00:00Z,2025-07-28T17:00:00Z,2025-07-28,23.72,27369.0,10955.0,0.5020245847865805,2025-07-27T23:00:00Z,direct_ridge_90d_v1,22165.01141112797,9540.785514359992,0.5827030229275882
2025-07-01_30d_d168_h3,831,core,2025-07-28T17:00:00Z,2025-07-28T18:00:00Z,2025-07-28,29.68,27323.0,11016.0,0.5375771373535948,2025-07-27T23:00:00Z,direct_ridge_90d_v1,23161.55257809236,9318.02131061036,0.5972446831602574
2025-07-01_30d_d168_h3,832,core,2025-07-28T18:00:00Z,2025-07-28T19:00:00Z,2025-07-28,31.74,27203.0,11862.0,0.5535708573458621,2025-07-27T23:00:00Z,direct_ridge_90d_v1,23506.82039470981,9688.454707542815,0.6078750976548425
2025-07-01_30d_d168_h3,833,core,2025-07-28T19:00:00Z,2025-07-28T20:00:00Z,2025-07-28,32.03,26397.0,12632.0,0.5601537559094674,2025-07-27T23:00:00Z,direct_ridge_90d_v1,22929.886776870328,10196.661588817658,0.6148276175214705
2025-07-01_30d_d168_h3,834,core,2025-07-28T20:00:00Z,2025-07-28T21:00:00Z,2025-07-28,33.89,24892.0,13046.0,0.5771559010702658,2025-07-27T23:00:00Z,direct_ridge_90d_v1,21821.92141912988,10615.34024112442,0.6239201875871998
2025-07-01_30d_d168_h3,835,core,2025-07-28T21:00:00Z,2025-07-28T22:00:00Z,2025-07-28,35.09,24357.0,13101.0,0.5812700064514157,2025-07-27T23:00:00Z,direct_ridge_90d_v1,20764.802473148025,11001.574898612756,0.637160401735368
2025-07-01_30d_d168_h3,836,core,2025-07-28T22:00:00Z,2025-07-28T23:00:00Z,2025-07-28,33.91,23754.0,13690.0,0.580679756938849,2025-07-27T23:00:00Z,direct_ridge_90d_v1,18633.65650917199,11588.483237500343,0.6559496153218618
2025-07-01_30d_d168_h3,837,core,2025-07-28T23:00:00Z,2025-07-29T00:00:00Z,2025-07-28,36.75,20418.0,14808.0,0.6081760717691912,2025-07-27T23:00:00Z,direct_ridge_90d_v1,14996.483474488916,12465.58885579712,0.688689084325621
2025-07-01_30d_d168_h3,838,core,2025-07-29T00:00:00Z,2025-07-29T01:00:00Z,2025-07-28,69.55,8907.0,16004.0,0.6989979640802999,2025-07-27T23:00:00Z,direct_ridge_90d_v1,6843.122765682938,13566.23649685912,0.754621810588353
2025-07-01_30d_d168_h3,839,core,2025-07-29T01:00:00Z,2025-07-29T02:00:00Z,2025-07-28,89.24,554.0,15838.0,0.7522866138852674,2025-07-27T23:00:00Z,direct_ridge_90d_v1,0.0,14067.196755560148,0.8061772074827102
2025-07-01_30d_d168_h3,840,core,2025-07-29T02:00:00Z,2025-07-29T03:00:00Z,2025-07-28,56.22,0.0,16362.0,0.7751209412608343,2025-07-27T23:00:00Z,direct_ridge_90d_v1,0.0,14771.187336518207,0.8250920964357695
2025-07-01_30d_d168_h3,841,core,2025-07-29T03:00:00Z,2025-07-29T04:00:00Z,2025-07-28,43.48,0.0,17167.0,0.7903120045523765,2025-07-27T23:00:00Z,direct_ridge_90d_v1,0.0,15460.479473947336,0.8294743661057186
2025-07-01_30d_d168_h3,842,core,2025-07-29T04:00:00Z,2025-07-29T05:00:00Z,2025-07-28,33.09,0.0,17831.0,0.779432544721499,2025-07-27T23:00:00Z,direct_ridge_90d_v1,0.0,15750.611833682979,0.8152334323698617
2025-07-01_30d_d168_h3,843,core,2025-07-29T05:00:00Z,2025-07-29T06:00:00Z,2025-07-29,25.18,0.0,18267.0,0.7594051848564318,2025-07-28T23:00:00Z,direct_ridge_90d_v1,0.0,16987.972024743853,0.7814389175138775
2025-07-01_30d_d168_h3,844,core,2025-07-29T06:00:00Z,2025-07-29T07:00:00Z,2025-07-29,23.23,0.0,17613.0,0.7358977451446589,2025-07-28T23:00:00Z,direct_ridge_90d_v1,0.0,16603.594859663623,0.779949888655467
2025-07-01_30d_d168_h3,845,core,2025-07-29T07:00:00Z,2025-07-29T08:00:00Z,2025-07-29,21.73,1.0,15592.0,0.7504156782935768,2025-07-28T23:00:00Z,direct_ridge_90d_v1,0.0,16020.981642711116,0.7829235798665778
2025-07-01_30d_d168_h3,846,core,2025-07-29T08:00:00Z,2025-07-29T09:00:00Z,2025-07-29,21.29,1.0,14024.0,0.7791918265957414,2025-07-28T23:00:00Z,direct_ridge_90d_v1,0.0,15421.654445434437,0.7925855511289427
2025-07-01_30d_d168_h3,847,core,2025-07-29T09:00:00Z,2025-07-29T10:00:00Z,2025-07-29,21.64,0.0,12688.0,0.8116078937708141,2025-07-28T23:00:00Z,direct_ridge_90d_v1,0.0,14952.399201266127,0.8075334565851726
2025-07-01_30d_d168_h3,848,core,2025-07-29T10:00:00Z,2025-07-29T11:00:00Z,2025-07-29,22.79,1.0,12252.0,0.8346044159712341,2025-07-28T23:00:00Z,direct_ridge_90d_v1,0.0,14482.468006353185,0.8196985806485129
2025-07-01_30d_d168_h3,849,core,2025-07-29T11:00:00Z,2025-07-29T12:00:00Z,2025-07-29,23.55,38.0,11988.0,0.8398409610161633,2025-07-28T23:00:00Z,direct_ridge_90d_v1,64.61598766808606,13802.362689801568,0.8264966186330145
2025-07-01_30d_d168_h3,850,core,2025-07-29T12:00:00Z,2025-07-29T13:00:00Z,2025-07-29,20.44,4264.0,11043.0,0.7793037437842512,2025-07-28T23:00:00Z,direct_ridge_90d_v1,3710.13239539274,12708.075755300782,0.7755154769139873
2025-07-01_30d_d168_h3,851,core,2025-07-29T13:00:00Z,2025-07-29T14:00:00Z,2025-07-29,16.25,17190.0,7832.0,0.6194090271040567,2025-07-28T23:00:00Z,direct_ridge_90d_v1,12329.497273885829,11465.571220231794,0.652686460605937
2025-07-01_30d_d168_h3,852,core,2025-07-29T14:00:00Z,2025-07-29T15:00:00Z,2025-07-29,14.73,24940.0,7369.0,0.535752803188737,2025-07-28T23:00:00Z,direct_ridge_90d_v1,17281.840234650226,11911.7375075634,0.585119896240322
2025-07-01_30d_d168_h3,853,core,2025-07-29T15:00:00Z,2025-07-29T16:00:00Z,2025-07-29,18.07,28272.0,6247.0,0.5213523663225482,2025-07-28T23:00:00Z,direct_ridge_90d_v1,19999.407550950364,11285.740109913591,0.5706848780331713
2025-07-01_30d_d168_h3,854,core,2025-07-29T16:00:00Z,2025-07-29T17:00:00Z,2025-07-29,24.0,29275.0,5455.0,0.5400336739935031,2025-07-28T23:00:00Z,direct_ridge_90d_v1,21442.87203721662,10635.291575032268,0.5841316716351204
2025-07-01_30d_d168_h3,855,core,2025-07-29T17:00:00Z,2025-07-29T18:00:00Z,2025-07-29,30.26,29044.0,6001.0,0.571342304725886,2025-07-28T23:00:00Z,direct_ridge_90d_v1,22254.660735940637,10318.988631406683,0.5999252892040986
2025-07-01_30d_d168_h3,856,core,2025-07-29T18:00:00Z,2025-07-29T19:00:00Z,2025-07-29,36.35,28922.0,6671.0,0.5882957306032712,2025-07-28T23:00:00Z,direct_ridge_90d_v1,22272.97290657416,10407.897748736288,0.6159169190285632
2025-07-01_30d_d168_h3,857,core,2025-07-29T19:00:00Z,2025-07-29T20:00:00Z,2025-07-29,39.07,28576.0,7246.0,0.5904983450889754,2025-07-28T23:00:00Z,direct_ridge_90d_v1,21769.394070040307,10681.886999889202,0.6272089177358351
2025-07-01_30d_d168_h3,858,core,2025-07-29T20:00:00Z,2025-07-29T21:00:00Z,2025-07-29,43.54,28472.0,7212.0,0.5907594879203608,2025-07-28T23:00:00Z,direct_ridge_90d_v1,20714.234688806235,11158.93125581478,0.6377090767809599
2025-07-01_30d_d168_h3,859,core,2025-07-29T21:00:00Z,2025-07-29T22:00:00Z,2025-07-29,45.14,27777.0,7389.0,0.5999503605360055,2025-07-28T23:00:00Z,direct_ridge_90d_v1,19399.309934283574,11672.931452276509,0.64556866813402
2025-07-01_30d_d168_h3,860,core,2025-07-29T22:00:00Z,2025-07-29T23:00:00Z,2025-07-29,46.27,26232.0,7631.0,0.615294616556897,2025-07-28T23:00:00Z,direct_ridge_90d_v1,17478.436777929393,12083.532643531858,0.6582566603929045
2025-07-01_30d_d168_h3,861,core,2025-07-29T23:00:00Z,2025-07-30T00:00:00Z,2025-07-29,52.31,21694.0,8023.0,0.6627718955921685,2025-07-28T23:00:00Z,direct_ridge_90d_v1,13873.432445171298,12555.133819655885,0.7026195401990614
2025-07-01_30d_d168_h3,862,core,2025-07-30T00:00:00Z,2025-07-30T01:00:00Z,2025-07-29,92.13,9214.0,9140.0,0.7633952244742108,2025-07-28T23:00:00Z,direct_ridge_90d_v1,6490.614656983389,13293.420955660356,0.7583430971836072
2025-07-01_30d_d168_h3,863,core,2025-07-30T01:00:00Z,2025-07-30T02:00:00Z,2025-07-29,133.48,573.0,10182.0,0.8194584646277628,2025-07-28T23:00:00Z,direct_ridge_90d_v1,0.0,13698.861671629313,0.8043687820596109
2025-07-01_30d_d168_h3,864,core,2025-07-30T02:00:00Z,2025-07-30T03:00:00Z,2025-07-29,82.24,0.0,12355.0,0.826822855344999,2025-07-28T23:00:00Z,direct_ridge_90d_v1,0.0,14866.426472126992,0.8133355470535074
2025-07-01_30d_d168_h3,865,core,2025-07-30T03:00:00Z,2025-07-30T04:00:00Z,2025-07-29,48.65,0.0,14218.0,0.8410645062867997,2025-07-28T23:00:00Z,direct_ridge_90d_v1,0.0,15972.450372770783,0.8084854750160962
2025-07-01_30d_d168_h3,866,core,2025-07-30T04:00:00Z,2025-07-30T05:00:00Z,2025-07-29,36.68,0.0,15318.0,0.8250083733169973,2025-07-28T23:00:00Z,direct_ridge_90d_v1,0.0,16174.099862899147,0.7937596378321113
2025-07-01_30d_d168_h3,867,core,2025-07-30T05:00:00Z,2025-07-30T06:00:00Z,2025-07-30,29.19,0.0,15653.0,0.8086041017651676,2025-07-29T23:00:00Z,direct_ridge_90d_v1,0.0,17356.177015454025,0.7728157337654802
2025-07-01_30d_d168_h3,868,core,2025-07-30T06:00:00Z,2025-07-30T07:00:00Z,2025-07-30,25.95,0.0,15731.0,0.7795673725168056,2025-07-29T23:00:00Z,direct_ridge_90d_v1,0.0,17197.74768371822,0.761009764236033
2025-07-01_30d_d168_h3,869,core,2025-07-30T07:00:00Z,2025-07-30T08:00:00Z,2025-07-30,23.55,1.0,15013.0,0.7670826067909136,2025-07-29T23:00:00Z,direct_ridge_90d_v1,0.0,16584.852536880848,0.760108042860134
2025-07-01_30d_d168_h3,870,core,2025-07-30T08:00:00Z,2025-07-30T09:00:00Z,2025-07-30,21.85,1.0,13877.0,0.7815930955277614,2025-07-29T23:00:00Z,direct_ridge_90d_v1,0.0,15893.363195774235,0.7666619337417189
2025-07-01_30d_d168_h3,871,core,2025-07-30T09:00:00Z,2025-07-30T10:00:00Z,2025-07-30,22.03,1.0,13119.0,0.7837479749028489,2025-07-29T23:00:00Z,direct_ridge_90d_v1,0.0,15222.276590726811,0.7801644038907736
2025-07-01_30d_d168_h3,872,core,2025-07-30T10:00:00Z,2025-07-30T11:00:00Z,2025-07-30,24.18,1.0,11823.0,0.8170378476565111,2025-07-29T23:00:00Z,direct_ridge_90d_v1,0.0,14350.336091867754,0.805821500675054
2025-07-01_30d_d168_h3,873,core,2025-07-30T11:00:00Z,2025-07-30T12:00:00Z,2025-07-30,25.33,28.0,11095.0,0.8375110401169168,2025-07-29T23:00:00Z,direct_ridge_90d_v1,62.78836734026106,13462.075579816705,0.8302300111254447
2025-07-01_30d_d168_h3,874,core,2025-07-30T12:00:00Z,2025-07-30T13:00:00Z,2025-07-30,23.07,4113.0,9284.0,0.7948631337825266,2025-07-29T23:00:00Z,direct_ridge_90d_v1,3741.922459617676,12217.710123662842,0.7773259212694007
2025-07-01_30d_d168_h3,875,core,2025-07-30T13:00:00Z,2025-07-30T14:00:00Z,2025-07-30,18.77,16417.0,5844.0,0.6472263957789843,2025-07-29T23:00:00Z,direct_ridge_90d_v1,12622.606149627989,11351.156268939638,0.6282657969188227
2025-07-01_30d_d168_h3,876,core,2025-07-30T14:00:00Z,2025-07-30T15:00:00Z,2025-07-30,19.46,24338.0,3120.0,0.5793009293352925,2025-07-29T23:00:00Z,direct_ridge_90d_v1,17762.909463197968,11962.118947738249,0.559787485394296
2025-07-01_30d_d168_h3,877,core,2025-07-30T15:00:00Z,2025-07-30T16:00:00Z,2025-07-30,21.61,27922.0,2807.0,0.5508094819132865,2025-07-29T23:00:00Z,direct_ridge_90d_v1,20504.995183991537,11347.882502053382,0.5480223801916373
2025-07-01_30d_d168_h3,878,core,2025-07-30T16:00:00Z,2025-07-30T17:00:00Z,2025-07-30,29.16,28259.0,3004.0,0.5664968825594708,2025-07-29T23:00:00Z,direct_ridge_90d_v1,22050.11281506712,10659.848241975724,0.5651690928795698
2025-07-01_30d_d168_h3,879,core,2025-07-30T17:00:00Z,2025-07-30T18:00:00Z,2025-07-30,37.69,28653.0,2402.0,0.6170071911197473,2025-07-29T23:00:00Z,direct_ridge_90d_v1,22845.0911701632,10263.701849068975,0.5900598527656564
2025-07-01_30d_d168_h3,880,core,2025-07-30T18:00:00Z,2025-07-30T19:00:00Z,2025-07-30,49.2,28148.0,2375.0,0.6534236927377877,2025-07-29T23:00:00Z,direct_ridge_90d_v1,22864.980117966712,10396.037906817272,0.6150100371722745
2025-07-01_30d_d168_h3,881,core,2025-07-30T19:00:00Z,2025-07-30T20:00:00Z,2025-07-30,57.44,27798.0,2337.0,0.6700579397023817,2025-07-29T23:00:00Z,direct_ridge_90d_v1,22323.927033409527,10916.030260764177,0.6267353718770576
2025-07-01_30d_d168_h3,882,core,2025-07-30T20:00:00Z,2025-07-30T21:00:00Z,2025-07-30,70.2,27669.0,2904.0,0.6690493585086091,2025-07-29T23:00:00Z,direct_ridge_90d_v1,21342.731914521162,11798.191805407389,0.6358011144162569
2025-07-01_30d_d168_h3,883,core,2025-07-30T21:00:00Z,2025-07-30T22:00:00Z,2025-07-30,88.73,26951.0,3640.0,0.6652627604959491,2025-07-29T23:00:00Z,direct_ridge_90d_v1,20097.337067950495,12658.084326085818,0.6393696040067862
2025-07-01_30d_d168_h3,884,core,2025-07-30T22:00:00Z,2025-07-30T23:00:00Z,2025-07-30,78.35,24304.0,4078.0,0.6940113841646461,2025-07-29T23:00:00Z,direct_ridge_90d_v1,18063.83259127254,13395.577588414351,0.6487783959213055
2025-07-01_30d_d168_h3,885,core,2025-07-30T23:00:00Z,2025-07-31T00:00:00Z,2025-07-30,132.76,18812.0,4401.0,0.745340393142382,2025-07-29T23:00:00Z,direct_ridge_90d_v1,14153.607845010545,14487.96727301283,0.6749856443393425
2025-07-01_30d_d168_h3,886,core,2025-07-31T00:00:00Z,2025-07-31T01:00:00Z,2025-07-30,460.37,8254.0,5882.0,0.8057937142588897,2025-07-29T23:00:00Z,direct_ridge_90d_v1,6358.210229737998,15340.496127895922,0.7393665180427554
2025-07-01_30d_d168_h3,887,core,2025-07-31T01:00:00Z,2025-07-31T02:00:00Z,2025-07-30,463.3,463.0,7229.0,0.8594874996762162,2025-07-29T23:00:00Z,direct_ridge_90d_v1,0.0,15557.01034230023,0.7872808229368178
2025-07-01_30d_d168_h3,888,core,2025-07-31T02:00:00Z,2025-07-31T03:00:00Z,2025-07-30,364.8,0.0,8803.0,0.890200960635635,2025-07-29T23:00:00Z,direct_ridge_90d_v1,0.0,16337.562560735598,0.8000206863462903
2025-07-01_30d_d168_h3,889,core,2025-07-31T03:00:00Z,2025-07-31T04:00:00Z,2025-07-30,81.62,0.0,10453.0,0.8936877115617692,2025-07-29T23:00:00Z,direct_ridge_90d_v1,0.0,17180.86470935509,0.8000412089887249
2025-07-01_30d_d168_h3,890,core,2025-07-31T04:00:00Z,2025-07-31T05:00:00Z,2025-07-30,44.78,0.0,11779.0,0.8694912878798865,2025-07-29T23:00:00Z,direct_ridge_90d_v1,0.0,17538.02857534108,0.7853021889850011
2025-07-01_30d_d168_h3,891,settlement_tail,2025-07-31T05:00:00Z,2025-07-31T06:00:00Z,2025-07-31,31.53,0.0,13683.0,0.8396781574991072,2025-07-30T23:00:00Z,direct_ridge_90d_v1,0.0,17123.619455802436,0.7772291791118139
2025-07-01_30d_d168_h3,892,settlement_tail,2025-07-31T06:00:00Z,2025-07-31T07:00:00Z,2025-07-31,27.27,0.0,14407.0,0.8279006809277387,2025-07-30T23:00:00Z,direct_ridge_90d_v1,0.0,16890.226798464828,0.7703338349378418
2025-07-01_30d_d168_h3,893,settlement_tail,2025-07-31T07:00:00Z,2025-07-31T08:00:00Z,2025-07-31,24.43,0.0,13146.0,0.8406522810676954,2025-07-30T23:00:00Z,direct_ridge_90d_v1,0.0,16179.649198974992,0.7717347116597499
2025-07-01_30d_d168_h3,894,settlement_tail,2025-07-31T08:00:00Z,2025-07-31T09:00:00Z,2025-07-31,24.19,1.0,11592.0,0.8654595558117327,2025-07-30T23:00:00Z,direct_ridge_90d_v1,0.0,15494.28536724691,0.7763362314203887
2025-07-01_30d_d168_h3,895,settlement_tail,2025-07-31T09:00:00Z,2025-07-31T10:00:00Z,2025-07-31,24.23,1.0,9970.0,0.8943972088861857,2025-07-30T23:00:00Z,direct_ridge_90d_v1,0.0,14893.196914573255,0.7840480853318922
2025-07-01_30d_d168_h3,896,settlement_tail,2025-07-31T10:00:00Z,2025-07-31T11:00:00Z,2025-07-31,26.71,1.0,8411.0,0.9161626495997623,2025-07-30T23:00:00Z,direct_ridge_90d_v1,0.0,14159.141595073193,0.8052787976282385
2025-07-01_30d_d168_h3,897,settlement_tail,2025-07-31T11:00:00Z,2025-07-31T12:00:00Z,2025-07-31,26.18,18.0,7805.0,0.9182290113370963,2025-07-30T23:00:00Z,direct_ridge_90d_v1,54.75644636010836,13254.849838346323,0.8276860709248061
2025-07-01_30d_d168_h3,898,settlement_tail,2025-07-31T12:00:00Z,2025-07-31T13:00:00Z,2025-07-31,25.48,3401.0,6798.0,0.8846806847779358,2025-07-30T23:00:00Z,direct_ridge_90d_v1,3782.7173816677714,11942.148026638204,0.7716988937171487
2025-07-01_30d_d168_h3,899,settlement_tail,2025-07-31T13:00:00Z,2025-07-31T14:00:00Z,2025-07-31,20.84,14227.0,4366.0,0.7592543555579336,2025-07-30T23:00:00Z,direct_ridge_90d_v1,12856.008624187021,10813.069848523362,0.6225190328206076
2025-07-01_30d_d168_h3,900,settlement_tail,2025-07-31T14:00:00Z,2025-07-31T15:00:00Z,2025-07-31,19.57,20632.0,3196.0,0.6897925970520065,2025-07-30T23:00:00Z,direct_ridge_90d_v1,18065.22743739071,11448.402643124617,0.5487175323457033
2025-07-01_30d_d168_h3,901,settlement_tail,2025-07-31T15:00:00Z,2025-07-31T16:00:00Z,2025-07-31,22.81,23044.0,2488.0,0.6883133112413109,2025-07-30T23:00:00Z,direct_ridge_90d_v1,20940.20005369941,11105.266681299106,0.533670468037627
2025-07-01_30d_d168_h3,902,settlement_tail,2025-07-31T16:00:00Z,2025-07-31T17:00:00Z,2025-07-31,28.04,24103.0,2058.0,0.6990876313152169,2025-07-30T23:00:00Z,direct_ridge_90d_v1,22530.5904335144,10538.29632121183,0.550715195607352
2025-07-01_30d_d168_h3,903,settlement_tail,2025-07-31T17:00:00Z,2025-07-31T18:00:00Z,2025-07-31,36.46,25192.0,1906.0,0.7012702932572039,2025-07-30T23:00:00Z,direct_ridge_90d_v1,23379.536137015508,10260.573319278432,0.5760506034483842
2025-07-01_30d_d168_h3,904,settlement_tail,2025-07-31T18:00:00Z,2025-07-31T19:00:00Z,2025-07-31,44.44,26155.0,1938.0,0.6989028139360302,2025-07-30T23:00:00Z,direct_ridge_90d_v1,23443.83412488803,10410.146777748705,0.5992877132781186
2025-07-01_30d_d168_h3,905,settlement_tail,2025-07-31T19:00:00Z,2025-07-31T20:00:00Z,2025-07-31,50.01,25317.0,2511.0,0.7053945821288224,2025-07-30T23:00:00Z,direct_ridge_90d_v1,23002.808173170655,10939.352430326977,0.6109873341138121
2025-07-01_30d_d168_h3,906,settlement_tail,2025-07-31T20:00:00Z,2025-07-31T21:00:00Z,2025-07-31,57.9,24496.0,3747.0,0.7006796367096575,2025-07-30T23:00:00Z,direct_ridge_90d_v1,22031.538379053774,11743.222601606876,0.6219201264783216
2025-07-01_30d_d168_h3,907,settlement_tail,2025-07-31T21:00:00Z,2025-07-31T22:00:00Z,2025-07-31,68.18,23399.0,5182.0,0.68937511936668,2025-07-30T23:00:00Z,direct_ridge_90d_v1,20861.14166621192,12536.034227007829,0.6285040336368833
2025-07-01_30d_d168_h3,908,settlement_tail,2025-07-31T22:00:00Z,2025-07-31T23:00:00Z,2025-07-31,60.7,21051.0,7408.0,0.6947096026030782,2025-07-30T23:00:00Z,direct_ridge_90d_v1,18919.793427636192,13404.132199970285,0.6390547435347782
2025-07-01_30d_d168_h3,909,settlement_tail,2025-07-31T23:00:00Z,2025-08-01T00:00:00Z,2025-07-31,99.46,16503.0,8714.0,0.7266472799831913,2025-07-30T23:00:00Z,direct_ridge_90d_v1,14735.961208214532,14479.730965097222,0.6680075753503228
2025-07-01_30d_d168_h3,910,settlement_tail,2025-08-01T00:00:00Z,2025-08-01T01:00:00Z,2025-07-31,189.13,6609.0,9554.0,0.7960280028774738,2025-07-30T23:00:00Z,direct_ridge_90d_v1,6593.521448618176,15377.262353783257,0.7385719607973656
2025-07-01_30d_d168_h3,911,settlement_tail,2025-08-01T01:00:00Z,2025-08-01T02:00:00Z,2025-07-31,179.55,563.0,9899.0,0.8311140199687505,2025-07-30T23:00:00Z,direct_ridge_90d_v1,0.0,15542.768589368738,0.7886470419201657
2025-07-01_30d_d168_h3,912,settlement_tail,2025-08-01T02:00:00Z,2025-08-01T03:00:00Z,2025-07-31,91.95,22.0,10217.0,0.8739286529839773,2025-07-30T23:00:00Z,direct_ridge_90d_v1,0.0,16228.664862028836,0.8055152487097235
2025-07-01_30d_d168_h3,913,settlement_tail,2025-08-01T03:00:00Z,2025-08-01T04:00:00Z,2025-07-31,64.4,0.0,10426.0,0.9033535563497604,2025-07-30T23:00:00Z,direct_ridge_90d_v1,0.0,17010.00618274647,0.8090687967076307
2025-07-01_30d_d168_h3,914,settlement_tail,2025-08-01T04:00:00Z,2025-08-01T05:00:00Z,2025-07-31,44.15,0.0,10629.0,0.8954786861479116,2025-07-30T23:00:00Z,direct_ridge_90d_v1,0.0,17426.627917406706,0.7935989431313337
2025-07-01_30d_d168_h3,915,settlement_tail,2025-08-01T05:00:00Z,2025-08-01T06:00:00Z,2025-08-01,36.58,0.0,9836.0,0.9027607120718771,2025-07-31T23:00:00Z,direct_ridge_90d_v1,0.0,17278.36353572308,0.7772048749839521
2025-07-01_30d_d168_h3,916,settlement_tail,2025-08-01T06:00:00Z,2025-08-01T07:00:00Z,2025-08-01,34.18,1.0,8900.0,0.9152571267601265,2025-07-31T23:00:00Z,direct_ridge_90d_v1,0.0,16923.090912256994,0.7716315827390227
2025-07-01_30d_d168_h3,917,settlement_tail,2025-08-01T07:00:00Z,2025-08-01T08:00:00Z,2025-08-01,33.88,1.0,7788.0,0.9232483819884905,2025-07-31T23:00:00Z,direct_ridge_90d_v1,0.0,16398.537939028043,0.7712869979391149
2025-07-01_30d_d168_h3,918,settlement_tail,2025-08-01T08:00:00Z,2025-08-01T09:00:00Z,2025-08-01,29.44,0.0,6772.0,0.936688041791505,2025-07-31T23:00:00Z,direct_ridge_90d_v1,0.0,15961.361822484207,0.7734512405620819
2025-07-01_30d_d168_h3,919,settlement_tail,2025-08-01T09:00:00Z,2025-08-01T10:00:00Z,2025-08-01,29.78,1.0,6212.0,0.945060513197466,2025-07-31T23:00:00Z,direct_ridge_90d_v1,0.0,15433.54861563962,0.7812976332824599
2025-07-01_30d_d168_h3,920,settlement_tail,2025-08-01T10:00:00Z,2025-08-01T11:00:00Z,2025-08-01,33.51,1.0,5698.0,0.952239187913257,2025-07-31T23:00:00Z,direct_ridge_90d_v1,0.0,14736.389518284477,0.8034804818041653
2025-07-01_30d_d168_h3,921,settlement_tail,2025-08-01T11:00:00Z,2025-08-01T12:00:00Z,2025-08-01,35.73,16.0,5847.0,0.9421305603576234,2025-07-31T23:00:00Z,direct_ridge_90d_v1,60.631073102988694,13913.520422583182,0.8242452638380472
2025-07-01_30d_d168_h3,922,settlement_tail,2025-08-01T12:00:00Z,2025-08-01T13:00:00Z,2025-08-01,30.34,2094.0,5379.0,0.9280383092357242,2025-07-31T23:00:00Z,direct_ridge_90d_v1,3905.5234297199054,12641.662702890248,0.7677088462945211
2025-07-01_30d_d168_h3,923,settlement_tail,2025-08-01T13:00:00Z,2025-08-01T14:00:00Z,2025-08-01,24.07,9691.0,3765.0,0.8472271519753879,2025-07-31T23:00:00Z,direct_ridge_90d_v1,13299.850439273137,11452.565608682544,0.6194475791894076
2025-07-01_30d_d168_h3,924,settlement_tail,2025-08-01T14:00:00Z,2025-08-01T15:00:00Z,2025-08-01,22.43,16359.0,3616.0,0.7677515968177856,2025-07-31T23:00:00Z,direct_ridge_90d_v1,18812.88458571147,12001.218646289626,0.544939801719792
2025-07-01_30d_d168_h3,925,settlement_tail,2025-08-01T15:00:00Z,2025-08-01T16:00:00Z,2025-08-01,25.4,20726.0,3044.0,0.7221558339785538,2025-07-31T23:00:00Z,direct_ridge_90d_v1,21959.334240181375,11557.19822593596,0.5286280576639082
2025-07-01_30d_d168_h3,926,settlement_tail,2025-08-01T16:00:00Z,2025-08-01T17:00:00Z,2025-08-01,30.2,23181.0,2459.0,0.7016806478231953,2025-07-31T23:00:00Z,direct_ridge_90d_v1,23664.37134916507,10938.665225318997,0.5435880162372159
2025-07-01_30d_d168_h3,927,settlement_tail,2025-08-01T17:00:00Z,2025-08-01T18:00:00Z,2025-08-01,35.94,25019.0,2314.0,0.692446195979864,2025-07-31T23:00:00Z,direct_ridge_90d_v1,24760.96330259134,10684.077677769534,0.5679277531986552
2025-07-01_30d_d168_h3,928,settlement_tail,2025-08-01T18:00:00Z,2025-08-01T19:00:00Z,2025-08-01,42.57,26223.0,2082.0,0.6891894805834505,2025-07-31T23:00:00Z,direct_ridge_90d_v1,25076.823655474218,10858.791821895902,0.5900878865560452
2025-07-01_30d_d168_h3,929,settlement_tail,2025-08-01T19:00:00Z,2025-08-01T20:00:00Z,2025-08-01,49.24,24935.0,2592.0,0.7036552903068772,2025-07-31T23:00:00Z,direct_ridge_90d_v1,24677.47166888254,11150.832575985582,0.6019964013956204
2025-07-01_30d_d168_h3,930,settlement_tail,2025-08-01T20:00:00Z,2025-08-01T21:00:00Z,2025-08-01,52.3,23286.0,3568.0,0.7145074332612974,2025-07-31T23:00:00Z,direct_ridge_90d_v1,23792.396409539906,11593.458501921603,0.6148257338254789
2025-07-01_30d_d168_h3,931,settlement_tail,2025-08-01T21:00:00Z,2025-08-01T22:00:00Z,2025-08-01,51.51,20538.0,5368.0,0.7264222828188753,2025-07-31T23:00:00Z,direct_ridge_90d_v1,22673.9207557536,12154.071833149825,0.6246208368879513
2025-07-01_30d_d168_h3,932,settlement_tail,2025-08-01T22:00:00Z,2025-08-01T23:00:00Z,2025-08-01,56.21,17161.0,6497.0,0.74669142666929,2025-07-31T23:00:00Z,direct_ridge_90d_v1,20732.941490924815,13024.714834532417,0.6367674236752653
2025-07-01_30d_d168_h3,933,settlement_tail,2025-08-01T23:00:00Z,2025-08-02T00:00:00Z,2025-08-01,78.63,13693.0,6993.0,0.7660641646941837,2025-07-31T23:00:00Z,direct_ridge_90d_v1,16150.14400524046,14123.298821877577,0.6664045316283529
2025-07-01_30d_d168_h3,934,settlement_tail,2025-08-02T00:00:00Z,2025-08-02T01:00:00Z,2025-08-01,106.63,4932.0,7127.0,0.8304342520393343,2025-07-31T23:00:00Z,direct_ridge_90d_v1,7038.056723096864,15013.952211220134,0.7385512236684176
2025-07-01_30d_d168_h3,935,settlement_tail,2025-08-02T01:00:00Z,2025-08-02T02:00:00Z,2025-08-01,103.69,305.0,7936.0,0.8789556877732866,2025-07-31T23:00:00Z,direct_ridge_90d_v1,0.0,15343.375559817083,0.7892021770961679
2025-07-01_30d_d168_h3,936,settlement_tail,2025-08-02T02:00:00Z,2025-08-02T03:00:00Z,2025-08-01,73.12,0.0,8621.0,0.9006178562583333,2025-07-31T23:00:00Z,direct_ridge_90d_v1,0.0,16086.734110547546,0.8043404363177492
2025-07-01_30d_d168_h3,937,settlement_tail,2025-08-02T03:00:00Z,2025-08-02T04:00:00Z,2025-08-01,70.0,0.0,8597.0,0.9208409207977698,2025-07-31T23:00:00Z,direct_ridge_90d_v1,0.0,16855.166704964053,0.806523675366467
2025-07-01_30d_d168_h3,938,settlement_tail,2025-08-02T04:00:00Z,2025-08-02T05:00:00Z,2025-08-01,55.11,0.0,8054.0,0.93207923036119,2025-07-31T23:00:00Z,direct_ridge_90d_v1,0.0,17158.137915889944,0.789995984594283
2025-07-01_30d_d168_h3,939,settlement_tail,2025-08-02T05:00:00Z,2025-08-02T06:00:00Z,2025-08-02,38.24,0.0,7953.0,0.9258132833809685,2025-08-01T23:00:00Z,direct_ridge_90d_v1,0.0,16847.316234890735,0.7845758668593033
2025-07-01_30d_d168_h3,940,settlement_tail,2025-08-02T06:00:00Z,2025-08-02T07:00:00Z,2025-08-02,36.59,0.0,7573.0,0.9384915584924611,2025-08-01T23:00:00Z,direct_ridge_90d_v1,0.0,16551.805737158764,0.7772472329917035
2025-07-01_30d_d168_h3,941,settlement_tail,2025-08-02T07:00:00Z,2025-08-02T08:00:00Z,2025-08-02,35.31,0.0,7220.0,0.9486985618574638,2025-08-01T23:00:00Z,direct_ridge_90d_v1,0.0,16301.586904404521,0.7746468870612654
2025-07-01_30d_d168_h3,942,settlement_tail,2025-08-02T08:00:00Z,2025-08-02T09:00:00Z,2025-08-02,34.49,0.0,6096.0,0.9675759398383634,2025-08-01T23:00:00Z,direct_ridge_90d_v1,0.0,15982.298803709293,0.7787113544929226
2025-07-01_30d_d168_h3,943,settlement_tail,2025-08-02T09:00:00Z,2025-08-02T10:00:00Z,2025-08-02,34.45,0.0,5419.0,0.9787545639101883,2025-08-01T23:00:00Z,direct_ridge_90d_v1,0.0,15555.282197181818,0.7876060503732767
2025-07-01_30d_d168_h3,944,settlement_tail,2025-08-02T10:00:00Z,2025-08-02T11:00:00Z,2025-08-02,34.64,0.0,4800.0,0.99103986798241,2025-08-01T23:00:00Z,direct_ridge_90d_v1,0.0,14960.58770745631,0.8034258143103651
2025-07-01_30d_d168_h3,945,settlement_tail,2025-08-02T11:00:00Z,2025-08-02T12:00:00Z,2025-08-02,37.02,7.0,3580.0,1.0093836349430476,2025-08-01T23:00:00Z,direct_ridge_90d_v1,53.56205701893053,14274.230550360026,0.8157945902481399
2025-07-01_30d_d168_h3,946,settlement_tail,2025-08-02T12:00:00Z,2025-08-02T13:00:00Z,2025-08-02,33.54,2676.0,2578.0,0.9830473145891602,2025-08-01T23:00:00Z,direct_ridge_90d_v1,3970.585794786973,13169.99834173084,0.758984702567259
2025-07-01_30d_d168_h3,947,settlement_tail,2025-08-02T13:00:00Z,2025-08-02T14:00:00Z,2025-08-02,25.56,12385.0,1623.0,0.8429459898192436,2025-08-01T23:00:00Z,direct_ridge_90d_v1,13722.51357396223,12043.030113891227,0.6194141409775293
2025-07-01_30d_d168_h3,948,settlement_tail,2025-08-02T14:00:00Z,2025-08-02T15:00:00Z,2025-08-02,24.15,19569.0,1189.0,0.7535562564240181,2025-08-01T23:00:00Z,direct_ridge_90d_v1,19431.00200079392,12656.910099671199,0.5439778963680165
2025-07-01_30d_d168_h3,949,settlement_tail,2025-08-02T15:00:00Z,2025-08-02T16:00:00Z,2025-08-02,25.07,22844.0,1028.0,0.7156076483195519,2025-08-01T23:00:00Z,direct_ridge_90d_v1,22755.085854511035,12490.790657582364,0.5229402242734535
2025-07-01_30d_d168_h3,950,settlement_tail,2025-08-02T16:00:00Z,2025-08-02T17:00:00Z,2025-08-02,28.64,24047.0,1122.0,0.7024578090662668,2025-08-01T23:00:00Z,direct_ridge_90d_v1,24477.55040343754,11908.452506787791,0.533293447580321
2025-07-01_30d_d168_h3,951,settlement_tail,2025-08-02T17:00:00Z,2025-08-02T18:00:00Z,2025-08-02,32.76,24616.0,1208.0,0.7050485944042953,2025-08-01T23:00:00Z,direct_ridge_90d_v1,25419.387918011438,11467.580915427532,0.5556836632497721
2025-07-01_30d_d168_h3,952,settlement_tail,2025-08-02T18:00:00Z,2025-08-02T19:00:00Z,2025-08-02,39.44,24954.0,1082.0,0.7092115235266737,2025-08-01T23:00:00Z,direct_ridge_90d_v1,25650.919891601872,11551.405566629575,0.5736262580085169
2025-07-01_30d_d168_h3,953,settlement_tail,2025-08-02T19:00:00Z,2025-08-02T20:00:00Z,2025-08-02,43.46,24114.0,1530.0,0.7183956211984575,2025-08-01T23:00:00Z,direct_ridge_90d_v1,25145.827574838175,11527.883075315884,0.5867957317831718
2025-07-01_30d_d168_h3,954,settlement_tail,2025-08-02T20:00:00Z,2025-08-02T21:00:00Z,2025-08-02,44.12,21518.0,3725.0,0.7283983376673387,2025-08-01T23:00:00Z,direct_ridge_90d_v1,24246.568690196214,11767.153672657552,0.5999821195182834
2025-07-01_30d_d168_h3,955,settlement_tail,2025-08-02T21:00:00Z,2025-08-02T22:00:00Z,2025-08-02,41.04,18382.0,5353.0,0.7474354247992199,2025-08-01T23:00:00Z,direct_ridge_90d_v1,23128.31747209048,12201.054912024982,0.613166427551012
2025-07-01_30d_d168_h3,956,settlement_tail,2025-08-02T22:00:00Z,2025-08-02T23:00:00Z,2025-08-02,41.52,14967.0,6397.0,0.7712444607629931,2025-08-01T23:00:00Z,direct_ridge_90d_v1,21048.32677512463,13048.949040152072,0.6262616438338403
2025-07-01_30d_d168_h3,957,settlement_tail,2025-08-02T23:00:00Z,2025-08-03T00:00:00Z,2025-08-02,57.56,11503.0,7014.0,0.8082493345965294,2025-08-01T23:00:00Z,direct_ridge_90d_v1,16824.324202900712,13681.13506448409,0.6653346358406476
2025-07-01_30d_d168_h3,958,settlement_tail,2025-08-03T00:00:00Z,2025-08-03T01:00:00Z,2025-08-02,78.04,5485.0,8512.0,0.8437171732190099,2025-08-01T23:00:00Z,direct_ridge_90d_v1,7349.002176534333,14410.69457755578,0.7369449408775777
2025-07-01_30d_d168_h3,959,settlement_tail,2025-08-03T01:00:00Z,2025-08-03T02:00:00Z,2025-08-02,68.73,430.0,10207.0,0.8672802192117943,2025-08-01T23:00:00Z,direct_ridge_90d_v1,0.0,14691.573273104199,0.7873339612734321
2025-07-01_30d_d168_h3,960,settlement_tail,2025-08-03T02:00:00Z,2025-08-03T03:00:00Z,2025-08-02,56.73,0.0,10601.0,0.8718867557757852,2025-08-01T23:00:00Z,direct_ridge_90d_v1,0.0,15466.768626323086,0.8013554260677745
2025-07-01_30d_d168_h3,961,settlement_tail,2025-08-03T03:00:00Z,2025-08-03T04:00:00Z,2025-08-02,39.39,0.0,10412.0,0.8995102337318568,2025-08-01T23:00:00Z,direct_ridge_90d_v1,0.0,16080.819301738557,0.8059985884383871
2025-07-01_30d_d168_h3,962,settlement_tail,2025-08-03T04:00:00Z,2025-08-03T05:00:00Z,2025-08-02,31.35,0.0,10665.0,0.9019729016459289,2025-08-01T23:00:00Z,direct_ridge_90d_v1,0.0,16158.230257407988,0.792489937074101
2025-07-01_30d_d168_h3,963,settlement_tail,2025-08-03T05:00:00Z,2025-08-03T06:00:00Z,2025-08-03,26.18,0.0,11419.0,0.8736809285155454,2025-08-02T23:00:00Z,direct_ridge_90d_v1,0.0,16494.09931252008,0.7848074445357759
2025-07-01_30d_d168_h3,964,settlement_tail,2025-08-03T06:00:00Z,2025-08-03T07:00:00Z,2025-08-03,25.5,0.0,11559.0,0.8723030237164937,2025-08-02T23:00:00Z,direct_ridge_90d_v1,0.0,16288.294104833385,0.7796787801482762
2025-07-01_30d_d168_h3,965,settlement_tail,2025-08-03T07:00:00Z,2025-08-03T08:00:00Z,2025-08-03,24.29,0.0,11197.0,0.8820490038200708,2025-08-02T23:00:00Z,direct_ridge_90d_v1,0.0,16238.774356196567,0.7737333905966017
2025-07-01_30d_d168_h3,966,settlement_tail,2025-08-03T08:00:00Z,2025-08-03T09:00:00Z,2025-08-03,24.15,0.0,10600.0,0.8877548769117787,2025-08-02T23:00:00Z,direct_ridge_90d_v1,0.0,16259.34887436231,0.7716398785699862
2025-07-01_30d_d168_h3,967,settlement_tail,2025-08-03T09:00:00Z,2025-08-03T10:00:00Z,2025-08-03,22.13,0.0,10134.0,0.8964720900831088,2025-08-02T23:00:00Z,direct_ridge_90d_v1,0.0,15940.96695301953,0.7799429794081386
2025-07-01_30d_d168_h3,968,settlement_tail,2025-08-03T10:00:00Z,2025-08-03T11:00:00Z,2025-08-03,23.38,0.0,9612.0,0.8942974061064223,2025-08-02T23:00:00Z,direct_ridge_90d_v1,0.0,15145.867550102565,0.8005021002833024
2025-07-01_30d_d168_h3,969,settlement_tail,2025-08-03T11:00:00Z,2025-08-03T12:00:00Z,2025-08-03,24.16,14.0,9052.0,0.9111352321396871,2025-08-02T23:00:00Z,direct_ridge_90d_v1,51.739566126285226,14492.538019664986,0.8123414356103579
2025-07-01_30d_d168_h3,970,settlement_tail,2025-08-03T12:00:00Z,2025-08-03T13:00:00Z,2025-08-03,21.59,3267.0,10630.0,0.7914981523792577,2025-08-02T23:00:00Z,direct_ridge_90d_v1,3923.6355363165026,13381.798587839121,0.7533105543019708
2025-07-01_30d_d168_h3,971,settlement_tail,2025-08-03T13:00:00Z,2025-08-03T14:00:00Z,2025-08-03,17.45,14461.0,9811.0,0.6099886919515107,2025-08-02T23:00:00Z,direct_ridge_90d_v1,13492.348042932452,12316.635553825414,0.6116262573432426
2025-07-01_30d_d168_h3,972,settlement_tail,2025-08-03T14:00:00Z,2025-08-03T15:00:00Z,2025-08-03,16.69,20847.0,9210.0,0.5274515686849843,2025-08-02T23:00:00Z,direct_ridge_90d_v1,19035.828552408966,12975.687068209803,0.532315121251889
2025-07-01_30d_d168_h3,973,settlement_tail,2025-08-03T15:00:00Z,2025-08-03T16:00:00Z,2025-08-03,18.09,22847.0,9789.0,0.514100162346722,2025-08-02T23:00:00Z,direct_ridge_90d_v1,22471.368894768184,12575.401928271427,0.5100635050325785
2025-07-01_30d_d168_h3,974,settlement_tail,2025-08-03T16:00:00Z,2025-08-03T17:00:00Z,2025-08-03,21.45,24164.0,12025.0,0.49020930604202767,2025-08-02T23:00:00Z,direct_ridge_90d_v1,24074.759417226665,11720.035350203267,0.5209508692012788
2025-07-01_30d_d168_h3,975,settlement_tail,2025-08-03T17:00:00Z,2025-08-03T18:00:00Z,2025-08-03,27.21,24607.0,13062.0,0.5000215573472606,2025-08-02T23:00:00Z,direct_ridge_90d_v1,24950.315989124563,11076.710701232836,0.5426606099505514
2025-07-01_30d_d168_h3,976,settlement_tail,2025-08-03T18:00:00Z,2025-08-03T19:00:00Z,2025-08-03,32.79,24692.0,10993.0,0.5542966079614546,2025-08-02T23:00:00Z,direct_ridge_90d_v1,25091.78556508897,11059.74240645457,0.5601664708187004
2025-07-01_30d_d168_h3,977,settlement_tail,2025-08-03T19:00:00Z,2025-08-03T20:00:00Z,2025-08-03,37.3,22816.0,8388.0,0.6265337134132082,2025-08-02T23:00:00Z,direct_ridge_90d_v1,24378.34599645789,10996.28568439339,0.5735782209398582
2025-07-01_30d_d168_h3,978,settlement_tail,2025-08-03T20:00:00Z,2025-08-03T21:00:00Z,2025-08-03,38.78,20395.0,9352.0,0.6588699343845892,2025-08-02T23:00:00Z,direct_ridge_90d_v1,23441.44290154297,11183.237678667343,0.5858813161010831
2025-07-01_30d_d168_h3,979,settlement_tail,2025-08-03T21:00:00Z,2025-08-03T22:00:00Z,2025-08-03,46.47,20635.0,9768.0,0.6563869796740893,2025-08-02T23:00:00Z,direct_ridge_90d_v1,22317.014326943823,11584.72583309994,0.6008481256512846
2025-07-01_30d_d168_h3,980,settlement_tail,2025-08-03T22:00:00Z,2025-08-03T23:00:00Z,2025-08-03,48.15,20438.0,8640.0,0.6748509332893529,2025-08-02T23:00:00Z,direct_ridge_90d_v1,19954.728898627156,12354.334341125787,0.6142146099838844
2025-07-01_30d_d168_h3,981,settlement_tail,2025-08-03T23:00:00Z,2025-08-04T00:00:00Z,2025-08-03,62.75,15772.0,7766.0,0.7427185443289299,2025-08-02T23:00:00Z,direct_ridge_90d_v1,16389.56964409809,13038.946320071354,0.6566077743147329
2025-07-01_30d_d168_h3,982,settlement_tail,2025-08-04T00:00:00Z,2025-08-04T01:00:00Z,2025-08-03,82.57,6584.0,8283.0,0.8041360742876474,2025-08-02T23:00:00Z,direct_ridge_90d_v1,7330.152163423322,13739.671317089817,0.7348876094732395
2025-07-01_30d_d168_h3,983,settlement_tail,2025-08-04T01:00:00Z,2025-08-04T02:00:00Z,2025-08-03,82.88,372.0,10080.0,0.8502620466535453,2025-08-02T23:00:00Z,direct_ridge_90d_v1,0.0,14015.47005430383,0.7915272694888578
2025-07-01_30d_d168_h3,984,settlement_tail,2025-08-04T02:00:00Z,2025-08-04T03:00:00Z,2025-08-03,45.21,0.0,13352.0,0.8603781936642909,2025-08-02T23:00:00Z,direct_ridge_90d_v1,0.0,14967.04750745074,0.8062941327124115
2025-07-01_30d_d168_h3,985,settlement_tail,2025-08-04T03:00:00Z,2025-08-04T04:00:00Z,2025-08-03,38.27,0.0,15083.0,0.8466597889143784,2025-08-02T23:00:00Z,direct_ridge_90d_v1,0.0,15759.902839753378,0.809231030499882
2025-07-01_30d_d168_h3,986,settlement_tail,2025-08-04T04:00:00Z,2025-08-04T05:00:00Z,2025-08-03,32.22,0.0,15093.0,0.8446616783803677,2025-08-02T23:00:00Z,direct_ridge_90d_v1,0.0,15947.040800511462,0.7940290069162579
2025-07-01_30d_d168_h3,987,settlement_tail,2025-08-04T05:00:00Z,2025-08-04T06:00:00Z,2025-08-04,24.37,0.0,15236.0,0.8334461738001956,2025-08-03T23:00:00Z,direct_ridge_90d_v1,0.0,16308.25841674201,0.7798287343968607
2025-07-01_30d_d168_h3,988,settlement_tail,2025-08-04T06:00:00Z,2025-08-04T07:00:00Z,2025-08-04,24.08,0.0,15205.0,0.8148978205893677,2025-08-03T23:00:00Z,direct_ridge_90d_v1,0.0,15775.583046749365,0.7804691131482736
2025-07-01_30d_d168_h3,989,settlement_tail,2025-08-04T07:00:00Z,2025-08-04T08:00:00Z,2025-08-04,23.27,0.0,13593.0,0.8371419700023826,2025-08-03T23:00:00Z,direct_ridge_90d_v1,0.0,15203.655547736513,0.7823424458852941
2025-07-01_30d_d168_h3,990,settlement_tail,2025-08-04T08:00:00Z,2025-08-04T09:00:00Z,2025-08-04,24.09,1.0,11288.0,0.887002841990297,2025-08-03T23:00:00Z,direct_ridge_90d_v1,0.0,14591.202141439062,0.7886423939851183
2025-07-01_30d_d168_h3,991,settlement_tail,2025-08-04T09:00:00Z,2025-08-04T10:00:00Z,2025-08-04,26.09,1.0,10637.0,0.9016155285262626,2025-08-03T23:00:00Z,direct_ridge_90d_v1,0.0,13986.74977304157,0.8046326639650827
2025-07-01_30d_d168_h3,992,settlement_tail,2025-08-04T10:00:00Z,2025-08-04T11:00:00Z,2025-08-04,29.4,1.0,10058.0,0.9104942682731174,2025-08-03T23:00:00Z,direct_ridge_90d_v1,0.0,13486.569616476698,0.8236964434321987
2025-07-01_30d_d168_h3,993,settlement_tail,2025-08-04T11:00:00Z,2025-08-04T12:00:00Z,2025-08-04,32.56,16.0,9076.0,0.9249348459449213,2025-08-03T23:00:00Z,direct_ridge_90d_v1,57.419633958071,12913.513248152065,0.8394349904477166
2025-07-01_30d_d168_h3,994,settlement_tail,2025-08-04T12:00:00Z,2025-08-04T13:00:00Z,2025-08-04,30.32,2123.0,8069.0,0.9054370950578979,2025-08-03T23:00:00Z,direct_ridge_90d_v1,3750.6528124636975,11682.40769576549,0.7939099991511002
2025-07-01_30d_d168_h3,995,settlement_tail,2025-08-04T13:00:00Z,2025-08-04T14:00:00Z,2025-08-04,21.79,11256.0,5563.0,0.7970434278170815,2025-08-03T23:00:00Z,direct_ridge_90d_v1,13193.222257065221,10249.873009954266,0.6608719910399937
2025-07-01_30d_d168_h3,996,settlement_tail,2025-08-04T14:00:00Z,2025-08-04T15:00:00Z,2025-08-04,19.38,17081.0,5191.0,0.695677370653949,2025-08-03T23:00:00Z,direct_ridge_90d_v1,19040.94372597993,10685.653956176446,0.5776960785074147
2025-07-01_30d_d168_h3,997,settlement_tail,2025-08-04T15:00:00Z,2025-08-04T16:00:00Z,2025-08-04,20.56,19323.0,5075.0,0.6779445224239607,2025-08-03T23:00:00Z,direct_ridge_90d_v1,22466.63121937696,10139.850330359,0.5565302145811944
2025-07-01_30d_d168_h3,998,settlement_tail,2025-08-04T16:00:00Z,2025-08-04T17:00:00Z,2025-08-04,24.33,20535.0,4430.0,0.6680171182411364,2025-08-03T23:00:00Z,direct_ridge_90d_v1,23997.47562799426,9388.962670971849,0.567307326500251
2025-07-01_30d_d168_h3,999,settlement_tail,2025-08-04T17:00:00Z,2025-08-04T18:00:00Z,2025-08-04,31.13,22812.0,3978.0,0.6299036711554394,2025-08-03T23:00:00Z,direct_ridge_90d_v1,24898.45806489017,9151.684727444397,0.5794950962264651
2025-07-01_30d_d168_h3,1000,settlement_tail,2025-08-04T18:00:00Z,2025-08-04T19:00:00Z,2025-08-04,35.31,23794.0,4280.0,0.6196578847151987,2025-08-03T23:00:00Z,direct_ridge_90d_v1,25135.355024411252,9413.743559708546,0.5915063968392243
2025-07-01_30d_d168_h3,1001,settlement_tail,2025-08-04T19:00:00Z,2025-08-04T20:00:00Z,2025-08-04,35.3,24346.0,5867.0,0.6031887344494345,2025-08-03T23:00:00Z,direct_ridge_90d_v1,24380.806333947352,9791.562664864556,0.5988318751806386
2025-07-01_30d_d168_h3,1002,settlement_tail,2025-08-04T20:00:00Z,2025-08-04T21:00:00Z,2025-08-04,36.25,23476.0,6498.0,0.6270357721732078,2025-08-03T23:00:00Z,direct_ridge_90d_v1,23431.63145360373,10167.825186445423,0.6061239738990342
2025-07-01_30d_d168_h3,1003,settlement_tail,2025-08-04T21:00:00Z,2025-08-04T22:00:00Z,2025-08-04,37.57,23841.0,7607.0,0.6174934566816164,2025-08-03T23:00:00Z,direct_ridge_90d_v1,22136.211408176143,10565.514121906936,0.6189034241525281
2025-07-01_30d_d168_h3,1004,settlement_tail,2025-08-04T22:00:00Z,2025-08-04T23:00:00Z,2025-08-04,39.25,20996.0,9408.0,0.6541902010866948,2025-08-03T23:00:00Z,direct_ridge_90d_v1,20154.575397044875,11121.595103871283,0.6362714829010652
2025-07-01_30d_d168_h3,1005,settlement_tail,2025-08-04T23:00:00Z,2025-08-05T00:00:00Z,2025-08-04,45.59,15141.0,10829.0,0.7107608566283763,2025-08-03T23:00:00Z,direct_ridge_90d_v1,16391.50512263618,12428.626545047866,0.663754697637186
2025-07-01_30d_d168_h3,1006,settlement_tail,2025-08-05T00:00:00Z,2025-08-05T01:00:00Z,2025-08-04,58.37,6186.0,12457.0,0.7681282297384702,2025-08-03T23:00:00Z,direct_ridge_90d_v1,7486.431701825644,13313.492103392615,0.7452239393601323
2025-07-01_30d_d168_h3,1007,settlement_tail,2025-08-05T01:00:00Z,2025-08-05T02:00:00Z,2025-08-04,51.21,343.0,13766.0,0.8010676868478155,2025-08-03T23:00:00Z,direct_ridge_90d_v1,0.0,13712.029000256913,0.8007076512582125
2025-07-01_30d_d168_h3,1008,settlement_tail,2025-08-05T02:00:00Z,2025-08-05T03:00:00Z,2025-08-04,39.97,0.0,16057.0,0.7966081964540684,2025-08-03T23:00:00Z,direct_ridge_90d_v1,0.0,14621.393698112275,0.8168108589952836
2025-07-01_30d_d168_h3,1009,settlement_tail,2025-08-05T03:00:00Z,2025-08-05T04:00:00Z,2025-08-04,32.05,0.0,17838.0,0.7783049202639513,2025-08-03T23:00:00Z,direct_ridge_90d_v1,0.0,15362.596963614702,0.8201323300452035
2025-07-01_30d_d168_h3,1010,settlement_tail,2025-08-05T04:00:00Z,2025-08-05T05:00:00Z,2025-08-04,24.01,0.0,17391.0,0.7556796988879925,2025-08-03T23:00:00Z,direct_ridge_90d_v1,0.0,15626.029499717866,0.8057797331668478
2025-07-01_30d_d168_h3,1011,settlement_tail,2025-08-05T05:00:00Z,2025-08-05T06:00:00Z,2025-08-05,23.23,0.0,16361.0,0.7534577398468024,2025-08-04T23:00:00Z,direct_ridge_90d_v1,0.0,15230.075992201653,0.7995495306330411
2025-07-01_30d_d168_h3,1012,settlement_tail,2025-08-05T06:00:00Z,2025-08-05T07:00:00Z,2025-08-05,21.17,0.0,15632.0,0.7564207773783218,2025-08-04T23:00:00Z,direct_ridge_90d_v1,0.0,14671.939426200093,0.8022939293312608
2025-07-01_30d_d168_h3,1013,settlement_tail,2025-08-05T07:00:00Z,2025-08-05T08:00:00Z,2025-08-05,20.76,0.0,14931.0,0.7532066937643906,2025-08-04T23:00:00Z,direct_ridge_90d_v1,0.0,14208.028653525098,0.8023154704197656
2025-07-01_30d_d168_h3,1014,settlement_tail,2025-08-05T08:00:00Z,2025-08-05T09:00:00Z,2025-08-05,20.78,0.0,14117.0,0.7607793068358781,2025-08-04T23:00:00Z,direct_ridge_90d_v1,0.0,13715.13195956679,0.806980970695372
2025-07-01_30d_d168_h3,1015,settlement_tail,2025-08-05T09:00:00Z,2025-08-05T10:00:00Z,2025-08-05,21.16,0.0,13593.0,0.7669758925735962,2025-08-04T23:00:00Z,direct_ridge_90d_v1,0.0,13133.921822422148,0.8214481555498871
2025-07-01_30d_d168_h3,1016,settlement_tail,2025-08-05T10:00:00Z,2025-08-05T11:00:00Z,2025-08-05,23.32,1.0,13348.0,0.7840157263870781,2025-08-04T23:00:00Z,direct_ridge_90d_v1,0.0,12847.238379725444,0.8349805590686831
2025-07-01_30d_d168_h3,1017,settlement_tail,2025-08-05T11:00:00Z,2025-08-05T12:00:00Z,2025-08-05,23.39,17.0,12753.0,0.8047287505161612,2025-08-04T23:00:00Z,direct_ridge_90d_v1,32.355337649994624,12389.548718272736,0.8466216755522175
2025-07-01_30d_d168_h3,1018,settlement_tail,2025-08-05T12:00:00Z,2025-08-05T13:00:00Z,2025-08-05,20.55,3450.0,11806.0,0.7635803903600593,2025-08-04T23:00:00Z,direct_ridge_90d_v1,3402.9215607882534,11152.475270136367,0.8036078157918827
2025-07-01_30d_d168_h3,1019,settlement_tail,2025-08-05T13:00:00Z,2025-08-05T14:00:00Z,2025-08-05,16.72,15750.0,9301.0,0.6080929268456281,2025-08-04T23:00:00Z,direct_ridge_90d_v1,12511.03563559432,9514.77736385945,0.6754639628917752
2025-07-01_30d_d168_h3,1020,settlement_tail,2025-08-05T14:00:00Z,2025-08-05T15:00:00Z,2025-08-05,13.99,22414.0,9881.0,0.5292799523156512,2025-08-04T23:00:00Z,direct_ridge_90d_v1,18196.964223977895,9594.709788258418,0.5937461497150199
2025-07-01_30d_d168_h3,1021,settlement_tail,2025-08-05T15:00:00Z,2025-08-05T16:00:00Z,2025-08-05,15.56,25818.0,10056.0,0.4940759276164248,2025-08-04T23:00:00Z,direct_ridge_90d_v1,21526.973333863807,8871.962643066196,0.5725360866698868
2025-07-01_30d_d168_h3,1022,settlement_tail,2025-08-05T16:00:00Z,2025-08-05T17:00:00Z,2025-08-05,18.18,27193.0,9007.0,0.5039071350997786,2025-08-04T23:00:00Z,direct_ridge_90d_v1,22958.388837853272,8105.9164154094615,0.5819077819549526
2025-07-01_30d_d168_h3,1023,settlement_tail,2025-08-05T17:00:00Z,2025-08-05T18:00:00Z,2025-08-05,25.03,26999.0,8414.0,0.5507129427591568,2025-08-04T23:00:00Z,direct_ridge_90d_v1,23784.76812468285,7878.746169272939,0.5948505434154115
2025-07-01_30d_d168_h3,1024,settlement_tail,2025-08-05T18:00:00Z,2025-08-05T19:00:00Z,2025-08-05,31.0,26654.0,8092.0,0.597381219109233,2025-08-04T23:00:00Z,direct_ridge_90d_v1,23912.250631008592,8071.053063642799,0.6069217392648156
2025-07-01_30d_d168_h3,1025,settlement_tail,2025-08-05T19:00:00Z,2025-08-05T20:00:00Z,2025-08-05,35.36,26146.0,8516.0,0.6187911630055811,2025-08-04T23:00:00Z,direct_ridge_90d_v1,23170.434658106158,8476.470902506211,0.6163212067376583
2025-07-01_30d_d168_h3,1026,settlement_tail,2025-08-05T20:00:00Z,2025-08-05T21:00:00Z,2025-08-05,38.84,26102.0,9522.0,0.6181055153186584,2025-08-04T23:00:00Z,direct_ridge_90d_v1,22157.16763056213,8964.877403595645,0.6270073800578213
2025-07-01_30d_d168_h3,1027,settlement_tail,2025-08-05T21:00:00Z,2025-08-05T22:00:00Z,2025-08-05,38.38,25803.0,10487.0,0.6044735855464681,2025-08-04T23:00:00Z,direct_ridge_90d_v1,20818.495784049766,9449.429511176684,0.6402708134601863
2025-07-01_30d_d168_h3,1028,settlement_tail,2025-08-05T22:00:00Z,2025-08-05T23:00:00Z,2025-08-05,36.0,24633.0,12045.0,0.5908632291591087,2025-08-04T23:00:00Z,direct_ridge_90d_v1,18421.110736955994,10021.02772088623,0.6553937604781298
2025-07-01_30d_d168_h3,1029,settlement_tail,2025-08-05T23:00:00Z,2025-08-06T00:00:00Z,2025-08-05,38.67,19593.0,13894.0,0.6230647265626265,2025-08-04T23:00:00Z,direct_ridge_90d_v1,15018.668539673583,11386.761237587492,0.6824265080500248
2025-07-01_30d_d168_h3,1030,settlement_tail,2025-08-06T00:00:00Z,2025-08-06T01:00:00Z,2025-08-05,54.7,7699.0,15116.0,0.7188377272509221,2025-08-04T23:00:00Z,direct_ridge_90d_v1,6645.915258098317,12120.12872155831,0.7619023527978016
2025-07-01_30d_d168_h3,1031,settlement_tail,2025-08-06T01:00:00Z,2025-08-06T02:00:00Z,2025-08-05,52.42,615.0,16834.0,0.764163394456841,2025-08-04T23:00:00Z,direct_ridge_90d_v1,0.0,12629.776100071458,0.8151783238153525
2025-07-01_30d_d168_h3,1032,settlement_tail,2025-08-06T02:00:00Z,2025-08-06T03:00:00Z,2025-08-05,37.04,7.0,19866.0,0.7727591948030249,2025-08-04T23:00:00Z,direct_ridge_90d_v1,0.0,13757.797549211447,0.831174903490476
2025-07-01_30d_d168_h3,1033,settlement_tail,2025-08-06T03:00:00Z,2025-08-06T04:00:00Z,2025-08-05,28.65,0.0,21501.0,0.7473430801125197,2025-08-04T23:00:00Z,direct_ridge_90d_v1,0.0,14667.878626674104,0.8344943671226697
2025-07-01_30d_d168_h3,1034,settlement_tail,2025-08-06T04:00:00Z,2025-08-06T05:00:00Z,2025-08-05,23.32,0.0,21919.0,0.7158077893883853,2025-08-04T23:00:00Z,direct_ridge_90d_v1,0.0,14904.309672498483,0.8205979239600423
2025-07-01_30d_d168_h3,1035,settlement_tail,2025-08-06T05:00:00Z,2025-08-06T06:00:00Z,2025-08-06,21.39,1.0,22445.0,0.671416638161354,2025-08-05T23:00:00Z,direct_ridge_90d_v1,0.0,15365.01975779627,0.8001739734607499
2025-07-01_30d_d168_h3,1036,settlement_tail,2025-08-06T06:00:00Z,2025-08-06T07:00:00Z,2025-08-06,19.63,1.0,22216.0,0.6502010391777002,2025-08-05T23:00:00Z,direct_ridge_90d_v1,0.0,15066.593051684733,0.7948067671407623
2025-07-01_30d_d168_h3,1037,settlement_tail,2025-08-06T07:00:00Z,2025-08-06T08:00:00Z,2025-08-06,18.47,1.0,21747.0,0.6389971839959455,2025-08-05T23:00:00Z,direct_ridge_90d_v1,0.0,14570.312543819795,0.7954317543838605
2025-07-01_30d_d168_h3,1038,settlement_tail,2025-08-06T08:00:00Z,2025-08-06T09:00:00Z,2025-08-06,18.03,1.0,21335.0,0.6351695206777404,2025-08-05T23:00:00Z,direct_ridge_90d_v1,0.0,14012.964599075325,0.8060461170146901
2025-07-01_30d_d168_h3,1039,settlement_tail,2025-08-06T09:00:00Z,2025-08-06T10:00:00Z,2025-08-06,18.38,97.0,20556.0,0.6431546273924905,2025-08-05T23:00:00Z,direct_ridge_90d_v1,0.0,13370.845725161447,0.8256430849968296
2025-07-01_30d_d168_h3,1040,settlement_tail,2025-08-06T10:00:00Z,2025-08-06T11:00:00Z,2025-08-06,19.88,38.0,18703.0,0.6869964132313391,2025-08-05T23:00:00Z,direct_ridge_90d_v1,0.0,12921.907082073612,0.842256269691845
2025-07-01_30d_d168_h3,1041,settlement_tail,2025-08-06T11:00:00Z,2025-08-06T12:00:00Z,2025-08-06,20.38,12.0,17368.0,0.7433843583069439,2025-08-05T23:00:00Z,direct_ridge_90d_v1,37.64234930088966,12458.759637144523,0.8536698772279451
2025-07-01_30d_d168_h3,1042,settlement_tail,2025-08-06T12:00:00Z,2025-08-06T13:00:00Z,2025-08-06,19.23,3527.0,15608.0,0.7226880311799851,2025-08-05T23:00:00Z,direct_ridge_90d_v1,3592.7974314794374,11522.475546025707,0.8079668622946184
2025-07-01_30d_d168_h3,1043,settlement_tail,2025-08-06T13:00:00Z,2025-08-06T14:00:00Z,2025-08-06,15.41,16878.0,11507.0,0.5687681115616248,2025-08-05T23:00:00Z,direct_ridge_90d_v1,12797.483535532601,10409.695767870708,0.6758020020857227
2025-07-01_30d_d168_h3,1044,settlement_tail,2025-08-06T14:00:00Z,2025-08-06T15:00:00Z,2025-08-06,11.2,24623.0,12823.0,0.47108577314996525,2025-08-05T23:00:00Z,direct_ridge_90d_v1,18437.134560750546,10591.697980626624,0.6017521591553319
2025-07-01_30d_d168_h3,1045,settlement_tail,2025-08-06T15:00:00Z,2025-08-06T16:00:00Z,2025-08-06,13.89,25910.0,13907.0,0.46293073130102275,2025-08-05T23:00:00Z,direct_ridge_90d_v1,21743.05620582528,10166.47029106975,0.5810115044056456
2025-07-01_30d_d168_h3,1046,settlement_tail,2025-08-06T16:00:00Z,2025-08-06T17:00:00Z,2025-08-06,18.15,27172.0,10629.0,0.5169179849399865,2025-08-05T23:00:00Z,direct_ridge_90d_v1,23185.521760762094,9726.846974905684,0.5850186684176785
2025-07-01_30d_d168_h3,1047,settlement_tail,2025-08-06T17:00:00Z,2025-08-06T18:00:00Z,2025-08-06,25.65,27551.0,8388.0,0.5787576392041293,2025-08-05T23:00:00Z,direct_ridge_90d_v1,23909.478736359924,9432.797832584543,0.5988523836629308
2025-07-01_30d_d168_h3,1048,settlement_tail,2025-08-06T18:00:00Z,2025-08-06T19:00:00Z,2025-08-06,30.24,27965.0,8124.0,0.6045866131412773,2025-08-05T23:00:00Z,direct_ridge_90d_v1,23990.68365207683,9317.181925058845,0.6168982469834776
2025-07-01_30d_d168_h3,1049,settlement_tail,2025-08-06T19:00:00Z,2025-08-06T20:00:00Z,2025-08-06,31.96,27818.0,8903.0,0.607044495018613,2025-08-05T23:00:00Z,direct_ridge_90d_v1,23257.271856944164,9581.991591217973,0.6285545478159792
2025-07-01_30d_d168_h3,1050,settlement_tail,2025-08-06T20:00:00Z,2025-08-06T21:00:00Z,2025-08-06,33.53,27110.0,10206.0,0.5961733309374502,2025-08-05T23:00:00Z,direct_ridge_90d_v1,22154.08600751035,10243.199425786828,0.640302699402218
2025-07-01_30d_d168_h3,1051,settlement_tail,2025-08-06T21:00:00Z,2025-08-06T22:00:00Z,2025-08-06,34.82,26233.0,11585.0,0.5830133374594504,2025-08-05T23:00:00Z,direct_ridge_90d_v1,21022.88263882611,10968.887371307357,0.6509441479891293
2025-07-01_30d_d168_h3,1052,settlement_tail,2025-08-06T22:00:00Z,2025-08-06T23:00:00Z,2025-08-06,34.65,24359.0,13681.0,0.5610456378486436,2025-08-05T23:00:00Z,direct_ridge_90d_v1,18934.032803937644,11753.942511513225,0.6665957286777967
2025-07-01_30d_d168_h3,1053,settlement_tail,2025-08-06T23:00:00Z,2025-08-07T00:00:00Z,2025-08-06,34.58,19432.0,15577.0,0.5913179055018681,2025-08-05T23:00:00Z,direct_ridge_90d_v1,14688.355382819831,12142.096916514714,0.7065647700751231
2025-07-01_30d_d168_h3,1054,settlement_tail,2025-08-07T00:00:00Z,2025-08-07T01:00:00Z,2025-08-06,48.21,7710.0,17003.0,0.6840095117936736,2025-08-05T23:00:00Z,direct_ridge_90d_v1,6601.781377218594,12923.55234989844,0.7765164672241612
2025-07-01_30d_d168_h3,1055,settlement_tail,2025-08-07T01:00:00Z,2025-08-07T02:00:00Z,2025-08-06,52.71,395.0,17644.0,0.7412813729111344,2025-08-05T23:00:00Z,direct_ridge_90d_v1,0.0,13519.004039278247,0.8213306574343238
2025-07-01_30d_d168_h3,1056,settlement_tail,2025-08-07T02:00:00Z,2025-08-07T03:00:00Z,2025-08-06,39.38,1.0,19647.0,0.7702979074310548,2025-08-05T23:00:00Z,direct_ridge_90d_v1,0.0,14702.572246232025,0.8282002777597085
2025-07-01_30d_d168_h3,1057,settlement_tail,2025-08-07T03:00:00Z,2025-08-07T04:00:00Z,2025-08-06,32.11,24.0,21466.0,0.7597452410832946,2025-08-05T23:00:00Z,direct_ridge_90d_v1,0.0,15552.445146712844,0.8252503305411053
2025-07-01_30d_d168_h3,1058,settlement_tail,2025-08-07T04:00:00Z,2025-08-07T05:00:00Z,2025-08-06,23.98,1.0,21690.0,0.7475624293636803,2025-08-05T23:00:00Z,direct_ridge_90d_v1,0.0,15914.807590130491,0.8077493777070383
2025-07-01_30d_d168_h3,1059,settlement_tail,2025-08-07T05:00:00Z,2025-08-07T06:00:00Z,2025-08-07,23.8,1.0,21697.0,0.7323647437532126,2025-08-06T23:00:00Z,direct_ridge_90d_v1,0.0,15031.13026264852,0.8084894004671568
2025-07-01_30d_d168_h3,1060,settlement_tail,2025-08-07T06:00:00Z,2025-08-07T07:00:00Z,2025-08-07,21.83,1.0,20498.0,0.7308012799148359,2025-08-06T23:00:00Z,direct_ridge_90d_v1,0.0,14605.609559943548,0.8038220657376972
2025-07-01_30d_d168_h3,1061,settlement_tail,2025-08-07T07:00:00Z,2025-08-07T08:00:00Z,2025-08-07,20.24,1.0,18964.0,0.7383817600481871,2025-08-06T23:00:00Z,direct_ridge_90d_v1,0.0,14319.819145635789,0.8005558698988493
