window_id,window_hour,period_role,interval_start_utc,interval_end_utc,local_date,dam_lz_houston_usd_per_mwh,erco_solar_generation_mwh,erco_wind_generation_mwh,erco_consumed_co2_intensity_lbs_per_kwh,forecast_cutoff_utc,forecast_method,forecast_erco_solar_generation_mwh,forecast_erco_wind_generation_mwh,forecast_consumed_co2_lbs_per_kwh
2025-01-01_30d_d168_h3,0,context,2024-12-25T03:00:00Z,2024-12-25T04:00:00Z,2024-12-24,27.34,1.0,10495.0,0.8907847551248244,,,,,
2025-01-01_30d_d168_h3,1,context,2024-12-25T04:00:00Z,2024-12-25T05:00:00Z,2024-12-24,24.67,1.0,8769.0,0.9325250010933503,,,,,
2025-01-01_30d_d168_h3,2,context,2024-12-25T05:00:00Z,2024-12-25T06:00:00Z,2024-12-24,21.89,1.0,7433.0,0.9605161141404502,,,,,
2025-01-01_30d_d168_h3,3,context,2024-12-25T06:00:00Z,2024-12-25T07:00:00Z,2024-12-25,22.09,1.0,5867.0,1.0062198761712182,,,,,
2025-01-01_30d_d168_h3,4,context,2024-12-25T07:00:00Z,2024-12-25T08:00:00Z,2024-12-25,21.15,1.0,4703.0,1.0324084629279173,,,,,
2025-01-01_30d_d168_h3,5,context,2024-12-25T08:00:00Z,2024-12-25T09:00:00Z,2024-12-25,20.84,1.0,3921.0,1.0444855892226816,,,,,
2025-01-01_30d_d168_h3,6,context,2024-12-25T09:00:00Z,2024-12-25T10:00:00Z,2024-12-25,20.38,1.0,3493.0,1.0463562650156633,,,,,
2025-01-01_30d_d168_h3,7,context,2024-12-25T10:00:00Z,2024-12-25T11:00:00Z,2024-12-25,20.2,1.0,3041.0,1.0584580867734412,,,,,
2025-01-01_30d_d168_h3,8,context,2024-12-25T11:00:00Z,2024-12-25T12:00:00Z,2024-12-25,24.4,1.0,2397.0,1.073959440814583,,,,,
2025-01-01_30d_d168_h3,9,context,2024-12-25T12:00:00Z,2024-12-25T13:00:00Z,2024-12-25,23.65,1.0,2410.0,1.0776891752866986,,,,,
2025-01-01_30d_d168_h3,10,context,2024-12-25T13:00:00Z,2024-12-25T14:00:00Z,2024-12-25,25.24,74.0,2581.0,1.0787285040687107,,,,,
2025-01-01_30d_d168_h3,11,context,2024-12-25T14:00:00Z,2024-12-25T15:00:00Z,2024-12-25,23.6,1768.0,2575.0,1.0503377609162072,,,,,
2025-01-01_30d_d168_h3,12,context,2024-12-25T15:00:00Z,2024-12-25T16:00:00Z,2024-12-25,20.37,4953.0,2852.0,0.9717841143012469,,,,,
2025-01-01_30d_d168_h3,13,context,2024-12-25T16:00:00Z,2024-12-25T17:00:00Z,2024-12-25,20.54,5940.0,3020.0,0.9563241878349201,,,,,
2025-01-01_30d_d168_h3,14,context,2024-12-25T17:00:00Z,2024-12-25T18:00:00Z,2024-12-25,20.5,6473.0,2747.0,0.9394482700821783,,,,,
2025-01-01_30d_d168_h3,15,context,2024-12-25T18:00:00Z,2024-12-25T19:00:00Z,2024-12-25,18.78,7630.0,2284.0,0.9320129210274025,,,,,
2025-01-01_30d_d168_h3,16,context,2024-12-25T19:00:00Z,2024-12-25T20:00:00Z,2024-12-25,17.45,7716.0,2576.0,0.932913929045675,,,,,
2025-01-01_30d_d168_h3,17,context,2024-12-25T20:00:00Z,2024-12-25T21:00:00Z,2024-12-25,16.6,8256.0,3056.0,0.9063269817011829,,,,,
2025-01-01_30d_d168_h3,18,context,2024-12-25T21:00:00Z,2024-12-25T22:00:00Z,2024-12-25,16.19,8033.0,3755.0,0.8965323023111795,,,,,
2025-01-01_30d_d168_h3,19,context,2024-12-25T22:00:00Z,2024-12-25T23:00:00Z,2024-12-25,20.69,5184.0,4119.0,0.9403655523566332,,,,,
2025-01-01_30d_d168_h3,20,context,2024-12-25T23:00:00Z,2024-12-26T00:00:00Z,2024-12-25,31.37,646.0,4644.0,1.0175329960891453,,,,,
2025-01-01_30d_d168_h3,21,context,2024-12-26T00:00:00Z,2024-12-26T01:00:00Z,2024-12-25,26.2,1.0,6663.0,1.0062697687577256,,,,,
2025-01-01_30d_d168_h3,22,context,2024-12-26T01:00:00Z,2024-12-26T02:00:00Z,2024-12-25,20.2,1.0,8990.0,0.9690601215687668,,,,,
2025-01-01_30d_d168_h3,23,context,2024-12-26T02:00:00Z,2024-12-26T03:00:00Z,2024-12-25,18.94,1.0,11165.0,0.9221558313047881,,,,,
2025-01-01_30d_d168_h3,24,context,2024-12-26T03:00:00Z,2024-12-26T04:00:00Z,2024-12-25,16.04,1.0,12784.0,0.8520756573327009,,,,,
2025-01-01_30d_d168_h3,25,context,2024-12-26T04:00:00Z,2024-12-26T05:00:00Z,2024-12-25,15.87,1.0,12604.0,0.8639911175562051,,,,,
2025-01-01_30d_d168_h3,26,context,2024-12-26T05:00:00Z,2024-12-26T06:00:00Z,2024-12-25,14.42,1.0,11792.0,0.8826280222492792,,,,,
2025-01-01_30d_d168_h3,27,context,2024-12-26T06:00:00Z,2024-12-26T07:00:00Z,2024-12-26,16.72,1.0,9631.0,0.942311117370054,,,,,
2025-01-01_30d_d168_h3,28,context,2024-12-26T07:00:00Z,2024-12-26T08:00:00Z,2024-12-26,16.97,1.0,8672.0,0.9593141973765361,,,,,
2025-01-01_30d_d168_h3,29,context,2024-12-26T08:00:00Z,2024-12-26T09:00:00Z,2024-12-26,17.88,1.0,8469.0,0.9583021966075084,,,,,
2025-01-01_30d_d168_h3,30,context,2024-12-26T09:00:00Z,2024-12-26T10:00:00Z,2024-12-26,19.07,1.0,7096.0,0.9823517870648166,,,,,
2025-01-01_30d_d168_h3,31,context,2024-12-26T10:00:00Z,2024-12-26T11:00:00Z,2024-12-26,20.98,1.0,5812.0,1.0136198711970965,,,,,
2025-01-01_30d_d168_h3,32,context,2024-12-26T11:00:00Z,2024-12-26T12:00:00Z,2024-12-26,22.81,1.0,4645.0,1.0526523144950013,,,,,
2025-01-01_30d_d168_h3,33,context,2024-12-26T12:00:00Z,2024-12-26T13:00:00Z,2024-12-26,22.11,1.0,4947.0,1.0353800484281495,,,,,
2025-01-01_30d_d168_h3,34,context,2024-12-26T13:00:00Z,2024-12-26T14:00:00Z,2024-12-26,24.0,43.0,4903.0,1.0202134745816458,,,,,
2025-01-01_30d_d168_h3,35,context,2024-12-26T14:00:00Z,2024-12-26T15:00:00Z,2024-12-26,22.64,1622.0,4825.0,1.003888830906052,,,,,
2025-01-01_30d_d168_h3,36,context,2024-12-26T15:00:00Z,2024-12-26T16:00:00Z,2024-12-26,20.37,5107.0,4769.0,0.9335675330903724,,,,,
2025-01-01_30d_d168_h3,37,context,2024-12-26T16:00:00Z,2024-12-26T17:00:00Z,2024-12-26,19.88,6761.0,6316.0,0.8769005917073062,,,,,
2025-01-01_30d_d168_h3,38,context,2024-12-26T17:00:00Z,2024-12-26T18:00:00Z,2024-12-26,18.64,7701.0,7739.0,0.8289998153845071,,,,,
2025-01-01_30d_d168_h3,39,context,2024-12-26T18:00:00Z,2024-12-26T19:00:00Z,2024-12-26,17.72,8383.0,8525.0,0.7941649943737454,,,,,
2025-01-01_30d_d168_h3,40,context,2024-12-26T19:00:00Z,2024-12-26T20:00:00Z,2024-12-26,17.3,9187.0,8605.0,0.7733521633305239,,,,,
2025-01-01_30d_d168_h3,41,context,2024-12-26T20:00:00Z,2024-12-26T21:00:00Z,2024-12-26,17.38,10513.0,8250.0,0.7396395006309934,,,,,
2025-01-01_30d_d168_h3,42,context,2024-12-26T21:00:00Z,2024-12-26T22:00:00Z,2024-12-26,17.47,10530.0,7167.0,0.7463297745347576,,,,,
2025-01-01_30d_d168_h3,43,context,2024-12-26T22:00:00Z,2024-12-26T23:00:00Z,2024-12-26,24.83,7287.0,5075.0,0.8433276839682248,,,,,
2025-01-01_30d_d168_h3,44,context,2024-12-26T23:00:00Z,2024-12-27T00:00:00Z,2024-12-26,45.36,795.0,3566.0,0.9803717756243201,,,,,
2025-01-01_30d_d168_h3,45,context,2024-12-27T00:00:00Z,2024-12-27T01:00:00Z,2024-12-26,40.6,1.0,4079.0,0.9928025581469614,,,,,
2025-01-01_30d_d168_h3,46,context,2024-12-27T01:00:00Z,2024-12-27T02:00:00Z,2024-12-26,38.06,1.0,4643.0,1.0333621503488524,,,,,
2025-01-01_30d_d168_h3,47,context,2024-12-27T02:00:00Z,2024-12-27T03:00:00Z,2024-12-26,32.45,1.0,5262.0,1.0445417197063762,,,,,
2025-01-01_30d_d168_h3,48,context,2024-12-27T03:00:00Z,2024-12-27T04:00:00Z,2024-12-26,27.65,1.0,5624.0,1.0374695942946062,,,,,
2025-01-01_30d_d168_h3,49,context,2024-12-27T04:00:00Z,2024-12-27T05:00:00Z,2024-12-26,27.34,1.0,6929.0,0.9976256024084967,,,,,
2025-01-01_30d_d168_h3,50,context,2024-12-27T05:00:00Z,2024-12-27T06:00:00Z,2024-12-26,24.84,1.0,9265.0,0.9199459265143324,,,,,
2025-01-01_30d_d168_h3,51,context,2024-12-27T06:00:00Z,2024-12-27T07:00:00Z,2024-12-27,24.04,1.0,11626.0,0.8471934084586963,,,,,
2025-01-01_30d_d168_h3,52,context,2024-12-27T07:00:00Z,2024-12-27T08:00:00Z,2024-12-27,21.36,1.0,13048.0,0.8011495203881417,,,,,
2025-01-01_30d_d168_h3,53,context,2024-12-27T08:00:00Z,2024-12-27T09:00:00Z,2024-12-27,18.74,1.0,15089.0,0.7378421304096127,,,,,
2025-01-01_30d_d168_h3,54,context,2024-12-27T09:00:00Z,2024-12-27T10:00:00Z,2024-12-27,16.13,1.0,16492.0,0.6928950875763489,,,,,
2025-01-01_30d_d168_h3,55,context,2024-12-27T10:00:00Z,2024-12-27T11:00:00Z,2024-12-27,15.78,1.0,18277.0,0.6294755529311677,,,,,
2025-01-01_30d_d168_h3,56,context,2024-12-27T11:00:00Z,2024-12-27T12:00:00Z,2024-12-27,17.74,1.0,19621.0,0.6007277704980669,,,,,
2025-01-01_30d_d168_h3,57,context,2024-12-27T12:00:00Z,2024-12-27T13:00:00Z,2024-12-27,18.09,1.0,20300.0,0.6168880544114854,,,,,
2025-01-01_30d_d168_h3,58,context,2024-12-27T13:00:00Z,2024-12-27T14:00:00Z,2024-12-27,18.7,357.0,20105.0,0.6096897441754059,,,,,
2025-01-01_30d_d168_h3,59,context,2024-12-27T14:00:00Z,2024-12-27T15:00:00Z,2024-12-27,15.86,5448.0,18997.0,0.5429671778315275,,,,,
2025-01-01_30d_d168_h3,60,context,2024-12-27T15:00:00Z,2024-12-27T16:00:00Z,2024-12-27,7.79,14137.0,15093.0,0.4525724489584553,,,,,
2025-01-01_30d_d168_h3,61,context,2024-12-27T16:00:00Z,2024-12-27T17:00:00Z,2024-12-27,7.5,16061.0,12688.0,0.4591961234111918,,,,,
2025-01-01_30d_d168_h3,62,context,2024-12-27T17:00:00Z,2024-12-27T18:00:00Z,2024-12-27,6.67,16290.0,12662.0,0.4640072177155879,,,,,
2025-01-01_30d_d168_h3,63,context,2024-12-27T18:00:00Z,2024-12-27T19:00:00Z,2024-12-27,5.67,16462.0,13002.0,0.45807771159075517,,,,,
2025-01-01_30d_d168_h3,64,context,2024-12-27T19:00:00Z,2024-12-27T20:00:00Z,2024-12-27,9.72,15161.0,12415.0,0.4932961211838468,,,,,
2025-01-01_30d_d168_h3,65,context,2024-12-27T20:00:00Z,2024-12-27T21:00:00Z,2024-12-27,13.91,13346.0,11047.0,0.5738350244134319,,,,,
2025-01-01_30d_d168_h3,66,context,2024-12-27T21:00:00Z,2024-12-27T22:00:00Z,2024-12-27,16.12,11008.0,6871.0,0.742887632826438,,,,,
2025-01-01_30d_d168_h3,67,context,2024-12-27T22:00:00Z,2024-12-27T23:00:00Z,2024-12-27,28.14,5479.0,5075.0,0.9037771447449281,,,,,
2025-01-01_30d_d168_h3,68,context,2024-12-27T23:00:00Z,2024-12-28T00:00:00Z,2024-12-27,51.19,478.0,6810.0,0.9462273680296934,,,,,
2025-01-01_30d_d168_h3,69,context,2024-12-28T00:00:00Z,2024-12-28T01:00:00Z,2024-12-27,38.13,1.0,10191.0,0.8963834456603837,,,,,
2025-01-01_30d_d168_h3,70,context,2024-12-28T01:00:00Z,2024-12-28T02:00:00Z,2024-12-27,36.37,1.0,13567.0,0.8146259767957453,,,,,
2025-01-01_30d_d168_h3,71,context,2024-12-28T02:00:00Z,2024-12-28T03:00:00Z,2024-12-27,25.85,1.0,15335.0,0.7531271409221262,,,,,
2025-01-01_30d_d168_h3,72,context,2024-12-28T03:00:00Z,2024-12-28T04:00:00Z,2024-12-27,20.34,1.0,17483.0,0.6990845064378686,,,,,
2025-01-01_30d_d168_h3,73,context,2024-12-28T04:00:00Z,2024-12-28T05:00:00Z,2024-12-27,18.52,1.0,19140.0,0.6633167408390613,,,,,
2025-01-01_30d_d168_h3,74,context,2024-12-28T05:00:00Z,2024-12-28T06:00:00Z,2024-12-27,17.15,1.0,20258.0,0.6160858807585655,,,,,
2025-01-01_30d_d168_h3,75,context,2024-12-28T06:00:00Z,2024-12-28T07:00:00Z,2024-12-28,14.54,1.0,19940.0,0.6167890189567817,,,,,
2025-01-01_30d_d168_h3,76,context,2024-12-28T07:00:00Z,2024-12-28T08:00:00Z,2024-12-28,13.04,1.0,18357.0,0.6811939070110092,,,,,
2025-01-01_30d_d168_h3,77,context,2024-12-28T08:00:00Z,2024-12-28T09:00:00Z,2024-12-28,13.34,1.0,16365.0,0.7396065361373647,,,,,
2025-01-01_30d_d168_h3,78,context,2024-12-28T09:00:00Z,2024-12-28T10:00:00Z,2024-12-28,14.14,1.0,15704.0,0.7735816927321578,,,,,
2025-01-01_30d_d168_h3,79,context,2024-12-28T10:00:00Z,2024-12-28T11:00:00Z,2024-12-28,15.52,1.0,15976.0,0.769688986777635,,,,,
2025-01-01_30d_d168_h3,80,context,2024-12-28T11:00:00Z,2024-12-28T12:00:00Z,2024-12-28,16.43,1.0,16351.0,0.749018993145903,,,,,
2025-01-01_30d_d168_h3,81,context,2024-12-28T12:00:00Z,2024-12-28T13:00:00Z,2024-12-28,18.73,1.0,15306.0,0.7982123246324137,,,,,
2025-01-01_30d_d168_h3,82,context,2024-12-28T13:00:00Z,2024-12-28T14:00:00Z,2024-12-28,18.03,76.0,15149.0,0.7965283294489044,,,,,
2025-01-01_30d_d168_h3,83,context,2024-12-28T14:00:00Z,2024-12-28T15:00:00Z,2024-12-28,15.17,3082.0,15300.0,0.7449938481465223,,,,,
2025-01-01_30d_d168_h3,84,context,2024-12-28T15:00:00Z,2024-12-28T16:00:00Z,2024-12-28,9.18,8743.0,15689.0,0.5819748463312688,,,,,
2025-01-01_30d_d168_h3,85,context,2024-12-28T16:00:00Z,2024-12-28T17:00:00Z,2024-12-28,10.06,10917.0,16449.0,0.5138205531586606,,,,,
2025-01-01_30d_d168_h3,86,context,2024-12-28T17:00:00Z,2024-12-28T18:00:00Z,2024-12-28,10.09,10458.0,17797.0,0.5016977283537186,,,,,
2025-01-01_30d_d168_h3,87,context,2024-12-28T18:00:00Z,2024-12-28T19:00:00Z,2024-12-28,8.0,11684.0,18275.0,0.4691438324611925,,,,,
2025-01-01_30d_d168_h3,88,context,2024-12-28T19:00:00Z,2024-12-28T20:00:00Z,2024-12-28,4.61,13162.0,17547.0,0.44659269526393286,,,,,
2025-01-01_30d_d168_h3,89,context,2024-12-28T20:00:00Z,2024-12-28T21:00:00Z,2024-12-28,4.93,13724.0,17437.0,0.43948129658478535,,,,,
2025-01-01_30d_d168_h3,90,context,2024-12-28T21:00:00Z,2024-12-28T22:00:00Z,2024-12-28,4.54,13195.0,17720.0,0.43842700314695626,,,,,
2025-01-01_30d_d168_h3,91,context,2024-12-28T22:00:00Z,2024-12-28T23:00:00Z,2024-12-28,18.51,8991.0,16022.0,0.5270257419011433,,,,,
2025-01-01_30d_d168_h3,92,context,2024-12-28T23:00:00Z,2024-12-29T00:00:00Z,2024-12-28,41.79,1193.0,11340.0,0.8028744266094915,,,,,
2025-01-01_30d_d168_h3,93,context,2024-12-29T00:00:00Z,2024-12-29T01:00:00Z,2024-12-28,36.71,1.0,9508.0,0.9257134013485899,,,,,
2025-01-01_30d_d168_h3,94,context,2024-12-29T01:00:00Z,2024-12-29T02:00:00Z,2024-12-28,31.87,1.0,9695.0,0.9391315739152492,,,,,
2025-01-01_30d_d168_h3,95,context,2024-12-29T02:00:00Z,2024-12-29T03:00:00Z,2024-12-28,33.0,1.0,9171.0,0.954649319153205,,,,,
2025-01-01_30d_d168_h3,96,context,2024-12-29T03:00:00Z,2024-12-29T04:00:00Z,2024-12-28,26.3,1.0,8440.0,0.9693641023510351,,,,,
2025-01-01_30d_d168_h3,97,context,2024-12-29T04:00:00Z,2024-12-29T05:00:00Z,2024-12-28,24.72,1.0,6951.0,0.9980326262848308,,,,,
2025-01-01_30d_d168_h3,98,context,2024-12-29T05:00:00Z,2024-12-29T06:00:00Z,2024-12-28,22.61,1.0,5995.0,1.0138148128848543,,,,,
2025-01-01_30d_d168_h3,99,context,2024-12-29T06:00:00Z,2024-12-29T07:00:00Z,2024-12-29,24.02,1.0,6082.0,1.0321787539634566,,,,,
2025-01-01_30d_d168_h3,100,context,2024-12-29T07:00:00Z,2024-12-29T08:00:00Z,2024-12-29,25.26,1.0,6061.0,1.045578516429266,,,,,
2025-01-01_30d_d168_h3,101,context,2024-12-29T08:00:00Z,2024-12-29T09:00:00Z,2024-12-29,20.85,1.0,6952.0,1.038976570545066,,,,,
2025-01-01_30d_d168_h3,102,context,2024-12-29T09:00:00Z,2024-12-29T10:00:00Z,2024-12-29,17.11,1.0,8024.0,1.0064529157590445,,,,,
2025-01-01_30d_d168_h3,103,context,2024-12-29T10:00:00Z,2024-12-29T11:00:00Z,2024-12-29,16.97,1.0,8508.0,0.9955168024977811,,,,,
2025-01-01_30d_d168_h3,104,context,2024-12-29T11:00:00Z,2024-12-29T12:00:00Z,2024-12-29,16.76,1.0,9577.0,0.9495582823994936,,,,,
2025-01-01_30d_d168_h3,105,context,2024-12-29T12:00:00Z,2024-12-29T13:00:00Z,2024-12-29,16.96,1.0,11053.0,0.8909661699735711,,,,,
2025-01-01_30d_d168_h3,106,context,2024-12-29T13:00:00Z,2024-12-29T14:00:00Z,2024-12-29,17.4,296.0,12432.0,0.812262210836023,,,,,
2025-01-01_30d_d168_h3,107,context,2024-12-29T14:00:00Z,2024-12-29T15:00:00Z,2024-12-29,15.67,4951.0,12290.0,0.7121546240600679,,,,,
2025-01-01_30d_d168_h3,108,context,2024-12-29T15:00:00Z,2024-12-29T16:00:00Z,2024-12-29,14.67,12040.0,8164.0,0.6364314973934551,,,,,
2025-01-01_30d_d168_h3,109,context,2024-12-29T16:00:00Z,2024-12-29T17:00:00Z,2024-12-29,15.74,14189.0,4051.0,0.6785122115376092,,,,,
2025-01-01_30d_d168_h3,110,context,2024-12-29T17:00:00Z,2024-12-29T18:00:00Z,2024-12-29,17.84,15249.0,2565.0,0.68102266189595,,,,,
2025-01-01_30d_d168_h3,111,context,2024-12-29T18:00:00Z,2024-12-29T19:00:00Z,2024-12-29,18.94,15776.0,2111.0,0.6805953817980658,,,,,
2025-01-01_30d_d168_h3,112,context,2024-12-29T19:00:00Z,2024-12-29T20:00:00Z,2024-12-29,18.77,16105.0,1676.0,0.6814880710338392,,,,,
2025-01-01_30d_d168_h3,113,context,2024-12-29T20:00:00Z,2024-12-29T21:00:00Z,2024-12-29,16.43,17064.0,1622.0,0.661769387422904,,,,,
2025-01-01_30d_d168_h3,114,context,2024-12-29T21:00:00Z,2024-12-29T22:00:00Z,2024-12-29,16.07,17674.0,1980.0,0.6382703777661736,,,,,
2025-01-01_30d_d168_h3,115,context,2024-12-29T22:00:00Z,2024-12-29T23:00:00Z,2024-12-29,29.07,11232.0,3038.0,0.7521217506490203,,,,,
2025-01-01_30d_d168_h3,116,context,2024-12-29T23:00:00Z,2024-12-30T00:00:00Z,2024-12-29,55.4,1341.0,3969.0,0.9721538398078674,,,,,
2025-01-01_30d_d168_h3,117,context,2024-12-30T00:00:00Z,2024-12-30T01:00:00Z,2024-12-29,38.71,1.0,5939.0,1.0077526768658374,,,,,
2025-01-01_30d_d168_h3,118,context,2024-12-30T01:00:00Z,2024-12-30T02:00:00Z,2024-12-29,27.08,1.0,8833.0,0.9517452355868906,,,,,
2025-01-01_30d_d168_h3,119,context,2024-12-30T02:00:00Z,2024-12-30T03:00:00Z,2024-12-29,20.39,1.0,13211.0,0.8190513663974459,,,,,
2025-01-01_30d_d168_h3,120,context,2024-12-30T03:00:00Z,2024-12-30T04:00:00Z,2024-12-29,16.05,1.0,18754.0,0.6596755522944215,,,,,
2025-01-01_30d_d168_h3,121,context,2024-12-30T04:00:00Z,2024-12-30T05:00:00Z,2024-12-29,15.96,1.0,22720.0,0.5534145909770676,,,,,
2025-01-01_30d_d168_h3,122,context,2024-12-30T05:00:00Z,2024-12-30T06:00:00Z,2024-12-29,12.28,1.0,25391.0,0.47724852890455316,,,,,
2025-01-01_30d_d168_h3,123,context,2024-12-30T06:00:00Z,2024-12-30T07:00:00Z,2024-12-30,11.76,1.0,24900.0,0.4692344012301538,,,,,
2025-01-01_30d_d168_h3,124,context,2024-12-30T07:00:00Z,2024-12-30T08:00:00Z,2024-12-30,6.25,1.0,24335.0,0.4560004878225327,,,,,
2025-01-01_30d_d168_h3,125,context,2024-12-30T08:00:00Z,2024-12-30T09:00:00Z,2024-12-30,2.74,1.0,24066.0,0.454908966300346,,,,,
2025-01-01_30d_d168_h3,126,context,2024-12-30T09:00:00Z,2024-12-30T10:00:00Z,2024-12-30,1.53,1.0,23699.0,0.45739875571561367,,,,,
2025-01-01_30d_d168_h3,127,context,2024-12-30T10:00:00Z,2024-12-30T11:00:00Z,2024-12-30,5.76,1.0,23979.0,0.45490442063529707,,,,,
2025-01-01_30d_d168_h3,128,context,2024-12-30T11:00:00Z,2024-12-30T12:00:00Z,2024-12-30,13.75,1.0,24954.0,0.44559020978349567,,,,,
2025-01-01_30d_d168_h3,129,context,2024-12-30T12:00:00Z,2024-12-30T13:00:00Z,2024-12-30,17.16,1.0,25792.0,0.45861677903559833,,,,,
2025-01-01_30d_d168_h3,130,context,2024-12-30T13:00:00Z,2024-12-30T14:00:00Z,2024-12-30,17.6,339.0,25967.0,0.4664795572175969,,,,,
2025-01-01_30d_d168_h3,131,context,2024-12-30T14:00:00Z,2024-12-30T15:00:00Z,2024-12-30,10.66,4665.0,24514.0,0.43164232097612015,,,,,
2025-01-01_30d_d168_h3,132,context,2024-12-30T15:00:00Z,2024-12-30T16:00:00Z,2024-12-30,5.01,9295.0,21291.0,0.4008972309032788,,,,,
2025-01-01_30d_d168_h3,133,context,2024-12-30T16:00:00Z,2024-12-30T17:00:00Z,2024-12-30,2.21,10401.0,20661.0,0.38616183659356224,,,,,
2025-01-01_30d_d168_h3,134,context,2024-12-30T17:00:00Z,2024-12-30T18:00:00Z,2024-12-30,3.16,9068.0,22047.0,0.3777734829828402,,,,,
2025-01-01_30d_d168_h3,135,context,2024-12-30T18:00:00Z,2024-12-30T19:00:00Z,2024-12-30,3.19,8739.0,22672.0,0.3819889624313037,,,,,
2025-01-01_30d_d168_h3,136,context,2024-12-30T19:00:00Z,2024-12-30T20:00:00Z,2024-12-30,5.33,10312.0,21834.0,0.3795066309266661,,,,,
2025-01-01_30d_d168_h3,137,context,2024-12-30T20:00:00Z,2024-12-30T21:00:00Z,2024-12-30,8.1,12920.0,19823.0,0.3810578412688736,,,,,
2025-01-01_30d_d168_h3,138,context,2024-12-30T21:00:00Z,2024-12-30T22:00:00Z,2024-12-30,13.28,13880.0,17393.0,0.4163505362850254,,,,,
2025-01-01_30d_d168_h3,139,context,2024-12-30T22:00:00Z,2024-12-30T23:00:00Z,2024-12-30,15.61,10171.0,14324.0,0.5341319085445244,,,,,
2025-01-01_30d_d168_h3,140,context,2024-12-30T23:00:00Z,2024-12-31T00:00:00Z,2024-12-30,43.57,1309.0,10391.0,0.8154479515029673,,,,,
2025-01-01_30d_d168_h3,141,context,2024-12-31T00:00:00Z,2024-12-31T01:00:00Z,2024-12-30,36.78,1.0,10773.0,0.8915209296780292,,,,,
2025-01-01_30d_d168_h3,142,context,2024-12-31T01:00:00Z,2024-12-31T02:00:00Z,2024-12-30,28.93,1.0,12288.0,0.8821410243280708,,,,,
2025-01-01_30d_d168_h3,143,context,2024-12-31T02:00:00Z,2024-12-31T03:00:00Z,2024-12-30,23.91,1.0,14757.0,0.8016181018678624,,,,,
2025-01-01_30d_d168_h3,144,context,2024-12-31T03:00:00Z,2024-12-31T04:00:00Z,2024-12-30,17.08,1.0,18693.0,0.6797005776935959,,,,,
2025-01-01_30d_d168_h3,145,context,2024-12-31T04:00:00Z,2024-12-31T05:00:00Z,2024-12-30,16.89,1.0,21027.0,0.5948768508092238,,,,,
2025-01-01_30d_d168_h3,146,context,2024-12-31T05:00:00Z,2024-12-31T06:00:00Z,2024-12-30,16.17,1.0,21914.0,0.5680122131036047,,,,,
2025-01-01_30d_d168_h3,147,context,2024-12-31T06:00:00Z,2024-12-31T07:00:00Z,2024-12-31,19.46,1.0,22176.0,0.5461728612632263,,,,,
2025-01-01_30d_d168_h3,148,context,2024-12-31T07:00:00Z,2024-12-31T08:00:00Z,2024-12-31,14.93,1.0,22369.0,0.5387512774226507,,,,,
2025-01-01_30d_d168_h3,149,context,2024-12-31T08:00:00Z,2024-12-31T09:00:00Z,2024-12-31,12.22,1.0,22600.0,0.5043426799184636,,,,,
2025-01-01_30d_d168_h3,150,context,2024-12-31T09:00:00Z,2024-12-31T10:00:00Z,2024-12-31,11.74,1.0,21683.0,0.5151657742055412,,,,,
2025-01-01_30d_d168_h3,151,context,2024-12-31T10:00:00Z,2024-12-31T11:00:00Z,2024-12-31,14.87,1.0,20755.0,0.5558314445271012,,,,,
2025-01-01_30d_d168_h3,152,context,2024-12-31T11:00:00Z,2024-12-31T12:00:00Z,2024-12-31,19.09,1.0,20787.0,0.5896131448456283,,,,,
2025-01-01_30d_d168_h3,153,context,2024-12-31T12:00:00Z,2024-12-31T13:00:00Z,2024-12-31,25.93,1.0,20321.0,0.6287934826109318,,,,,
2025-01-01_30d_d168_h3,154,context,2024-12-31T13:00:00Z,2024-12-31T14:00:00Z,2024-12-31,26.23,375.0,20106.0,0.6340644429750592,,,,,
2025-01-01_30d_d168_h3,155,context,2024-12-31T14:00:00Z,2024-12-31T15:00:00Z,2024-12-31,16.98,8258.0,18533.0,0.514429271862901,,,,,
2025-01-01_30d_d168_h3,156,context,2024-12-31T15:00:00Z,2024-12-31T16:00:00Z,2024-12-31,7.38,15134.0,16459.0,0.4006730987835327,,,,,
2025-01-01_30d_d168_h3,157,context,2024-12-31T16:00:00Z,2024-12-31T17:00:00Z,2024-12-31,6.19,15062.0,15326.0,0.38372219179924716,,,,,
2025-01-01_30d_d168_h3,158,context,2024-12-31T17:00:00Z,2024-12-31T18:00:00Z,2024-12-31,10.78,18390.0,9887.0,0.4089055252675903,,,,,
2025-01-01_30d_d168_h3,159,context,2024-12-31T18:00:00Z,2024-12-31T19:00:00Z,2024-12-31,17.06,18458.0,6733.0,0.5033764922349092,,,,,
2025-01-01_30d_d168_h3,160,context,2024-12-31T19:00:00Z,2024-12-31T20:00:00Z,2024-12-31,17.98,18809.0,5086.0,0.5559652324684909,,,,,
2025-01-01_30d_d168_h3,161,context,2024-12-31T20:00:00Z,2024-12-31T21:00:00Z,2024-12-31,16.14,19537.0,4114.0,0.5776703866131795,,,,,
2025-01-01_30d_d168_h3,162,context,2024-12-31T21:00:00Z,2024-12-31T22:00:00Z,2024-12-31,17.77,19389.0,3637.0,0.5865904331843731,,,,,
2025-01-01_30d_d168_h3,163,context,2024-12-31T22:00:00Z,2024-12-31T23:00:00Z,2024-12-31,20.5,11949.0,3814.0,0.7232485419863947,,,,,
2025-01-01_30d_d168_h3,164,context,2024-12-31T23:00:00Z,2025-01-01T00:00:00Z,2024-12-31,44.27,1447.0,4073.0,0.9394610937031079,,,,,
2025-01-01_30d_d168_h3,165,context,2025-01-01T00:00:00Z,2025-01-01T01:00:00Z,2024-12-31,35.29,1.0,5212.0,0.9714981560117235,,,,,
2025-01-01_30d_d168_h3,166,context,2025-01-01T01:00:00Z,2025-01-01T02:00:00Z,2024-12-31,32.31,1.0,7349.0,0.9643402135733439,,,,,
2025-01-01_30d_d168_h3,167,context,2025-01-01T02:00:00Z,2025-01-01T03:00:00Z,2024-12-31,30.28,1.0,8893.0,0.9403020805372627,,,,,
2025-01-01_30d_d168_h3,168,context,2025-01-01T03:00:00Z,2025-01-01T04:00:00Z,2024-12-31,24.78,1.0,10501.0,0.8842838691088953,,,,,
2025-01-01_30d_d168_h3,169,context,2025-01-01T04:00:00Z,2025-01-01T05:00:00Z,2024-12-31,20.68,1.0,11806.0,0.8306709059005408,,,,,
2025-01-01_30d_d168_h3,170,context,2025-01-01T05:00:00Z,2025-01-01T06:00:00Z,2024-12-31,20.1,1.0,13289.0,0.7859277302211144,,,,,
2025-01-01_30d_d168_h3,171,core,2025-01-01T06:00:00Z,2025-01-01T07:00:00Z,2025-01-01,22.87,1.0,14370.0,0.730067595266256,2025-01-01T00:00:00Z,direct_ridge_90d_v1,0.0,16064.243156975092,0.7552888375414194
2025-01-01_30d_d168_h3,172,core,2025-01-01T07:00:00Z,2025-01-01T08:00:00Z,2025-01-01,20.93,1.0,14889.0,0.7048832273176873,2025-01-01T00:00:00Z,direct_ridge_90d_v1,0.0,15632.682484257208,0.7563068742052088
2025-01-01_30d_d168_h3,173,core,2025-01-01T08:00:00Z,2025-01-01T09:00:00Z,2025-01-01,20.13,1.0,15307.0,0.685478911175992,2025-01-01T00:00:00Z,direct_ridge_90d_v1,0.0,15514.503806512708,0.7513490104571745
2025-01-01_30d_d168_h3,174,core,2025-01-01T09:00:00Z,2025-01-01T10:00:00Z,2025-01-01,21.28,1.0,15026.0,0.6912357073880475,2025-01-01T00:00:00Z,direct_ridge_90d_v1,0.0,15368.480119240101,0.7493347656056005
2025-01-01_30d_d168_h3,175,core,2025-01-01T10:00:00Z,2025-01-01T11:00:00Z,2025-01-01,21.34,1.0,14532.0,0.705828106593951,2025-01-01T00:00:00Z,direct_ridge_90d_v1,0.0,15214.455237595314,0.754330931977615
2025-01-01_30d_d168_h3,176,core,2025-01-01T11:00:00Z,2025-01-01T12:00:00Z,2025-01-01,23.68,1.0,13817.0,0.7379279041539478,2025-01-01T00:00:00Z,direct_ridge_90d_v1,0.0,15186.112822959367,0.7649404100445958
2025-01-01_30d_d168_h3,177,core,2025-01-01T12:00:00Z,2025-01-01T13:00:00Z,2025-01-01,25.37,1.0,13887.0,0.738779543931105,2025-01-01T00:00:00Z,direct_ridge_90d_v1,1.15319582768773,15355.335091498826,0.772737057798194
2025-01-01_30d_d168_h3,178,core,2025-01-01T13:00:00Z,2025-01-01T14:00:00Z,2025-01-01,29.47,429.0,12591.0,0.7461308554596849,2025-01-01T00:00:00Z,direct_ridge_90d_v1,357.22379688969306,15491.405295389193,0.7570445612613769
2025-01-01_30d_d168_h3,179,core,2025-01-01T14:00:00Z,2025-01-01T15:00:00Z,2025-01-01,22.45,7641.0,9980.0,0.665597769946544,2025-01-01T00:00:00Z,direct_ridge_90d_v1,5067.789484469743,14751.40977179593,0.6666399000836917
2025-01-01_30d_d168_h3,180,core,2025-01-01T15:00:00Z,2025-01-01T16:00:00Z,2025-01-01,18.77,16646.0,7871.0,0.5035856734615377,2025-01-01T00:00:00Z,direct_ridge_90d_v1,11402.067182437791,13235.924373912372,0.5619115167004881
2025-01-01_30d_d168_h3,181,core,2025-01-01T16:00:00Z,2025-01-01T17:00:00Z,2025-01-01,17.17,18605.0,7716.0,0.46187521407407767,2025-01-01T00:00:00Z,direct_ridge_90d_v1,12695.827258007506,13447.134650434884,0.5456810323401741
2025-01-01_30d_d168_h3,182,core,2025-01-01T17:00:00Z,2025-01-01T18:00:00Z,2025-01-01,16.62,18483.0,6780.0,0.47591900282754024,2025-01-01T00:00:00Z,direct_ridge_90d_v1,12703.215551811818,13683.13299951199,0.5398571030222552
2025-01-01_30d_d168_h3,183,core,2025-01-01T18:00:00Z,2025-01-01T19:00:00Z,2025-01-01,16.62,17901.0,5885.0,0.4978754671170335,2025-01-01T00:00:00Z,direct_ridge_90d_v1,12902.164788821969,13446.818399688585,0.5420136870654427
2025-01-01_30d_d168_h3,184,core,2025-01-01T19:00:00Z,2025-01-01T20:00:00Z,2025-01-01,15.44,18146.0,5309.0,0.5034346918565331,2025-01-01T00:00:00Z,direct_ridge_90d_v1,13037.747416522721,13182.942088953516,0.5494261275078102
2025-01-01_30d_d168_h3,185,core,2025-01-01T20:00:00Z,2025-01-01T21:00:00Z,2025-01-01,14.34,18329.0,4986.0,0.5042215687528422,2025-01-01T00:00:00Z,direct_ridge_90d_v1,13035.450336309834,12741.938202588231,0.5623187030846399
2025-01-01_30d_d168_h3,186,core,2025-01-01T21:00:00Z,2025-01-01T22:00:00Z,2025-01-01,14.99,17581.0,5057.0,0.5093511952787264,2025-01-01T00:00:00Z,direct_ridge_90d_v1,12211.418799666859,12182.123891827887,0.5902681618029891
2025-01-01_30d_d168_h3,187,core,2025-01-01T22:00:00Z,2025-01-01T23:00:00Z,2025-01-01,21.28,10455.0,5274.0,0.6672158608816607,2025-01-01T00:00:00Z,direct_ridge_90d_v1,7639.37629619365,11867.300036352372,0.7055188051113078
2025-01-01_30d_d168_h3,188,core,2025-01-01T23:00:00Z,2025-01-02T00:00:00Z,2025-01-01,36.66,1240.0,4728.0,0.9155238391396476,2025-01-01T00:00:00Z,direct_ridge_90d_v1,1536.2203508635369,11849.604196168882,0.844290942719929
2025-01-01_30d_d168_h3,189,core,2025-01-02T00:00:00Z,2025-01-02T01:00:00Z,2025-01-01,33.08,1.0,4773.0,0.9622129599530794,2025-01-01T00:00:00Z,direct_ridge_90d_v1,136.19539637923333,13380.245082397578,0.8289688524144797
2025-01-01_30d_d168_h3,190,core,2025-01-02T01:00:00Z,2025-01-02T02:00:00Z,2025-01-01,29.66,1.0,5711.0,1.0026708217529063,2025-01-01T00:00:00Z,direct_ridge_90d_v1,0.0,15145.40345827672,0.8018994441530075
2025-01-01_30d_d168_h3,191,core,2025-01-02T02:00:00Z,2025-01-02T03:00:00Z,2025-01-01,26.17,1.0,7627.0,0.9883850373601749,2025-01-01T00:00:00Z,direct_ridge_90d_v1,0.0,15959.207731033099,0.7802415125951765
2025-01-01_30d_d168_h3,192,core,2025-01-02T03:00:00Z,2025-01-02T04:00:00Z,2025-01-01,19.72,1.0,9278.0,0.9617499809414941,2025-01-01T00:00:00Z,direct_ridge_90d_v1,0.0,16446.353826170638,0.7666019859128592
2025-01-01_30d_d168_h3,193,core,2025-01-02T04:00:00Z,2025-01-02T05:00:00Z,2025-01-01,19.59,1.0,11974.0,0.904024410894484,2025-01-01T00:00:00Z,direct_ridge_90d_v1,0.0,16438.691574022258,0.7606789242793357
2025-01-01_30d_d168_h3,194,core,2025-01-02T05:00:00Z,2025-01-02T06:00:00Z,2025-01-01,18.01,1.0,15699.0,0.7852387699277754,2025-01-01T00:00:00Z,direct_ridge_90d_v1,0.0,16054.811358705963,0.753060077205759
2025-01-01_30d_d168_h3,195,core,2025-01-02T06:00:00Z,2025-01-02T07:00:00Z,2025-01-02,20.14,1.0,17268.0,0.704972546870165,2025-01-02T00:00:00Z,direct_ridge_90d_v1,0.0,16646.75525565614,0.6901775474777544
2025-01-01_30d_d168_h3,196,core,2025-01-02T07:00:00Z,2025-01-02T08:00:00Z,2025-01-02,17.9,1.0,18286.0,0.6571253879072855,2025-01-02T00:00:00Z,direct_ridge_90d_v1,0.0,16592.58579554755,0.6794413113635972
2025-01-01_30d_d168_h3,197,core,2025-01-02T08:00:00Z,2025-01-02T09:00:00Z,2025-01-02,16.69,1.0,18311.0,0.6554757728506694,2025-01-02T00:00:00Z,direct_ridge_90d_v1,0.0,16392.703680156126,0.6790398693624856
2025-01-01_30d_d168_h3,198,core,2025-01-02T09:00:00Z,2025-01-02T10:00:00Z,2025-01-02,17.02,1.0,18025.0,0.6609155716440587,2025-01-02T00:00:00Z,direct_ridge_90d_v1,0.0,15924.451968680303,0.6894871429537115
2025-01-01_30d_d168_h3,199,core,2025-01-02T10:00:00Z,2025-01-02T11:00:00Z,2025-01-02,18.21,1.0,18047.0,0.6689701116737536,2025-01-02T00:00:00Z,direct_ridge_90d_v1,0.0,15578.700460405613,0.7007566855697822
2025-01-01_30d_d168_h3,200,core,2025-01-02T11:00:00Z,2025-01-02T12:00:00Z,2025-01-02,23.28,1.0,18228.0,0.6905664572293464,2025-01-02T00:00:00Z,direct_ridge_90d_v1,0.0,15506.158613404159,0.7150609537603946
2025-01-01_30d_d168_h3,201,core,2025-01-02T12:00:00Z,2025-01-02T13:00:00Z,2025-01-02,23.65,1.0,17475.0,0.7578007481160317,2025-01-02T00:00:00Z,direct_ridge_90d_v1,1.4478086426736292,15611.745737505338,0.7184996299189135
2025-01-01_30d_d168_h3,202,core,2025-01-02T13:00:00Z,2025-01-02T14:00:00Z,2025-01-02,26.79,172.0,17130.0,0.781213276311233,2025-01-02T00:00:00Z,direct_ridge_90d_v1,471.1379170182388,15427.223180936373,0.7069000129059546
2025-01-01_30d_d168_h3,203,core,2025-01-02T14:00:00Z,2025-01-02T15:00:00Z,2025-01-02,22.77,4448.0,15987.0,0.7182215670157014,2025-01-02T00:00:00Z,direct_ridge_90d_v1,5105.733216615998,14302.655366289653,0.6329079295115575
2025-01-01_30d_d168_h3,204,core,2025-01-02T15:00:00Z,2025-01-02T16:00:00Z,2025-01-02,20.44,10796.0,12229.0,0.6214240771826414,2025-01-02T00:00:00Z,direct_ridge_90d_v1,10672.459415834379,12543.495563617864,0.5460943397647309
2025-01-01_30d_d168_h3,205,core,2025-01-02T16:00:00Z,2025-01-02T17:00:00Z,2025-01-02,19.54,12375.0,8747.0,0.6771865459377107,2025-01-02T00:00:00Z,direct_ridge_90d_v1,12073.530793270846,12328.53324742818,0.5202662120813898
2025-01-01_30d_d168_h3,206,core,2025-01-02T17:00:00Z,2025-01-02T18:00:00Z,2025-01-02,19.67,12669.0,6924.0,0.7057270460901452,2025-01-02T00:00:00Z,direct_ridge_90d_v1,12260.693467254758,12317.996682147681,0.5173338793323033
2025-01-01_30d_d168_h3,207,core,2025-01-02T18:00:00Z,2025-01-02T19:00:00Z,2025-01-02,20.08,12334.0,5713.0,0.7485225856015656,2025-01-02T00:00:00Z,direct_ridge_90d_v1,12496.179584995827,12222.950593035504,0.5165987567312565
2025-01-01_30d_d168_h3,208,core,2025-01-02T19:00:00Z,2025-01-02T20:00:00Z,2025-01-02,20.13,12063.0,4467.0,0.7859513975231012,2025-01-02T00:00:00Z,direct_ridge_90d_v1,12530.593160882243,12159.061775885724,0.5148415272357617
2025-01-01_30d_d168_h3,209,core,2025-01-02T20:00:00Z,2025-01-02T21:00:00Z,2025-01-02,20.81,12452.0,3342.0,0.8021279045363106,2025-01-02T00:00:00Z,direct_ridge_90d_v1,12518.85893830037,12035.855050266626,0.5129923724653214
2025-01-01_30d_d168_h3,210,core,2025-01-02T21:00:00Z,2025-01-02T22:00:00Z,2025-01-02,20.6,11526.0,2572.0,0.8448095057679462,2025-01-02T00:00:00Z,direct_ridge_90d_v1,11775.851206768202,12020.215557837695,0.5266147737843141
2025-01-01_30d_d168_h3,211,core,2025-01-02T22:00:00Z,2025-01-02T23:00:00Z,2025-01-02,25.28,7623.0,2466.0,0.91489669225375,2025-01-02T00:00:00Z,direct_ridge_90d_v1,7249.083596555416,12031.342280889728,0.6401308252429322
2025-01-01_30d_d168_h3,212,core,2025-01-02T23:00:00Z,2025-01-03T00:00:00Z,2025-01-02,38.62,1189.0,2521.0,1.0219831984897714,2025-01-02T00:00:00Z,direct_ridge_90d_v1,873.7431331060034,12310.1646169417,0.8006383621903593
2025-01-01_30d_d168_h3,213,core,2025-01-03T00:00:00Z,2025-01-03T01:00:00Z,2025-01-02,33.83,1.0,2972.0,1.031812711609758,2025-01-02T00:00:00Z,direct_ridge_90d_v1,0.0,14225.338747890457,0.7586489168087884
2025-01-01_30d_d168_h3,214,core,2025-01-03T01:00:00Z,2025-01-03T02:00:00Z,2025-01-02,30.48,1.0,3938.0,1.0509748972312936,2025-01-02T00:00:00Z,direct_ridge_90d_v1,0.7469883297020168,15757.577519896478,0.7486288287605809
2025-01-01_30d_d168_h3,215,core,2025-01-03T02:00:00Z,2025-01-03T03:00:00Z,2025-01-02,27.66,1.0,5442.0,1.0510201487754918,2025-01-02T00:00:00Z,direct_ridge_90d_v1,0.0,16665.51104830898,0.7221445666035952
2025-01-01_30d_d168_h3,216,core,2025-01-03T03:00:00Z,2025-01-03T04:00:00Z,2025-01-02,23.67,1.0,6868.0,1.017341664394686,2025-01-02T00:00:00Z,direct_ridge_90d_v1,0.0,17200.720933547713,0.6927292843721402
2025-01-01_30d_d168_h3,217,core,2025-01-03T04:00:00Z,2025-01-03T05:00:00Z,2025-01-02,22.75,1.0,7291.0,1.0055455548145271,2025-01-02T00:00:00Z,direct_ridge_90d_v1,0.0,17108.303540386503,0.6838388038855105
2025-01-01_30d_d168_h3,218,core,2025-01-03T05:00:00Z,2025-01-03T06:00:00Z,2025-01-02,21.57,1.0,7745.0,0.9829808380958733,2025-01-02T00:00:00Z,direct_ridge_90d_v1,0.0,16651.50638034084,0.6771213868548056
2025-01-01_30d_d168_h3,219,core,2025-01-03T06:00:00Z,2025-01-03T07:00:00Z,2025-01-03,24.27,1.0,7433.0,0.9819600734002683,2025-01-03T00:00:00Z,direct_ridge_90d_v1,0.0,16356.42927640356,0.7105506123869632
2025-01-01_30d_d168_h3,220,core,2025-01-03T07:00:00Z,2025-01-03T08:00:00Z,2025-01-03,22.45,1.0,7684.0,0.971135636349157,2025-01-03T00:00:00Z,direct_ridge_90d_v1,0.0,16051.369840534755,0.7011917719278218
2025-01-01_30d_d168_h3,221,core,2025-01-03T08:00:00Z,2025-01-03T09:00:00Z,2025-01-03,22.31,1.0,7914.0,0.9579262835582867,2025-01-03T00:00:00Z,direct_ridge_90d_v1,0.0,15810.499195257808,0.7013095847514007
2025-01-01_30d_d168_h3,222,core,2025-01-03T09:00:00Z,2025-01-03T10:00:00Z,2025-01-03,22.99,1.0,7260.0,0.9647956328958774,2025-01-03T00:00:00Z,direct_ridge_90d_v1,0.0,15297.749117409881,0.7140674927182067
2025-01-01_30d_d168_h3,223,core,2025-01-03T10:00:00Z,2025-01-03T11:00:00Z,2025-01-03,23.36,1.0,7257.0,0.9625686952408895,2025-01-03T00:00:00Z,direct_ridge_90d_v1,0.0,14911.265354191542,0.7242711388731056
2025-01-01_30d_d168_h3,224,core,2025-01-03T11:00:00Z,2025-01-03T12:00:00Z,2025-01-03,28.18,1.0,7606.0,0.9616231681932178,2025-01-03T00:00:00Z,direct_ridge_90d_v1,0.0,14828.213308906239,0.7372872343401017
2025-01-01_30d_d168_h3,225,core,2025-01-03T12:00:00Z,2025-01-03T13:00:00Z,2025-01-03,34.73,1.0,7324.0,0.9910532069624869,2025-01-03T00:00:00Z,direct_ridge_90d_v1,0.6691579965008074,15031.29384682447,0.7409482559101064
2025-01-01_30d_d168_h3,226,core,2025-01-03T13:00:00Z,2025-01-03T14:00:00Z,2025-01-03,40.12,119.0,6662.0,0.9899789217937457,2025-01-03T00:00:00Z,direct_ridge_90d_v1,291.9715526685567,15056.0549827549,0.7285026064873036
2025-01-01_30d_d168_h3,227,core,2025-01-03T14:00:00Z,2025-01-03T15:00:00Z,2025-01-03,30.68,3752.0,5278.0,0.9587887835574617,2025-01-03T00:00:00Z,direct_ridge_90d_v1,5149.707983237323,14274.317447910304,0.6461329350250916
2025-01-01_30d_d168_h3,228,core,2025-01-03T15:00:00Z,2025-01-03T16:00:00Z,2025-01-03,24.56,10440.0,2639.0,0.836892260434295,2025-01-03T00:00:00Z,direct_ridge_90d_v1,11316.53673707274,12744.886044155075,0.561189246520301
2025-01-01_30d_d168_h3,229,core,2025-01-03T16:00:00Z,2025-01-03T17:00:00Z,2025-01-03,23.05,12972.0,1713.0,0.7985213124824193,2025-01-03T00:00:00Z,direct_ridge_90d_v1,12498.184419415073,12607.771105751068,0.5340154157941792
2025-01-01_30d_d168_h3,230,core,2025-01-03T17:00:00Z,2025-01-03T18:00:00Z,2025-01-03,20.81,13425.0,2193.0,0.7951010510092732,2025-01-03T00:00:00Z,direct_ridge_90d_v1,12737.396263337785,12751.070687623904,0.5365896526615812
2025-01-01_30d_d168_h3,231,core,2025-01-03T18:00:00Z,2025-01-03T19:00:00Z,2025-01-03,19.04,13482.0,3180.0,0.7609353979897538,2025-01-03T00:00:00Z,direct_ridge_90d_v1,12887.000517126957,12725.570579591893,0.5379110616728502
2025-01-01_30d_d168_h3,232,core,2025-01-03T19:00:00Z,2025-01-03T20:00:00Z,2025-01-03,17.39,14129.0,4582.0,0.6952996315265584,2025-01-03T00:00:00Z,direct_ridge_90d_v1,13025.11851657808,12712.870754660187,0.5343389870074227
2025-01-01_30d_d168_h3,233,core,2025-01-03T20:00:00Z,2025-01-03T21:00:00Z,2025-01-03,15.74,14608.0,5599.0,0.6609409976716762,2025-01-03T00:00:00Z,direct_ridge_90d_v1,13192.467229407303,12491.925783337312,0.5396485718631662
2025-01-01_30d_d168_h3,234,core,2025-01-03T21:00:00Z,2025-01-03T22:00:00Z,2025-01-03,15.96,14397.0,6386.0,0.6435129336511176,2025-01-03T00:00:00Z,direct_ridge_90d_v1,12394.545481797813,12133.113929884747,0.5597203140205353
2025-01-01_30d_d168_h3,235,core,2025-01-03T22:00:00Z,2025-01-03T23:00:00Z,2025-01-03,22.96,8622.0,7129.0,0.7651428191124963,2025-01-03T00:00:00Z,direct_ridge_90d_v1,7902.900721622336,11753.017386991005,0.6656187000569307
2025-01-01_30d_d168_h3,236,core,2025-01-03T23:00:00Z,2025-01-04T00:00:00Z,2025-01-03,34.33,1200.0,7595.0,0.9089046306452268,2025-01-03T00:00:00Z,direct_ridge_90d_v1,1694.924885375956,11780.205120387942,0.8210600329102776
2025-01-01_30d_d168_h3,237,core,2025-01-04T00:00:00Z,2025-01-04T01:00:00Z,2025-01-03,27.59,1.0,9690.0,0.9409538000846712,2025-01-03T00:00:00Z,direct_ridge_90d_v1,188.806012412251,13688.086807554118,0.7864180758078504
2025-01-01_30d_d168_h3,238,core,2025-01-04T01:00:00Z,2025-01-04T02:00:00Z,2025-01-03,20.69,1.0,12729.0,0.9182633484512583,2025-01-03T00:00:00Z,direct_ridge_90d_v1,0.0,14806.392453804332,0.7862567794346639
2025-01-01_30d_d168_h3,239,core,2025-01-04T02:00:00Z,2025-01-04T03:00:00Z,2025-01-03,17.87,0.0,16117.0,0.8320239826576791,2025-01-03T00:00:00Z,direct_ridge_90d_v1,0.0,15545.930718324295,0.7624667559277443
2025-01-01_30d_d168_h3,240,core,2025-01-04T03:00:00Z,2025-01-04T04:00:00Z,2025-01-03,15.27,1.0,18661.0,0.732758111711443,2025-01-03T00:00:00Z,direct_ridge_90d_v1,0.0,16055.254841129083,0.7331293474023022
2025-01-01_30d_d168_h3,241,core,2025-01-04T04:00:00Z,2025-01-04T05:00:00Z,2025-01-03,14.4,1.0,19482.0,0.6771014972204349,2025-01-03T00:00:00Z,direct_ridge_90d_v1,0.0,15797.630361927664,0.7228346370314642
2025-01-01_30d_d168_h3,242,core,2025-01-04T05:00:00Z,2025-01-04T06:00:00Z,2025-01-03,9.57,1.0,19665.0,0.6502153670417661,2025-01-03T00:00:00Z,direct_ridge_90d_v1,0.0,15322.813739264082,0.7152642258809275
2025-01-01_30d_d168_h3,243,core,2025-01-04T06:00:00Z,2025-01-04T07:00:00Z,2025-01-04,9.15,1.0,19492.0,0.6259089428381915,2025-01-04T00:00:00Z,direct_ridge_90d_v1,0.0,15366.379647928596,0.7114197844402366
2025-01-01_30d_d168_h3,244,core,2025-01-04T07:00:00Z,2025-01-04T08:00:00Z,2025-01-04,5.42,1.0,18952.0,0.6168349626082313,2025-01-04T00:00:00Z,direct_ridge_90d_v1,0.0,15122.703459618162,0.7042835468921614
2025-01-01_30d_d168_h3,245,core,2025-01-04T08:00:00Z,2025-01-04T09:00:00Z,2025-01-04,5.35,1.0,18785.0,0.6056292073787379,2025-01-04T00:00:00Z,direct_ridge_90d_v1,0.0,14959.78739445279,0.7031797550714807
2025-01-01_30d_d168_h3,246,core,2025-01-04T09:00:00Z,2025-01-04T10:00:00Z,2025-01-04,6.08,1.0,18153.0,0.6112396842862994,2025-01-04T00:00:00Z,direct_ridge_90d_v1,0.0,14607.189329562098,0.710888735757311
2025-01-01_30d_d168_h3,247,core,2025-01-04T10:00:00Z,2025-01-04T11:00:00Z,2025-01-04,7.47,1.0,17642.0,0.6297255236275532,2025-01-04T00:00:00Z,direct_ridge_90d_v1,0.0,14351.369811316526,0.721440501484932
2025-01-01_30d_d168_h3,248,core,2025-01-04T11:00:00Z,2025-01-04T12:00:00Z,2025-01-04,10.21,1.0,17468.0,0.6488600411681478,2025-01-04T00:00:00Z,direct_ridge_90d_v1,0.0,14283.379185210393,0.7339932602075595
2025-01-01_30d_d168_h3,249,core,2025-01-04T12:00:00Z,2025-01-04T13:00:00Z,2025-01-04,10.51,1.0,17848.0,0.6645158536207214,2025-01-04T00:00:00Z,direct_ridge_90d_v1,0.5562606192753043,14499.603074952725,0.7374067291803181
2025-01-01_30d_d168_h3,250,core,2025-01-04T13:00:00Z,2025-01-04T14:00:00Z,2025-01-04,12.8,82.0,18610.0,0.6241678611285648,2025-01-04T00:00:00Z,direct_ridge_90d_v1,281.33919944445944,14416.493319708623,0.7276005885353468
2025-01-01_30d_d168_h3,251,core,2025-01-04T14:00:00Z,2025-01-04T15:00:00Z,2025-01-04,13.9,1669.0,19098.0,0.5923083978753959,2025-01-04T00:00:00Z,direct_ridge_90d_v1,5260.543934105242,13633.438022799419,0.6505162088062642
2025-01-01_30d_d168_h3,252,core,2025-01-04T15:00:00Z,2025-01-04T16:00:00Z,2025-01-04,12.56,5404.0,19350.0,0.5096088785184094,2025-01-04T00:00:00Z,direct_ridge_90d_v1,11590.871843444593,12071.542038387282,0.5717719165684919
2025-01-01_30d_d168_h3,253,core,2025-01-04T16:00:00Z,2025-01-04T17:00:00Z,2025-01-04,7.15,7522.0,20324.0,0.4483116606181486,2025-01-04T00:00:00Z,direct_ridge_90d_v1,12963.075837377171,11783.805563186515,0.5464624283398355
2025-01-01_30d_d168_h3,254,core,2025-01-04T17:00:00Z,2025-01-04T18:00:00Z,2025-01-04,4.06,7016.0,22398.0,0.40949421644893236,2025-01-04T00:00:00Z,direct_ridge_90d_v1,13144.370450474962,11833.179505744278,0.5434029270735637
2025-01-01_30d_d168_h3,255,core,2025-01-04T18:00:00Z,2025-01-04T19:00:00Z,2025-01-04,1.59,5960.0,22957.0,0.4107444258631254,2025-01-04T00:00:00Z,direct_ridge_90d_v1,13205.964428582756,11709.498231575959,0.542307547665836
2025-01-01_30d_d168_h3,256,core,2025-01-04T19:00:00Z,2025-01-04T20:00:00Z,2025-01-04,1.48,5644.0,23393.0,0.41011851306657493,2025-01-04T00:00:00Z,direct_ridge_90d_v1,13334.943944570756,11546.968853338052,0.537389380907738
2025-01-01_30d_d168_h3,257,core,2025-01-04T20:00:00Z,2025-01-04T21:00:00Z,2025-01-04,1.96,4730.0,23920.0,0.41384795340428754,2025-01-04T00:00:00Z,direct_ridge_90d_v1,13472.220036466686,11257.982421570392,0.5417778300355566
2025-01-01_30d_d168_h3,258,core,2025-01-04T21:00:00Z,2025-01-04T22:00:00Z,2025-01-04,2.28,3631.0,24413.0,0.4206817193956962,2025-01-04T00:00:00Z,direct_ridge_90d_v1,12687.789504836372,10820.59517566372,0.5640198320883042
2025-01-01_30d_d168_h3,259,core,2025-01-04T22:00:00Z,2025-01-04T23:00:00Z,2025-01-04,4.59,2832.0,24699.0,0.4283257597550565,2025-01-04T00:00:00Z,direct_ridge_90d_v1,8094.3909085850255,10402.516825907582,0.6798925984385232
2025-01-01_30d_d168_h3,260,core,2025-01-04T23:00:00Z,2025-01-05T00:00:00Z,2025-01-04,10.46,810.0,26720.0,0.4286558987327937,2025-01-04T00:00:00Z,direct_ridge_90d_v1,1646.458534490046,10239.296453607398,0.8267548884560377
2025-01-01_30d_d168_h3,261,core,2025-01-05T00:00:00Z,2025-01-05T01:00:00Z,2025-01-04,10.56,1.0,27778.0,0.4333984152210557,2025-01-04T00:00:00Z,direct_ridge_90d_v1,178.66446419358726,11883.795632444848,0.7977259252337825
2025-01-01_30d_d168_h3,262,core,2025-01-05T01:00:00Z,2025-01-05T02:00:00Z,2025-01-04,9.03,1.0,28044.0,0.4295309299918105,2025-01-04T00:00:00Z,direct_ridge_90d_v1,0.0,13372.186337691224,0.8013911592178176
2025-01-01_30d_d168_h3,263,core,2025-01-05T02:00:00Z,2025-01-05T03:00:00Z,2025-01-04,7.62,1.0,27875.0,0.42845178074998275,2025-01-04T00:00:00Z,direct_ridge_90d_v1,0.0,14578.455154376594,0.7718439392793098
2025-01-01_30d_d168_h3,264,core,2025-01-05T03:00:00Z,2025-01-05T04:00:00Z,2025-01-04,6.7,1.0,27124.0,0.4365098157951357,2025-01-04T00:00:00Z,direct_ridge_90d_v1,0.0,15545.321058122348,0.7350633242000475
2025-01-01_30d_d168_h3,265,core,2025-01-05T04:00:00Z,2025-01-05T05:00:00Z,2025-01-04,2.54,1.0,25853.0,0.4482969500058415,2025-01-04T00:00:00Z,direct_ridge_90d_v1,0.0,15796.370464147058,0.7172299566090043
2025-01-01_30d_d168_h3,266,core,2025-01-05T05:00:00Z,2025-01-05T06:00:00Z,2025-01-04,1.03,1.0,24416.0,0.4645453853007572,2025-01-04T00:00:00Z,direct_ridge_90d_v1,0.0,15686.149399167314,0.7004827268366556
2025-01-01_30d_d168_h3,267,core,2025-01-05T06:00:00Z,2025-01-05T07:00:00Z,2025-01-05,0.67,1.0,23001.0,0.4748425278837498,2025-01-05T00:00:00Z,direct_ridge_90d_v1,0.0,16254.84351260674,0.763994617567019
2025-01-01_30d_d168_h3,268,core,2025-01-05T07:00:00Z,2025-01-05T08:00:00Z,2025-01-05,0.1,1.0,22314.0,0.48090926717197396,2025-01-05T00:00:00Z,direct_ridge_90d_v1,0.0,16157.680917515323,0.7619928747422463
2025-01-01_30d_d168_h3,269,core,2025-01-05T08:00:00Z,2025-01-05T09:00:00Z,2025-01-05,-0.1,1.0,21440.0,0.4907321042596236,2025-01-05T00:00:00Z,direct_ridge_90d_v1,0.0,16185.881528980339,0.7548745121961249
2025-01-01_30d_d168_h3,270,core,2025-01-05T09:00:00Z,2025-01-05T10:00:00Z,2025-01-05,-0.03,1.0,20872.0,0.4980748639890963,2025-01-05T00:00:00Z,direct_ridge_90d_v1,0.0,16092.340220727689,0.7492760364952352
2025-01-01_30d_d168_h3,271,core,2025-01-05T10:00:00Z,2025-01-05T11:00:00Z,2025-01-05,0.28,1.0,20281.0,0.504805922139237,2025-01-05T00:00:00Z,direct_ridge_90d_v1,0.0,15944.394970645946,0.7430420719936397
2025-01-01_30d_d168_h3,272,core,2025-01-05T11:00:00Z,2025-01-05T12:00:00Z,2025-01-05,1.57,1.0,20410.0,0.504584684937072,2025-01-05T00:00:00Z,direct_ridge_90d_v1,0.0,16072.907421613932,0.7475985542180811
2025-01-01_30d_d168_h3,273,core,2025-01-05T12:00:00Z,2025-01-05T13:00:00Z,2025-01-05,4.91,1.0,21377.0,0.4929123624081556,2025-01-05T00:00:00Z,direct_ridge_90d_v1,0.982208318750515,16182.609223155661,0.7560486725437148
2025-01-01_30d_d168_h3,274,core,2025-01-05T13:00:00Z,2025-01-05T14:00:00Z,2025-01-05,7.14,75.0,21871.0,0.4859656929270441,2025-01-05T00:00:00Z,direct_ridge_90d_v1,354.97474430418094,16158.921257727185,0.741741182938353
2025-01-01_30d_d168_h3,275,core,2025-01-05T14:00:00Z,2025-01-05T15:00:00Z,2025-01-05,1.84,1869.0,21643.0,0.47030880630357164,2025-01-05T00:00:00Z,direct_ridge_90d_v1,5418.11481913255,15344.661879959292,0.648792994882079
2025-01-01_30d_d168_h3,276,core,2025-01-05T15:00:00Z,2025-01-05T16:00:00Z,2025-01-05,1.78,3424.0,22061.0,0.4515552872121657,2025-01-05T00:00:00Z,direct_ridge_90d_v1,11520.716390447433,13236.921391987504,0.572694460126452
2025-01-01_30d_d168_h3,277,core,2025-01-05T16:00:00Z,2025-01-05T17:00:00Z,2025-01-05,2.33,4798.0,21898.0,0.43948371712646295,2025-01-05T00:00:00Z,direct_ridge_90d_v1,13086.658259426651,12708.070876774018,0.5636856235765186
2025-01-01_30d_d168_h3,278,core,2025-01-05T17:00:00Z,2025-01-05T18:00:00Z,2025-01-05,3.18,5895.0,21587.0,0.43430425395399747,2025-01-05T00:00:00Z,direct_ridge_90d_v1,13327.15409569489,12642.87461548963,0.5673733066615883
2025-01-01_30d_d168_h3,279,core,2025-01-05T18:00:00Z,2025-01-05T19:00:00Z,2025-01-05,2.78,7033.0,21375.0,0.43035577528333346,2025-01-05T00:00:00Z,direct_ridge_90d_v1,13366.413196380801,12481.205010607206,0.5693404639293842
2025-01-01_30d_d168_h3,280,core,2025-01-05T19:00:00Z,2025-01-05T20:00:00Z,2025-01-05,2.59,7905.0,20602.0,0.43571565233137327,2025-01-05T00:00:00Z,direct_ridge_90d_v1,13272.971586459029,12327.726961299337,0.5781776766890068
2025-01-01_30d_d168_h3,281,core,2025-01-05T20:00:00Z,2025-01-05T21:00:00Z,2025-01-05,1.84,8000.0,19984.0,0.4532626950158269,2025-01-05T00:00:00Z,direct_ridge_90d_v1,13123.370055329466,12015.489600174715,0.5891808976080971
2025-01-01_30d_d168_h3,282,core,2025-01-05T21:00:00Z,2025-01-05T22:00:00Z,2025-01-05,2.52,7496.0,20269.0,0.4636710704578214,2025-01-05T00:00:00Z,direct_ridge_90d_v1,12261.982079582678,11502.520875692087,0.6143299627691605
2025-01-01_30d_d168_h3,283,core,2025-01-05T22:00:00Z,2025-01-05T23:00:00Z,2025-01-05,8.98,5543.0,21862.0,0.47944148058160746,2025-01-05T00:00:00Z,direct_ridge_90d_v1,7504.216223197371,11063.549644600967,0.7071760581223784
2025-01-01_30d_d168_h3,284,core,2025-01-05T23:00:00Z,2025-01-06T00:00:00Z,2025-01-05,22.92,1347.0,24372.0,0.5297955954165303,2025-01-05T00:00:00Z,direct_ridge_90d_v1,994.3675229007176,11066.963930098242,0.8554416838597712
2025-01-01_30d_d168_h3,285,core,2025-01-06T00:00:00Z,2025-01-06T01:00:00Z,2025-01-05,22.89,1.0,24226.0,0.6240291677532697,2025-01-05T00:00:00Z,direct_ridge_90d_v1,0.0,12986.385450484211,0.8367904060510184
2025-01-01_30d_d168_h3,286,core,2025-01-06T01:00:00Z,2025-01-06T02:00:00Z,2025-01-05,22.4,1.0,25370.0,0.6282841763342717,2025-01-05T00:00:00Z,direct_ridge_90d_v1,3.077052998698644,14117.024356545862,0.8522808130926384
2025-01-01_30d_d168_h3,287,core,2025-01-06T02:00:00Z,2025-01-06T03:00:00Z,2025-01-05,22.13,1.0,26362.0,0.6073105139216932,2025-01-05T00:00:00Z,direct_ridge_90d_v1,0.0,15084.488583748629,0.833795198658699
2025-01-01_30d_d168_h3,288,core,2025-01-06T03:00:00Z,2025-01-06T04:00:00Z,2025-01-05,21.36,1.0,26807.0,0.5886000884942548,2025-01-05T00:00:00Z,direct_ridge_90d_v1,0.0,15888.262125349018,0.8091176906697233
2025-01-01_30d_d168_h3,289,core,2025-01-06T04:00:00Z,2025-01-06T05:00:00Z,2025-01-05,21.22,1.0,24948.0,0.6281134935350864,2025-01-05T00:00:00Z,direct_ridge_90d_v1,0.0,16139.930162960538,0.7947112379925027
2025-01-01_30d_d168_h3,290,core,2025-01-06T05:00:00Z,2025-01-06T06:00:00Z,2025-01-05,20.84,1.0,22756.0,0.6752295718469908,2025-01-05T00:00:00Z,direct_ridge_90d_v1,0.0,16083.27206078294,0.7870705599453526
2025-01-01_30d_d168_h3,291,core,2025-01-06T06:00:00Z,2025-01-06T07:00:00Z,2025-01-06,20.82,1.0,21233.0,0.698188122724922,2025-01-06T00:00:00Z,direct_ridge_90d_v1,0.0,15333.494098056366,0.7648119295225562
2025-01-01_30d_d168_h3,292,core,2025-01-06T07:00:00Z,2025-01-06T08:00:00Z,2025-01-06,21.99,1.0,20007.0,0.7170298762326455,2025-01-06T00:00:00Z,direct_ridge_90d_v1,0.0,15012.491063567182,0.7645742324203588
2025-01-01_30d_d168_h3,293,core,2025-01-06T08:00:00Z,2025-01-06T09:00:00Z,2025-01-06,22.15,1.0,18131.0,0.7653678771867899,2025-01-06T00:00:00Z,direct_ridge_90d_v1,0.0,14743.98173096411,0.7601980523274373
2025-01-01_30d_d168_h3,294,core,2025-01-06T09:00:00Z,2025-01-06T10:00:00Z,2025-01-06,22.96,1.0,17117.0,0.7997066547527678,2025-01-06T00:00:00Z,direct_ridge_90d_v1,0.0,14492.676805692696,0.7615130682518929
2025-01-01_30d_d168_h3,295,core,2025-01-06T10:00:00Z,2025-01-06T11:00:00Z,2025-01-06,27.27,1.0,16618.0,0.8283630834740823,2025-01-06T00:00:00Z,direct_ridge_90d_v1,0.0,14557.528400226058,0.7599087861625399
2025-01-01_30d_d168_h3,296,core,2025-01-06T11:00:00Z,2025-01-06T12:00:00Z,2025-01-06,35.2,1.0,15905.0,0.8610268983633192,2025-01-06T00:00:00Z,direct_ridge_90d_v1,0.0,14701.642097678068,0.7685498628812076
2025-01-01_30d_d168_h3,297,core,2025-01-06T12:00:00Z,2025-01-06T13:00:00Z,2025-01-06,68.78,1.0,15742.0,0.866890461706893,2025-01-06T00:00:00Z,direct_ridge_90d_v1,1.399603504344464,14824.87081959273,0.7832087082373954
2025-01-01_30d_d168_h3,298,core,2025-01-06T13:00:00Z,2025-01-06T14:00:00Z,2025-01-06,86.3,444.0,14407.0,0.8642005855516333,2025-01-06T00:00:00Z,direct_ridge_90d_v1,375.04579385383437,14746.559888696813,0.7762874007338691
2025-01-01_30d_d168_h3,299,core,2025-01-06T14:00:00Z,2025-01-06T15:00:00Z,2025-01-06,37.62,8922.0,11906.0,0.7910079841863417,2025-01-06T00:00:00Z,direct_ridge_90d_v1,5360.588303543133,13799.756906001832,0.6931893403530272
2025-01-01_30d_d168_h3,300,core,2025-01-06T15:00:00Z,2025-01-06T16:00:00Z,2025-01-06,23.51,19383.0,10237.0,0.6391857379227796,2025-01-06T00:00:00Z,direct_ridge_90d_v1,11263.346047625006,12336.340878261672,0.5951512674730625
2025-01-01_30d_d168_h3,301,core,2025-01-06T16:00:00Z,2025-01-06T17:00:00Z,2025-01-06,22.37,20958.0,7796.0,0.6222660005840543,2025-01-06T00:00:00Z,direct_ridge_90d_v1,12578.191809320071,11993.17526381453,0.5823133297282435
2025-01-01_30d_d168_h3,302,core,2025-01-06T17:00:00Z,2025-01-06T18:00:00Z,2025-01-06,22.19,20054.0,6151.0,0.6330179079445741,2025-01-06T00:00:00Z,direct_ridge_90d_v1,12857.697803612919,11896.039964850444,0.5796240061049245
2025-01-01_30d_d168_h3,303,core,2025-01-06T18:00:00Z,2025-01-06T19:00:00Z,2025-01-06,21.82,19083.0,5355.0,0.6428857354394099,2025-01-06T00:00:00Z,direct_ridge_90d_v1,13048.790324470405,11595.88399285336,0.5812677448539628
2025-01-01_30d_d168_h3,304,core,2025-01-06T19:00:00Z,2025-01-06T20:00:00Z,2025-01-06,20.75,18972.0,4626.0,0.6476751378576059,2025-01-06T00:00:00Z,direct_ridge_90d_v1,13300.6595028617,11200.575155802317,0.5865838921242054
2025-01-01_30d_d168_h3,305,core,2025-01-06T20:00:00Z,2025-01-06T21:00:00Z,2025-01-06,20.53,18893.0,3985.0,0.6501708895947453,2025-01-06T00:00:00Z,direct_ridge_90d_v1,13516.83249058149,10710.078453129026,0.5943350222862162
2025-01-01_30d_d168_h3,306,core,2025-01-06T21:00:00Z,2025-01-06T22:00:00Z,2025-01-06,20.4,18625.0,3635.0,0.6553814476148543,2025-01-06T00:00:00Z,direct_ridge_90d_v1,12956.533821761754,10151.094147159627,0.6182022977813578
2025-01-01_30d_d168_h3,307,core,2025-01-06T22:00:00Z,2025-01-06T23:00:00Z,2025-01-06,26.97,11523.0,3612.0,0.7972339396542159,2025-01-06T00:00:00Z,direct_ridge_90d_v1,8319.368453003666,9739.418912088666,0.7460214861462324
2025-01-01_30d_d168_h3,308,core,2025-01-06T23:00:00Z,2025-01-07T00:00:00Z,2025-01-06,44.93,1393.0,3883.0,0.9977116942391877,2025-01-06T00:00:00Z,direct_ridge_90d_v1,1281.177018956338,9162.790926603453,0.8988526601575377
2025-01-01_30d_d168_h3,309,core,2025-01-07T00:00:00Z,2025-01-07T01:00:00Z,2025-01-06,59.85,1.0,5156.0,1.0241352013906022,2025-01-06T00:00:00Z,direct_ridge_90d_v1,59.918638234681225,10156.784655411579,0.8939038595692693
2025-01-01_30d_d168_h3,310,core,2025-01-07T01:00:00Z,2025-01-07T02:00:00Z,2025-01-06,54.71,0.0,6690.0,1.0156700285530265,2025-01-06T00:00:00Z,direct_ridge_90d_v1,0.667992190545359,11847.071387651124,0.8958876339439145
2025-01-01_30d_d168_h3,311,core,2025-01-07T02:00:00Z,2025-01-07T03:00:00Z,2025-01-06,51.0,0.0,7682.0,1.0042251870311079,2025-01-06T00:00:00Z,direct_ridge_90d_v1,0.0,13075.546240380874,0.8727858717245378
2025-01-01_30d_d168_h3,312,core,2025-01-07T03:00:00Z,2025-01-07T04:00:00Z,2025-01-06,40.62,1.0,7817.0,1.0081675584036596,2025-01-06T00:00:00Z,direct_ridge_90d_v1,0.0,14149.74691786387,0.84452706530674
2025-01-01_30d_d168_h3,313,core,2025-01-07T04:00:00Z,2025-01-07T05:00:00Z,2025-01-06,34.54,1.0,8520.0,1.0018503684309783,2025-01-06T00:00:00Z,direct_ridge_90d_v1,0.0,14730.343394961437,0.822338970348817
2025-01-01_30d_d168_h3,314,core,2025-01-07T05:00:00Z,2025-01-07T06:00:00Z,2025-01-06,31.28,1.0,8815.0,0.9978157209315016,2025-01-06T00:00:00Z,direct_ridge_90d_v1,0.0,15043.62666955623,0.7975588847688562
2025-01-01_30d_d168_h3,315,core,2025-01-07T06:00:00Z,2025-01-07T07:00:00Z,2025-01-07,35.79,1.0,8577.0,0.9989711134544468,2025-01-07T00:00:00Z,direct_ridge_90d_v1,0.0,14782.757736776726,0.7156336613538143
2025-01-01_30d_d168_h3,316,core,2025-01-07T07:00:00Z,2025-01-07T08:00:00Z,2025-01-07,35.93,1.0,8196.0,1.0037646500335635,2025-01-07T00:00:00Z,direct_ridge_90d_v1,0.0,14850.089460589377,0.7052636169233445
2025-01-01_30d_d168_h3,317,core,2025-01-07T08:00:00Z,2025-01-07T09:00:00Z,2025-01-07,36.06,1.0,8065.0,1.002826570311337,2025-01-07T00:00:00Z,direct_ridge_90d_v1,0.0,14475.379555858939,0.7112190342121837
2025-01-01_30d_d168_h3,318,core,2025-01-07T09:00:00Z,2025-01-07T10:00:00Z,2025-01-07,37.5,1.0,7581.0,1.0069281400472383,2025-01-07T00:00:00Z,direct_ridge_90d_v1,0.0,13973.722364823854,0.7271842545605199
2025-01-01_30d_d168_h3,319,core,2025-01-07T10:00:00Z,2025-01-07T11:00:00Z,2025-01-07,40.12,1.0,7408.0,1.0038578789793386,2025-01-07T00:00:00Z,direct_ridge_90d_v1,0.0,13931.40458242768,0.7358082973919223
2025-01-01_30d_d168_h3,320,core,2025-01-07T11:00:00Z,2025-01-07T12:00:00Z,2025-01-07,47.4,1.0,8212.0,0.9884017774053072,2025-01-07T00:00:00Z,direct_ridge_90d_v1,0.0,13920.74379386567,0.7535863444204541
2025-01-01_30d_d168_h3,321,core,2025-01-07T12:00:00Z,2025-01-07T13:00:00Z,2025-01-07,80.87,1.0,8523.0,0.9666109627696217,2025-01-07T00:00:00Z,direct_ridge_90d_v1,1.9702676669879513,13818.841895336922,0.7758703799769386
2025-01-01_30d_d168_h3,322,core,2025-01-07T13:00:00Z,2025-01-07T14:00:00Z,2025-01-07,87.1,403.0,8767.0,0.9441986051774683,2025-01-07T00:00:00Z,direct_ridge_90d_v1,535.9950321886197,13633.968882953142,0.7773420837593821
2025-01-01_30d_d168_h3,323,core,2025-01-07T14:00:00Z,2025-01-07T15:00:00Z,2025-01-07,46.62,7253.0,7458.0,0.8832804996262438,2025-01-07T00:00:00Z,direct_ridge_90d_v1,5549.462492092656,12422.71869728106,0.7050453121465776
2025-01-01_30d_d168_h3,324,core,2025-01-07T15:00:00Z,2025-01-07T16:00:00Z,2025-01-07,30.07,16355.0,6156.0,0.7625383065056843,2025-01-07T00:00:00Z,direct_ridge_90d_v1,10643.664563133783,10614.459352105921,0.6110881641857783
2025-01-01_30d_d168_h3,325,core,2025-01-07T16:00:00Z,2025-01-07T17:00:00Z,2025-01-07,27.72,19213.0,5411.0,0.6995987717615677,2025-01-07T00:00:00Z,direct_ridge_90d_v1,12056.459699562563,9914.990308678054,0.5954907466086938
2025-01-01_30d_d168_h3,326,core,2025-01-07T17:00:00Z,2025-01-07T18:00:00Z,2025-01-07,24.96,18564.0,5067.0,0.6968744826027959,2025-01-07T00:00:00Z,direct_ridge_90d_v1,12582.145571616362,9500.945305855608,0.5914015532803674
2025-01-01_30d_d168_h3,327,core,2025-01-07T18:00:00Z,2025-01-07T19:00:00Z,2025-01-07,24.74,17905.0,5342.0,0.6830150094258444,2025-01-07T00:00:00Z,direct_ridge_90d_v1,12817.446025633737,9159.516196157147,0.5976054129246061
2025-01-01_30d_d168_h3,328,core,2025-01-07T19:00:00Z,2025-01-07T20:00:00Z,2025-01-07,22.85,17523.0,6364.0,0.6519459663923711,2025-01-07T00:00:00Z,direct_ridge_90d_v1,12818.132616927978,8892.543083839804,0.6028499668850682
2025-01-01_30d_d168_h3,329,core,2025-01-07T20:00:00Z,2025-01-07T21:00:00Z,2025-01-07,20.96,17136.0,7798.0,0.6135351584045183,2025-01-07T00:00:00Z,direct_ridge_90d_v1,12818.858403833745,8650.130073128184,0.6010383108095786
2025-01-01_30d_d168_h3,330,core,2025-01-07T21:00:00Z,2025-01-07T22:00:00Z,2025-01-07,19.05,15721.0,9284.0,0.5771543664667046,2025-01-07T00:00:00Z,direct_ridge_90d_v1,12316.974973100694,8542.324864714643,0.6137246671327413
2025-01-01_30d_d168_h3,331,core,2025-01-07T22:00:00Z,2025-01-07T23:00:00Z,2025-01-07,24.19,8999.0,11904.0,0.6697714477511809,2025-01-07T00:00:00Z,direct_ridge_90d_v1,7436.592574412451,8445.953466934165,0.7189359706103726
2025-01-01_30d_d168_h3,332,core,2025-01-07T23:00:00Z,2025-01-08T00:00:00Z,2025-01-07,33.06,1117.0,12754.0,0.8554393046859412,2025-01-07T00:00:00Z,direct_ridge_90d_v1,363.80678844924796,8532.200331640524,0.8333679382583157
2025-01-01_30d_d168_h3,333,core,2025-01-08T00:00:00Z,2025-01-08T01:00:00Z,2025-01-07,36.43,1.0,12950.0,0.903589552430252,2025-01-07T00:00:00Z,direct_ridge_90d_v1,0.0,9800.75186695218,0.8553415546113968
2025-01-01_30d_d168_h3,334,core,2025-01-08T01:00:00Z,2025-01-08T02:00:00Z,2025-01-07,34.65,1.0,14155.0,0.9024235734149523,2025-01-07T00:00:00Z,direct_ridge_90d_v1,8.100714876610876,11328.438279084197,0.8624494872775895
2025-01-01_30d_d168_h3,335,core,2025-01-08T02:00:00Z,2025-01-08T03:00:00Z,2025-01-07,33.44,1.0,14536.0,0.9044922243800012,2025-01-07T00:00:00Z,direct_ridge_90d_v1,0.0,12574.06503288616,0.83445147145576
2025-01-01_30d_d168_h3,336,core,2025-01-08T03:00:00Z,2025-01-08T04:00:00Z,2025-01-07,31.84,1.0,14745.0,0.9003298276899405,2025-01-07T00:00:00Z,direct_ridge_90d_v1,0.0,13646.530568921526,0.7926911562280783
2025-01-01_30d_d168_h3,337,core,2025-01-08T04:00:00Z,2025-01-08T05:00:00Z,2025-01-07,28.59,1.0,14733.0,0.8959758338451711,2025-01-07T00:00:00Z,direct_ridge_90d_v1,0.0,14159.8702680254,0.7700601571109427
2025-01-01_30d_d168_h3,338,core,2025-01-08T05:00:00Z,2025-01-08T06:00:00Z,2025-01-07,28.43,1.0,14721.0,0.8898363452690847,2025-01-07T00:00:00Z,direct_ridge_90d_v1,0.0,14597.83048884657,0.7466602166623082
2025-01-01_30d_d168_h3,339,core,2025-01-08T06:00:00Z,2025-01-08T07:00:00Z,2025-01-08,26.53,1.0,14266.0,0.8990402066689076,2025-01-08T00:00:00Z,direct_ridge_90d_v1,0.0,14909.956738480552,0.7383395516890029
2025-01-01_30d_d168_h3,340,core,2025-01-08T07:00:00Z,2025-01-08T08:00:00Z,2025-01-08,25.6,1.0,13972.0,0.9022053946902964,2025-01-08T00:00:00Z,direct_ridge_90d_v1,0.0,14632.53505594805,0.7389919348287887
2025-01-01_30d_d168_h3,341,core,2025-01-08T08:00:00Z,2025-01-08T09:00:00Z,2025-01-08,26.44,1.0,14117.0,0.8969848151807104,2025-01-08T00:00:00Z,direct_ridge_90d_v1,0.0,14424.985622378288,0.7369021480948159
2025-01-01_30d_d168_h3,342,core,2025-01-08T09:00:00Z,2025-01-08T10:00:00Z,2025-01-08,27.26,1.0,14464.0,0.8881009716690089,2025-01-08T00:00:00Z,direct_ridge_90d_v1,0.0,14070.297821202437,0.7508445167284243
2025-01-01_30d_d168_h3,343,core,2025-01-08T10:00:00Z,2025-01-08T11:00:00Z,2025-01-08,29.48,1.0,14413.0,0.8882797473308427,2025-01-08T00:00:00Z,direct_ridge_90d_v1,0.0,13920.196332117548,0.7569532855095935
2025-01-01_30d_d168_h3,344,core,2025-01-08T11:00:00Z,2025-01-08T12:00:00Z,2025-01-08,36.79,1.0,13433.0,0.9095307140594197,2025-01-08T00:00:00Z,direct_ridge_90d_v1,0.0,13776.800325939223,0.7759876726888923
2025-01-01_30d_d168_h3,345,core,2025-01-08T12:00:00Z,2025-01-08T13:00:00Z,2025-01-08,52.76,1.0,12304.0,0.914572846254898,2025-01-08T00:00:00Z,direct_ridge_90d_v1,1.8509565870278535,13616.47101147324,0.7951877485085617
2025-01-01_30d_d168_h3,346,core,2025-01-08T13:00:00Z,2025-01-08T14:00:00Z,2025-01-08,60.37,157.0,10360.0,0.91390550043305,2025-01-08T00:00:00Z,direct_ridge_90d_v1,497.1802931388809,13443.970122711124,0.7902443939457061
2025-01-01_30d_d168_h3,347,core,2025-01-08T14:00:00Z,2025-01-08T15:00:00Z,2025-01-08,48.23,3455.0,8991.0,0.9153365768818859,2025-01-08T00:00:00Z,direct_ridge_90d_v1,5251.831098599576,12069.59938234086,0.7114737677564302
2025-01-01_30d_d168_h3,348,core,2025-01-08T15:00:00Z,2025-01-08T16:00:00Z,2025-01-08,37.08,8036.0,7771.0,0.8711419132633675,2025-01-08T00:00:00Z,direct_ridge_90d_v1,10208.03894668696,10267.831063938542,0.6167832496010259
2025-01-01_30d_d168_h3,349,core,2025-01-08T16:00:00Z,2025-01-08T17:00:00Z,2025-01-08,36.72,9835.0,6033.0,0.866835224688729,2025-01-08T00:00:00Z,direct_ridge_90d_v1,11686.04280357888,10204.851164101661,0.5823066230795947
2025-01-01_30d_d168_h3,350,core,2025-01-08T17:00:00Z,2025-01-08T18:00:00Z,2025-01-08,30.33,10772.0,5379.0,0.8536475276901025,2025-01-08T00:00:00Z,direct_ridge_90d_v1,12181.408527091637,9942.625246953534,0.5728921827642953
2025-01-01_30d_d168_h3,351,core,2025-01-08T18:00:00Z,2025-01-08T19:00:00Z,2025-01-08,26.97,11182.0,4751.0,0.8535765879513784,2025-01-08T00:00:00Z,direct_ridge_90d_v1,12403.301223036211,9701.43608627853,0.576559595539489
2025-01-01_30d_d168_h3,352,core,2025-01-08T19:00:00Z,2025-01-08T20:00:00Z,2025-01-08,26.32,11241.0,4298.0,0.8591287437650089,2025-01-08T00:00:00Z,direct_ridge_90d_v1,12479.709654245346,9575.12384403038,0.5889214456516061
2025-01-01_30d_d168_h3,353,core,2025-01-08T20:00:00Z,2025-01-08T21:00:00Z,2025-01-08,25.67,10596.0,3805.0,0.8722440449787686,2025-01-08T00:00:00Z,direct_ridge_90d_v1,12648.166284697367,9372.752456896491,0.5920388822543536
2025-01-01_30d_d168_h3,354,core,2025-01-08T21:00:00Z,2025-01-08T22:00:00Z,2025-01-08,25.43,8791.0,3547.0,0.920988113176009,2025-01-08T00:00:00Z,direct_ridge_90d_v1,12177.509438298312,9179.121003807695,0.6110032341714038
2025-01-01_30d_d168_h3,355,core,2025-01-08T22:00:00Z,2025-01-08T23:00:00Z,2025-01-08,31.94,4784.0,3522.0,0.9813594902337921,2025-01-08T00:00:00Z,direct_ridge_90d_v1,7527.08621217381,8931.582034590974,0.7559552430692753
2025-01-01_30d_d168_h3,356,core,2025-01-08T23:00:00Z,2025-01-09T00:00:00Z,2025-01-08,54.29,529.0,3879.0,1.025988243628214,2025-01-08T00:00:00Z,direct_ridge_90d_v1,532.416895368031,8957.884714934717,0.8575447013933302
2025-01-01_30d_d168_h3,357,core,2025-01-09T00:00:00Z,2025-01-09T01:00:00Z,2025-01-08,57.26,0.0,4476.0,1.0171685682616256,2025-01-08T00:00:00Z,direct_ridge_90d_v1,0.0,10767.87207453108,0.8270432561772879
2025-01-01_30d_d168_h3,358,core,2025-01-09T01:00:00Z,2025-01-09T02:00:00Z,2025-01-08,49.74,1.0,4938.0,1.0198609054075762,2025-01-08T00:00:00Z,direct_ridge_90d_v1,5.169223802714601,12194.064275934483,0.8263947725159816
2025-01-01_30d_d168_h3,359,core,2025-01-09T02:00:00Z,2025-01-09T03:00:00Z,2025-01-08,40.93,1.0,4845.0,1.0289686880141036,2025-01-08T00:00:00Z,direct_ridge_90d_v1,0.0,13256.023637845266,0.8081841474193371
2025-01-01_30d_d168_h3,360,core,2025-01-09T03:00:00Z,2025-01-09T04:00:00Z,2025-01-08,37.43,1.0,5939.0,1.0243379184023313,2025-01-08T00:00:00Z,direct_ridge_90d_v1,0.0,14220.975536602504,0.7742039256807769
2025-01-01_30d_d168_h3,361,core,2025-01-09T04:00:00Z,2025-01-09T05:00:00Z,2025-01-08,29.61,1.0,6683.0,1.0169001622547167,2025-01-08T00:00:00Z,direct_ridge_90d_v1,0.0,14747.873934639816,0.7561095278392471
2025-01-01_30d_d168_h3,362,core,2025-01-09T05:00:00Z,2025-01-09T06:00:00Z,2025-01-08,27.72,1.0,7399.0,1.0078966076837972,2025-01-08T00:00:00Z,direct_ridge_90d_v1,0.0,14923.8971245629,0.7461703962727931
2025-01-01_30d_d168_h3,363,core,2025-01-09T06:00:00Z,2025-01-09T07:00:00Z,2025-01-09,26.59,1.0,7714.0,1.0007546662662399,2025-01-09T00:00:00Z,direct_ridge_90d_v1,0.0,14558.407508565464,0.7847667631771296
2025-01-01_30d_d168_h3,364,core,2025-01-09T07:00:00Z,2025-01-09T08:00:00Z,2025-01-09,25.83,1.0,7335.0,1.0064232933660502,2025-01-09T00:00:00Z,direct_ridge_90d_v1,0.0,13972.906281139489,0.7912073177298731
2025-01-01_30d_d168_h3,365,core,2025-01-09T08:00:00Z,2025-01-09T09:00:00Z,2025-01-09,25.34,1.0,6672.0,1.0170408836495846,2025-01-09T00:00:00Z,direct_ridge_90d_v1,0.0,13872.409046963432,0.7844934554788452
2025-01-01_30d_d168_h3,366,core,2025-01-09T09:00:00Z,2025-01-09T10:00:00Z,2025-01-09,25.76,1.0,6212.0,1.0245755026733259,2025-01-09T00:00:00Z,direct_ridge_90d_v1,0.0,13639.17065757443,0.7880308404874808
2025-01-01_30d_d168_h3,367,core,2025-01-09T10:00:00Z,2025-01-09T11:00:00Z,2025-01-09,26.55,1.0,5931.0,1.034129177532485,2025-01-09T00:00:00Z,direct_ridge_90d_v1,0.0,13449.127384473612,0.7899438351647267
2025-01-01_30d_d168_h3,368,core,2025-01-09T11:00:00Z,2025-01-09T12:00:00Z,2025-01-09,30.28,1.0,4835.0,1.0535712831179724,2025-01-09T00:00:00Z,direct_ridge_90d_v1,0.0,13371.020549430115,0.799332606697047
2025-01-01_30d_d168_h3,369,core,2025-01-09T12:00:00Z,2025-01-09T13:00:00Z,2025-01-09,39.39,1.0,3618.0,1.0661358461233787,2025-01-09T00:00:00Z,direct_ridge_90d_v1,0.559963976853231,13470.157079313933,0.8054332772792825
2025-01-01_30d_d168_h3,370,core,2025-01-09T13:00:00Z,2025-01-09T14:00:00Z,2025-01-09,48.15,33.0,3071.0,1.063681569902105,2025-01-09T00:00:00Z,direct_ridge_90d_v1,262.2363239716599,13478.310270689544,0.789267871993687
2025-01-01_30d_d168_h3,371,core,2025-01-09T14:00:00Z,2025-01-09T15:00:00Z,2025-01-09,45.9,714.0,3021.0,1.057475107353239,2025-01-09T00:00:00Z,direct_ridge_90d_v1,5631.0676093697775,12447.321621327175,0.6989654543999317
2025-01-01_30d_d168_h3,372,core,2025-01-09T15:00:00Z,2025-01-09T16:00:00Z,2025-01-09,47.3,2502.0,3681.0,1.0271597743125955,2025-01-09T00:00:00Z,direct_ridge_90d_v1,12037.07657064703,10962.69474909072,0.5959142712844707
2025-01-01_30d_d168_h3,373,core,2025-01-09T16:00:00Z,2025-01-09T17:00:00Z,2025-01-09,50.74,3884.0,4563.0,0.9959242548107822,2025-01-09T00:00:00Z,direct_ridge_90d_v1,13219.474121668482,11013.410236046982,0.5721278699912266
2025-01-01_30d_d168_h3,374,core,2025-01-09T17:00:00Z,2025-01-09T18:00:00Z,2025-01-09,47.01,4962.0,4721.0,0.9773029702795264,2025-01-09T00:00:00Z,direct_ridge_90d_v1,13338.350856178347,11004.946743924189,0.5649782046968393
2025-01-01_30d_d168_h3,375,core,2025-01-09T18:00:00Z,2025-01-09T19:00:00Z,2025-01-09,39.34,4886.0,4356.0,0.9787382552713393,2025-01-09T00:00:00Z,direct_ridge_90d_v1,13216.426804676803,11013.904175216916,0.565182319969856
2025-01-01_30d_d168_h3,376,core,2025-01-09T19:00:00Z,2025-01-09T20:00:00Z,2025-01-09,44.79,3963.0,4784.0,0.9861375636262372,2025-01-09T00:00:00Z,direct_ridge_90d_v1,13471.461118882335,10998.192730602537,0.5676025592569366
2025-01-01_30d_d168_h3,377,core,2025-01-09T20:00:00Z,2025-01-09T21:00:00Z,2025-01-09,42.83,3559.0,5102.0,0.9841069247097276,2025-01-09T00:00:00Z,direct_ridge_90d_v1,13608.37869814046,10737.924882782241,0.5785542368306906
2025-01-01_30d_d168_h3,378,core,2025-01-09T21:00:00Z,2025-01-09T22:00:00Z,2025-01-09,43.32,2679.0,6156.0,0.980406411599772,2025-01-09T00:00:00Z,direct_ridge_90d_v1,12960.787530021618,10337.628214862689,0.6071338545977474
2025-01-01_30d_d168_h3,379,core,2025-01-09T22:00:00Z,2025-01-09T23:00:00Z,2025-01-09,53.81,1791.0,7206.0,0.9782487574838868,2025-01-09T00:00:00Z,direct_ridge_90d_v1,8253.453374591769,9900.38942831067,0.7548636745245711
2025-01-01_30d_d168_h3,380,core,2025-01-09T23:00:00Z,2025-01-10T00:00:00Z,2025-01-09,66.79,424.0,8214.0,0.9713387362091408,2025-01-09T00:00:00Z,direct_ridge_90d_v1,1722.083520676834,9767.566935506722,0.8861919392781298
2025-01-01_30d_d168_h3,381,core,2025-01-10T00:00:00Z,2025-01-10T01:00:00Z,2025-01-09,55.24,1.0,8636.0,0.969987022061032,2025-01-09T00:00:00Z,direct_ridge_90d_v1,176.99792561511617,11555.591989638511,0.8643414419576598
2025-01-01_30d_d168_h3,382,core,2025-01-10T01:00:00Z,2025-01-10T02:00:00Z,2025-01-09,49.92,1.0,10125.0,0.9538671202143945,2025-01-09T00:00:00Z,direct_ridge_90d_v1,0.0,13025.5678103065,0.8440479027246781
2025-01-01_30d_d168_h3,383,core,2025-01-10T02:00:00Z,2025-01-10T03:00:00Z,2025-01-09,45.86,1.0,10982.0,0.9569541169634679,2025-01-09T00:00:00Z,direct_ridge_90d_v1,0.0,13929.165275282561,0.823044982172871
2025-01-01_30d_d168_h3,384,core,2025-01-10T03:00:00Z,2025-01-10T04:00:00Z,2025-01-09,42.13,1.0,9993.0,0.9721521804266978,2025-01-09T00:00:00Z,direct_ridge_90d_v1,0.0,14498.947116082545,0.8029724125045156
2025-01-01_30d_d168_h3,385,core,2025-01-10T04:00:00Z,2025-01-10T05:00:00Z,2025-01-09,30.01,1.0,10324.0,0.9750415620899776,2025-01-09T00:00:00Z,direct_ridge_90d_v1,0.0,14522.969163707254,0.792194436065993
2025-01-01_30d_d168_h3,386,core,2025-01-10T05:00:00Z,2025-01-10T06:00:00Z,2025-01-09,26.71,1.0,12169.0,0.9424254210128735,2025-01-09T00:00:00Z,direct_ridge_90d_v1,0.0,14246.674224532504,0.7820154406726776
2025-01-01_30d_d168_h3,387,core,2025-01-10T06:00:00Z,2025-01-10T07:00:00Z,2025-01-10,30.26,1.0,14382.0,0.9000685585779917,2025-01-10T00:00:00Z,direct_ridge_90d_v1,0.0,14495.868682933426,0.7597559195358323
2025-01-01_30d_d168_h3,388,core,2025-01-10T07:00:00Z,2025-01-10T08:00:00Z,2025-01-10,26.43,1.0,16131.0,0.8705751462646836,2025-01-10T00:00:00Z,direct_ridge_90d_v1,0.0,14241.203784909301,0.7632413605808719
2025-01-01_30d_d168_h3,389,core,2025-01-10T08:00:00Z,2025-01-10T09:00:00Z,2025-01-10,24.17,1.0,17568.0,0.8412173814588708,2025-01-10T00:00:00Z,direct_ridge_90d_v1,0.0,14082.034044562537,0.7601962359749409
2025-01-01_30d_d168_h3,390,core,2025-01-10T09:00:00Z,2025-01-10T10:00:00Z,2025-01-10,23.08,1.0,19334.0,0.7970189868616419,2025-01-10T00:00:00Z,direct_ridge_90d_v1,0.0,13894.089903531498,0.759614280675533
2025-01-01_30d_d168_h3,391,core,2025-01-10T10:00:00Z,2025-01-10T11:00:00Z,2025-01-10,23.31,1.0,20426.0,0.7723534872386406,2025-01-10T00:00:00Z,direct_ridge_90d_v1,0.0,13778.390027095484,0.7649609684175374
2025-01-01_30d_d168_h3,392,core,2025-01-10T11:00:00Z,2025-01-10T12:00:00Z,2025-01-10,25.85,1.0,21506.0,0.7590524536423653,2025-01-10T00:00:00Z,direct_ridge_90d_v1,0.0,13759.786225855923,0.7744902118827737
2025-01-01_30d_d168_h3,393,core,2025-01-10T12:00:00Z,2025-01-10T13:00:00Z,2025-01-10,31.32,1.0,22737.0,0.7504299687032915,2025-01-10T00:00:00Z,direct_ridge_90d_v1,0.6820392722457977,13845.421617192884,0.7815613630993117
2025-01-01_30d_d168_h3,394,core,2025-01-10T13:00:00Z,2025-01-10T14:00:00Z,2025-01-10,32.78,65.0,23533.0,0.7291916854902554,2025-01-10T00:00:00Z,direct_ridge_90d_v1,284.31124913715956,13758.250982871217,0.7712360950038685
2025-01-01_30d_d168_h3,395,core,2025-01-10T14:00:00Z,2025-01-10T15:00:00Z,2025-01-10,29.3,2418.0,23272.0,0.7015100253415846,2025-01-10T00:00:00Z,direct_ridge_90d_v1,5462.448036110595,12807.274364224155,0.6912076002421873
2025-01-01_30d_d168_h3,396,core,2025-01-10T15:00:00Z,2025-01-10T16:00:00Z,2025-01-10,25.62,6924.0,23110.0,0.6257059244956101,2025-01-10T00:00:00Z,direct_ridge_90d_v1,11856.870905937518,11469.553387901551,0.5892495894749725
2025-01-01_30d_d168_h3,397,core,2025-01-10T16:00:00Z,2025-01-10T17:00:00Z,2025-01-10,23.96,9112.0,22475.0,0.5980670274183396,2025-01-10T00:00:00Z,direct_ridge_90d_v1,13286.142239924788,11104.649101178233,0.5695143822507235
2025-01-01_30d_d168_h3,398,core,2025-01-10T17:00:00Z,2025-01-10T18:00:00Z,2025-01-10,22.61,9986.0,21882.0,0.5985422513351524,2025-01-10T00:00:00Z,direct_ridge_90d_v1,13259.087242142383,11090.694321376404,0.5593854359426418
2025-01-01_30d_d168_h3,399,core,2025-01-10T18:00:00Z,2025-01-10T19:00:00Z,2025-01-10,21.01,9872.0,22381.0,0.5759798079081709,2025-01-10T00:00:00Z,direct_ridge_90d_v1,13138.946662828035,10930.555298650193,0.5615363418613077
2025-01-01_30d_d168_h3,400,core,2025-01-10T19:00:00Z,2025-01-10T20:00:00Z,2025-01-10,20.46,9202.0,22785.0,0.5769401332585599,2025-01-10T00:00:00Z,direct_ridge_90d_v1,13325.464069134034,10702.731664158386,0.5646656206708257
2025-01-01_30d_d168_h3,401,core,2025-01-10T20:00:00Z,2025-01-10T21:00:00Z,2025-01-10,19.98,9401.0,22191.0,0.5764201821661713,2025-01-10T00:00:00Z,direct_ridge_90d_v1,13374.792679993618,10381.457672223298,0.5729046687827719
2025-01-01_30d_d168_h3,402,core,2025-01-10T21:00:00Z,2025-01-10T22:00:00Z,2025-01-10,19.53,10549.0,19397.0,0.6128492030271693,2025-01-10T00:00:00Z,direct_ridge_90d_v1,12651.889469091158,9973.221342142593,0.596673338805637
2025-01-01_30d_d168_h3,403,core,2025-01-10T22:00:00Z,2025-01-10T23:00:00Z,2025-01-10,24.52,8833.0,16134.0,0.7154510901754539,2025-01-10T00:00:00Z,direct_ridge_90d_v1,7801.631736933893,9693.2100980847,0.7211848476168927
2025-01-01_30d_d168_h3,404,core,2025-01-10T23:00:00Z,2025-01-11T00:00:00Z,2025-01-10,48.95,1994.0,12289.0,0.8873315866618304,2025-01-10T00:00:00Z,direct_ridge_90d_v1,1400.7405736707578,9502.21769131564,0.8502925453055755
2025-01-01_30d_d168_h3,405,core,2025-01-11T00:00:00Z,2025-01-11T01:00:00Z,2025-01-10,56.31,2.0,10792.0,0.9363308922828194,2025-01-10T00:00:00Z,direct_ridge_90d_v1,100.59414698466969,11024.008060979551,0.857180865989454
2025-01-01_30d_d168_h3,406,core,2025-01-11T01:00:00Z,2025-01-11T02:00:00Z,2025-01-10,54.41,1.0,11285.0,0.9405367598942092,2025-01-10T00:00:00Z,direct_ridge_90d_v1,0.7339645411390565,12792.293263465563,0.8428914249108067
2025-01-01_30d_d168_h3,407,core,2025-01-11T02:00:00Z,2025-01-11T03:00:00Z,2025-01-10,44.76,1.0,11418.0,0.9360065172275257,2025-01-10T00:00:00Z,direct_ridge_90d_v1,0.0,13951.807644283006,0.8135368070540572
2025-01-01_30d_d168_h3,408,core,2025-01-11T03:00:00Z,2025-01-11T04:00:00Z,2025-01-10,41.93,1.0,11522.0,0.9373922282681691,2025-01-10T00:00:00Z,direct_ridge_90d_v1,0.0,14765.808601398921,0.7887968581435445
2025-01-01_30d_d168_h3,409,core,2025-01-11T04:00:00Z,2025-01-11T05:00:00Z,2025-01-10,32.28,1.0,12008.0,0.931534899197829,2025-01-10T00:00:00Z,direct_ridge_90d_v1,0.0,15156.82235404754,0.7744143287093692
2025-01-01_30d_d168_h3,410,core,2025-01-11T05:00:00Z,2025-01-11T06:00:00Z,2025-01-10,25.37,1.0,13840.0,0.9122893560531664,2025-01-10T00:00:00Z,direct_ridge_90d_v1,0.0,15352.403560776507,0.7548949137620568
2025-01-01_30d_d168_h3,411,core,2025-01-11T06:00:00Z,2025-01-11T07:00:00Z,2025-01-11,26.02,1.0,16364.0,0.873586580126375,2025-01-11T00:00:00Z,direct_ridge_90d_v1,0.0,14897.424458710218,0.7843678880338436
2025-01-01_30d_d168_h3,412,core,2025-01-11T07:00:00Z,2025-01-11T08:00:00Z,2025-01-11,25.73,1.0,18821.0,0.835045494850577,2025-01-11T00:00:00Z,direct_ridge_90d_v1,0.0,14529.536866953473,0.794895747292144
2025-01-01_30d_d168_h3,413,core,2025-01-11T08:00:00Z,2025-01-11T09:00:00Z,2025-01-11,25.22,1.0,19968.0,0.8161271137143266,2025-01-11T00:00:00Z,direct_ridge_90d_v1,0.0,14462.42260777162,0.7888891015408817
2025-01-01_30d_d168_h3,414,core,2025-01-11T09:00:00Z,2025-01-11T10:00:00Z,2025-01-11,25.13,1.0,20780.0,0.8007847043755809,2025-01-11T00:00:00Z,direct_ridge_90d_v1,0.0,14285.216276511275,0.7864547543985752
2025-01-01_30d_d168_h3,415,core,2025-01-11T10:00:00Z,2025-01-11T11:00:00Z,2025-01-11,25.62,1.0,21587.0,0.7891219746324611,2025-01-11T00:00:00Z,direct_ridge_90d_v1,0.0,14118.58456656678,0.7812926330543107
2025-01-01_30d_d168_h3,416,core,2025-01-11T11:00:00Z,2025-01-11T12:00:00Z,2025-01-11,30.81,1.0,22287.0,0.7800669981087338,2025-01-11T00:00:00Z,direct_ridge_90d_v1,0.0,14015.905155578097,0.7861404344664131
2025-01-01_30d_d168_h3,417,core,2025-01-11T12:00:00Z,2025-01-11T13:00:00Z,2025-01-11,33.53,1.0,22232.0,0.779078433318868,2025-01-11T00:00:00Z,direct_ridge_90d_v1,1.179073217705865,14050.96596017992,0.7901146160244484
2025-01-01_30d_d168_h3,418,core,2025-01-11T13:00:00Z,2025-01-11T14:00:00Z,2025-01-11,32.95,471.0,21855.0,0.779335075258246,2025-01-11T00:00:00Z,direct_ridge_90d_v1,341.554207959696,13960.199695538846,0.774239259756157
2025-01-01_30d_d168_h3,419,core,2025-01-11T14:00:00Z,2025-01-11T15:00:00Z,2025-01-11,27.53,8844.0,20957.0,0.665453704913017,2025-01-11T00:00:00Z,direct_ridge_90d_v1,5056.446101061436,13142.984059357876,0.7044548084733557
2025-01-01_30d_d168_h3,420,core,2025-01-11T15:00:00Z,2025-01-11T16:00:00Z,2025-01-11,27.31,18798.0,17685.0,0.5343895034724445,2025-01-11T00:00:00Z,direct_ridge_90d_v1,10762.546373694362,11673.055843161312,0.6127792282455012
2025-01-01_30d_d168_h3,421,core,2025-01-11T16:00:00Z,2025-01-11T17:00:00Z,2025-01-11,23.04,19729.0,16532.0,0.495514573653756,2025-01-11T00:00:00Z,direct_ridge_90d_v1,12412.612217857977,11440.49448516839,0.5932443600434345
2025-01-01_30d_d168_h3,422,core,2025-01-11T17:00:00Z,2025-01-11T18:00:00Z,2025-01-11,14.49,18684.0,17199.0,0.4543772754959786,2025-01-11T00:00:00Z,direct_ridge_90d_v1,12770.971307705768,11534.772069473085,0.5826366425802298
2025-01-01_30d_d168_h3,423,core,2025-01-11T18:00:00Z,2025-01-11T19:00:00Z,2025-01-11,5.7,17593.0,18037.0,0.4159041701223195,2025-01-11T00:00:00Z,direct_ridge_90d_v1,12805.31945830569,11473.952914179265,0.5762607878088464
2025-01-01_30d_d168_h3,424,core,2025-01-11T19:00:00Z,2025-01-11T20:00:00Z,2025-01-11,2.99,15942.0,19254.0,0.39880244757791217,2025-01-11T00:00:00Z,direct_ridge_90d_v1,12747.338810641275,11332.757624775684,0.5747288590451654
2025-01-01_30d_d168_h3,425,core,2025-01-11T20:00:00Z,2025-01-11T21:00:00Z,2025-01-11,1.62,14870.0,19319.0,0.39993302934394065,2025-01-11T00:00:00Z,direct_ridge_90d_v1,12662.215040894178,11052.896643167527,0.5859443423039428
2025-01-01_30d_d168_h3,426,core,2025-01-11T21:00:00Z,2025-01-11T22:00:00Z,2025-01-11,1.66,13851.0,18791.0,0.3965001506821671,2025-01-11T00:00:00Z,direct_ridge_90d_v1,11848.711475344635,10659.216752049651,0.6091714059512549
2025-01-01_30d_d168_h3,427,core,2025-01-11T22:00:00Z,2025-01-11T23:00:00Z,2025-01-11,7.2,10514.0,20161.0,0.41559714286820704,2025-01-11T00:00:00Z,direct_ridge_90d_v1,6988.551555901457,10276.852572825726,0.7140808353641988
2025-01-01_30d_d168_h3,428,core,2025-01-11T23:00:00Z,2025-01-12T00:00:00Z,2025-01-11,25.67,2484.0,21697.0,0.5959490288241951,2025-01-11T00:00:00Z,direct_ridge_90d_v1,663.0848110351667,10096.691990239477,0.8610039421367531
2025-01-01_30d_d168_h3,429,core,2025-01-12T00:00:00Z,2025-01-12T01:00:00Z,2025-01-11,28.49,3.0,22702.0,0.7230164938509415,2025-01-11T00:00:00Z,direct_ridge_90d_v1,0.0,11881.805917235526,0.877233181796321
2025-01-01_30d_d168_h3,430,core,2025-01-12T01:00:00Z,2025-01-12T02:00:00Z,2025-01-11,25.13,1.0,24511.0,0.7294150471073234,2025-01-11T00:00:00Z,direct_ridge_90d_v1,4.0151045633921,13476.608998278105,0.8691797178930036
2025-01-01_30d_d168_h3,431,core,2025-01-12T02:00:00Z,2025-01-12T03:00:00Z,2025-01-11,25.27,1.0,25011.0,0.7238561634965545,2025-01-11T00:00:00Z,direct_ridge_90d_v1,0.0,14532.508027439528,0.8480085886205067
2025-01-01_30d_d168_h3,432,core,2025-01-12T03:00:00Z,2025-01-12T04:00:00Z,2025-01-11,24.08,1.0,25304.0,0.7180659675741802,2025-01-11T00:00:00Z,direct_ridge_90d_v1,0.0,15253.184479500405,0.8289554277095916
2025-01-01_30d_d168_h3,433,core,2025-01-12T04:00:00Z,2025-01-12T05:00:00Z,2025-01-11,22.95,1.0,24507.0,0.735032178376567,2025-01-11T00:00:00Z,direct_ridge_90d_v1,0.0,15407.48945466383,0.8214413288277133
2025-01-01_30d_d168_h3,434,core,2025-01-12T05:00:00Z,2025-01-12T06:00:00Z,2025-01-11,24.87,1.0,23606.0,0.7421338258247363,2025-01-11T00:00:00Z,direct_ridge_90d_v1,0.0,15305.278714302578,0.8176659412955806
2025-01-01_30d_d168_h3,435,core,2025-01-12T06:00:00Z,2025-01-12T07:00:00Z,2025-01-12,25.3,1.0,21569.0,0.7709689745492823,2025-01-12T00:00:00Z,direct_ridge_90d_v1,0.0,13855.175536245384,0.7968523384718991
2025-01-01_30d_d168_h3,436,core,2025-01-12T07:00:00Z,2025-01-12T08:00:00Z,2025-01-12,26.44,1.0,20848.0,0.7897322940157346,2025-01-12T00:00:00Z,direct_ridge_90d_v1,0.0,13616.634998579175,0.8101763999465026
2025-01-01_30d_d168_h3,437,core,2025-01-12T08:00:00Z,2025-01-12T09:00:00Z,2025-01-12,25.32,1.0,21283.0,0.7773013727662358,2025-01-12T00:00:00Z,direct_ridge_90d_v1,0.0,13481.636983603237,0.8112768803058901
2025-01-01_30d_d168_h3,438,core,2025-01-12T09:00:00Z,2025-01-12T10:00:00Z,2025-01-12,25.81,1.0,19172.0,0.8132659816977653,2025-01-12T00:00:00Z,direct_ridge_90d_v1,0.0,13264.265921909322,0.8107945124947163
2025-01-01_30d_d168_h3,439,core,2025-01-12T10:00:00Z,2025-01-12T11:00:00Z,2025-01-12,25.54,1.0,19120.0,0.8261652604176282,2025-01-12T00:00:00Z,direct_ridge_90d_v1,0.0,13160.360892420545,0.8059587339080828
2025-01-01_30d_d168_h3,440,core,2025-01-12T11:00:00Z,2025-01-12T12:00:00Z,2025-01-12,26.45,1.0,19094.0,0.8281247672758238,2025-01-12T00:00:00Z,direct_ridge_90d_v1,0.0,13190.19706301429,0.8048841548985025
2025-01-01_30d_d168_h3,441,core,2025-01-12T12:00:00Z,2025-01-12T13:00:00Z,2025-01-12,32.51,1.0,19409.0,0.821006429756924,2025-01-12T00:00:00Z,direct_ridge_90d_v1,1.5589169462753043,13290.944915339118,0.8070307156866814
2025-01-01_30d_d168_h3,442,core,2025-01-12T13:00:00Z,2025-01-12T14:00:00Z,2025-01-12,31.5,256.0,19725.0,0.8074806373974956,2025-01-12T00:00:00Z,direct_ridge_90d_v1,411.71870855260636,13253.020707799762,0.7953745363467886
2025-01-01_30d_d168_h3,443,core,2025-01-12T14:00:00Z,2025-01-12T15:00:00Z,2025-01-12,27.29,6624.0,17952.0,0.7302460659690655,2025-01-12T00:00:00Z,direct_ridge_90d_v1,4944.815284951368,12594.355944122834,0.7385868860292684
2025-01-01_30d_d168_h3,444,core,2025-01-12T15:00:00Z,2025-01-12T16:00:00Z,2025-01-12,20.92,15246.0,13899.0,0.6276400582741578,2025-01-12T00:00:00Z,direct_ridge_90d_v1,10355.501865408789,11343.540922633334,0.6275190685220206
2025-01-01_30d_d168_h3,445,core,2025-01-12T16:00:00Z,2025-01-12T17:00:00Z,2025-01-12,17.34,16452.0,15288.0,0.5340154208094117,2025-01-12T00:00:00Z,direct_ridge_90d_v1,12270.516054495916,10854.840961312557,0.5972910596476443
2025-01-01_30d_d168_h3,446,core,2025-01-12T17:00:00Z,2025-01-12T18:00:00Z,2025-01-12,16.17,16397.0,15480.0,0.5053270068454491,2025-01-12T00:00:00Z,direct_ridge_90d_v1,12814.269776814312,10843.40135754258,0.590521284562411
2025-01-01_30d_d168_h3,447,core,2025-01-12T18:00:00Z,2025-01-12T19:00:00Z,2025-01-12,18.19,16256.0,14273.0,0.49128933992867857,2025-01-12T00:00:00Z,direct_ridge_90d_v1,12965.628059264596,10699.695548475293,0.5915678188700347
2025-01-01_30d_d168_h3,448,core,2025-01-12T19:00:00Z,2025-01-12T20:00:00Z,2025-01-12,18.23,16702.0,12499.0,0.49596955813731797,2025-01-12T00:00:00Z,direct_ridge_90d_v1,12828.101938922067,10440.182034143132,0.5968685732513009
2025-01-01_30d_d168_h3,449,core,2025-01-12T20:00:00Z,2025-01-12T21:00:00Z,2025-01-12,15.56,17252.0,11217.0,0.4865028032819707,2025-01-12T00:00:00Z,direct_ridge_90d_v1,12602.422591185239,10108.26929230705,0.6118372314112256
2025-01-01_30d_d168_h3,450,core,2025-01-12T21:00:00Z,2025-01-12T22:00:00Z,2025-01-12,17.01,16253.0,10650.0,0.49089256506755385,2025-01-12T00:00:00Z,direct_ridge_90d_v1,11843.32267147287,9630.399458598593,0.6334715336090674
2025-01-01_30d_d168_h3,451,core,2025-01-12T22:00:00Z,2025-01-12T23:00:00Z,2025-01-12,24.51,11459.0,10131.0,0.6181535719914258,2025-01-12T00:00:00Z,direct_ridge_90d_v1,6736.493216527153,9316.277438275265,0.7264429538805746
2025-01-01_30d_d168_h3,452,core,2025-01-12T23:00:00Z,2025-01-13T00:00:00Z,2025-01-12,32.49,1992.0,8497.0,0.9175639144544848,2025-01-12T00:00:00Z,direct_ridge_90d_v1,228.24142143897598,9067.361465354625,0.8730875542954055
2025-01-01_30d_d168_h3,453,core,2025-01-13T00:00:00Z,2025-01-13T01:00:00Z,2025-01-12,37.19,3.0,9230.0,0.9727062140878304,2025-01-12T00:00:00Z,direct_ridge_90d_v1,0.0,10657.425537986117,0.8987906068547357
2025-01-01_30d_d168_h3,454,core,2025-01-13T01:00:00Z,2025-01-13T02:00:00Z,2025-01-12,37.93,1.0,12022.0,0.9399212291292461,2025-01-12T00:00:00Z,direct_ridge_90d_v1,7.7259882964737425,12472.423875938504,0.8994162816241613
2025-01-01_30d_d168_h3,455,core,2025-01-13T02:00:00Z,2025-01-13T03:00:00Z,2025-01-12,39.22,1.0,14596.0,0.8940746778690686,2025-01-12T00:00:00Z,direct_ridge_90d_v1,0.0,13773.344874118919,0.875757596834112
2025-01-01_30d_d168_h3,456,core,2025-01-13T03:00:00Z,2025-01-13T04:00:00Z,2025-01-12,36.38,1.0,15427.0,0.8787214817881055,2025-01-12T00:00:00Z,direct_ridge_90d_v1,0.0,14679.064105030951,0.8593377488982344
2025-01-01_30d_d168_h3,457,core,2025-01-13T04:00:00Z,2025-01-13T05:00:00Z,2025-01-12,30.98,1.0,15464.0,0.8680366063011332,2025-01-12T00:00:00Z,direct_ridge_90d_v1,0.0,15101.485659995022,0.8523524667859255
2025-01-01_30d_d168_h3,458,core,2025-01-13T05:00:00Z,2025-01-13T06:00:00Z,2025-01-12,31.01,1.0,15664.0,0.8406425541020678,2025-01-12T00:00:00Z,direct_ridge_90d_v1,0.0,15385.103028905083,0.8424445131392261
2025-01-01_30d_d168_h3,459,core,2025-01-13T06:00:00Z,2025-01-13T07:00:00Z,2025-01-13,24.22,1.0,16013.0,0.8407481672622256,2025-01-13T00:00:00Z,direct_ridge_90d_v1,0.0,17317.717202778513,0.7010953623558117
2025-01-01_30d_d168_h3,460,core,2025-01-13T07:00:00Z,2025-01-13T08:00:00Z,2025-01-13,24.16,1.0,15741.0,0.8474400897781855,2025-01-13T00:00:00Z,direct_ridge_90d_v1,0.0,17424.912544238465,0.6956980744899446
2025-01-01_30d_d168_h3,461,core,2025-01-13T08:00:00Z,2025-01-13T09:00:00Z,2025-01-13,25.2,1.0,15012.0,0.8508568846337499,2025-01-13T00:00:00Z,direct_ridge_90d_v1,0.0,17276.961638593253,0.6936206941294115
2025-01-01_30d_d168_h3,462,core,2025-01-13T09:00:00Z,2025-01-13T10:00:00Z,2025-01-13,26.05,1.0,13660.0,0.8779674696733994,2025-01-13T00:00:00Z,direct_ridge_90d_v1,0.0,16804.999143797977,0.7009057058627323
2025-01-01_30d_d168_h3,463,core,2025-01-13T10:00:00Z,2025-01-13T11:00:00Z,2025-01-13,29.48,1.0,11777.0,0.9238143046511594,2025-01-13T00:00:00Z,direct_ridge_90d_v1,0.0,16664.2351024879,0.7066248331921399
2025-01-01_30d_d168_h3,464,core,2025-01-13T11:00:00Z,2025-01-13T12:00:00Z,2025-01-13,41.18,1.0,9994.0,0.9651688724819152,2025-01-13T00:00:00Z,direct_ridge_90d_v1,0.0,16669.04364393017,0.724371117211917
2025-01-01_30d_d168_h3,465,core,2025-01-13T12:00:00Z,2025-01-13T13:00:00Z,2025-01-13,59.56,1.0,9100.0,0.9579971650532748,2025-01-13T00:00:00Z,direct_ridge_90d_v1,1.6002994801737218,16626.10047721107,0.736896744781647
2025-01-01_30d_d168_h3,466,core,2025-01-13T13:00:00Z,2025-01-13T14:00:00Z,2025-01-13,53.33,464.0,8303.0,0.957606388894479,2025-01-13T00:00:00Z,direct_ridge_90d_v1,379.8413445749801,16377.95179503955,0.7322697233403545
2025-01-01_30d_d168_h3,467,core,2025-01-13T14:00:00Z,2025-01-13T15:00:00Z,2025-01-13,35.22,7965.0,7387.0,0.8744045654303463,2025-01-13T00:00:00Z,direct_ridge_90d_v1,4971.728556697119,14953.067086793206,0.6653923075482374
2025-01-01_30d_d168_h3,468,core,2025-01-13T15:00:00Z,2025-01-13T16:00:00Z,2025-01-13,27.23,17936.0,6430.0,0.7181054573209672,2025-01-13T00:00:00Z,direct_ridge_90d_v1,10899.15164434288,12972.129237862115,0.5647302316900061
2025-01-01_30d_d168_h3,469,core,2025-01-13T16:00:00Z,2025-01-13T17:00:00Z,2025-01-13,23.84,19521.0,5595.0,0.6881557151606855,2025-01-13T00:00:00Z,direct_ridge_90d_v1,12471.484286248313,12465.337827823958,0.5443419790659693
2025-01-01_30d_d168_h3,470,core,2025-01-13T17:00:00Z,2025-01-13T18:00:00Z,2025-01-13,23.95,19243.0,5742.0,0.6791059289749107,2025-01-13T00:00:00Z,direct_ridge_90d_v1,12927.574036571126,12071.006908013438,0.535904083283468
2025-01-01_30d_d168_h3,471,core,2025-01-13T18:00:00Z,2025-01-13T19:00:00Z,2025-01-13,22.97,19162.0,5886.0,0.6452937254725725,2025-01-13T00:00:00Z,direct_ridge_90d_v1,12978.677460275665,11574.66504495607,0.5493397904815432
2025-01-01_30d_d168_h3,472,core,2025-01-13T19:00:00Z,2025-01-13T20:00:00Z,2025-01-13,21.4,19535.0,5624.0,0.6040622154438787,2025-01-13T00:00:00Z,direct_ridge_90d_v1,12977.504673560099,11151.82380185601,0.5612820853984654
2025-01-01_30d_d168_h3,473,core,2025-01-13T20:00:00Z,2025-01-13T21:00:00Z,2025-01-13,18.2,20186.0,5287.0,0.5826965951100207,2025-01-13T00:00:00Z,direct_ridge_90d_v1,13000.311092338958,10806.313444439375,0.5672041235614736
2025-01-01_30d_d168_h3,474,core,2025-01-13T21:00:00Z,2025-01-13T22:00:00Z,2025-01-13,17.03,19716.0,5168.0,0.601533202161505,2025-01-13T00:00:00Z,direct_ridge_90d_v1,12283.858695525532,10629.749891980382,0.5876651982904983
2025-01-01_30d_d168_h3,475,core,2025-01-13T22:00:00Z,2025-01-13T23:00:00Z,2025-01-13,25.33,13613.0,5079.0,0.7273041481030634,2025-01-13T00:00:00Z,direct_ridge_90d_v1,7626.139133249558,10658.478790125415,0.7078594529334968
2025-01-01_30d_d168_h3,476,core,2025-01-13T23:00:00Z,2025-01-14T00:00:00Z,2025-01-13,39.9,2522.0,4379.0,0.9754683371717523,2025-01-13T00:00:00Z,direct_ridge_90d_v1,1197.30142258464,10686.534429473026,0.8521063010362514
2025-01-01_30d_d168_h3,477,core,2025-01-14T00:00:00Z,2025-01-14T01:00:00Z,2025-01-13,38.22,4.0,4624.0,1.0117470302762206,2025-01-13T00:00:00Z,direct_ridge_90d_v1,22.941792165152492,11847.561731523267,0.8401076071306024
2025-01-01_30d_d168_h3,478,core,2025-01-14T01:00:00Z,2025-01-14T02:00:00Z,2025-01-13,41.68,1.0,6237.0,1.006195445642842,2025-01-13T00:00:00Z,direct_ridge_90d_v1,3.733255927735847,13408.679200953451,0.8331371423250229
2025-01-01_30d_d168_h3,479,core,2025-01-14T02:00:00Z,2025-01-14T03:00:00Z,2025-01-13,39.21,1.0,8210.0,1.005592461693887,2025-01-13T00:00:00Z,direct_ridge_90d_v1,0.0,14668.771650808007,0.8114202421537564
2025-01-01_30d_d168_h3,480,core,2025-01-14T03:00:00Z,2025-01-14T04:00:00Z,2025-01-13,31.55,1.0,10279.0,0.9775350426574068,2025-01-13T00:00:00Z,direct_ridge_90d_v1,0.0,15900.350765302906,0.7830537905528614
2025-01-01_30d_d168_h3,481,core,2025-01-14T04:00:00Z,2025-01-14T05:00:00Z,2025-01-13,27.67,1.0,12482.0,0.9333581292407747,2025-01-13T00:00:00Z,direct_ridge_90d_v1,0.0,16533.0901712735,0.7623581270868762
2025-01-01_30d_d168_h3,482,core,2025-01-14T05:00:00Z,2025-01-14T06:00:00Z,2025-01-13,27.13,1.0,14172.0,0.902911110494073,2025-01-13T00:00:00Z,direct_ridge_90d_v1,0.0,16716.667248338345,0.7409518353598157
2025-01-01_30d_d168_h3,483,core,2025-01-14T06:00:00Z,2025-01-14T07:00:00Z,2025-01-14,25.7,1.0,14405.0,0.8959451122640144,2025-01-14T00:00:00Z,direct_ridge_90d_v1,0.0,17213.728429855215,0.7090425242023866
2025-01-01_30d_d168_h3,484,core,2025-01-14T07:00:00Z,2025-01-14T08:00:00Z,2025-01-14,25.27,1.0,14891.0,0.8873045572576361,2025-01-14T00:00:00Z,direct_ridge_90d_v1,0.0,17104.484277727384,0.7024372362575011
2025-01-01_30d_d168_h3,485,core,2025-01-14T08:00:00Z,2025-01-14T09:00:00Z,2025-01-14,25.83,1.0,14433.0,0.890743437451174,2025-01-14T00:00:00Z,direct_ridge_90d_v1,0.0,16836.93856989236,0.6993570611714017
2025-01-01_30d_d168_h3,486,core,2025-01-14T09:00:00Z,2025-01-14T10:00:00Z,2025-01-14,26.77,1.0,13243.0,0.9115756390072651,2025-01-14T00:00:00Z,direct_ridge_90d_v1,0.0,16343.600804312977,0.7081788034729987
2025-01-01_30d_d168_h3,487,core,2025-01-14T10:00:00Z,2025-01-14T11:00:00Z,2025-01-14,28.38,1.0,13342.0,0.9088295041944654,2025-01-14T00:00:00Z,direct_ridge_90d_v1,0.0,16129.43847726427,0.722059355478243
2025-01-01_30d_d168_h3,488,core,2025-01-14T11:00:00Z,2025-01-14T12:00:00Z,2025-01-14,36.12,1.0,12615.0,0.9269817040130436,2025-01-14T00:00:00Z,direct_ridge_90d_v1,0.0,15979.616059166756,0.7450027039132091
2025-01-01_30d_d168_h3,489,core,2025-01-14T12:00:00Z,2025-01-14T13:00:00Z,2025-01-14,51.78,1.0,11812.0,0.926006505491639,2025-01-14T00:00:00Z,direct_ridge_90d_v1,0.8780431026611717,15816.146135064595,0.7616113320276436
2025-01-01_30d_d168_h3,490,core,2025-01-14T13:00:00Z,2025-01-14T14:00:00Z,2025-01-14,49.62,165.0,10367.0,0.9213964261386368,2025-01-14T00:00:00Z,direct_ridge_90d_v1,281.0473048935785,15483.714441113278,0.7663438518241606
2025-01-01_30d_d168_h3,491,core,2025-01-14T14:00:00Z,2025-01-14T15:00:00Z,2025-01-14,33.51,4123.0,9195.0,0.9060778573069316,2025-01-14T00:00:00Z,direct_ridge_90d_v1,4909.304366721499,14106.028800382634,0.6982454812860609
2025-01-01_30d_d168_h3,492,core,2025-01-14T15:00:00Z,2025-01-14T16:00:00Z,2025-01-14,28.76,11321.0,6446.0,0.8481473377433384,2025-01-14T00:00:00Z,direct_ridge_90d_v1,10732.614410079581,12214.646207728523,0.582884835141928
2025-01-01_30d_d168_h3,493,core,2025-01-14T16:00:00Z,2025-01-14T17:00:00Z,2025-01-14,25.99,13888.0,4973.0,0.8204180294568504,2025-01-14T00:00:00Z,direct_ridge_90d_v1,12030.773179340089,11776.517670344356,0.5612158972135642
2025-01-01_30d_d168_h3,494,core,2025-01-14T17:00:00Z,2025-01-14T18:00:00Z,2025-01-14,23.89,14329.0,5356.0,0.7855087636309925,2025-01-14T00:00:00Z,direct_ridge_90d_v1,12319.429645761724,11490.377818055535,0.5498852891657703
2025-01-01_30d_d168_h3,495,core,2025-01-14T18:00:00Z,2025-01-14T19:00:00Z,2025-01-14,23.23,13810.0,4562.0,0.7942978562311204,2025-01-14T00:00:00Z,direct_ridge_90d_v1,12319.28190612861,11134.910427580357,0.5664670062910555
2025-01-01_30d_d168_h3,496,core,2025-01-14T19:00:00Z,2025-01-14T20:00:00Z,2025-01-14,22.05,13389.0,3498.0,0.8259080953719503,2025-01-14T00:00:00Z,direct_ridge_90d_v1,12373.432683024062,10834.683931927686,0.5787596781024552
2025-01-01_30d_d168_h3,497,core,2025-01-14T20:00:00Z,2025-01-14T21:00:00Z,2025-01-14,21.65,13080.0,3055.0,0.8434657615953789,2025-01-14T00:00:00Z,direct_ridge_90d_v1,12405.926225966823,10579.229833046327,0.5802894517355034
2025-01-01_30d_d168_h3,498,core,2025-01-14T21:00:00Z,2025-01-14T22:00:00Z,2025-01-14,22.81,12011.0,2784.0,0.8698963777639769,2025-01-14T00:00:00Z,direct_ridge_90d_v1,11635.036559807426,10402.571381339521,0.5981282562663268
2025-01-01_30d_d168_h3,499,core,2025-01-14T22:00:00Z,2025-01-14T23:00:00Z,2025-01-14,26.9,8596.0,2620.0,0.9332278926265072,2025-01-14T00:00:00Z,direct_ridge_90d_v1,7457.5693238010335,10284.050006894111,0.7245017865935341
2025-01-01_30d_d168_h3,500,core,2025-01-14T23:00:00Z,2025-01-15T00:00:00Z,2025-01-14,40.41,1921.0,2573.0,1.0208982116363465,2025-01-14T00:00:00Z,direct_ridge_90d_v1,1657.8974452579812,10348.129430727458,0.8523764269884344
2025-01-01_30d_d168_h3,501,core,2025-01-15T00:00:00Z,2025-01-15T01:00:00Z,2025-01-14,40.45,5.0,3582.0,1.0224260901954305,2025-01-14T00:00:00Z,direct_ridge_90d_v1,132.20233189264644,11261.455125664506,0.8771188172497525
2025-01-01_30d_d168_h3,502,core,2025-01-15T01:00:00Z,2025-01-15T02:00:00Z,2025-01-14,39.87,1.0,5558.0,1.019985655032821,2025-01-14T00:00:00Z,direct_ridge_90d_v1,2.4875507146569436,13113.025751659405,0.8566483007588397
2025-01-01_30d_d168_h3,503,core,2025-01-15T02:00:00Z,2025-01-15T03:00:00Z,2025-01-14,33.75,1.0,6762.0,1.021024693388551,2025-01-14T00:00:00Z,direct_ridge_90d_v1,0.0,14628.806862262963,0.8204231983995425
2025-01-01_30d_d168_h3,504,core,2025-01-15T03:00:00Z,2025-01-15T04:00:00Z,2025-01-14,29.65,1.0,7572.0,1.0115834110707682,2025-01-14T00:00:00Z,direct_ridge_90d_v1,0.0,15720.142802527866,0.783758114270073
2025-01-01_30d_d168_h3,505,core,2025-01-15T04:00:00Z,2025-01-15T05:00:00Z,2025-01-14,28.36,0.0,8516.0,0.9939673609196515,2025-01-14T00:00:00Z,direct_ridge_90d_v1,0.0,16226.757806963778,0.7585433768991086
2025-01-01_30d_d168_h3,506,core,2025-01-15T05:00:00Z,2025-01-15T06:00:00Z,2025-01-14,28.13,0.0,7891.0,1.0039630345468684,2025-01-14T00:00:00Z,direct_ridge_90d_v1,0.0,16312.586796675758,0.7268307096220967
2025-01-01_30d_d168_h3,507,core,2025-01-15T06:00:00Z,2025-01-15T07:00:00Z,2025-01-15,27.53,0.0,6472.0,1.0264077336599515,2025-01-15T00:00:00Z,direct_ridge_90d_v1,0.0,15222.69123970915,0.720541240911935
2025-01-01_30d_d168_h3,508,core,2025-01-15T07:00:00Z,2025-01-15T08:00:00Z,2025-01-15,27.02,0.0,5816.0,1.0407966456992492,2025-01-15T00:00:00Z,direct_ridge_90d_v1,0.0,14895.311425167676,0.7183101626267036
2025-01-01_30d_d168_h3,509,core,2025-01-15T08:00:00Z,2025-01-15T09:00:00Z,2025-01-15,26.78,0.0,5250.0,1.0514106067629272,2025-01-15T00:00:00Z,direct_ridge_90d_v1,0.0,14668.588854606955,0.7161894896102191
2025-01-01_30d_d168_h3,510,core,2025-01-15T09:00:00Z,2025-01-15T10:00:00Z,2025-01-15,25.74,0.0,5174.0,1.0508009397556393,2025-01-15T00:00:00Z,direct_ridge_90d_v1,0.0,14209.79059107543,0.7323059130644713
2025-01-01_30d_d168_h3,511,core,2025-01-15T10:00:00Z,2025-01-15T11:00:00Z,2025-01-15,26.53,0.0,5107.0,1.0468629516817567,2025-01-15T00:00:00Z,direct_ridge_90d_v1,0.0,13949.766579673618,0.7482372587234077
2025-01-01_30d_d168_h3,512,core,2025-01-15T11:00:00Z,2025-01-15T12:00:00Z,2025-01-15,31.44,0.0,5386.0,1.0270448843216076,2025-01-15T00:00:00Z,direct_ridge_90d_v1,0.0,13667.98937948419,0.7651950775138436
2025-01-01_30d_d168_h3,513,core,2025-01-15T12:00:00Z,2025-01-15T13:00:00Z,2025-01-15,45.17,1.0,5902.0,0.9945689545875797,2025-01-15T00:00:00Z,direct_ridge_90d_v1,0.8903450624105322,13488.672933599415,0.776578238649708
2025-01-01_30d_d168_h3,514,core,2025-01-15T13:00:00Z,2025-01-15T14:00:00Z,2025-01-15,43.92,110.0,5247.0,0.9875546215937211,2025-01-15T00:00:00Z,direct_ridge_90d_v1,281.9874462004039,13251.287848799111,0.7769804087907406
2025-01-01_30d_d168_h3,515,core,2025-01-15T14:00:00Z,2025-01-15T15:00:00Z,2025-01-15,35.48,3864.0,5271.0,0.9459369531374004,2025-01-15T00:00:00Z,direct_ridge_90d_v1,5393.770201054538,12077.54561671506,0.7276139618321145
2025-01-01_30d_d168_h3,516,core,2025-01-15T15:00:00Z,2025-01-15T16:00:00Z,2025-01-15,30.62,11830.0,5046.0,0.8358088231783771,2025-01-15T00:00:00Z,direct_ridge_90d_v1,11516.458991191765,10454.579390713658,0.6047480374611945
2025-01-01_30d_d168_h3,517,core,2025-01-15T16:00:00Z,2025-01-15T17:00:00Z,2025-01-15,27.35,13974.0,4395.0,0.8106965882736413,2025-01-15T00:00:00Z,direct_ridge_90d_v1,12829.459008001304,10252.039648618733,0.5722940824757196
2025-01-01_30d_d168_h3,518,core,2025-01-15T17:00:00Z,2025-01-15T18:00:00Z,2025-01-15,25.6,14448.0,3927.0,0.8103948519616537,2025-01-15T00:00:00Z,direct_ridge_90d_v1,12825.160952295015,10212.280107716988,0.5560069911848551
2025-01-01_30d_d168_h3,519,core,2025-01-15T18:00:00Z,2025-01-15T19:00:00Z,2025-01-15,24.4,14579.0,3673.0,0.7975862982135513,2025-01-15T00:00:00Z,direct_ridge_90d_v1,12710.389936819096,10097.692462898927,0.5665640553144435
2025-01-01_30d_d168_h3,520,core,2025-01-15T19:00:00Z,2025-01-15T20:00:00Z,2025-01-15,23.22,14741.0,4014.0,0.7766359712655976,2025-01-15T00:00:00Z,direct_ridge_90d_v1,12797.337031132458,10052.915962657295,0.5753857268838953
2025-01-01_30d_d168_h3,521,core,2025-01-15T20:00:00Z,2025-01-15T21:00:00Z,2025-01-15,22.49,14768.0,4560.0,0.7318931056737481,2025-01-15T00:00:00Z,direct_ridge_90d_v1,12881.205667265336,9882.61388331285,0.5832746705987913
2025-01-01_30d_d168_h3,522,core,2025-01-15T21:00:00Z,2025-01-15T22:00:00Z,2025-01-15,22.69,13769.0,4389.0,0.7436427845095509,2025-01-15T00:00:00Z,direct_ridge_90d_v1,12340.724626269503,9734.824070210661,0.6073487270682633
2025-01-01_30d_d168_h3,523,core,2025-01-15T22:00:00Z,2025-01-15T23:00:00Z,2025-01-15,26.27,9444.0,3938.0,0.8666870480396704,2025-01-15T00:00:00Z,direct_ridge_90d_v1,8084.8420620812,9556.221070332691,0.7317884089421043
2025-01-01_30d_d168_h3,524,core,2025-01-15T23:00:00Z,2025-01-16T00:00:00Z,2025-01-15,37.18,1824.0,3853.0,1.0058767845260181,2025-01-15T00:00:00Z,direct_ridge_90d_v1,1569.3980598505552,9716.05944284839,0.8735432025757228
2025-01-01_30d_d168_h3,525,core,2025-01-16T00:00:00Z,2025-01-16T01:00:00Z,2025-01-15,39.17,2.0,4244.0,1.0255834155100136,2025-01-15T00:00:00Z,direct_ridge_90d_v1,109.78015105186995,10411.9820577514,0.8695764362527849
2025-01-01_30d_d168_h3,526,core,2025-01-16T01:00:00Z,2025-01-16T02:00:00Z,2025-01-15,40.28,0.0,4707.0,1.0310651929456247,2025-01-15T00:00:00Z,direct_ridge_90d_v1,0.18272342384445572,12290.386740835474,0.8491192944621083
2025-01-01_30d_d168_h3,527,core,2025-01-16T02:00:00Z,2025-01-16T03:00:00Z,2025-01-15,41.64,1.0,4714.0,1.0362299995944784,2025-01-15T00:00:00Z,direct_ridge_90d_v1,0.0,13699.514897780045,0.8182823401138222
2025-01-01_30d_d168_h3,528,core,2025-01-16T03:00:00Z,2025-01-16T04:00:00Z,2025-01-15,35.07,1.0,4787.0,1.0430540628349356,2025-01-15T00:00:00Z,direct_ridge_90d_v1,0.0,14578.822184242912,0.785468477090521
2025-01-01_30d_d168_h3,529,core,2025-01-16T04:00:00Z,2025-01-16T05:00:00Z,2025-01-15,30.52,1.0,4401.0,1.05652210366725,2025-01-15T00:00:00Z,direct_ridge_90d_v1,0.0,14919.08640821789,0.7601291887995094
2025-01-01_30d_d168_h3,530,core,2025-01-16T05:00:00Z,2025-01-16T06:00:00Z,2025-01-15,29.5,1.0,4380.0,1.06321103028637,2025-01-15T00:00:00Z,direct_ridge_90d_v1,0.0,14959.456758286122,0.7264915524784274
2025-01-01_30d_d168_h3,531,core,2025-01-16T06:00:00Z,2025-01-16T07:00:00Z,2025-01-16,32.24,1.0,4520.0,1.0699713780859217,2025-01-16T00:00:00Z,direct_ridge_90d_v1,0.0,15149.009623486216,0.7212145553674274
2025-01-01_30d_d168_h3,532,core,2025-01-16T07:00:00Z,2025-01-16T08:00:00Z,2025-01-16,30.82,1.0,4673.0,1.0679932449421676,2025-01-16T00:00:00Z,direct_ridge_90d_v1,0.0,14789.328331182984,0.7238196503292326
2025-01-01_30d_d168_h3,533,core,2025-01-16T08:00:00Z,2025-01-16T09:00:00Z,2025-01-16,30.34,1.0,5498.0,1.053545343246841,2025-01-16T00:00:00Z,direct_ridge_90d_v1,0.0,14488.779029535854,0.7285683224521624
2025-01-01_30d_d168_h3,534,core,2025-01-16T09:00:00Z,2025-01-16T10:00:00Z,2025-01-16,31.55,1.0,5841.0,1.043168576955033,2025-01-16T00:00:00Z,direct_ridge_90d_v1,0.0,14026.292404143858,0.7442792194650927
2025-01-01_30d_d168_h3,535,core,2025-01-16T10:00:00Z,2025-01-16T11:00:00Z,2025-01-16,30.94,1.0,5539.0,1.0438148487733607,2025-01-16T00:00:00Z,direct_ridge_90d_v1,0.0,13877.808395698776,0.7586267127403911
2025-01-01_30d_d168_h3,536,core,2025-01-16T11:00:00Z,2025-01-16T12:00:00Z,2025-01-16,31.81,1.0,5297.0,1.0366530501986446,2025-01-16T00:00:00Z,direct_ridge_90d_v1,0.0,13846.660827854621,0.7703552126512409
2025-01-01_30d_d168_h3,537,core,2025-01-16T12:00:00Z,2025-01-16T13:00:00Z,2025-01-16,50.01,1.0,5616.0,1.0069807247078506,2025-01-16T00:00:00Z,direct_ridge_90d_v1,0.6227679760097142,13977.575528459429,0.7779995981654563
2025-01-01_30d_d168_h3,538,core,2025-01-16T13:00:00Z,2025-01-16T14:00:00Z,2025-01-16,54.44,463.0,6011.0,0.9726541591908316,2025-01-16T00:00:00Z,direct_ridge_90d_v1,245.06234775892528,13958.51853081545,0.7761968482133305
2025-01-01_30d_d168_h3,539,core,2025-01-16T14:00:00Z,2025-01-16T15:00:00Z,2025-01-16,32.9,7079.0,5620.0,0.8979677853683614,2025-01-16T00:00:00Z,direct_ridge_90d_v1,5048.899711270008,13105.64824356134,0.7244240112265444
2025-01-01_30d_d168_h3,540,core,2025-01-16T15:00:00Z,2025-01-16T16:00:00Z,2025-01-16,38.75,16073.0,4031.0,0.7814712181900189,2025-01-16T00:00:00Z,direct_ridge_90d_v1,11198.92849041768,11741.477540706637,0.601272447674509
2025-01-01_30d_d168_h3,541,core,2025-01-16T16:00:00Z,2025-01-16T17:00:00Z,2025-01-16,29.44,17778.0,2433.0,0.7626466457182896,2025-01-16T00:00:00Z,direct_ridge_90d_v1,12565.195649932803,11405.69407197228,0.5689280411244377
2025-01-01_30d_d168_h3,542,core,2025-01-16T17:00:00Z,2025-01-16T18:00:00Z,2025-01-16,29.52,18198.0,2799.0,0.7314840562958507,2025-01-16T00:00:00Z,direct_ridge_90d_v1,12548.296113367353,11295.52190766409,0.5548574211034734
2025-01-01_30d_d168_h3,543,core,2025-01-16T18:00:00Z,2025-01-16T19:00:00Z,2025-01-16,26.59,17476.0,3626.0,0.7093098533239166,2025-01-16T00:00:00Z,direct_ridge_90d_v1,12392.60365737333,11113.07951919672,0.5587721787431569
2025-01-01_30d_d168_h3,544,core,2025-01-16T19:00:00Z,2025-01-16T20:00:00Z,2025-01-16,26.23,17120.0,4063.0,0.683509325043996,2025-01-16T00:00:00Z,direct_ridge_90d_v1,12499.606930682841,10889.339297926806,0.5626072649399196
2025-01-01_30d_d168_h3,545,core,2025-01-16T20:00:00Z,2025-01-16T21:00:00Z,2025-01-16,25.26,17339.0,4374.0,0.6396178850975426,2025-01-16T00:00:00Z,direct_ridge_90d_v1,12595.399024413964,10543.514558384702,0.5709143125370906
2025-01-01_30d_d168_h3,546,core,2025-01-16T21:00:00Z,2025-01-16T22:00:00Z,2025-01-16,26.17,16665.0,4482.0,0.6365643989982596,2025-01-16T00:00:00Z,direct_ridge_90d_v1,12007.029070017881,10118.251129409868,0.5948090832151155
2025-01-01_30d_d168_h3,547,core,2025-01-16T22:00:00Z,2025-01-16T23:00:00Z,2025-01-16,29.6,12922.0,4662.0,0.7250792481653567,2025-01-16T00:00:00Z,direct_ridge_90d_v1,7928.877575100208,9767.791512984528,0.7212506381980627
2025-01-01_30d_d168_h3,548,core,2025-01-16T23:00:00Z,2025-01-17T00:00:00Z,2025-01-16,43.71,2585.0,5471.0,0.9639321439095243,2025-01-16T00:00:00Z,direct_ridge_90d_v1,1706.5201026371217,9750.36864515052,0.8723211001240216
2025-01-01_30d_d168_h3,549,core,2025-01-17T00:00:00Z,2025-01-17T01:00:00Z,2025-01-16,50.68,2.0,8464.0,0.9740137108437449,2025-01-16T00:00:00Z,direct_ridge_90d_v1,126.71128662568694,11333.858073577132,0.8432888277298913
2025-01-01_30d_d168_h3,550,core,2025-01-17T01:00:00Z,2025-01-17T02:00:00Z,2025-01-16,41.91,0.0,13724.0,0.8995974584017955,2025-01-16T00:00:00Z,direct_ridge_90d_v1,0.0,12882.468590532495,0.8420077336121897
2025-01-01_30d_d168_h3,551,core,2025-01-17T02:00:00Z,2025-01-17T03:00:00Z,2025-01-16,33.83,0.0,16731.0,0.8523585823451251,2025-01-16T00:00:00Z,direct_ridge_90d_v1,0.0,14108.48483502634,0.8138229175527633
2025-01-01_30d_d168_h3,552,core,2025-01-17T03:00:00Z,2025-01-17T04:00:00Z,2025-01-16,30.72,1.0,20876.0,0.7448475953351942,2025-01-16T00:00:00Z,direct_ridge_90d_v1,0.0,14948.788851242627,0.7795527766892069
2025-01-01_30d_d168_h3,553,core,2025-01-17T04:00:00Z,2025-01-17T05:00:00Z,2025-01-16,25.54,1.0,22938.0,0.6957062787732282,2025-01-16T00:00:00Z,direct_ridge_90d_v1,0.0,15088.08804940549,0.7580915289994629
2025-01-01_30d_d168_h3,554,core,2025-01-17T05:00:00Z,2025-01-17T06:00:00Z,2025-01-16,20.48,1.0,23582.0,0.6602718911705969,2025-01-16T00:00:00Z,direct_ridge_90d_v1,0.0,15067.662781912572,0.7312084279891726
2025-01-01_30d_d168_h3,555,core,2025-01-17T06:00:00Z,2025-01-17T07:00:00Z,2025-01-17,17.68,1.0,23943.0,0.6292067250974951,2025-01-17T00:00:00Z,direct_ridge_90d_v1,0.0,15705.779204223933,0.7449216163006563
2025-01-01_30d_d168_h3,556,core,2025-01-17T07:00:00Z,2025-01-17T08:00:00Z,2025-01-17,16.71,1.0,23981.0,0.6250925628474279,2025-01-17T00:00:00Z,direct_ridge_90d_v1,0.0,15425.822873995388,0.7494993393302798
2025-01-01_30d_d168_h3,557,core,2025-01-17T08:00:00Z,2025-01-17T09:00:00Z,2025-01-17,15.84,1.0,23471.0,0.6434345735108936,2025-01-17T00:00:00Z,direct_ridge_90d_v1,0.0,15243.254292643662,0.7508038121810413
2025-01-01_30d_d168_h3,558,core,2025-01-17T09:00:00Z,2025-01-17T10:00:00Z,2025-01-17,17.58,1.0,23387.0,0.6483809355667424,2025-01-17T00:00:00Z,direct_ridge_90d_v1,0.0,14946.823830863306,0.7604945011637465
2025-01-01_30d_d168_h3,559,core,2025-01-17T10:00:00Z,2025-01-17T11:00:00Z,2025-01-17,20.22,1.0,22831.0,0.667526559106593,2025-01-17T00:00:00Z,direct_ridge_90d_v1,0.0,14799.52273789538,0.764669506760054
2025-01-01_30d_d168_h3,560,core,2025-01-17T11:00:00Z,2025-01-17T12:00:00Z,2025-01-17,26.06,1.0,22940.0,0.697739420126345,2025-01-17T00:00:00Z,direct_ridge_90d_v1,0.0,14818.011397574805,0.7698424449950526
2025-01-01_30d_d168_h3,561,core,2025-01-17T12:00:00Z,2025-01-17T13:00:00Z,2025-01-17,33.71,1.0,23215.0,0.7131148667550905,2025-01-17T00:00:00Z,direct_ridge_90d_v1,0.9591058150592456,14993.9138043325,0.7754102534510171
2025-01-01_30d_d168_h3,562,core,2025-01-17T13:00:00Z,2025-01-17T14:00:00Z,2025-01-17,34.87,194.0,23799.0,0.699903516620998,2025-01-17T00:00:00Z,direct_ridge_90d_v1,251.96758949246487,15031.168517871385,0.7697280420758021
2025-01-01_30d_d168_h3,563,core,2025-01-17T14:00:00Z,2025-01-17T15:00:00Z,2025-01-17,27.78,2681.0,23340.0,0.6712100173636917,2025-01-17T00:00:00Z,direct_ridge_90d_v1,4883.277120647804,14252.757900363187,0.7183466964506877
2025-01-01_30d_d168_h3,564,core,2025-01-17T15:00:00Z,2025-01-17T16:00:00Z,2025-01-17,24.95,6243.0,22670.0,0.5781788932341635,2025-01-17T00:00:00Z,direct_ridge_90d_v1,11078.720949108672,12864.901453566665,0.6103976896332827
2025-01-01_30d_d168_h3,565,core,2025-01-17T16:00:00Z,2025-01-17T17:00:00Z,2025-01-17,22.72,6776.0,22035.0,0.5898177087130083,2025-01-17T00:00:00Z,direct_ridge_90d_v1,12718.965559131531,12650.264628628283,0.5710072704299811
2025-01-01_30d_d168_h3,566,core,2025-01-17T17:00:00Z,2025-01-17T18:00:00Z,2025-01-17,21.88,7188.0,22516.0,0.555221107421226,2025-01-17T00:00:00Z,direct_ridge_90d_v1,13003.928164565574,12677.504689425092,0.5524217492310205
2025-01-01_30d_d168_h3,567,core,2025-01-17T18:00:00Z,2025-01-17T19:00:00Z,2025-01-17,9.56,8086.0,23215.0,0.48938146895560286,2025-01-17T00:00:00Z,direct_ridge_90d_v1,12988.271986513451,12628.728517131618,0.549190358459814
2025-01-01_30d_d168_h3,568,core,2025-01-17T19:00:00Z,2025-01-17T20:00:00Z,2025-01-17,7.03,8171.0,23496.0,0.4727637379789193,2025-01-17T00:00:00Z,direct_ridge_90d_v1,12942.526984983462,12531.456394431285,0.5498399668035958
2025-01-01_30d_d168_h3,569,core,2025-01-17T20:00:00Z,2025-01-17T21:00:00Z,2025-01-17,9.75,7005.0,23556.0,0.4786207808256166,2025-01-17T00:00:00Z,direct_ridge_90d_v1,12890.914660482831,12326.402887981043,0.5549677134470083
2025-01-01_30d_d168_h3,570,core,2025-01-17T21:00:00Z,2025-01-17T22:00:00Z,2025-01-17,19.62,5950.0,23804.0,0.47298834023209585,2025-01-17T00:00:00Z,direct_ridge_90d_v1,12161.193640498648,12041.36003329652,0.5651270013123862
2025-01-01_30d_d168_h3,571,core,2025-01-17T22:00:00Z,2025-01-17T23:00:00Z,2025-01-17,21.48,4364.0,23988.0,0.5008053764457249,2025-01-17T00:00:00Z,direct_ridge_90d_v1,7865.124771721412,11875.06863926953,0.6537360385502863
2025-01-01_30d_d168_h3,572,core,2025-01-17T23:00:00Z,2025-01-18T00:00:00Z,2025-01-17,23.36,992.0,24882.0,0.6059505445409135,2025-01-17T00:00:00Z,direct_ridge_90d_v1,1455.2960703918275,11905.947472232976,0.8411669642713959
2025-01-01_30d_d168_h3,573,core,2025-01-18T00:00:00Z,2025-01-18T01:00:00Z,2025-01-17,25.1,4.0,25897.0,0.6433963755819522,2025-01-17T00:00:00Z,direct_ridge_90d_v1,47.1129603059791,12804.271897991248,0.8574262868015617
2025-01-01_30d_d168_h3,574,core,2025-01-18T01:00:00Z,2025-01-18T02:00:00Z,2025-01-17,23.65,1.0,26611.0,0.6043083405514292,2025-01-17T00:00:00Z,direct_ridge_90d_v1,2.3394217424345007,14384.570440541547,0.8598088931278275
2025-01-01_30d_d168_h3,575,core,2025-01-18T02:00:00Z,2025-01-18T03:00:00Z,2025-01-17,22.6,1.0,26582.0,0.576950038119432,2025-01-17T00:00:00Z,direct_ridge_90d_v1,0.0,15585.08138873376,0.8348640692912283
2025-01-01_30d_d168_h3,576,core,2025-01-18T03:00:00Z,2025-01-18T04:00:00Z,2025-01-17,20.07,1.0,26081.0,0.5762487400578922,2025-01-17T00:00:00Z,direct_ridge_90d_v1,0.0,16277.834392616838,0.8071663580077361
2025-01-01_30d_d168_h3,577,core,2025-01-18T04:00:00Z,2025-01-18T05:00:00Z,2025-01-17,17.89,1.0,25252.0,0.569736163818344,2025-01-17T00:00:00Z,direct_ridge_90d_v1,0.0,16231.221568747205,0.792279465485604
2025-01-01_30d_d168_h3,578,core,2025-01-18T05:00:00Z,2025-01-18T06:00:00Z,2025-01-17,17.98,1.0,25955.0,0.5010291680140995,2025-01-17T00:00:00Z,direct_ridge_90d_v1,0.0,15972.060480237662,0.7755631445323229
2025-01-01_30d_d168_h3,579,core,2025-01-18T06:00:00Z,2025-01-18T07:00:00Z,2025-01-18,15.35,1.0,25744.0,0.46090129354953197,2025-01-18T00:00:00Z,direct_ridge_90d_v1,0.0,15009.878043267065,0.7516553519426118
2025-01-01_30d_d168_h3,580,core,2025-01-18T07:00:00Z,2025-01-18T08:00:00Z,2025-01-18,16.18,1.0,24378.0,0.4813876996247227,2025-01-18T00:00:00Z,direct_ridge_90d_v1,0.0,14773.202868778391,0.7569820139235585
2025-01-01_30d_d168_h3,581,core,2025-01-18T08:00:00Z,2025-01-18T09:00:00Z,2025-01-18,16.75,1.0,23195.0,0.5314738964995186,2025-01-18T00:00:00Z,direct_ridge_90d_v1,0.0,14637.389977145622,0.7590030132116873
2025-01-01_30d_d168_h3,582,core,2025-01-18T09:00:00Z,2025-01-18T10:00:00Z,2025-01-18,20.21,1.0,22528.0,0.570625614572915,2025-01-18T00:00:00Z,direct_ridge_90d_v1,0.0,14322.094983262496,0.7691614389639724
2025-01-01_30d_d168_h3,583,core,2025-01-18T10:00:00Z,2025-01-18T11:00:00Z,2025-01-18,24.39,1.0,21068.0,0.6343742413957908,2025-01-18T00:00:00Z,direct_ridge_90d_v1,0.0,14234.599781782741,0.7776786062215496
2025-01-01_30d_d168_h3,584,core,2025-01-18T11:00:00Z,2025-01-18T12:00:00Z,2025-01-18,28.17,1.0,20030.0,0.6973538042613447,2025-01-18T00:00:00Z,direct_ridge_90d_v1,0.0,14362.956066161247,0.7783764408102019
2025-01-01_30d_d168_h3,585,core,2025-01-18T12:00:00Z,2025-01-18T13:00:00Z,2025-01-18,31.19,1.0,18734.0,0.7418442748592625,2025-01-18T00:00:00Z,direct_ridge_90d_v1,1.4136743471452433,14649.659466359004,0.7796374292465458
2025-01-01_30d_d168_h3,586,core,2025-01-18T13:00:00Z,2025-01-18T14:00:00Z,2025-01-18,32.99,264.0,18035.0,0.7845255882607243,2025-01-18T00:00:00Z,direct_ridge_90d_v1,735.9248720903951,14740.088292746514,0.7769355050021445
2025-01-01_30d_d168_h3,587,core,2025-01-18T14:00:00Z,2025-01-18T15:00:00Z,2025-01-18,23.09,7799.0,17046.0,0.6534169899466805,2025-01-18T00:00:00Z,direct_ridge_90d_v1,7182.362933148162,14032.997813915421,0.7318172431021209
2025-01-01_30d_d168_h3,588,core,2025-01-18T15:00:00Z,2025-01-18T16:00:00Z,2025-01-18,6.25,14939.0,16253.0,0.46690300056639855,2025-01-18T00:00:00Z,direct_ridge_90d_v1,13256.004872626529,12664.563731974433,0.6099233148938521
2025-01-01_30d_d168_h3,589,core,2025-01-18T16:00:00Z,2025-01-18T17:00:00Z,2025-01-18,5.48,15085.0,15323.0,0.4372546755175683,2025-01-18T00:00:00Z,direct_ridge_90d_v1,14357.453929180017,12255.498843881911,0.5636253902464167
2025-01-01_30d_d168_h3,590,core,2025-01-18T17:00:00Z,2025-01-18T18:00:00Z,2025-01-18,5.35,14845.0,14047.0,0.44443899275257653,2025-01-18T00:00:00Z,direct_ridge_90d_v1,14541.958902828126,12189.749684983068,0.5471989814293386
2025-01-01_30d_d168_h3,591,core,2025-01-18T18:00:00Z,2025-01-18T19:00:00Z,2025-01-18,10.07,14118.0,13311.0,0.45640373012212804,2025-01-18T00:00:00Z,direct_ridge_90d_v1,14498.679566680128,12031.064027633725,0.5493352096160189
2025-01-01_30d_d168_h3,592,core,2025-01-18T19:00:00Z,2025-01-18T20:00:00Z,2025-01-18,6.88,13043.0,13353.0,0.46771835775160836,2025-01-18T00:00:00Z,direct_ridge_90d_v1,14444.88846163516,11716.87561649905,0.5470625902154302
2025-01-01_30d_d168_h3,593,core,2025-01-18T20:00:00Z,2025-01-18T21:00:00Z,2025-01-18,1.29,12593.0,12987.0,0.4804230158968741,2025-01-18T00:00:00Z,direct_ridge_90d_v1,14484.418523915712,11317.330044793789,0.5501267203096434
2025-01-01_30d_d168_h3,594,core,2025-01-18T21:00:00Z,2025-01-18T22:00:00Z,2025-01-18,1.03,11780.0,12852.0,0.5004257218192913,2025-01-18T00:00:00Z,direct_ridge_90d_v1,13425.045105836478,10838.02385479459,0.5671342568127302
2025-01-01_30d_d168_h3,595,core,2025-01-18T22:00:00Z,2025-01-18T23:00:00Z,2025-01-18,3.51,9449.0,13922.0,0.5259846311916735,2025-01-18T00:00:00Z,direct_ridge_90d_v1,7575.845467189381,10580.909870809774,0.6644238634972132
2025-01-01_30d_d168_h3,596,core,2025-01-18T23:00:00Z,2025-01-19T00:00:00Z,2025-01-18,20.64,2892.0,17518.0,0.6005715809847738,2025-01-18T00:00:00Z,direct_ridge_90d_v1,700.5916344425698,10423.9946672705,0.855253020119432
2025-01-01_30d_d168_h3,597,core,2025-01-19T00:00:00Z,2025-01-19T01:00:00Z,2025-01-18,18.98,8.0,22090.0,0.6155172949040794,2025-01-18T00:00:00Z,direct_ridge_90d_v1,0.0,12244.41258885476,0.8461691128855345
2025-01-01_30d_d168_h3,598,core,2025-01-19T01:00:00Z,2025-01-19T02:00:00Z,2025-01-18,15.15,1.0,26161.0,0.5244367335368608,2025-01-18T00:00:00Z,direct_ridge_90d_v1,10.594254386915088,13946.980708227624,0.8441053548469266
2025-01-01_30d_d168_h3,599,core,2025-01-19T02:00:00Z,2025-01-19T03:00:00Z,2025-01-18,7.96,1.0,27466.0,0.5107700378170117,2025-01-18T00:00:00Z,direct_ridge_90d_v1,0.0,15154.06568526831,0.8160751542956906
2025-01-01_30d_d168_h3,600,core,2025-01-19T03:00:00Z,2025-01-19T04:00:00Z,2025-01-18,5.94,1.0,27579.0,0.52458291470149,2025-01-18T00:00:00Z,direct_ridge_90d_v1,0.0,15956.714333559885,0.7882730058207725
2025-01-01_30d_d168_h3,601,core,2025-01-19T04:00:00Z,2025-01-19T05:00:00Z,2025-01-18,13.65,1.0,27307.0,0.5290876354753626,2025-01-18T00:00:00Z,direct_ridge_90d_v1,0.0,16116.894425750157,0.7732624138476434
2025-01-01_30d_d168_h3,602,core,2025-01-19T05:00:00Z,2025-01-19T06:00:00Z,2025-01-18,13.3,1.0,27090.0,0.5328447941698785,2025-01-18T00:00:00Z,direct_ridge_90d_v1,0.0,16323.986427480026,0.7479821416824612
2025-01-01_30d_d168_h3,603,core,2025-01-19T06:00:00Z,2025-01-19T07:00:00Z,2025-01-19,13.0,1.0,27153.0,0.5293194964919398,2025-01-19T00:00:00Z,direct_ridge_90d_v1,0.0,15095.454750154908,0.7732659539738962
2025-01-01_30d_d168_h3,604,core,2025-01-19T07:00:00Z,2025-01-19T08:00:00Z,2025-01-19,14.16,1.0,27203.0,0.5350921917755129,2025-01-19T00:00:00Z,direct_ridge_90d_v1,0.0,14913.706548888245,0.7768201546975049
2025-01-01_30d_d168_h3,605,core,2025-01-19T08:00:00Z,2025-01-19T09:00:00Z,2025-01-19,14.7,1.0,26775.0,0.5616834611605795,2025-01-19T00:00:00Z,direct_ridge_90d_v1,0.0,14948.746190569296,0.774937359545175
2025-01-01_30d_d168_h3,606,core,2025-01-19T09:00:00Z,2025-01-19T10:00:00Z,2025-01-19,17.76,1.0,25725.0,0.614388519871263,2025-01-19T00:00:00Z,direct_ridge_90d_v1,0.0,14948.282783091698,0.7781265487508545
2025-01-01_30d_d168_h3,607,core,2025-01-19T10:00:00Z,2025-01-19T11:00:00Z,2025-01-19,26.37,1.0,23858.0,0.6987873363152359,2025-01-19T00:00:00Z,direct_ridge_90d_v1,0.0,14932.58559375988,0.7874609164824449
2025-01-01_30d_d168_h3,608,core,2025-01-19T11:00:00Z,2025-01-19T12:00:00Z,2025-01-19,33.95,1.0,22089.0,0.7636723400404722,2025-01-19T00:00:00Z,direct_ridge_90d_v1,0.0,14994.88975720147,0.7914038934337927
2025-01-01_30d_d168_h3,609,core,2025-01-19T12:00:00Z,2025-01-19T13:00:00Z,2025-01-19,41.52,1.0,20441.0,0.7984795359045378,2025-01-19T00:00:00Z,direct_ridge_90d_v1,0.5729860934360849,15154.0116130646,0.7910541098814716
2025-01-01_30d_d168_h3,610,core,2025-01-19T13:00:00Z,2025-01-19T14:00:00Z,2025-01-19,45.97,517.0,17602.0,0.8239083029228604,2025-01-19T00:00:00Z,direct_ridge_90d_v1,199.29464886578967,15138.502546512113,0.7884473054946104
2025-01-01_30d_d168_h3,611,core,2025-01-19T14:00:00Z,2025-01-19T15:00:00Z,2025-01-19,29.39,9065.0,14172.0,0.7756811269551737,2025-01-19T00:00:00Z,direct_ridge_90d_v1,4581.833487137421,14303.812150889064,0.7261841479672945
2025-01-01_30d_d168_h3,612,core,2025-01-19T15:00:00Z,2025-01-19T16:00:00Z,2025-01-19,27.06,18741.0,13814.0,0.6122196487604686,2025-01-19T00:00:00Z,direct_ridge_90d_v1,10777.91256291376,12621.737668986894,0.5954314062505904
2025-01-01_30d_d168_h3,613,core,2025-01-19T16:00:00Z,2025-01-19T17:00:00Z,2025-01-19,23.33,20677.0,11832.0,0.5790672144771384,2025-01-19T00:00:00Z,direct_ridge_90d_v1,12430.895080949873,12303.844601057363,0.5579850629367498
2025-01-01_30d_d168_h3,614,core,2025-01-19T17:00:00Z,2025-01-19T18:00:00Z,2025-01-19,27.04,20770.0,9170.0,0.5968295842867476,2025-01-19T00:00:00Z,direct_ridge_90d_v1,12727.910494267198,12237.39972156599,0.5425361661343099
2025-01-01_30d_d168_h3,615,core,2025-01-19T18:00:00Z,2025-01-19T19:00:00Z,2025-01-19,26.77,20702.0,7101.0,0.6183198834276562,2025-01-19T00:00:00Z,direct_ridge_90d_v1,12674.591040771636,12009.093718254268,0.5510507770278411
2025-01-01_30d_d168_h3,616,core,2025-01-19T19:00:00Z,2025-01-19T20:00:00Z,2025-01-19,22.24,21171.0,5840.0,0.6068973052436124,2025-01-19T00:00:00Z,direct_ridge_90d_v1,12577.938262963065,11618.31451892366,0.557962389266109
2025-01-01_30d_d168_h3,617,core,2025-01-19T20:00:00Z,2025-01-19T21:00:00Z,2025-01-19,16.9,20975.0,5529.0,0.5937648650721846,2025-01-19T00:00:00Z,direct_ridge_90d_v1,12542.854918276593,11164.712350080472,0.5621892115174159
2025-01-01_30d_d168_h3,618,core,2025-01-19T21:00:00Z,2025-01-19T22:00:00Z,2025-01-19,23.78,20811.0,5146.0,0.5674053589831997,2025-01-19T00:00:00Z,direct_ridge_90d_v1,11880.308407919789,10715.733368818168,0.5823765144983177
2025-01-01_30d_d168_h3,619,core,2025-01-19T22:00:00Z,2025-01-19T23:00:00Z,2025-01-19,33.49,16667.0,5291.0,0.6709448629751458,2025-01-19T00:00:00Z,direct_ridge_90d_v1,8446.180314804253,10623.117345996205,0.6846980550767013
2025-01-01_30d_d168_h3,620,core,2025-01-19T23:00:00Z,2025-01-20T00:00:00Z,2025-01-19,92.61,3685.0,5240.0,0.9461250443899172,2025-01-19T00:00:00Z,direct_ridge_90d_v1,1941.751657560176,10682.399229062847,0.8486410310964734
2025-01-01_30d_d168_h3,621,core,2025-01-20T00:00:00Z,2025-01-20T01:00:00Z,2025-01-19,111.81,13.0,5917.0,0.9832863000754049,2025-01-19T00:00:00Z,direct_ridge_90d_v1,71.12204837233142,12354.608033672124,0.8519643562168533
2025-01-01_30d_d168_h3,622,core,2025-01-20T01:00:00Z,2025-01-20T02:00:00Z,2025-01-19,100.71,0.0,8375.0,0.9672794953828305,2025-01-19T00:00:00Z,direct_ridge_90d_v1,0.0,14111.829790259839,0.8441229152828799
2025-01-01_30d_d168_h3,623,core,2025-01-20T02:00:00Z,2025-01-20T03:00:00Z,2025-01-19,88.0,0.0,11240.0,0.9464173867348254,2025-01-19T00:00:00Z,direct_ridge_90d_v1,0.0,15379.157782958697,0.8145057049156601
2025-01-01_30d_d168_h3,624,core,2025-01-20T03:00:00Z,2025-01-20T04:00:00Z,2025-01-19,64.85,0.0,12887.0,0.9250355874690765,2025-01-19T00:00:00Z,direct_ridge_90d_v1,0.0,16287.314685794821,0.7849407340789846
2025-01-01_30d_d168_h3,625,core,2025-01-20T04:00:00Z,2025-01-20T05:00:00Z,2025-01-19,43.43,0.0,13829.0,0.9158034151285009,2025-01-19T00:00:00Z,direct_ridge_90d_v1,0.0,16589.840339772127,0.7696710416482134
2025-01-01_30d_d168_h3,626,core,2025-01-20T05:00:00Z,2025-01-20T06:00:00Z,2025-01-19,36.64,0.0,14805.0,0.9058387342689042,2025-01-19T00:00:00Z,direct_ridge_90d_v1,0.0,16878.027632566154,0.7426673507306649
2025-01-01_30d_d168_h3,627,core,2025-01-20T06:00:00Z,2025-01-20T07:00:00Z,2025-01-20,49.45,1.0,15392.0,0.9019508706661689,2025-01-20T00:00:00Z,direct_ridge_90d_v1,0.0,15514.283509953477,0.7581224369398094
2025-01-01_30d_d168_h3,628,core,2025-01-20T07:00:00Z,2025-01-20T08:00:00Z,2025-01-20,46.79,1.0,15255.0,0.904921072605306,2025-01-20T00:00:00Z,direct_ridge_90d_v1,0.0,15473.697314167726,0.7548535800955738
2025-01-01_30d_d168_h3,629,core,2025-01-20T08:00:00Z,2025-01-20T09:00:00Z,2025-01-20,46.81,1.0,15768.0,0.8988327574135967,2025-01-20T00:00:00Z,direct_ridge_90d_v1,0.0,15138.874148084562,0.7593040541327513
2025-01-01_30d_d168_h3,630,core,2025-01-20T09:00:00Z,2025-01-20T10:00:00Z,2025-01-20,42.41,1.0,15904.0,0.8975204841483976,2025-01-20T00:00:00Z,direct_ridge_90d_v1,0.0,14694.351046439722,0.7753248659946514
2025-01-01_30d_d168_h3,631,core,2025-01-20T10:00:00Z,2025-01-20T11:00:00Z,2025-01-20,39.56,1.0,15858.0,0.8922358864082965,2025-01-20T00:00:00Z,direct_ridge_90d_v1,0.0,14524.883966542746,0.7865206918077521
2025-01-01_30d_d168_h3,632,core,2025-01-20T11:00:00Z,2025-01-20T12:00:00Z,2025-01-20,53.7,1.0,15667.0,0.8916393617185627,2025-01-20T00:00:00Z,direct_ridge_90d_v1,0.0,14294.087433164374,0.8043559454256024
2025-01-01_30d_d168_h3,633,core,2025-01-20T12:00:00Z,2025-01-20T13:00:00Z,2025-01-20,65.34,1.0,15350.0,0.8852311458988623,2025-01-20T00:00:00Z,direct_ridge_90d_v1,1.6773677941202128,13916.60898898754,0.8197855572372499
2025-01-01_30d_d168_h3,634,core,2025-01-20T13:00:00Z,2025-01-20T14:00:00Z,2025-01-20,75.49,222.0,15178.0,0.8649329494783854,2025-01-20T00:00:00Z,direct_ridge_90d_v1,499.10228837723486,13362.768451553451,0.8258997317311085
2025-01-01_30d_d168_h3,635,core,2025-01-20T14:00:00Z,2025-01-20T15:00:00Z,2025-01-20,48.92,4600.0,14268.0,0.8376295793193057,2025-01-20T00:00:00Z,direct_ridge_90d_v1,6339.0626597348055,11925.50730456394,0.7725808530114304
2025-01-01_30d_d168_h3,636,core,2025-01-20T15:00:00Z,2025-01-20T16:00:00Z,2025-01-20,41.63,10296.0,15612.0,0.767872431613117,2025-01-20T00:00:00Z,direct_ridge_90d_v1,12225.241920428305,10092.842551592614,0.6392068876724178
2025-01-01_30d_d168_h3,637,core,2025-01-20T16:00:00Z,2025-01-20T17:00:00Z,2025-01-20,31.77,11990.0,15085.0,0.7460002488458287,2025-01-20T00:00:00Z,direct_ridge_90d_v1,13469.9807874771,9372.549353960572,0.612624127312017
2025-01-01_30d_d168_h3,638,core,2025-01-20T17:00:00Z,2025-01-20T18:00:00Z,2025-01-20,26.34,12543.0,12339.0,0.771746301670903,2025-01-20T00:00:00Z,direct_ridge_90d_v1,13604.472607969861,8856.148886015428,0.6068014477272847
2025-01-01_30d_d168_h3,639,core,2025-01-20T18:00:00Z,2025-01-20T19:00:00Z,2025-01-20,38.8,12357.0,10228.0,0.7998064679130036,2025-01-20T00:00:00Z,direct_ridge_90d_v1,13708.784720197127,8464.312585154932,0.6208177272007805
2025-01-01_30d_d168_h3,640,core,2025-01-20T19:00:00Z,2025-01-20T20:00:00Z,2025-01-20,41.22,11568.0,8673.0,0.8285438733835983,2025-01-20T00:00:00Z,direct_ridge_90d_v1,13720.23220793811,8248.751458075614,0.6341874458310808
2025-01-01_30d_d168_h3,641,core,2025-01-20T20:00:00Z,2025-01-20T21:00:00Z,2025-01-20,42.65,10257.0,8463.0,0.8461338694282561,2025-01-20T00:00:00Z,direct_ridge_90d_v1,13672.499370756934,8080.506498278587,0.6322398491735639
2025-01-01_30d_d168_h3,642,core,2025-01-20T21:00:00Z,2025-01-20T22:00:00Z,2025-01-20,47.31,8155.0,9428.0,0.8691791809723409,2025-01-20T00:00:00Z,direct_ridge_90d_v1,12953.41853542364,8036.943902637073,0.6459049241539733
2025-01-01_30d_d168_h3,643,core,2025-01-20T22:00:00Z,2025-01-20T23:00:00Z,2025-01-20,58.51,6048.0,11887.0,0.8669623464699443,2025-01-20T00:00:00Z,direct_ridge_90d_v1,8572.557198579034,8068.659833283322,0.7601500201611
2025-01-01_30d_d168_h3,644,core,2025-01-20T23:00:00Z,2025-01-21T00:00:00Z,2025-01-20,74.71,1872.0,13843.0,0.8879749817751912,2025-01-20T00:00:00Z,direct_ridge_90d_v1,1193.0440041452873,8233.562243210568,0.8960101199822832
2025-01-01_30d_d168_h3,645,core,2025-01-21T00:00:00Z,2025-01-21T01:00:00Z,2025-01-20,73.37,185.0,15453.0,0.8826229019137416,2025-01-20T00:00:00Z,direct_ridge_90d_v1,0.0,9686.796707522437,0.9077743104069439
2025-01-01_30d_d168_h3,646,core,2025-01-21T01:00:00Z,2025-01-21T02:00:00Z,2025-01-20,54.75,0.0,17596.0,0.869178074300796,2025-01-20T00:00:00Z,direct_ridge_90d_v1,7.180467709093445,11136.41865748858,0.8996709673121004
2025-01-01_30d_d168_h3,647,core,2025-01-21T02:00:00Z,2025-01-21T03:00:00Z,2025-01-20,54.41,1.0,19115.0,0.8524765675066732,2025-01-20T00:00:00Z,direct_ridge_90d_v1,0.0,12633.01739693747,0.8738875144934626
2025-01-01_30d_d168_h3,648,core,2025-01-21T03:00:00Z,2025-01-21T04:00:00Z,2025-01-20,49.49,1.0,19616.0,0.8453275563797319,2025-01-20T00:00:00Z,direct_ridge_90d_v1,0.0,13805.07579020744,0.8330235752956507
2025-01-01_30d_d168_h3,649,core,2025-01-21T04:00:00Z,2025-01-21T05:00:00Z,2025-01-20,54.92,0.0,20462.0,0.8306441004167597,2025-01-20T00:00:00Z,direct_ridge_90d_v1,0.0,14177.988002266033,0.8124697907315268
2025-01-01_30d_d168_h3,650,core,2025-01-21T05:00:00Z,2025-01-21T06:00:00Z,2025-01-20,52.95,0.0,20916.0,0.8148757272419641,2025-01-20T00:00:00Z,direct_ridge_90d_v1,0.0,14202.441577861713,0.7927458893297239
2025-01-01_30d_d168_h3,651,core,2025-01-21T06:00:00Z,2025-01-21T07:00:00Z,2025-01-21,53.89,0.0,20241.0,0.8243885735305468,2025-01-21T00:00:00Z,direct_ridge_90d_v1,0.0,14196.219661815374,0.7780591945218022
2025-01-01_30d_d168_h3,652,core,2025-01-21T07:00:00Z,2025-01-21T08:00:00Z,2025-01-21,50.04,0.0,19160.0,0.8380468166173376,2025-01-21T00:00:00Z,direct_ridge_90d_v1,0.0,13885.749828002527,0.7752873617142692
2025-01-01_30d_d168_h3,653,core,2025-01-21T08:00:00Z,2025-01-21T09:00:00Z,2025-01-21,53.57,0.0,17935.0,0.8619206155907688,2025-01-21T00:00:00Z,direct_ridge_90d_v1,0.0,13624.685100457173,0.779385672501175
2025-01-01_30d_d168_h3,654,core,2025-01-21T09:00:00Z,2025-01-21T10:00:00Z,2025-01-21,61.33,0.0,16240.0,0.8832120407924468,2025-01-21T00:00:00Z,direct_ridge_90d_v1,0.0,13233.065071499637,0.7978227674370836
2025-01-01_30d_d168_h3,655,core,2025-01-21T10:00:00Z,2025-01-21T11:00:00Z,2025-01-21,68.06,0.0,14389.0,0.9033087623526577,2025-01-21T00:00:00Z,direct_ridge_90d_v1,0.0,13075.869958596413,0.8109787258815717
2025-01-01_30d_d168_h3,656,core,2025-01-21T11:00:00Z,2025-01-21T12:00:00Z,2025-01-21,91.25,1.0,12862.0,0.9246443969633544,2025-01-21T00:00:00Z,direct_ridge_90d_v1,0.0,12731.204101335345,0.8299748276179972
2025-01-01_30d_d168_h3,657,core,2025-01-21T12:00:00Z,2025-01-21T13:00:00Z,2025-01-21,110.11,1.0,12109.0,0.9305922318218425,2025-01-21T00:00:00Z,direct_ridge_90d_v1,1.0730421100370604,12419.899248365808,0.8451468433306484
2025-01-01_30d_d168_h3,658,core,2025-01-21T13:00:00Z,2025-01-21T14:00:00Z,2025-01-21,161.98,112.0,10003.0,0.9209595945381982,2025-01-21T00:00:00Z,direct_ridge_90d_v1,306.5508932970928,11976.521260715459,0.8579697763503691
2025-01-01_30d_d168_h3,659,core,2025-01-21T14:00:00Z,2025-01-21T15:00:00Z,2025-01-21,143.94,4296.0,7953.0,0.9114958169111282,2025-01-21T00:00:00Z,direct_ridge_90d_v1,5519.960177984304,10758.324427437023,0.8140945179804534
2025-01-01_30d_d168_h3,660,core,2025-01-21T15:00:00Z,2025-01-21T16:00:00Z,2025-01-21,98.5,12396.0,5988.0,0.8586048022909724,2025-01-21T00:00:00Z,direct_ridge_90d_v1,11622.723739210332,9340.150355407073,0.6712930177441354
2025-01-01_30d_d168_h3,661,core,2025-01-21T16:00:00Z,2025-01-21T17:00:00Z,2025-01-21,79.97,15341.0,5930.0,0.8205961680696887,2025-01-21T00:00:00Z,direct_ridge_90d_v1,12938.18784200767,9142.283078763254,0.636560167566112
2025-01-01_30d_d168_h3,662,core,2025-01-21T17:00:00Z,2025-01-21T18:00:00Z,2025-01-21,55.89,16287.0,6654.0,0.800137699805111,2025-01-21T00:00:00Z,direct_ridge_90d_v1,13065.98265605164,8968.212065282121,0.6363404021025747
2025-01-01_30d_d168_h3,663,core,2025-01-21T18:00:00Z,2025-01-21T19:00:00Z,2025-01-21,46.44,17140.0,7866.0,0.7659848922730311,2025-01-21T00:00:00Z,direct_ridge_90d_v1,13051.45115064418,8835.111753996896,0.6530428498889003
2025-01-01_30d_d168_h3,664,core,2025-01-21T19:00:00Z,2025-01-21T20:00:00Z,2025-01-21,41.5,18276.0,9134.0,0.6977608801882579,2025-01-21T00:00:00Z,direct_ridge_90d_v1,13125.165539790562,8929.664020893046,0.6644462031329286
2025-01-01_30d_d168_h3,665,core,2025-01-21T20:00:00Z,2025-01-21T21:00:00Z,2025-01-21,36.71,19644.0,9493.0,0.5958941091617003,2025-01-21T00:00:00Z,direct_ridge_90d_v1,13155.466204179089,8848.80880725012,0.6644985496761222
2025-01-01_30d_d168_h3,666,core,2025-01-21T21:00:00Z,2025-01-21T22:00:00Z,2025-01-21,34.26,18422.0,9811.0,0.5658428655577786,2025-01-21T00:00:00Z,direct_ridge_90d_v1,12469.460350297612,8695.030396141692,0.6813411144628853
2025-01-01_30d_d168_h3,667,core,2025-01-21T22:00:00Z,2025-01-21T23:00:00Z,2025-01-21,41.86,15401.0,10697.0,0.5939987052468347,2025-01-21T00:00:00Z,direct_ridge_90d_v1,8604.426903032536,8559.322542146665,0.7894441801431574
2025-01-01_30d_d168_h3,668,core,2025-01-21T23:00:00Z,2025-01-22T00:00:00Z,2025-01-21,79.72,3996.0,12036.0,0.8245468649393849,2025-01-21T00:00:00Z,direct_ridge_90d_v1,1891.6125949178345,8645.850366330491,0.8982553185563321
2025-01-01_30d_d168_h3,669,core,2025-01-22T00:00:00Z,2025-01-22T01:00:00Z,2025-01-21,88.17,34.0,12969.0,0.8952201954894992,2025-01-21T00:00:00Z,direct_ridge_90d_v1,74.35675939991475,9362.496873604447,0.9147186631297751
2025-01-01_30d_d168_h3,670,core,2025-01-22T01:00:00Z,2025-01-22T02:00:00Z,2025-01-21,85.92,0.0,16044.0,0.8666768548587367,2025-01-21T00:00:00Z,direct_ridge_90d_v1,3.4548598523665985,10905.39872944762,0.9020712394748733
2025-01-01_30d_d168_h3,671,core,2025-01-22T02:00:00Z,2025-01-22T03:00:00Z,2025-01-21,93.04,1.0,19560.0,0.8327956468817679,2025-01-21T00:00:00Z,direct_ridge_90d_v1,0.0,12151.18202209847,0.8745168233365758
2025-01-01_30d_d168_h3,672,core,2025-01-22T03:00:00Z,2025-01-22T04:00:00Z,2025-01-21,71.52,1.0,22394.0,0.8028221656894161,2025-01-21T00:00:00Z,direct_ridge_90d_v1,0.0,12948.19008573603,0.8369826605222174
2025-01-01_30d_d168_h3,673,core,2025-01-22T04:00:00Z,2025-01-22T05:00:00Z,2025-01-21,67.97,1.0,23180.0,0.7902557046279621,2025-01-21T00:00:00Z,direct_ridge_90d_v1,0.0,13279.42566470289,0.81659019046163
2025-01-01_30d_d168_h3,674,core,2025-01-22T05:00:00Z,2025-01-22T06:00:00Z,2025-01-21,60.81,0.0,23267.0,0.7778639115470668,2025-01-21T00:00:00Z,direct_ridge_90d_v1,0.0,13271.463680249246,0.7992673210983212
2025-01-01_30d_d168_h3,675,core,2025-01-22T06:00:00Z,2025-01-22T07:00:00Z,2025-01-22,45.42,0.0,23652.0,0.7601655284821772,2025-01-22T00:00:00Z,direct_ridge_90d_v1,0.0,14151.50060739901,0.7882335431758647
2025-01-01_30d_d168_h3,676,core,2025-01-22T07:00:00Z,2025-01-22T08:00:00Z,2025-01-22,41.06,0.0,23738.0,0.7549454819240033,2025-01-22T00:00:00Z,direct_ridge_90d_v1,0.0,13781.617467920389,0.7902087168102097
2025-01-01_30d_d168_h3,677,core,2025-01-22T08:00:00Z,2025-01-22T09:00:00Z,2025-01-22,48.38,0.0,23663.0,0.7578335185715156,2025-01-22T00:00:00Z,direct_ridge_90d_v1,0.0,13526.336055754029,0.791818227886426
2025-01-01_30d_d168_h3,678,core,2025-01-22T09:00:00Z,2025-01-22T10:00:00Z,2025-01-22,48.53,0.0,23545.0,0.7621674665259631,2025-01-22T00:00:00Z,direct_ridge_90d_v1,0.0,13086.299009685139,0.8084572656708524
2025-01-01_30d_d168_h3,679,core,2025-01-22T10:00:00Z,2025-01-22T11:00:00Z,2025-01-22,50.5,1.0,23496.0,0.7672721871900229,2025-01-22T00:00:00Z,direct_ridge_90d_v1,0.0,12846.5809961989,0.8191777928830212
2025-01-01_30d_d168_h3,680,core,2025-01-22T11:00:00Z,2025-01-22T12:00:00Z,2025-01-22,56.78,1.0,23107.0,0.7760053593818748,2025-01-22T00:00:00Z,direct_ridge_90d_v1,0.0,12592.238552663226,0.8324098316768614
2025-01-01_30d_d168_h3,681,core,2025-01-22T12:00:00Z,2025-01-22T13:00:00Z,2025-01-22,104.84,0.0,22142.0,0.7697498591224354,2025-01-22T00:00:00Z,direct_ridge_90d_v1,0.6802117079524566,12560.044611028468,0.8452555333382733
2025-01-01_30d_d168_h3,682,core,2025-01-22T13:00:00Z,2025-01-22T14:00:00Z,2025-01-22,108.83,621.0,21242.0,0.7668810566377111,2025-01-22T00:00:00Z,direct_ridge_90d_v1,237.0725236254877,12478.420612550502,0.852304064420976
2025-01-01_30d_d168_h3,683,core,2025-01-22T14:00:00Z,2025-01-22T15:00:00Z,2025-01-22,74.13,9803.0,20049.0,0.6761859148849897,2025-01-22T00:00:00Z,direct_ridge_90d_v1,5236.273585417783,11672.542021355526,0.8066983491962032
2025-01-01_30d_d168_h3,684,core,2025-01-22T15:00:00Z,2025-01-22T16:00:00Z,2025-01-22,41.94,19869.0,15413.0,0.5526357957311223,2025-01-22T00:00:00Z,direct_ridge_90d_v1,11791.103142217245,10426.379156590852,0.660667675731305
2025-01-01_30d_d168_h3,685,core,2025-01-22T16:00:00Z,2025-01-22T17:00:00Z,2025-01-22,24.84,21156.0,12662.0,0.5303873709784228,2025-01-22T00:00:00Z,direct_ridge_90d_v1,13173.028358418973,10488.096163701175,0.6243028705409734
2025-01-01_30d_d168_h3,686,core,2025-01-22T17:00:00Z,2025-01-22T18:00:00Z,2025-01-22,22.2,20453.0,11804.0,0.5126153115547225,2025-01-22T00:00:00Z,direct_ridge_90d_v1,13193.800343805497,10632.59534888733,0.6231120388475245
2025-01-01_30d_d168_h3,687,core,2025-01-22T18:00:00Z,2025-01-22T19:00:00Z,2025-01-22,21.03,19248.0,11013.0,0.5077799038477121,2025-01-22T00:00:00Z,direct_ridge_90d_v1,13005.552116455972,10689.446341653995,0.6335923580384191
2025-01-01_30d_d168_h3,688,core,2025-01-22T19:00:00Z,2025-01-22T20:00:00Z,2025-01-22,19.72,16654.0,11120.0,0.519897842446178,2025-01-22T00:00:00Z,direct_ridge_90d_v1,13107.355177986441,10926.42626539321,0.6410750807144057
2025-01-01_30d_d168_h3,689,core,2025-01-22T20:00:00Z,2025-01-22T21:00:00Z,2025-01-22,16.41,16050.0,9975.0,0.5207843957613163,2025-01-22T00:00:00Z,direct_ridge_90d_v1,13312.147766096174,10861.003313739784,0.643739732748887
2025-01-01_30d_d168_h3,690,core,2025-01-22T21:00:00Z,2025-01-22T22:00:00Z,2025-01-22,15.48,15763.0,9104.0,0.530969716693913,2025-01-22T00:00:00Z,direct_ridge_90d_v1,12888.0270084024,10658.435619309566,0.6632257089318034
2025-01-01_30d_d168_h3,691,core,2025-01-22T22:00:00Z,2025-01-22T23:00:00Z,2025-01-22,23.45,13686.0,9328.0,0.5880849169935728,2025-01-22T00:00:00Z,direct_ridge_90d_v1,9604.352365104623,10469.359945348235,0.7736949310482009
2025-01-01_30d_d168_h3,692,core,2025-01-22T23:00:00Z,2025-01-23T00:00:00Z,2025-01-22,35.02,3374.0,9030.0,0.8217964607809118,2025-01-22T00:00:00Z,direct_ridge_90d_v1,2565.4120219414194,10643.646030489143,0.8951846308322517
2025-01-01_30d_d168_h3,693,core,2025-01-23T00:00:00Z,2025-01-23T01:00:00Z,2025-01-22,39.55,8.0,9877.0,0.8961707059655463,2025-01-22T00:00:00Z,direct_ridge_90d_v1,143.8965804865099,11849.206472287464,0.891018249205687
2025-01-01_30d_d168_h3,694,core,2025-01-23T01:00:00Z,2025-01-23T02:00:00Z,2025-01-22,37.11,0.0,12391.0,0.8816899248855582,2025-01-22T00:00:00Z,direct_ridge_90d_v1,0.0,13022.268236007549,0.880358086010897
2025-01-01_30d_d168_h3,695,core,2025-01-23T02:00:00Z,2025-01-23T03:00:00Z,2025-01-22,35.42,0.0,14979.0,0.8474231856484535,2025-01-22T00:00:00Z,direct_ridge_90d_v1,0.0,13991.02653546713,0.8565939341902956
2025-01-01_30d_d168_h3,696,core,2025-01-23T03:00:00Z,2025-01-23T04:00:00Z,2025-01-22,35.88,0.0,16065.0,0.8275761843316904,2025-01-22T00:00:00Z,direct_ridge_90d_v1,0.0,14591.398068236178,0.8235449399579767
2025-01-01_30d_d168_h3,697,core,2025-01-23T04:00:00Z,2025-01-23T05:00:00Z,2025-01-22,31.52,0.0,16242.0,0.8216614849477087,2025-01-22T00:00:00Z,direct_ridge_90d_v1,0.0,14415.650246888723,0.8092871610903348
2025-01-01_30d_d168_h3,698,core,2025-01-23T05:00:00Z,2025-01-23T06:00:00Z,2025-01-22,29.36,0.0,14493.0,0.8496613081853244,2025-01-22T00:00:00Z,direct_ridge_90d_v1,0.0,14042.313602051889,0.7959495459660341
2025-01-01_30d_d168_h3,699,core,2025-01-23T06:00:00Z,2025-01-23T07:00:00Z,2025-01-23,26.67,0.0,12776.0,0.8682062135982197,2025-01-23T00:00:00Z,direct_ridge_90d_v1,0.0,15818.224275178914,0.7520624156442834
2025-01-01_30d_d168_h3,700,core,2025-01-23T07:00:00Z,2025-01-23T08:00:00Z,2025-01-23,26.33,0.0,12166.0,0.8818771896125261,2025-01-23T00:00:00Z,direct_ridge_90d_v1,0.0,15808.536564606484,0.7527083830891101
2025-01-01_30d_d168_h3,701,core,2025-01-23T08:00:00Z,2025-01-23T09:00:00Z,2025-01-23,26.4,0.0,12316.0,0.8850878546447184,2025-01-23T00:00:00Z,direct_ridge_90d_v1,0.0,15647.850035937136,0.7547746754388559
2025-01-01_30d_d168_h3,702,core,2025-01-23T09:00:00Z,2025-01-23T10:00:00Z,2025-01-23,30.63,0.0,12686.0,0.8838891664303444,2025-01-23T00:00:00Z,direct_ridge_90d_v1,0.0,15244.08994545467,0.7640534704446247
2025-01-01_30d_d168_h3,703,core,2025-01-23T10:00:00Z,2025-01-23T11:00:00Z,2025-01-23,28.27,0.0,12927.0,0.8816548588222676,2025-01-23T00:00:00Z,direct_ridge_90d_v1,0.0,15047.65457860063,0.7723499182954895
2025-01-01_30d_d168_h3,704,core,2025-01-23T11:00:00Z,2025-01-23T12:00:00Z,2025-01-23,40.49,0.0,12970.0,0.8809434523004911,2025-01-23T00:00:00Z,direct_ridge_90d_v1,0.0,14911.270595515492,0.7822930547888206
2025-01-01_30d_d168_h3,705,core,2025-01-23T12:00:00Z,2025-01-23T13:00:00Z,2025-01-23,53.68,0.0,13616.0,0.8580680039602749,2025-01-23T00:00:00Z,direct_ridge_90d_v1,1.4923423545671435,14852.519043742224,0.793704543061895
2025-01-01_30d_d168_h3,706,core,2025-01-23T13:00:00Z,2025-01-23T14:00:00Z,2025-01-23,53.91,428.0,13714.0,0.840623866082815,2025-01-23T00:00:00Z,direct_ridge_90d_v1,605.9522522459085,14670.29868777984,0.7977577023977915
2025-01-01_30d_d168_h3,707,core,2025-01-23T14:00:00Z,2025-01-23T15:00:00Z,2025-01-23,31.15,8377.0,12376.0,0.7715059530223111,2025-01-23T00:00:00Z,direct_ridge_90d_v1,6895.947625406927,13699.472844097147,0.7431014762320174
2025-01-01_30d_d168_h3,708,core,2025-01-23T15:00:00Z,2025-01-23T16:00:00Z,2025-01-23,21.19,17695.0,8080.0,0.6776689407210901,2025-01-23T00:00:00Z,direct_ridge_90d_v1,13260.244196507289,12129.502244926205,0.6116064004619206
2025-01-01_30d_d168_h3,709,core,2025-01-23T16:00:00Z,2025-01-23T17:00:00Z,2025-01-23,16.77,19758.0,8149.0,0.6134909324102972,2025-01-23T00:00:00Z,direct_ridge_90d_v1,14524.886483429606,11665.049668983154,0.5751541416581399
2025-01-01_30d_d168_h3,710,core,2025-01-23T17:00:00Z,2025-01-23T18:00:00Z,2025-01-23,13.91,20024.0,11009.0,0.5057346243122748,2025-01-23T00:00:00Z,direct_ridge_90d_v1,14599.801628783634,11616.312891902591,0.5734465046888275
2025-01-01_30d_d168_h3,711,core,2025-01-23T18:00:00Z,2025-01-23T19:00:00Z,2025-01-23,9.52,19764.0,11381.0,0.4573958967435295,2025-01-23T00:00:00Z,direct_ridge_90d_v1,14533.252440128046,11456.578563137742,0.5777953644850833
2025-01-01_30d_d168_h3,712,core,2025-01-23T19:00:00Z,2025-01-23T20:00:00Z,2025-01-23,8.01,18671.0,10767.0,0.46675641133197354,2025-01-23T00:00:00Z,direct_ridge_90d_v1,14570.811897841962,11382.936641101234,0.5776663096830615
2025-01-01_30d_d168_h3,713,core,2025-01-23T20:00:00Z,2025-01-23T21:00:00Z,2025-01-23,4.88,16752.0,10395.0,0.4881976043956827,2025-01-23T00:00:00Z,direct_ridge_90d_v1,14615.169944596119,11197.898785811678,0.5770878639097015
2025-01-01_30d_d168_h3,714,core,2025-01-23T21:00:00Z,2025-01-23T22:00:00Z,2025-01-23,4.91,15182.0,10480.0,0.5005743701623421,2025-01-23T00:00:00Z,direct_ridge_90d_v1,13813.727050658217,10951.677164638442,0.5845476485651528
2025-01-01_30d_d168_h3,715,core,2025-01-23T22:00:00Z,2025-01-23T23:00:00Z,2025-01-23,16.35,13279.0,10454.0,0.5335004221603111,2025-01-23T00:00:00Z,direct_ridge_90d_v1,9013.613228514343,10815.138333199233,0.6576304456160476
2025-01-01_30d_d168_h3,716,core,2025-01-23T23:00:00Z,2025-01-24T00:00:00Z,2025-01-23,30.9,3818.0,9235.0,0.7843828096967858,2025-01-23T00:00:00Z,direct_ridge_90d_v1,1544.9874380247431,10649.623801944143,0.8320842940658276
2025-01-01_30d_d168_h3,717,core,2025-01-24T00:00:00Z,2025-01-24T01:00:00Z,2025-01-23,37.23,25.0,7446.0,0.9058031979168202,2025-01-23T00:00:00Z,direct_ridge_90d_v1,0.0,11871.655283638265,0.8744382330879906
2025-01-01_30d_d168_h3,718,core,2025-01-24T01:00:00Z,2025-01-24T02:00:00Z,2025-01-23,39.62,0.0,7272.0,0.9259685147278517,2025-01-23T00:00:00Z,direct_ridge_90d_v1,2.271632032775492,13395.64163202049,0.8652756756936073
2025-01-01_30d_d168_h3,719,core,2025-01-24T02:00:00Z,2025-01-24T03:00:00Z,2025-01-23,42.71,0.0,6019.0,0.944606106917409,2025-01-23T00:00:00Z,direct_ridge_90d_v1,0.0,14714.00926693663,0.8412400587248486
2025-01-01_30d_d168_h3,720,core,2025-01-24T03:00:00Z,2025-01-24T04:00:00Z,2025-01-23,44.21,0.0,4959.0,0.9833789254388212,2025-01-23T00:00:00Z,direct_ridge_90d_v1,0.0,15635.131032211752,0.8159657095441067
2025-01-01_30d_d168_h3,721,core,2025-01-24T04:00:00Z,2025-01-24T05:00:00Z,2025-01-23,46.58,0.0,4542.0,1.005860485267303,2025-01-23T00:00:00Z,direct_ridge_90d_v1,0.0,15826.053428674173,0.8055767566344625
2025-01-01_30d_d168_h3,722,core,2025-01-24T05:00:00Z,2025-01-24T06:00:00Z,2025-01-23,40.24,0.0,5086.0,0.9988719524118678,2025-01-23T00:00:00Z,direct_ridge_90d_v1,0.0,15829.379194893838,0.7898042165945246
2025-01-01_30d_d168_h3,723,core,2025-01-24T06:00:00Z,2025-01-24T07:00:00Z,2025-01-24,40.75,0.0,6512.0,0.9765882603284739,2025-01-24T00:00:00Z,direct_ridge_90d_v1,0.0,14264.12703822635,0.7935705536243529
2025-01-01_30d_d168_h3,724,core,2025-01-24T07:00:00Z,2025-01-24T08:00:00Z,2025-01-24,34.12,0.0,8940.0,0.9377964807312457,2025-01-24T00:00:00Z,direct_ridge_90d_v1,0.0,14026.4592153144,0.7969768451046265
2025-01-01_30d_d168_h3,725,core,2025-01-24T08:00:00Z,2025-01-24T09:00:00Z,2025-01-24,29.73,0.0,11691.0,0.894503963480744,2025-01-24T00:00:00Z,direct_ridge_90d_v1,0.0,13712.3319793032,0.8017103247015032
2025-01-01_30d_d168_h3,726,core,2025-01-24T09:00:00Z,2025-01-24T10:00:00Z,2025-01-24,30.19,0.0,14854.0,0.8474916147293114,2025-01-24T00:00:00Z,direct_ridge_90d_v1,0.0,13215.604683858419,0.8152465965477252
2025-01-01_30d_d168_h3,727,core,2025-01-24T10:00:00Z,2025-01-24T11:00:00Z,2025-01-24,29.41,0.0,17299.0,0.815643742480861,2025-01-24T00:00:00Z,direct_ridge_90d_v1,0.0,13039.80024366303,0.8282594104868518
2025-01-01_30d_d168_h3,728,core,2025-01-24T11:00:00Z,2025-01-24T12:00:00Z,2025-01-24,33.18,1.0,19380.0,0.7868062812223982,2025-01-24T00:00:00Z,direct_ridge_90d_v1,0.0,12932.391313051588,0.8379834268335178
2025-01-01_30d_d168_h3,729,core,2025-01-24T12:00:00Z,2025-01-24T13:00:00Z,2025-01-24,41.19,1.0,21051.0,0.7546292891792358,2025-01-24T00:00:00Z,direct_ridge_90d_v1,1.22461576993113,12950.493706573736,0.8460751933577
2025-01-01_30d_d168_h3,730,core,2025-01-24T13:00:00Z,2025-01-24T14:00:00Z,2025-01-24,41.52,702.0,22090.0,0.7268328705619295,2025-01-24T00:00:00Z,direct_ridge_90d_v1,617.4079345907625,12804.432415863032,0.8508204037726129
2025-01-01_30d_d168_h3,731,core,2025-01-24T14:00:00Z,2025-01-24T15:00:00Z,2025-01-24,25.79,10515.0,21616.0,0.5937554737707287,2025-01-24T00:00:00Z,direct_ridge_90d_v1,7398.1837944296885,11940.409615586861,0.7989833921351078
2025-01-01_30d_d168_h3,732,core,2025-01-24T15:00:00Z,2025-01-24T16:00:00Z,2025-01-24,22.64,20800.0,17154.0,0.4629139930210127,2025-01-24T00:00:00Z,direct_ridge_90d_v1,14449.61054406445,10462.784725021249,0.6578885249712352
2025-01-01_30d_d168_h3,733,core,2025-01-24T16:00:00Z,2025-01-24T17:00:00Z,2025-01-24,18.33,20583.0,17814.0,0.4180137742317617,2025-01-24T00:00:00Z,direct_ridge_90d_v1,15506.25626800428,10159.760391206642,0.6210986221815288
2025-01-01_30d_d168_h3,734,core,2025-01-24T17:00:00Z,2025-01-24T18:00:00Z,2025-01-24,9.84,18808.0,19114.0,0.37761553289559474,2025-01-24T00:00:00Z,direct_ridge_90d_v1,15449.796482662752,10216.050844699743,0.6199914441308205
2025-01-01_30d_d168_h3,735,core,2025-01-24T18:00:00Z,2025-01-24T19:00:00Z,2025-01-24,9.58,18268.0,18918.0,0.33796308167374756,2025-01-24T00:00:00Z,direct_ridge_90d_v1,15245.013306206225,10227.337105006873,0.6232223736330178
2025-01-01_30d_d168_h3,736,core,2025-01-24T19:00:00Z,2025-01-24T20:00:00Z,2025-01-24,4.74,17610.0,19027.0,0.3170364049879507,2025-01-24T00:00:00Z,direct_ridge_90d_v1,15284.217490779603,10216.432973129267,0.6231202727059131
2025-01-01_30d_d168_h3,737,core,2025-01-24T20:00:00Z,2025-01-24T21:00:00Z,2025-01-24,2.1,16886.0,19027.0,0.31871842259216576,2025-01-24T00:00:00Z,direct_ridge_90d_v1,15565.689675629163,10015.05526285215,0.6187992562724175
2025-01-01_30d_d168_h3,738,core,2025-01-24T21:00:00Z,2025-01-24T22:00:00Z,2025-01-24,1.9,15528.0,19190.0,0.32603256928920865,2025-01-24T00:00:00Z,direct_ridge_90d_v1,14995.756423722674,9734.453470276037,0.6290349908574234
2025-01-01_30d_d168_h3,739,core,2025-01-24T22:00:00Z,2025-01-24T23:00:00Z,2025-01-24,6.41,12378.0,20262.0,0.3491806826380889,2025-01-24T00:00:00Z,direct_ridge_90d_v1,10343.333061246756,9560.441722418787,0.7183335446604115
2025-01-01_30d_d168_h3,740,core,2025-01-24T23:00:00Z,2025-01-25T00:00:00Z,2025-01-24,22.47,3584.0,22721.0,0.536177910320495,2025-01-24T00:00:00Z,direct_ridge_90d_v1,2374.1826973176812,9485.870705395797,0.8768116895196418
2025-01-01_30d_d168_h3,741,core,2025-01-25T00:00:00Z,2025-01-25T01:00:00Z,2025-01-24,27.97,34.0,25009.0,0.628938985540624,2025-01-24T00:00:00Z,direct_ridge_90d_v1,105.97613976121471,10686.962855888338,0.9127619707644592
2025-01-01_30d_d168_h3,742,core,2025-01-25T01:00:00Z,2025-01-25T02:00:00Z,2025-01-24,25.75,0.0,25852.0,0.6381392929967747,2025-01-24T00:00:00Z,direct_ridge_90d_v1,3.356497974776585,12318.344853404973,0.9031732549429698
2025-01-01_30d_d168_h3,743,core,2025-01-25T02:00:00Z,2025-01-25T03:00:00Z,2025-01-24,26.86,1.0,26515.0,0.6380465032654651,2025-01-24T00:00:00Z,direct_ridge_90d_v1,0.0,13828.561850065418,0.8758211780091094
2025-01-01_30d_d168_h3,744,core,2025-01-25T03:00:00Z,2025-01-25T04:00:00Z,2025-01-24,30.07,1.0,26669.0,0.6383285469607164,2025-01-24T00:00:00Z,direct_ridge_90d_v1,0.0,14719.615253284726,0.8466371446799884
2025-01-01_30d_d168_h3,745,core,2025-01-25T04:00:00Z,2025-01-25T05:00:00Z,2025-01-24,31.49,1.0,26539.0,0.6450656804764039,2025-01-24T00:00:00Z,direct_ridge_90d_v1,0.0,14815.541661181582,0.8319372834381011
2025-01-01_30d_d168_h3,746,core,2025-01-25T05:00:00Z,2025-01-25T06:00:00Z,2025-01-24,31.27,1.0,26707.0,0.636576828801492,2025-01-24T00:00:00Z,direct_ridge_90d_v1,0.0,14874.03239655912,0.8088625888454624
2025-01-01_30d_d168_h3,747,core,2025-01-25T06:00:00Z,2025-01-25T07:00:00Z,2025-01-25,30.03,1.0,26218.0,0.6308261686501585,2025-01-25T00:00:00Z,direct_ridge_90d_v1,0.0,15094.237740677945,0.7469371335223051
2025-01-01_30d_d168_h3,748,core,2025-01-25T07:00:00Z,2025-01-25T08:00:00Z,2025-01-25,24.38,1.0,26040.0,0.6389116470461185,2025-01-25T00:00:00Z,direct_ridge_90d_v1,0.0,15135.6566670099,0.7420895908038486
2025-01-01_30d_d168_h3,749,core,2025-01-25T08:00:00Z,2025-01-25T09:00:00Z,2025-01-25,23.8,1.0,26161.0,0.643459719880007,2025-01-25T00:00:00Z,direct_ridge_90d_v1,0.0,14846.570185962231,0.7461378918995267
2025-01-01_30d_d168_h3,750,core,2025-01-25T09:00:00Z,2025-01-25T10:00:00Z,2025-01-25,23.91,1.0,26110.0,0.6416897410715519,2025-01-25T00:00:00Z,direct_ridge_90d_v1,0.0,14345.749784685046,0.7594633099005472
2025-01-01_30d_d168_h3,751,core,2025-01-25T10:00:00Z,2025-01-25T11:00:00Z,2025-01-25,22.69,0.0,26680.0,0.6392033640703684,2025-01-25T00:00:00Z,direct_ridge_90d_v1,0.0,14095.646776097234,0.7757925073324304
2025-01-01_30d_d168_h3,752,core,2025-01-25T11:00:00Z,2025-01-25T12:00:00Z,2025-01-25,25.5,1.0,26248.0,0.6536544490974961,2025-01-25T00:00:00Z,direct_ridge_90d_v1,0.0,14014.843437267848,0.7880769972973599
2025-01-01_30d_d168_h3,753,core,2025-01-25T12:00:00Z,2025-01-25T13:00:00Z,2025-01-25,32.47,1.0,26092.0,0.6551441731798634,2025-01-25T00:00:00Z,direct_ridge_90d_v1,0.42237019437913403,13958.607679476667,0.7950823763219997
2025-01-01_30d_d168_h3,754,core,2025-01-25T13:00:00Z,2025-01-25T14:00:00Z,2025-01-25,34.97,420.0,25578.0,0.6495173837153944,2025-01-25T00:00:00Z,direct_ridge_90d_v1,377.3409252499484,13888.581103707309,0.7969989880895578
2025-01-01_30d_d168_h3,755,core,2025-01-25T14:00:00Z,2025-01-25T15:00:00Z,2025-01-25,26.5,7368.0,23331.0,0.5855111853890546,2025-01-25T00:00:00Z,direct_ridge_90d_v1,6231.970456047812,13104.554821870539,0.7440303460524844
2025-01-01_30d_d168_h3,756,core,2025-01-25T15:00:00Z,2025-01-25T16:00:00Z,2025-01-25,22.8,14174.0,19752.0,0.49714836413154323,2025-01-25T00:00:00Z,direct_ridge_90d_v1,12782.760657813596,11279.569901289764,0.6223541688262625
2025-01-01_30d_d168_h3,757,core,2025-01-25T16:00:00Z,2025-01-25T17:00:00Z,2025-01-25,20.95,12826.0,20482.0,0.4951117377241122,2025-01-25T00:00:00Z,direct_ridge_90d_v1,14113.65219522488,10951.15815327423,0.588015795125402
2025-01-01_30d_d168_h3,758,core,2025-01-25T17:00:00Z,2025-01-25T18:00:00Z,2025-01-25,16.26,12036.0,19838.0,0.5094925553973683,2025-01-25T00:00:00Z,direct_ridge_90d_v1,14144.831475114659,11090.08777538453,0.5850806375813105
2025-01-01_30d_d168_h3,759,core,2025-01-25T18:00:00Z,2025-01-25T19:00:00Z,2025-01-25,16.26,11867.0,17727.0,0.541709614673492,2025-01-25T00:00:00Z,direct_ridge_90d_v1,14002.625063787355,11032.831354309204,0.5919835790375421
2025-01-01_30d_d168_h3,760,core,2025-01-25T19:00:00Z,2025-01-25T20:00:00Z,2025-01-25,17.59,10469.0,14972.0,0.6031801318623561,2025-01-25T00:00:00Z,direct_ridge_90d_v1,13895.962975511056,11051.157069073244,0.5932955625416102
2025-01-01_30d_d168_h3,761,core,2025-01-25T20:00:00Z,2025-01-25T21:00:00Z,2025-01-25,20.27,9225.0,13128.0,0.6513417047147649,2025-01-25T00:00:00Z,direct_ridge_90d_v1,13928.509124720196,10992.871400840373,0.5917637520047337
2025-01-01_30d_d168_h3,762,core,2025-01-25T21:00:00Z,2025-01-25T22:00:00Z,2025-01-25,22.74,7358.0,12171.0,0.705419083807943,2025-01-25T00:00:00Z,direct_ridge_90d_v1,13237.70551724728,10898.719510988542,0.6060551839918409
2025-01-01_30d_d168_h3,763,core,2025-01-25T22:00:00Z,2025-01-25T23:00:00Z,2025-01-25,24.39,3910.0,11996.0,0.7752413154552713,2025-01-25T00:00:00Z,direct_ridge_90d_v1,9664.468312581224,10885.139021275287,0.7077506721906388
2025-01-01_30d_d168_h3,764,core,2025-01-25T23:00:00Z,2025-01-26T00:00:00Z,2025-01-25,43.45,1209.0,12692.0,0.8102462525057238,2025-01-25T00:00:00Z,direct_ridge_90d_v1,2383.4968607282067,11033.427089110644,0.8341224096129919
2025-01-01_30d_d168_h3,765,core,2025-01-26T00:00:00Z,2025-01-26T01:00:00Z,2025-01-25,36.15,23.0,14276.0,0.8044531940447831,2025-01-25T00:00:00Z,direct_ridge_90d_v1,105.9138750750768,12668.21227735598,0.846677448231894
2025-01-01_30d_d168_h3,766,core,2025-01-26T01:00:00Z,2025-01-26T02:00:00Z,2025-01-25,26.17,0.0,17844.0,0.7491830791860934,2025-01-25T00:00:00Z,direct_ridge_90d_v1,7.694599001769571,14105.428357203453,0.8313717088195084
2025-01-01_30d_d168_h3,767,core,2025-01-26T02:00:00Z,2025-01-26T03:00:00Z,2025-01-25,23.14,0.0,19310.0,0.7070787568197373,2025-01-25T00:00:00Z,direct_ridge_90d_v1,0.0,15583.253932246631,0.7995411373779995
2025-01-01_30d_d168_h3,768,core,2025-01-26T03:00:00Z,2025-01-26T04:00:00Z,2025-01-25,22.04,0.0,18698.0,0.7296869810225214,2025-01-25T00:00:00Z,direct_ridge_90d_v1,0.0,16497.034344708693,0.7633543894071522
2025-01-01_30d_d168_h3,769,core,2025-01-26T04:00:00Z,2025-01-26T05:00:00Z,2025-01-25,25.42,0.0,18759.0,0.7279027935844186,2025-01-25T00:00:00Z,direct_ridge_90d_v1,0.0,16458.11929863243,0.7454081196764064
2025-01-01_30d_d168_h3,770,core,2025-01-26T05:00:00Z,2025-01-26T06:00:00Z,2025-01-25,24.35,0.0,18261.0,0.7248637852189833,2025-01-25T00:00:00Z,direct_ridge_90d_v1,0.0,16235.206766396712,0.7238536467688437
2025-01-01_30d_d168_h3,771,core,2025-01-26T06:00:00Z,2025-01-26T07:00:00Z,2025-01-26,25.69,0.0,18824.0,0.6879286773252561,2025-01-26T00:00:00Z,direct_ridge_90d_v1,0.0,14106.529415456858,0.799773845446861
2025-01-01_30d_d168_h3,772,core,2025-01-26T07:00:00Z,2025-01-26T08:00:00Z,2025-01-26,23.76,0.0,18690.0,0.6634851159684141,2025-01-26T00:00:00Z,direct_ridge_90d_v1,0.0,14233.141690534212,0.7975732635445352
2025-01-01_30d_d168_h3,773,core,2025-01-26T08:00:00Z,2025-01-26T09:00:00Z,2025-01-26,22.54,0.0,17750.0,0.6743919355979001,2025-01-26T00:00:00Z,direct_ridge_90d_v1,0.0,14310.409456843612,0.791459821021685
2025-01-01_30d_d168_h3,774,core,2025-01-26T09:00:00Z,2025-01-26T10:00:00Z,2025-01-26,23.34,0.0,15778.0,0.7420829541003681,2025-01-26T00:00:00Z,direct_ridge_90d_v1,0.0,14351.726375673745,0.7920999633538218
2025-01-01_30d_d168_h3,775,core,2025-01-26T10:00:00Z,2025-01-26T11:00:00Z,2025-01-26,26.09,0.0,13865.0,0.80851048203731,2025-01-26T00:00:00Z,direct_ridge_90d_v1,0.0,14281.174173793157,0.8044111207874591
2025-01-01_30d_d168_h3,776,core,2025-01-26T11:00:00Z,2025-01-26T12:00:00Z,2025-01-26,26.75,0.0,12549.0,0.844509095228912,2025-01-26T00:00:00Z,direct_ridge_90d_v1,0.0,14194.567307376243,0.8158397598280596
2025-01-01_30d_d168_h3,777,core,2025-01-26T12:00:00Z,2025-01-26T13:00:00Z,2025-01-26,26.56,0.0,11693.0,0.8577527011291037,2025-01-26T00:00:00Z,direct_ridge_90d_v1,0.6447892622943965,14059.340071899682,0.8168155226162985
2025-01-01_30d_d168_h3,778,core,2025-01-26T13:00:00Z,2025-01-26T14:00:00Z,2025-01-26,28.66,52.0,10150.0,0.8779365647279243,2025-01-26T00:00:00Z,direct_ridge_90d_v1,630.3116858269559,13773.089340510785,0.8153675726742907
2025-01-01_30d_d168_h3,779,core,2025-01-26T14:00:00Z,2025-01-26T15:00:00Z,2025-01-26,33.41,1691.0,7860.0,0.8959331315644619,2025-01-26T00:00:00Z,direct_ridge_90d_v1,7650.717258068277,12768.177141969885,0.7540017355581856
2025-01-01_30d_d168_h3,780,core,2025-01-26T15:00:00Z,2025-01-26T16:00:00Z,2025-01-26,33.77,5215.0,6373.0,0.8597234268438626,2025-01-26T00:00:00Z,direct_ridge_90d_v1,14239.443240091492,10934.458329452518,0.6329189810388433
2025-01-01_30d_d168_h3,781,core,2025-01-26T16:00:00Z,2025-01-26T17:00:00Z,2025-01-26,34.43,7519.0,6005.0,0.8273977000923562,2025-01-26T00:00:00Z,direct_ridge_90d_v1,15279.152882152668,10414.365310848372,0.6003760357167054
2025-01-01_30d_d168_h3,782,core,2025-01-26T17:00:00Z,2025-01-26T18:00:00Z,2025-01-26,34.3,8958.0,5335.0,0.8118602226999735,2025-01-26T00:00:00Z,direct_ridge_90d_v1,15316.330165499316,10163.108305833266,0.5920802265972338
2025-01-01_30d_d168_h3,783,core,2025-01-26T18:00:00Z,2025-01-26T19:00:00Z,2025-01-26,30.54,9456.0,5409.0,0.8028450211186539,2025-01-26T00:00:00Z,direct_ridge_90d_v1,15125.690383811758,9928.398415498652,0.6003003742837981
2025-01-01_30d_d168_h3,784,core,2025-01-26T19:00:00Z,2025-01-26T20:00:00Z,2025-01-26,28.48,9382.0,5640.0,0.8009906057147865,2025-01-26T00:00:00Z,direct_ridge_90d_v1,14916.6796681846,9664.600276264013,0.6072194825849488
2025-01-01_30d_d168_h3,785,core,2025-01-26T20:00:00Z,2025-01-26T21:00:00Z,2025-01-26,28.72,8868.0,5959.0,0.7976192020869975,2025-01-26T00:00:00Z,direct_ridge_90d_v1,14838.153273778062,9404.135671447255,0.6069373140243872
2025-01-01_30d_d168_h3,786,core,2025-01-26T21:00:00Z,2025-01-26T22:00:00Z,2025-01-26,29.24,8359.0,6233.0,0.7980176184106794,2025-01-26T00:00:00Z,direct_ridge_90d_v1,13854.389551253435,9055.34907749908,0.6257775191345875
2025-01-01_30d_d168_h3,787,core,2025-01-26T22:00:00Z,2025-01-26T23:00:00Z,2025-01-26,32.54,6613.0,6595.0,0.8230751159001468,2025-01-26T00:00:00Z,direct_ridge_90d_v1,9577.658556210616,9030.883826691908,0.747237060256811
2025-01-01_30d_d168_h3,788,core,2025-01-26T23:00:00Z,2025-01-27T00:00:00Z,2025-01-26,41.21,1597.0,6731.0,0.8973617758229565,2025-01-26T00:00:00Z,direct_ridge_90d_v1,2255.1822615810643,9371.987281696267,0.8661103705132732
2025-01-01_30d_d168_h3,789,core,2025-01-27T00:00:00Z,2025-01-27T01:00:00Z,2025-01-26,45.34,25.0,7698.0,0.8996898825453901,2025-01-26T00:00:00Z,direct_ridge_90d_v1,58.291573244326756,10960.319642111745,0.8678563456497487
2025-01-01_30d_d168_h3,790,core,2025-01-27T01:00:00Z,2025-01-27T02:00:00Z,2025-01-26,38.45,0.0,8423.0,0.898342187413573,2025-01-26T00:00:00Z,direct_ridge_90d_v1,8.87220892630123,12643.079290637226,0.8549282683446988
2025-01-01_30d_d168_h3,791,core,2025-01-27T02:00:00Z,2025-01-27T03:00:00Z,2025-01-26,35.63,0.0,8980.0,0.9096318734402821,2025-01-26T00:00:00Z,direct_ridge_90d_v1,0.0,14221.377307614794,0.8247083599581025
2025-01-01_30d_d168_h3,792,core,2025-01-27T03:00:00Z,2025-01-27T04:00:00Z,2025-01-26,30.51,0.0,10261.0,0.893054710251511,2025-01-26T00:00:00Z,direct_ridge_90d_v1,0.0,15173.957893300803,0.7961549782787483
2025-01-01_30d_d168_h3,793,core,2025-01-27T04:00:00Z,2025-01-27T05:00:00Z,2025-01-26,28.5,0.0,11205.0,0.8677433787828828,2025-01-26T00:00:00Z,direct_ridge_90d_v1,0.0,15604.43305143393,0.7805793954505693
2025-01-01_30d_d168_h3,794,core,2025-01-27T05:00:00Z,2025-01-27T06:00:00Z,2025-01-26,25.91,0.0,11554.0,0.8462733566297141,2025-01-26T00:00:00Z,direct_ridge_90d_v1,0.0,15852.59961592534,0.7602044785118347
2025-01-01_30d_d168_h3,795,core,2025-01-27T06:00:00Z,2025-01-27T07:00:00Z,2025-01-27,22.44,0.0,11840.0,0.8204839080740248,2025-01-27T00:00:00Z,direct_ridge_90d_v1,0.0,17352.178640780658,0.7459623504239541
2025-01-01_30d_d168_h3,796,core,2025-01-27T07:00:00Z,2025-01-27T08:00:00Z,2025-01-27,23.21,0.0,11312.0,0.8257092437798653,2025-01-27T00:00:00Z,direct_ridge_90d_v1,0.0,17469.208477593507,0.7359402664738286
2025-01-01_30d_d168_h3,797,core,2025-01-27T08:00:00Z,2025-01-27T09:00:00Z,2025-01-27,23.9,0.0,10650.0,0.8313702061631781,2025-01-27T00:00:00Z,direct_ridge_90d_v1,0.0,17100.678737309558,0.7328286862073233
2025-01-01_30d_d168_h3,798,core,2025-01-27T09:00:00Z,2025-01-27T10:00:00Z,2025-01-27,26.05,0.0,10352.0,0.837258622270391,2025-01-27T00:00:00Z,direct_ridge_90d_v1,0.0,16553.6956390147,0.740156653895105
2025-01-01_30d_d168_h3,799,core,2025-01-27T10:00:00Z,2025-01-27T11:00:00Z,2025-01-27,27.57,0.0,10046.0,0.8636949778167092,2025-01-27T00:00:00Z,direct_ridge_90d_v1,0.0,16211.60037577161,0.7576910712052003
2025-01-01_30d_d168_h3,800,core,2025-01-27T11:00:00Z,2025-01-27T12:00:00Z,2025-01-27,30.61,0.0,9121.0,0.9109885648220506,2025-01-27T00:00:00Z,direct_ridge_90d_v1,0.0,15795.905144444596,0.7792671047819812
2025-01-01_30d_d168_h3,801,core,2025-01-27T12:00:00Z,2025-01-27T13:00:00Z,2025-01-27,42.61,0.0,8434.0,0.9307454345195519,2025-01-27T00:00:00Z,direct_ridge_90d_v1,1.3434045448025564,15399.583260426056,0.7825630799855616
2025-01-01_30d_d168_h3,802,core,2025-01-27T13:00:00Z,2025-01-27T14:00:00Z,2025-01-27,54.6,53.0,7944.0,0.9027942859852464,2025-01-27T00:00:00Z,direct_ridge_90d_v1,841.3862381185046,14669.435536628047,0.7897093615475828
2025-01-01_30d_d168_h3,803,core,2025-01-27T14:00:00Z,2025-01-27T15:00:00Z,2025-01-27,40.76,1861.0,6785.0,0.8931830705065888,2025-01-27T00:00:00Z,direct_ridge_90d_v1,8876.221670428291,13193.834225082253,0.7422564915368487
2025-01-01_30d_d168_h3,804,core,2025-01-27T15:00:00Z,2025-01-27T16:00:00Z,2025-01-27,34.27,5602.0,4759.0,0.8911226134305789,2025-01-27T00:00:00Z,direct_ridge_90d_v1,15013.717251098955,11651.432471306189,0.633263602068381
2025-01-01_30d_d168_h3,805,core,2025-01-27T16:00:00Z,2025-01-27T17:00:00Z,2025-01-27,30.46,7862.0,3631.0,0.8901706277700315,2025-01-27T00:00:00Z,direct_ridge_90d_v1,15749.947022481512,11118.333654748838,0.6076672937991079
2025-01-01_30d_d168_h3,806,core,2025-01-27T17:00:00Z,2025-01-27T18:00:00Z,2025-01-27,26.94,9752.0,3018.0,0.8719803768287367,2025-01-27T00:00:00Z,direct_ridge_90d_v1,15637.596263248402,10845.041672188543,0.6011764953015406
2025-01-01_30d_d168_h3,807,core,2025-01-27T18:00:00Z,2025-01-27T19:00:00Z,2025-01-27,22.82,11227.0,2842.0,0.8474098448248524,2025-01-27T00:00:00Z,direct_ridge_90d_v1,15536.845289161967,10356.767932492177,0.6105114656315205
2025-01-01_30d_d168_h3,808,core,2025-01-27T19:00:00Z,2025-01-27T20:00:00Z,2025-01-27,21.79,11323.0,2502.0,0.8547205879911467,2025-01-27T00:00:00Z,direct_ridge_90d_v1,15420.24267135128,9775.00925885943,0.6143484168951144
2025-01-01_30d_d168_h3,809,core,2025-01-27T20:00:00Z,2025-01-27T21:00:00Z,2025-01-27,21.77,10710.0,2750.0,0.8605576394609518,2025-01-27T00:00:00Z,direct_ridge_90d_v1,15450.637966720387,9416.768802694673,0.6096754080962818
2025-01-01_30d_d168_h3,810,core,2025-01-27T21:00:00Z,2025-01-27T22:00:00Z,2025-01-27,22.31,9117.0,2847.0,0.8769328641801678,2025-01-27T00:00:00Z,direct_ridge_90d_v1,14502.016671676874,9124.991884191882,0.6311495178296086
2025-01-01_30d_d168_h3,811,core,2025-01-27T22:00:00Z,2025-01-27T23:00:00Z,2025-01-27,25.39,6245.0,2547.0,0.943830204039201,2025-01-27T00:00:00Z,direct_ridge_90d_v1,10250.933654953407,8871.834756201357,0.7493693816211081
2025-01-01_30d_d168_h3,812,core,2025-01-27T23:00:00Z,2025-01-28T00:00:00Z,2025-01-27,43.31,1853.0,2304.0,1.0044147642975547,2025-01-27T00:00:00Z,direct_ridge_90d_v1,2209.135280898767,8486.368135110937,0.8786303419547445
2025-01-01_30d_d168_h3,813,core,2025-01-28T00:00:00Z,2025-01-28T01:00:00Z,2025-01-27,49.66,34.0,2622.0,1.0017983576310803,2025-01-27T00:00:00Z,direct_ridge_90d_v1,23.68324621435562,9366.08815021965,0.8934689731606082
2025-01-01_30d_d168_h3,814,core,2025-01-28T01:00:00Z,2025-01-28T02:00:00Z,2025-01-27,41.47,0.0,3213.0,1.009046067805498,2025-01-27T00:00:00Z,direct_ridge_90d_v1,7.602656044638374,11044.258211295952,0.8759373833189276
2025-01-01_30d_d168_h3,815,core,2025-01-28T02:00:00Z,2025-01-28T03:00:00Z,2025-01-27,37.66,0.0,4017.0,1.0164092517351715,2025-01-27T00:00:00Z,direct_ridge_90d_v1,0.0,12504.33756175114,0.8501217350019414
2025-01-01_30d_d168_h3,816,core,2025-01-28T03:00:00Z,2025-01-28T04:00:00Z,2025-01-27,33.04,1.0,4146.0,1.0219870345570332,2025-01-27T00:00:00Z,direct_ridge_90d_v1,0.0,13709.608683040107,0.8157424754077885
2025-01-01_30d_d168_h3,817,core,2025-01-28T04:00:00Z,2025-01-28T05:00:00Z,2025-01-27,30.31,1.0,3866.0,1.0267453006281997,2025-01-27T00:00:00Z,direct_ridge_90d_v1,0.0,14715.749820149647,0.7879743828190563
2025-01-01_30d_d168_h3,818,core,2025-01-28T05:00:00Z,2025-01-28T06:00:00Z,2025-01-27,29.1,1.0,3843.0,1.0266763606992826,2025-01-27T00:00:00Z,direct_ridge_90d_v1,0.0,15276.401585152218,0.7623422407901932
2025-01-01_30d_d168_h3,819,core,2025-01-28T06:00:00Z,2025-01-28T07:00:00Z,2025-01-28,24.06,1.0,3290.0,1.0390961568133965,2025-01-28T00:00:00Z,direct_ridge_90d_v1,0.0,15280.952476846964,0.76558150365968
2025-01-01_30d_d168_h3,820,core,2025-01-28T07:00:00Z,2025-01-28T08:00:00Z,2025-01-28,23.96,1.0,2795.0,1.0456745470320892,2025-01-28T00:00:00Z,direct_ridge_90d_v1,0.0,15084.118385476722,0.7656624834719055
2025-01-01_30d_d168_h3,821,core,2025-01-28T08:00:00Z,2025-01-28T09:00:00Z,2025-01-28,24.01,1.0,2325.0,1.0534637884418752,2025-01-28T00:00:00Z,direct_ridge_90d_v1,0.0,14888.452361147523,0.7629191255326219
2025-01-01_30d_d168_h3,822,core,2025-01-28T09:00:00Z,2025-01-28T10:00:00Z,2025-01-28,24.65,1.0,1513.0,1.0689698651113544,2025-01-28T00:00:00Z,direct_ridge_90d_v1,0.0,14588.813643504609,0.7722727885963454
2025-01-01_30d_d168_h3,823,core,2025-01-28T10:00:00Z,2025-01-28T11:00:00Z,2025-01-28,25.05,1.0,1050.0,1.0741865298815187,2025-01-28T00:00:00Z,direct_ridge_90d_v1,0.0,14288.492835466417,0.7772829789969457
2025-01-01_30d_d168_h3,824,core,2025-01-28T11:00:00Z,2025-01-28T12:00:00Z,2025-01-28,30.36,1.0,892.0,1.0719008000849755,2025-01-28T00:00:00Z,direct_ridge_90d_v1,0.0,13856.18049298948,0.7883908743350586
2025-01-01_30d_d168_h3,825,core,2025-01-28T12:00:00Z,2025-01-28T13:00:00Z,2025-01-28,45.01,1.0,1080.0,1.0492622115805383,2025-01-28T00:00:00Z,direct_ridge_90d_v1,1.3206961516433,13394.123792111943,0.7931395164247533
2025-01-01_30d_d168_h3,826,core,2025-01-28T13:00:00Z,2025-01-28T14:00:00Z,2025-01-28,50.04,51.0,1375.0,1.0282650021883244,2025-01-28T00:00:00Z,direct_ridge_90d_v1,492.3948220289059,12766.436778584584,0.7957825285658973
2025-01-01_30d_d168_h3,827,core,2025-01-28T14:00:00Z,2025-01-28T15:00:00Z,2025-01-28,39.88,1158.0,1432.0,1.0307162387665845,2025-01-28T00:00:00Z,direct_ridge_90d_v1,6424.48946958417,11667.034031284331,0.7494695312267746
2025-01-01_30d_d168_h3,828,core,2025-01-28T15:00:00Z,2025-01-28T16:00:00Z,2025-01-28,36.61,3434.0,1032.0,1.001090608680747,2025-01-28T00:00:00Z,direct_ridge_90d_v1,11556.094647479153,9853.78305840472,0.6515527922773194
2025-01-01_30d_d168_h3,829,core,2025-01-28T16:00:00Z,2025-01-28T17:00:00Z,2025-01-28,31.6,5594.0,595.0,0.9816652509937096,2025-01-28T00:00:00Z,direct_ridge_90d_v1,13021.140594470458,9618.642819600298,0.6148744407903701
2025-01-01_30d_d168_h3,830,core,2025-01-28T17:00:00Z,2025-01-28T18:00:00Z,2025-01-28,26.37,6713.0,374.0,0.9679444444035764,2025-01-28T00:00:00Z,direct_ridge_90d_v1,13362.110140508761,9895.756706473914,0.6016204723963418
2025-01-01_30d_d168_h3,831,core,2025-01-28T18:00:00Z,2025-01-28T19:00:00Z,2025-01-28,24.08,7662.0,200.0,0.9544995142933258,2025-01-28T00:00:00Z,direct_ridge_90d_v1,13529.752378515683,10057.565665902108,0.5968683028312511
2025-01-01_30d_d168_h3,832,core,2025-01-28T19:00:00Z,2025-01-28T20:00:00Z,2025-01-28,21.99,7156.0,302.0,0.9608942056908741,2025-01-28T00:00:00Z,direct_ridge_90d_v1,13406.826999629919,10260.908722074442,0.6019860286806922
2025-01-01_30d_d168_h3,833,core,2025-01-28T20:00:00Z,2025-01-28T21:00:00Z,2025-01-28,22.22,5793.0,409.0,0.9836037713753436,2025-01-28T00:00:00Z,direct_ridge_90d_v1,13171.708835944622,10204.416111759334,0.6068316942139863
2025-01-01_30d_d168_h3,834,core,2025-01-28T21:00:00Z,2025-01-28T22:00:00Z,2025-01-28,23.61,3661.0,510.0,1.0246241549434305,2025-01-28T00:00:00Z,direct_ridge_90d_v1,12334.515223923616,10101.216534547806,0.6300673627935445
2025-01-01_30d_d168_h3,835,core,2025-01-28T22:00:00Z,2025-01-28T23:00:00Z,2025-01-28,29.53,1932.0,768.0,1.0482570600292294,2025-01-28T00:00:00Z,direct_ridge_90d_v1,8606.056516743984,9955.709093927831,0.730038830776655
2025-01-01_30d_d168_h3,836,core,2025-01-28T23:00:00Z,2025-01-29T00:00:00Z,2025-01-28,36.94,479.0,1399.0,1.047935659261653,2025-01-28T00:00:00Z,direct_ridge_90d_v1,1628.119975295674,10068.435485814292,0.8465211447218909
2025-01-01_30d_d168_h3,837,core,2025-01-29T00:00:00Z,2025-01-29T01:00:00Z,2025-01-28,37.91,4.0,2208.0,1.031220073285947,2025-01-28T00:00:00Z,direct_ridge_90d_v1,15.055529589309565,10523.712526695399,0.8845052416739744
2025-01-01_30d_d168_h3,838,core,2025-01-29T01:00:00Z,2025-01-29T02:00:00Z,2025-01-28,30.35,0.0,3181.0,1.0256835707001462,2025-01-28T00:00:00Z,direct_ridge_90d_v1,9.440517756186091,12074.578009356137,0.8717512429865198
2025-01-01_30d_d168_h3,839,core,2025-01-29T02:00:00Z,2025-01-29T03:00:00Z,2025-01-28,27.03,0.0,3948.0,1.0219565129859367,2025-01-28T00:00:00Z,direct_ridge_90d_v1,0.0,13423.006545691553,0.8435208663582573
2025-01-01_30d_d168_h3,840,core,2025-01-29T03:00:00Z,2025-01-29T04:00:00Z,2025-01-28,24.41,1.0,4472.0,1.0177882970049499,2025-01-28T00:00:00Z,direct_ridge_90d_v1,0.0,14380.455516020531,0.8114328015195055
2025-01-01_30d_d168_h3,841,core,2025-01-29T04:00:00Z,2025-01-29T05:00:00Z,2025-01-28,24.44,1.0,4352.0,1.0236589319234193,2025-01-28T00:00:00Z,direct_ridge_90d_v1,0.0,14711.161994408447,0.7979407217834177
2025-01-01_30d_d168_h3,842,core,2025-01-29T05:00:00Z,2025-01-29T06:00:00Z,2025-01-28,23.08,1.0,4496.0,1.0229628211196227,2025-01-28T00:00:00Z,direct_ridge_90d_v1,0.0,14451.459826611153,0.7864727983315233
2025-01-01_30d_d168_h3,843,core,2025-01-29T06:00:00Z,2025-01-29T07:00:00Z,2025-01-29,25.16,1.0,3923.0,1.0222905252551147,2025-01-29T00:00:00Z,direct_ridge_90d_v1,0.0,14904.98144763981,0.8113846105672152
2025-01-01_30d_d168_h3,844,core,2025-01-29T07:00:00Z,2025-01-29T08:00:00Z,2025-01-29,24.14,1.0,3217.0,1.0367706230268283,2025-01-29T00:00:00Z,direct_ridge_90d_v1,0.0,14652.75894446723,0.8170530743409744
2025-01-01_30d_d168_h3,845,core,2025-01-29T08:00:00Z,2025-01-29T09:00:00Z,2025-01-29,23.0,1.0,3019.0,1.0335826728254862,2025-01-29T00:00:00Z,direct_ridge_90d_v1,0.0,14492.193487278186,0.8182327764286501
2025-01-01_30d_d168_h3,846,core,2025-01-29T09:00:00Z,2025-01-29T10:00:00Z,2025-01-29,22.66,1.0,3476.0,1.02690403534991,2025-01-29T00:00:00Z,direct_ridge_90d_v1,0.0,14304.661625677469,0.8261610001697975
2025-01-01_30d_d168_h3,847,core,2025-01-29T10:00:00Z,2025-01-29T11:00:00Z,2025-01-29,23.79,1.0,3894.0,1.0197041212659272,2025-01-29T00:00:00Z,direct_ridge_90d_v1,0.0,14142.144300714956,0.8263335974732232
2025-01-01_30d_d168_h3,848,core,2025-01-29T11:00:00Z,2025-01-29T12:00:00Z,2025-01-29,25.98,1.0,4471.0,1.0070418315714307,2025-01-29T00:00:00Z,direct_ridge_90d_v1,0.0,13982.353053878818,0.8301120072136451
2025-01-01_30d_d168_h3,849,core,2025-01-29T12:00:00Z,2025-01-29T13:00:00Z,2025-01-29,35.21,1.0,4597.0,0.9897319382468119,2025-01-29T00:00:00Z,direct_ridge_90d_v1,1.5790094246362338,13879.637486513651,0.8334357009266504
2025-01-01_30d_d168_h3,850,core,2025-01-29T13:00:00Z,2025-01-29T14:00:00Z,2025-01-29,38.52,31.0,5086.0,0.9609196384413717,2025-01-29T00:00:00Z,direct_ridge_90d_v1,780.0754101412256,13565.03066878021,0.8296439085217928
2025-01-01_30d_d168_h3,851,core,2025-01-29T14:00:00Z,2025-01-29T15:00:00Z,2025-01-29,37.54,627.0,5258.0,0.968726813234177,2025-01-29T00:00:00Z,direct_ridge_90d_v1,8190.591763609688,12684.830165705804,0.7681234196029446
2025-01-01_30d_d168_h3,852,core,2025-01-29T15:00:00Z,2025-01-29T16:00:00Z,2025-01-29,38.99,1871.0,5562.0,0.9355309609215046,2025-01-29T00:00:00Z,direct_ridge_90d_v1,14271.178085941596,11085.310880039466,0.660906354562554
2025-01-01_30d_d168_h3,853,core,2025-01-29T16:00:00Z,2025-01-29T17:00:00Z,2025-01-29,30.68,3079.0,6014.0,0.9032807857981956,2025-01-29T00:00:00Z,direct_ridge_90d_v1,15439.964596033908,10714.94411756956,0.6242756069143329
2025-01-01_30d_d168_h3,854,core,2025-01-29T17:00:00Z,2025-01-29T18:00:00Z,2025-01-29,24.95,4275.0,6100.0,0.8861840697188716,2025-01-29T00:00:00Z,direct_ridge_90d_v1,15658.197371752443,10838.967058920543,0.605952547547231
2025-01-01_30d_d168_h3,855,core,2025-01-29T18:00:00Z,2025-01-29T19:00:00Z,2025-01-29,22.48,5038.0,6007.0,0.8737697805848998,2025-01-29T00:00:00Z,direct_ridge_90d_v1,15721.181657675781,10972.157452720721,0.5905867037299924
2025-01-01_30d_d168_h3,856,core,2025-01-29T19:00:00Z,2025-01-29T20:00:00Z,2025-01-29,22.04,5267.0,5883.0,0.8829100846694663,2025-01-29T00:00:00Z,direct_ridge_90d_v1,15602.377813679417,11059.442944450657,0.5913908286610555
2025-01-01_30d_d168_h3,857,core,2025-01-29T20:00:00Z,2025-01-29T21:00:00Z,2025-01-29,20.12,5479.0,6167.0,0.8657840453610798,2025-01-29T00:00:00Z,direct_ridge_90d_v1,15429.466688492392,10825.693181345594,0.5938447762068895
2025-01-01_30d_d168_h3,858,core,2025-01-29T21:00:00Z,2025-01-29T22:00:00Z,2025-01-29,20.57,4883.0,6778.0,0.8731110101014317,2025-01-29T00:00:00Z,direct_ridge_90d_v1,14364.912886457083,10366.442516394955,0.605245620224908
2025-01-01_30d_d168_h3,859,core,2025-01-29T22:00:00Z,2025-01-29T23:00:00Z,2025-01-29,22.67,4138.0,7130.0,0.8774075404189768,2025-01-29T00:00:00Z,direct_ridge_90d_v1,9375.920941414355,10038.220440746818,0.6970788201999257
2025-01-01_30d_d168_h3,860,core,2025-01-29T23:00:00Z,2025-01-30T00:00:00Z,2025-01-29,29.91,1797.0,6992.0,0.9148070155152497,2025-01-29T00:00:00Z,direct_ridge_90d_v1,1685.3176016726522,10022.915404982432,0.863845529277323
2025-01-01_30d_d168_h3,861,core,2025-01-30T00:00:00Z,2025-01-30T01:00:00Z,2025-01-29,34.05,42.0,6496.0,0.9315454606680407,2025-01-29T00:00:00Z,direct_ridge_90d_v1,0.0,12084.166352932647,0.9000746314352553
2025-01-01_30d_d168_h3,862,core,2025-01-30T01:00:00Z,2025-01-30T02:00:00Z,2025-01-29,32.4,0.0,6347.0,0.9371883153890184,2025-01-29T00:00:00Z,direct_ridge_90d_v1,13.508480633710601,13611.293963893166,0.892444857841357
2025-01-01_30d_d168_h3,863,core,2025-01-30T02:00:00Z,2025-01-30T03:00:00Z,2025-01-29,30.03,0.0,6756.0,0.9553378334138953,2025-01-29T00:00:00Z,direct_ridge_90d_v1,0.0,14648.484496829742,0.8726150916743586
2025-01-01_30d_d168_h3,864,core,2025-01-30T03:00:00Z,2025-01-30T04:00:00Z,2025-01-29,25.3,0.0,7301.0,0.9516051469105181,2025-01-29T00:00:00Z,direct_ridge_90d_v1,0.0,15324.06361866098,0.8521551106921692
2025-01-01_30d_d168_h3,865,core,2025-01-30T04:00:00Z,2025-01-30T05:00:00Z,2025-01-29,24.02,0.0,8010.0,0.9156652820235451,2025-01-29T00:00:00Z,direct_ridge_90d_v1,0.0,15471.255242568908,0.8449660408306414
2025-01-01_30d_d168_h3,866,core,2025-01-30T05:00:00Z,2025-01-30T06:00:00Z,2025-01-29,22.09,0.0,9506.0,0.8646157009700729,2025-01-29T00:00:00Z,direct_ridge_90d_v1,0.0,15417.962635465325,0.8344684114299636
2025-01-01_30d_d168_h3,867,core,2025-01-30T06:00:00Z,2025-01-30T07:00:00Z,2025-01-30,23.7,1.0,11811.0,0.7809907202236033,2025-01-30T00:00:00Z,direct_ridge_90d_v1,0.0,15964.506572032094,0.7849031406337128
2025-01-01_30d_d168_h3,868,core,2025-01-30T07:00:00Z,2025-01-30T08:00:00Z,2025-01-30,21.11,1.0,13237.0,0.724908340810001,2025-01-30T00:00:00Z,direct_ridge_90d_v1,0.0,15757.55169123407,0.7891991239227005
2025-01-01_30d_d168_h3,869,core,2025-01-30T08:00:00Z,2025-01-30T09:00:00Z,2025-01-30,20.58,1.0,12591.0,0.7238408109449612,2025-01-30T00:00:00Z,direct_ridge_90d_v1,0.0,15670.358274149865,0.7880171923798504
2025-01-01_30d_d168_h3,870,core,2025-01-30T09:00:00Z,2025-01-30T10:00:00Z,2025-01-30,19.07,1.0,12251.0,0.7469556049725841,2025-01-30T00:00:00Z,direct_ridge_90d_v1,0.0,15481.052846159542,0.7927395913165791
2025-01-01_30d_d168_h3,871,core,2025-01-30T10:00:00Z,2025-01-30T11:00:00Z,2025-01-30,20.22,1.0,11884.0,0.7748151461530925,2025-01-30T00:00:00Z,direct_ridge_90d_v1,0.0,15245.154664788068,0.7940099913315658
2025-01-01_30d_d168_h3,872,core,2025-01-30T11:00:00Z,2025-01-30T12:00:00Z,2025-01-30,23.42,1.0,11993.0,0.7837750900335506,2025-01-30T00:00:00Z,direct_ridge_90d_v1,0.0,15154.57293155582,0.7980425362094633
2025-01-01_30d_d168_h3,873,core,2025-01-30T12:00:00Z,2025-01-30T13:00:00Z,2025-01-30,29.75,1.0,12277.0,0.7908915742395171,2025-01-30T00:00:00Z,direct_ridge_90d_v1,1.3651444752392143,15217.785066694107,0.7987783086266345
2025-01-01_30d_d168_h3,874,core,2025-01-30T13:00:00Z,2025-01-30T14:00:00Z,2025-01-30,25.83,49.0,12800.0,0.7874337164988043,2025-01-30T00:00:00Z,direct_ridge_90d_v1,685.702508780583,15149.122744819024,0.7937919334283023
2025-01-01_30d_d168_h3,875,core,2025-01-30T14:00:00Z,2025-01-30T15:00:00Z,2025-01-30,22.54,3106.0,14054.0,0.6867075511671887,2025-01-30T00:00:00Z,direct_ridge_90d_v1,7643.177525284793,14387.338420553284,0.7292130962105521
2025-01-01_30d_d168_h3,876,core,2025-01-30T15:00:00Z,2025-01-30T16:00:00Z,2025-01-30,21.97,8521.0,12860.0,0.5860699389318041,2025-01-30T00:00:00Z,direct_ridge_90d_v1,13841.418662995582,13032.252821738106,0.6165309600359417
2025-01-01_30d_d168_h3,877,core,2025-01-30T16:00:00Z,2025-01-30T17:00:00Z,2025-01-30,21.36,10414.0,13396.0,0.5589907674417606,2025-01-30T00:00:00Z,direct_ridge_90d_v1,15155.925603237449,12799.66142859091,0.5787126439087193
2025-01-01_30d_d168_h3,878,core,2025-01-30T17:00:00Z,2025-01-30T18:00:00Z,2025-01-30,17.16,11546.0,16408.0,0.47093112241843804,2025-01-30T00:00:00Z,direct_ridge_90d_v1,15370.060891866106,12866.213006634849,0.5605655550982482
2025-01-01_30d_d168_h3,879,core,2025-01-30T18:00:00Z,2025-01-30T19:00:00Z,2025-01-30,15.71,11271.0,19320.0,0.40457963526398744,2025-01-30T00:00:00Z,direct_ridge_90d_v1,15449.112381732055,12742.909496870569,0.5492805428915365
2025-01-01_30d_d168_h3,880,core,2025-01-30T19:00:00Z,2025-01-30T20:00:00Z,2025-01-30,12.69,10791.0,21033.0,0.37434990609564495,2025-01-30T00:00:00Z,direct_ridge_90d_v1,15406.946310890073,12479.124129455551,0.5565429227130845
2025-01-01_30d_d168_h3,881,core,2025-01-30T20:00:00Z,2025-01-30T21:00:00Z,2025-01-30,11.45,10082.0,21569.0,0.3819791547270933,2025-01-30T00:00:00Z,direct_ridge_90d_v1,15387.173057815027,12027.668900406385,0.5691380590316422
2025-01-01_30d_d168_h3,882,core,2025-01-30T21:00:00Z,2025-01-30T22:00:00Z,2025-01-30,10.43,8349.0,21325.0,0.419193181403522,2025-01-30T00:00:00Z,direct_ridge_90d_v1,14461.176382179814,11454.86072166628,0.5861290985604163
2025-01-01_30d_d168_h3,883,core,2025-01-30T22:00:00Z,2025-01-30T23:00:00Z,2025-01-30,16.29,5716.0,21177.0,0.5001147899188846,2025-01-30T00:00:00Z,direct_ridge_90d_v1,9513.244581427649,11197.3565981705,0.6923215146839009
2025-01-01_30d_d168_h3,884,core,2025-01-30T23:00:00Z,2025-01-31T00:00:00Z,2025-01-30,22.66,2183.0,21585.0,0.6046174141103903,2025-01-30T00:00:00Z,direct_ridge_90d_v1,1778.0551444778916,11088.306641462885,0.8393100666183622
2025-01-01_30d_d168_h3,885,core,2025-01-31T00:00:00Z,2025-01-31T01:00:00Z,2025-01-30,25.68,40.0,21645.0,0.6235197373496644,2025-01-30T00:00:00Z,direct_ridge_90d_v1,4.97196010515821,12114.5989859188,0.8881332194412652
2025-01-01_30d_d168_h3,886,core,2025-01-31T01:00:00Z,2025-01-31T02:00:00Z,2025-01-30,24.57,0.0,21307.0,0.6479935341761279,2025-01-30T00:00:00Z,direct_ridge_90d_v1,12.155098615372596,13838.126345711531,0.8780906031209609
2025-01-01_30d_d168_h3,887,core,2025-01-31T02:00:00Z,2025-01-31T03:00:00Z,2025-01-30,21.49,1.0,22163.0,0.6391075614222878,2025-01-30T00:00:00Z,direct_ridge_90d_v1,0.0,14999.596226062706,0.8554129045990975
2025-01-01_30d_d168_h3,888,core,2025-01-31T03:00:00Z,2025-01-31T04:00:00Z,2025-01-30,19.4,1.0,22366.0,0.6136658969066222,2025-01-30T00:00:00Z,direct_ridge_90d_v1,0.0,15812.095493799632,0.8341412933085206
2025-01-01_30d_d168_h3,889,core,2025-01-31T04:00:00Z,2025-01-31T05:00:00Z,2025-01-30,19.22,1.0,22205.0,0.5918786802088497,2025-01-30T00:00:00Z,direct_ridge_90d_v1,0.0,16064.38728555516,0.8268970808056202
2025-01-01_30d_d168_h3,890,core,2025-01-31T05:00:00Z,2025-01-31T06:00:00Z,2025-01-30,18.27,1.0,21885.0,0.5768878145718745,2025-01-30T00:00:00Z,direct_ridge_90d_v1,0.0,16145.44177913763,0.8146732922482534
2025-01-01_30d_d168_h3,891,settlement_tail,2025-01-31T06:00:00Z,2025-01-31T07:00:00Z,2025-01-31,15.1,1.0,21804.0,0.569054972621999,2025-01-31T00:00:00Z,direct_ridge_90d_v1,0.0,15983.627613445571,0.7945833761606874
2025-01-01_30d_d168_h3,892,settlement_tail,2025-01-31T07:00:00Z,2025-01-31T08:00:00Z,2025-01-31,14.9,1.0,21402.0,0.5752928147256994,2025-01-31T00:00:00Z,direct_ridge_90d_v1,0.0,15677.492787494988,0.803937115256441
2025-01-01_30d_d168_h3,893,settlement_tail,2025-01-31T08:00:00Z,2025-01-31T09:00:00Z,2025-01-31,14.18,0.0,21447.0,0.5720056765762851,2025-01-31T00:00:00Z,direct_ridge_90d_v1,0.0,15690.549365546092,0.803232280783435
2025-01-01_30d_d168_h3,894,settlement_tail,2025-01-31T09:00:00Z,2025-01-31T10:00:00Z,2025-01-31,15.19,1.0,21669.0,0.5633922302946421,2025-01-31T00:00:00Z,direct_ridge_90d_v1,0.0,15646.737803740765,0.8043621655745515
2025-01-01_30d_d168_h3,895,settlement_tail,2025-01-31T10:00:00Z,2025-01-31T11:00:00Z,2025-01-31,16.08,1.0,21798.0,0.5722102154424286,2025-01-31T00:00:00Z,direct_ridge_90d_v1,0.0,15398.945864903211,0.8079633490004303
2025-01-01_30d_d168_h3,896,settlement_tail,2025-01-31T11:00:00Z,2025-01-31T12:00:00Z,2025-01-31,18.14,1.0,21947.0,0.5913980930556669,2025-01-31T00:00:00Z,direct_ridge_90d_v1,0.0,15337.10428210677,0.8106710471823126
2025-01-01_30d_d168_h3,897,settlement_tail,2025-01-31T12:00:00Z,2025-01-31T13:00:00Z,2025-01-31,24.41,1.0,22400.0,0.6196331301205331,2025-01-31T00:00:00Z,direct_ridge_90d_v1,1.283872586536082,15477.428433078476,0.8059999907306055
2025-01-01_30d_d168_h3,898,settlement_tail,2025-01-31T13:00:00Z,2025-01-31T14:00:00Z,2025-01-31,25.39,573.0,22969.0,0.6116538474521509,2025-01-31T00:00:00Z,direct_ridge_90d_v1,379.87862702932193,15371.049787936636,0.7974665539587444
2025-01-01_30d_d168_h3,899,settlement_tail,2025-01-31T14:00:00Z,2025-01-31T15:00:00Z,2025-01-31,18.43,9317.0,22099.0,0.4596478235602166,2025-01-31T00:00:00Z,direct_ridge_90d_v1,5671.443638720707,14415.163690169782,0.7247009374658493
2025-01-01_30d_d168_h3,900,settlement_tail,2025-01-31T15:00:00Z,2025-01-31T16:00:00Z,2025-01-31,10.49,18278.0,18466.0,0.32941630158319274,2025-01-31T00:00:00Z,direct_ridge_90d_v1,11510.130445263014,13192.900640441754,0.6097968067171196
2025-01-01_30d_d168_h3,901,settlement_tail,2025-01-31T16:00:00Z,2025-01-31T17:00:00Z,2025-01-31,7.36,17700.0,17319.0,0.3193997086730625,2025-01-31T00:00:00Z,direct_ridge_90d_v1,13221.147945396953,12873.758237479338,0.5784310752309052
2025-01-01_30d_d168_h3,902,settlement_tail,2025-01-31T17:00:00Z,2025-01-31T18:00:00Z,2025-01-31,5.64,15263.0,17776.0,0.33127747884111486,2025-01-31T00:00:00Z,direct_ridge_90d_v1,13605.670809185242,12792.311858808307,0.5602235663621222
2025-01-01_30d_d168_h3,903,settlement_tail,2025-01-31T18:00:00Z,2025-01-31T19:00:00Z,2025-01-31,5.21,14418.0,17215.0,0.34524799890186836,2025-01-31T00:00:00Z,direct_ridge_90d_v1,13723.302542445315,12651.88568246641,0.550399320499488
2025-01-01_30d_d168_h3,904,settlement_tail,2025-01-31T19:00:00Z,2025-01-31T20:00:00Z,2025-01-31,5.96,14337.0,16040.0,0.35704132155329404,2025-01-31T00:00:00Z,direct_ridge_90d_v1,13641.879929702836,12326.302058098636,0.557719641488115
2025-01-01_30d_d168_h3,905,settlement_tail,2025-01-31T20:00:00Z,2025-01-31T21:00:00Z,2025-01-31,10.47,14785.0,14179.0,0.3751586006648648,2025-01-31T00:00:00Z,direct_ridge_90d_v1,13469.650794298874,11934.107784601918,0.5686677449468726
2025-01-01_30d_d168_h3,906,settlement_tail,2025-01-31T21:00:00Z,2025-01-31T22:00:00Z,2025-01-31,16.43,15143.0,11633.0,0.4185760232471979,2025-01-31T00:00:00Z,direct_ridge_90d_v1,12634.492351462117,11377.0952635819,0.5838622642220817
2025-01-01_30d_d168_h3,907,settlement_tail,2025-01-31T22:00:00Z,2025-01-31T23:00:00Z,2025-01-31,23.2,13156.0,8283.0,0.5249168249190419,2025-01-31T00:00:00Z,direct_ridge_90d_v1,8275.532212599066,11136.960281966876,0.6807314786775481
2025-01-01_30d_d168_h3,908,settlement_tail,2025-01-31T23:00:00Z,2025-02-01T00:00:00Z,2025-01-31,42.23,5537.0,4561.0,0.7919504840458372,2025-01-31T00:00:00Z,direct_ridge_90d_v1,1551.3679581478775,10972.40683559137,0.8384313991941201
2025-01-01_30d_d168_h3,909,settlement_tail,2025-02-01T00:00:00Z,2025-02-01T01:00:00Z,2025-01-31,51.25,78.0,2069.0,1.00120428193614,2025-01-31T00:00:00Z,direct_ridge_90d_v1,25.112465541108975,11900.786420794439,0.8904609930037137
2025-01-01_30d_d168_h3,910,settlement_tail,2025-02-01T01:00:00Z,2025-02-01T02:00:00Z,2025-01-31,49.43,0.0,1444.0,1.0145626025187604,2025-01-31T00:00:00Z,direct_ridge_90d_v1,8.359887425810246,13726.743155956621,0.8809220697789962
2025-01-01_30d_d168_h3,911,settlement_tail,2025-02-01T02:00:00Z,2025-02-01T03:00:00Z,2025-01-31,44.64,0.0,1506.0,1.0159746583735147,2025-01-31T00:00:00Z,direct_ridge_90d_v1,0.0,14800.149755666607,0.8604813186762945
2025-01-01_30d_d168_h3,912,settlement_tail,2025-02-01T03:00:00Z,2025-02-01T04:00:00Z,2025-01-31,35.76,0.0,1655.0,1.0191995171241226,2025-01-31T00:00:00Z,direct_ridge_90d_v1,0.0,15601.439607338629,0.8457555544807875
2025-01-01_30d_d168_h3,913,settlement_tail,2025-02-01T04:00:00Z,2025-02-01T05:00:00Z,2025-01-31,28.89,0.0,2192.0,1.0324806928449024,2025-01-31T00:00:00Z,direct_ridge_90d_v1,0.0,16073.478478993067,0.8382811842768374
2025-01-01_30d_d168_h3,914,settlement_tail,2025-02-01T05:00:00Z,2025-02-01T06:00:00Z,2025-01-31,25.85,0.0,3461.0,1.013285674562344,2025-01-31T00:00:00Z,direct_ridge_90d_v1,0.0,16503.36644204929,0.8201971572803382
2025-01-01_30d_d168_h3,915,settlement_tail,2025-02-01T06:00:00Z,2025-02-01T07:00:00Z,2025-02-01,32.43,0.0,4707.0,0.9831793285976241,2025-02-01T00:00:00Z,direct_ridge_90d_v1,0.0,16828.151017300857,0.7869205749773427
2025-01-01_30d_d168_h3,916,settlement_tail,2025-02-01T07:00:00Z,2025-02-01T08:00:00Z,2025-02-01,27.6,0.0,5982.0,0.952297759419398,2025-02-01T00:00:00Z,direct_ridge_90d_v1,0.0,16579.028931784887,0.7923761586086093
2025-01-01_30d_d168_h3,917,settlement_tail,2025-02-01T08:00:00Z,2025-02-01T09:00:00Z,2025-02-01,26.19,1.0,7459.0,0.8953931467815144,2025-02-01T00:00:00Z,direct_ridge_90d_v1,0.0,16470.6997853079,0.7930661429676001
2025-01-01_30d_d168_h3,918,settlement_tail,2025-02-01T09:00:00Z,2025-02-01T10:00:00Z,2025-02-01,24.98,1.0,9356.0,0.8455983415582101,2025-02-01T00:00:00Z,direct_ridge_90d_v1,0.0,16174.313113621789,0.7973172751202979
2025-01-01_30d_d168_h3,919,settlement_tail,2025-02-01T10:00:00Z,2025-02-01T11:00:00Z,2025-02-01,26.13,1.0,10530.0,0.8208059193411823,2025-02-01T00:00:00Z,direct_ridge_90d_v1,0.0,15853.465869157984,0.8085578652959241
2025-01-01_30d_d168_h3,920,settlement_tail,2025-02-01T11:00:00Z,2025-02-01T12:00:00Z,2025-02-01,23.77,1.0,11103.0,0.8196976681546136,2025-02-01T00:00:00Z,direct_ridge_90d_v1,0.0,15720.352635298446,0.8154487077341377
2025-01-01_30d_d168_h3,921,settlement_tail,2025-02-01T12:00:00Z,2025-02-01T13:00:00Z,2025-02-01,25.08,1.0,11430.0,0.8183991421184702,2025-02-01T00:00:00Z,direct_ridge_90d_v1,1.388007172770228,15703.699777508282,0.813078732352168
2025-01-01_30d_d168_h3,922,settlement_tail,2025-02-01T13:00:00Z,2025-02-01T14:00:00Z,2025-02-01,23.12,941.0,12438.0,0.7955068185092249,2025-02-01T00:00:00Z,direct_ridge_90d_v1,354.85391452256846,15520.052717313914,0.80515703431865
2025-01-01_30d_d168_h3,923,settlement_tail,2025-02-01T14:00:00Z,2025-02-01T15:00:00Z,2025-02-01,18.3,11725.0,13917.0,0.539452758033027,2025-02-01T00:00:00Z,direct_ridge_90d_v1,5359.703320936042,14489.006868955537,0.7483118862809238
2025-01-01_30d_d168_h3,924,settlement_tail,2025-02-01T15:00:00Z,2025-02-01T16:00:00Z,2025-02-01,10.6,21187.0,12377.0,0.3420382935953478,2025-02-01T00:00:00Z,direct_ridge_90d_v1,11877.688122674434,13161.305625451063,0.6366870062803285
2025-01-01_30d_d168_h3,925,settlement_tail,2025-02-01T16:00:00Z,2025-02-01T17:00:00Z,2025-02-01,7.23,21896.0,11894.0,0.3212788493538724,2025-02-01T00:00:00Z,direct_ridge_90d_v1,13841.993667045068,12680.2102462681,0.6062992826695203
2025-01-01_30d_d168_h3,926,settlement_tail,2025-02-01T17:00:00Z,2025-02-01T18:00:00Z,2025-02-01,5.01,19300.0,14126.0,0.3011053897318334,2025-02-01T00:00:00Z,direct_ridge_90d_v1,14169.854890095932,12273.814122326607,0.5917403139552799
2025-01-01_30d_d168_h3,927,settlement_tail,2025-02-01T18:00:00Z,2025-02-01T19:00:00Z,2025-02-01,3.42,16489.0,15800.0,0.30349550717471574,2025-02-01T00:00:00Z,direct_ridge_90d_v1,14175.817967640298,11911.99485717184,0.5853920180353074
2025-01-01_30d_d168_h3,928,settlement_tail,2025-02-01T19:00:00Z,2025-02-01T20:00:00Z,2025-02-01,2.51,15526.0,16565.0,0.3074642386144466,2025-02-01T00:00:00Z,direct_ridge_90d_v1,14080.76251261784,11550.074582659985,0.5932074216763514
2025-01-01_30d_d168_h3,929,settlement_tail,2025-02-01T20:00:00Z,2025-02-01T21:00:00Z,2025-02-01,1.18,14105.0,17414.0,0.31325348729130065,2025-02-01T00:00:00Z,direct_ridge_90d_v1,13876.475395268442,11162.971132873075,0.5943953554925963
2025-01-01_30d_d168_h3,930,settlement_tail,2025-02-01T21:00:00Z,2025-02-01T22:00:00Z,2025-02-01,2.2,13053.0,18051.0,0.31941604063070433,2025-02-01T00:00:00Z,direct_ridge_90d_v1,13086.011938408541,10687.813587860073,0.6011308482500065
2025-01-01_30d_d168_h3,931,settlement_tail,2025-02-01T22:00:00Z,2025-02-01T23:00:00Z,2025-02-01,7.99,10760.0,18766.0,0.3449860114454867,2025-02-01T00:00:00Z,direct_ridge_90d_v1,8693.968481696367,10592.79352862101,0.6922811785037949
2025-01-01_30d_d168_h3,932,settlement_tail,2025-02-01T23:00:00Z,2025-02-02T00:00:00Z,2025-02-01,30.85,4228.0,19425.0,0.4711388668307264,2025-02-01T00:00:00Z,direct_ridge_90d_v1,1751.15042429543,10653.879239237856,0.8395858785227216
2025-01-01_30d_d168_h3,933,settlement_tail,2025-02-02T00:00:00Z,2025-02-02T01:00:00Z,2025-02-01,26.09,78.0,21881.0,0.5374371977375859,2025-02-01T00:00:00Z,direct_ridge_90d_v1,40.76048833100627,11952.352289854183,0.8867489008269174
2025-01-01_30d_d168_h3,934,settlement_tail,2025-02-02T01:00:00Z,2025-02-02T02:00:00Z,2025-02-01,21.63,0.0,24508.0,0.48325603308230397,2025-02-01T00:00:00Z,direct_ridge_90d_v1,6.948416384439026,13812.071648855574,0.8769173178311659
2025-01-01_30d_d168_h3,935,settlement_tail,2025-02-02T02:00:00Z,2025-02-02T03:00:00Z,2025-02-01,20.36,1.0,25236.0,0.4587362615159399,2025-02-01T00:00:00Z,direct_ridge_90d_v1,0.0,14986.138656966104,0.8585396367544516
2025-01-01_30d_d168_h3,936,settlement_tail,2025-02-02T03:00:00Z,2025-02-02T04:00:00Z,2025-02-01,18.18,1.0,25466.0,0.44783161640530234,2025-02-01T00:00:00Z,direct_ridge_90d_v1,0.0,16107.054952336597,0.8414056501222795
2025-01-01_30d_d168_h3,937,settlement_tail,2025-02-02T04:00:00Z,2025-02-02T05:00:00Z,2025-02-01,17.92,1.0,25880.0,0.4254517900229182,2025-02-01T00:00:00Z,direct_ridge_90d_v1,0.0,16816.232521691978,0.8314632019379501
2025-01-01_30d_d168_h3,938,settlement_tail,2025-02-02T05:00:00Z,2025-02-02T06:00:00Z,2025-02-01,15.69,1.0,26087.0,0.40638161778279636,2025-02-01T00:00:00Z,direct_ridge_90d_v1,0.0,17534.978829017266,0.8061899274312309
2025-01-01_30d_d168_h3,939,settlement_tail,2025-02-02T06:00:00Z,2025-02-02T07:00:00Z,2025-02-02,15.69,1.0,26198.0,0.3864035545968773,2025-02-02T00:00:00Z,direct_ridge_90d_v1,0.0,17409.426136079335,0.7303062309132969
2025-01-01_30d_d168_h3,940,settlement_tail,2025-02-02T07:00:00Z,2025-02-02T08:00:00Z,2025-02-02,14.0,1.0,25926.0,0.39043202649639497,2025-02-02T00:00:00Z,direct_ridge_90d_v1,0.0,17283.89904635652,0.7273239961658634
2025-01-01_30d_d168_h3,941,settlement_tail,2025-02-02T08:00:00Z,2025-02-02T09:00:00Z,2025-02-02,13.8,1.0,25930.0,0.3785999612688931,2025-02-02T00:00:00Z,direct_ridge_90d_v1,0.0,17208.118362929956,0.7307502100960015
2025-01-01_30d_d168_h3,942,settlement_tail,2025-02-02T09:00:00Z,2025-02-02T10:00:00Z,2025-02-02,12.89,1.0,25153.0,0.3928813484367875,2025-02-02T00:00:00Z,direct_ridge_90d_v1,0.0,16818.440201268928,0.7432873400496746
2025-01-01_30d_d168_h3,943,settlement_tail,2025-02-02T10:00:00Z,2025-02-02T11:00:00Z,2025-02-02,14.09,1.0,24480.0,0.42218905729980233,2025-02-02T00:00:00Z,direct_ridge_90d_v1,0.0,16453.97780537985,0.7697715588922469
2025-01-01_30d_d168_h3,944,settlement_tail,2025-02-02T11:00:00Z,2025-02-02T12:00:00Z,2025-02-02,16.9,1.0,23919.0,0.46720633878065837,2025-02-02T00:00:00Z,direct_ridge_90d_v1,0.0,16104.569569467967,0.791027653723332
2025-01-01_30d_d168_h3,945,settlement_tail,2025-02-02T12:00:00Z,2025-02-02T13:00:00Z,2025-02-02,20.23,1.0,22342.0,0.5198133945250165,2025-02-02T00:00:00Z,direct_ridge_90d_v1,1.3601404806639945,15774.753381007884,0.7929750901489057
2025-01-01_30d_d168_h3,946,settlement_tail,2025-02-02T13:00:00Z,2025-02-02T14:00:00Z,2025-02-02,21.65,820.0,20122.0,0.5832603498941686,2025-02-02T00:00:00Z,direct_ridge_90d_v1,480.52736532761605,15332.500118280517,0.788530398325182
2025-01-01_30d_d168_h3,947,settlement_tail,2025-02-02T14:00:00Z,2025-02-02T15:00:00Z,2025-02-02,11.48,11113.0,17243.0,0.4518907731572307,2025-02-02T00:00:00Z,direct_ridge_90d_v1,6214.935540916261,13805.102877082914,0.7442957070799887
2025-01-01_30d_d168_h3,948,settlement_tail,2025-02-02T15:00:00Z,2025-02-02T16:00:00Z,2025-02-02,7.64,21035.0,11240.0,0.3281773906301626,2025-02-02T00:00:00Z,direct_ridge_90d_v1,13305.328346394072,12130.927475288667,0.6540693224145481
2025-01-01_30d_d168_h3,949,settlement_tail,2025-02-02T16:00:00Z,2025-02-02T17:00:00Z,2025-02-02,9.32,22003.0,9368.0,0.3226111455562055,2025-02-02T00:00:00Z,direct_ridge_90d_v1,15095.76170759408,11289.714557742815,0.6372895615284734
2025-01-01_30d_d168_h3,950,settlement_tail,2025-02-02T17:00:00Z,2025-02-02T18:00:00Z,2025-02-02,14.36,20981.0,9285.0,0.3264750055123964,2025-02-02T00:00:00Z,direct_ridge_90d_v1,15101.405370379975,10347.472256466217,0.6297264351197442
2025-01-01_30d_d168_h3,951,settlement_tail,2025-02-02T18:00:00Z,2025-02-02T19:00:00Z,2025-02-02,13.49,20320.0,9033.0,0.33635115346976796,2025-02-02T00:00:00Z,direct_ridge_90d_v1,14883.24562259416,9616.567709599789,0.6358197880380263
2025-01-01_30d_d168_h3,952,settlement_tail,2025-02-02T19:00:00Z,2025-02-02T20:00:00Z,2025-02-02,12.99,20466.0,9525.0,0.3341382225648346,2025-02-02T00:00:00Z,direct_ridge_90d_v1,14715.608583337475,8996.077637173268,0.6442891233425524
2025-01-01_30d_d168_h3,953,settlement_tail,2025-02-02T20:00:00Z,2025-02-02T21:00:00Z,2025-02-02,8.21,19453.0,11251.0,0.3285313716245218,2025-02-02T00:00:00Z,direct_ridge_90d_v1,14514.77774548456,8773.910712302764,0.6322688838138881
2025-01-01_30d_d168_h3,954,settlement_tail,2025-02-02T21:00:00Z,2025-02-02T22:00:00Z,2025-02-02,4.38,17747.0,13404.0,0.3329908075973218,2025-02-02T00:00:00Z,direct_ridge_90d_v1,13709.998231863183,8739.114531462725,0.6361438632722014
2025-01-01_30d_d168_h3,955,settlement_tail,2025-02-02T22:00:00Z,2025-02-02T23:00:00Z,2025-02-02,13.89,15347.0,15220.0,0.3541780803119248,2025-02-02T00:00:00Z,direct_ridge_90d_v1,9041.463025309029,8961.126837812264,0.7463444806692674
2025-01-01_30d_d168_h3,956,settlement_tail,2025-02-02T23:00:00Z,2025-02-03T00:00:00Z,2025-02-02,39.29,5420.0,16640.0,0.5184408433170236,2025-02-02T00:00:00Z,direct_ridge_90d_v1,1883.1486365520336,9404.408171825175,0.8603587428640458
2025-01-01_30d_d168_h3,957,settlement_tail,2025-02-03T00:00:00Z,2025-02-03T01:00:00Z,2025-02-02,33.89,94.0,19158.0,0.6113591987592489,2025-02-02T00:00:00Z,direct_ridge_90d_v1,30.437748570866425,11238.824197926842,0.8453321842231992
2025-01-01_30d_d168_h3,958,settlement_tail,2025-02-03T01:00:00Z,2025-02-03T02:00:00Z,2025-02-02,22.81,0.0,23895.0,0.5433058934726305,2025-02-02T00:00:00Z,direct_ridge_90d_v1,1.0720876053809787,13070.989732797489,0.8305235405009437
2025-01-01_30d_d168_h3,959,settlement_tail,2025-02-03T02:00:00Z,2025-02-03T03:00:00Z,2025-02-02,16.99,1.0,26165.0,0.5003707375568417,2025-02-02T00:00:00Z,direct_ridge_90d_v1,0.0,14629.795775048815,0.8056910540517743
2025-01-01_30d_d168_h3,960,settlement_tail,2025-02-03T03:00:00Z,2025-02-03T04:00:00Z,2025-02-02,16.01,1.0,26252.0,0.4813926302701905,2025-02-02T00:00:00Z,direct_ridge_90d_v1,0.0,16145.12883762726,0.7718606721808389
2025-01-01_30d_d168_h3,961,settlement_tail,2025-02-03T04:00:00Z,2025-02-03T05:00:00Z,2025-02-02,15.26,1.0,26108.0,0.44662602187793854,2025-02-02T00:00:00Z,direct_ridge_90d_v1,0.0,17114.231540558838,0.7516711236547151
2025-01-01_30d_d168_h3,962,settlement_tail,2025-02-03T05:00:00Z,2025-02-03T06:00:00Z,2025-02-02,12.78,1.0,26284.0,0.4092476488057134,2025-02-02T00:00:00Z,direct_ridge_90d_v1,0.0,17879.92202808642,0.7234891536744625
2025-01-01_30d_d168_h3,963,settlement_tail,2025-02-03T06:00:00Z,2025-02-03T07:00:00Z,2025-02-03,8.59,1.0,26104.0,0.3824078329591848,2025-02-03T00:00:00Z,direct_ridge_90d_v1,0.0,15271.397144015858,0.7664011701120103
2025-01-01_30d_d168_h3,964,settlement_tail,2025-02-03T07:00:00Z,2025-02-03T08:00:00Z,2025-02-03,6.76,1.0,25400.0,0.37929731032610126,2025-02-03T00:00:00Z,direct_ridge_90d_v1,0.0,14975.901531072164,0.7592523835493313
2025-01-01_30d_d168_h3,965,settlement_tail,2025-02-03T08:00:00Z,2025-02-03T09:00:00Z,2025-02-03,5.12,1.0,24379.0,0.3897493298336762,2025-02-03T00:00:00Z,direct_ridge_90d_v1,0.0,14869.369921156022,0.7592534569017192
2025-01-01_30d_d168_h3,966,settlement_tail,2025-02-03T09:00:00Z,2025-02-03T10:00:00Z,2025-02-03,4.93,1.0,23799.0,0.394420034258411,2025-02-03T00:00:00Z,direct_ridge_90d_v1,0.0,14528.159039899048,0.7738970470212585
2025-01-01_30d_d168_h3,967,settlement_tail,2025-02-03T10:00:00Z,2025-02-03T11:00:00Z,2025-02-03,8.15,1.0,23832.0,0.39708910832717353,2025-02-03T00:00:00Z,direct_ridge_90d_v1,0.0,14233.764603622232,0.7914523059147938
2025-01-01_30d_d168_h3,968,settlement_tail,2025-02-03T11:00:00Z,2025-02-03T12:00:00Z,2025-02-03,14.4,1.0,24811.0,0.4025027885880932,2025-02-03T00:00:00Z,direct_ridge_90d_v1,0.0,13896.272015389466,0.8105086104330141
2025-01-01_30d_d168_h3,969,settlement_tail,2025-02-03T12:00:00Z,2025-02-03T13:00:00Z,2025-02-03,20.58,1.0,24952.0,0.46242519987420194,2025-02-03T00:00:00Z,direct_ridge_90d_v1,2.0302825907138007,13638.466240693002,0.8120615185514075
2025-01-01_30d_d168_h3,970,settlement_tail,2025-02-03T13:00:00Z,2025-02-03T14:00:00Z,2025-02-03,23.11,456.0,23393.0,0.5106133738811817,2025-02-03T00:00:00Z,direct_ridge_90d_v1,471.31904331439557,13142.9918340473,0.8064193583862116
2025-01-01_30d_d168_h3,971,settlement_tail,2025-02-03T14:00:00Z,2025-02-03T15:00:00Z,2025-02-03,13.19,7538.0,20294.0,0.45558427153766273,2025-02-03T00:00:00Z,direct_ridge_90d_v1,5476.952159368962,11807.874226547476,0.7688832058672255
2025-01-01_30d_d168_h3,972,settlement_tail,2025-02-03T15:00:00Z,2025-02-03T16:00:00Z,2025-02-03,7.9,15265.0,15393.0,0.38630914056723537,2025-02-03T00:00:00Z,direct_ridge_90d_v1,12264.546204460172,10111.141018659848,0.6911717265826616
2025-01-01_30d_d168_h3,973,settlement_tail,2025-02-03T16:00:00Z,2025-02-03T17:00:00Z,2025-02-03,10.52,17221.0,11782.0,0.42995918819386836,2025-02-03T00:00:00Z,direct_ridge_90d_v1,14255.877792525145,9709.890663360422,0.6727968431855997
2025-01-01_30d_d168_h3,974,settlement_tail,2025-02-03T17:00:00Z,2025-02-03T18:00:00Z,2025-02-03,16.07,18290.0,10009.0,0.45729478755581754,2025-02-03T00:00:00Z,direct_ridge_90d_v1,14628.375650907225,9310.095761598444,0.6668683987623807
2025-01-01_30d_d168_h3,975,settlement_tail,2025-02-03T18:00:00Z,2025-02-03T19:00:00Z,2025-02-03,18.66,18595.0,9302.0,0.458858770403556,2025-02-03T00:00:00Z,direct_ridge_90d_v1,14579.469145896473,9077.4440938567,0.6652456945966146
2025-01-01_30d_d168_h3,976,settlement_tail,2025-02-03T19:00:00Z,2025-02-03T20:00:00Z,2025-02-03,19.62,18873.0,8746.0,0.47648853444629374,2025-02-03T00:00:00Z,direct_ridge_90d_v1,14352.278899067247,9088.748488108211,0.6636959291319584
2025-01-01_30d_d168_h3,977,settlement_tail,2025-02-03T20:00:00Z,2025-02-03T21:00:00Z,2025-02-03,21.12,19337.0,9266.0,0.45902502687364893,2025-02-03T00:00:00Z,direct_ridge_90d_v1,14198.993378673464,8916.205350084894,0.6548142200935717
2025-01-01_30d_d168_h3,978,settlement_tail,2025-02-03T21:00:00Z,2025-02-03T22:00:00Z,2025-02-03,21.51,19159.0,9177.0,0.4742190146503141,2025-02-03T00:00:00Z,direct_ridge_90d_v1,13248.440579939306,8861.836303312608,0.664417324857478
2025-01-01_30d_d168_h3,979,settlement_tail,2025-02-03T22:00:00Z,2025-02-03T23:00:00Z,2025-02-03,20.33,15481.0,9090.0,0.5686096639992442,2025-02-03T00:00:00Z,direct_ridge_90d_v1,9266.135214830412,9108.06509177218,0.7528604467407267
2025-01-01_30d_d168_h3,980,settlement_tail,2025-02-03T23:00:00Z,2025-02-04T00:00:00Z,2025-02-03,56.54,5017.0,9643.0,0.7681738642006707,2025-02-03T00:00:00Z,direct_ridge_90d_v1,2176.9201955356193,9540.674814549466,0.8738943670428314
2025-01-01_30d_d168_h3,981,settlement_tail,2025-02-04T00:00:00Z,2025-02-04T01:00:00Z,2025-02-03,44.84,80.0,12061.0,0.8139627155505404,2025-02-03T00:00:00Z,direct_ridge_90d_v1,41.060246002281055,9518.838876331636,0.8909479748091113
2025-01-01_30d_d168_h3,982,settlement_tail,2025-02-04T01:00:00Z,2025-02-04T02:00:00Z,2025-02-03,31.33,0.0,15124.0,0.7746448007282024,2025-02-03T00:00:00Z,direct_ridge_90d_v1,0.0,11323.870815515817,0.8653905721771755
2025-01-01_30d_d168_h3,983,settlement_tail,2025-02-04T02:00:00Z,2025-02-04T03:00:00Z,2025-02-03,25.11,0.0,17640.0,0.72613877374449,2025-02-03T00:00:00Z,direct_ridge_90d_v1,0.0,12686.552402094174,0.8421497277787081
2025-01-01_30d_d168_h3,984,settlement_tail,2025-02-04T03:00:00Z,2025-02-04T04:00:00Z,2025-02-03,17.74,0.0,20388.0,0.65134102072325,2025-02-03T00:00:00Z,direct_ridge_90d_v1,0.0,13805.708479424497,0.8108427594844972
2025-01-01_30d_d168_h3,985,settlement_tail,2025-02-04T04:00:00Z,2025-02-04T05:00:00Z,2025-02-03,23.44,1.0,22078.0,0.5806195577068485,2025-02-03T00:00:00Z,direct_ridge_90d_v1,0.0,14323.76203843899,0.7916357388810907
2025-01-01_30d_d168_h3,986,settlement_tail,2025-02-04T05:00:00Z,2025-02-04T06:00:00Z,2025-02-03,18.46,1.0,22679.0,0.5220986541161574,2025-02-03T00:00:00Z,direct_ridge_90d_v1,0.0,14308.215765832307,0.774836431092615
2025-01-01_30d_d168_h3,987,settlement_tail,2025-02-04T06:00:00Z,2025-02-04T07:00:00Z,2025-02-04,16.62,0.0,22878.0,0.4963025039080407,2025-02-04T00:00:00Z,direct_ridge_90d_v1,0.0,17525.414824504627,0.7194212249345207
2025-01-01_30d_d168_h3,988,settlement_tail,2025-02-04T07:00:00Z,2025-02-04T08:00:00Z,2025-02-04,16.12,0.0,22557.0,0.4925255484792472,2025-02-04T00:00:00Z,direct_ridge_90d_v1,0.0,17362.75464701504,0.7132039223031277
2025-01-01_30d_d168_h3,989,settlement_tail,2025-02-04T08:00:00Z,2025-02-04T09:00:00Z,2025-02-04,16.76,0.0,21105.0,0.5056093648583921,2025-02-04T00:00:00Z,direct_ridge_90d_v1,0.0,17278.69570139319,0.7144675250410687
2025-01-01_30d_d168_h3,990,settlement_tail,2025-02-04T09:00:00Z,2025-02-04T10:00:00Z,2025-02-04,18.78,0.0,18702.0,0.5738584607960626,2025-02-04T00:00:00Z,direct_ridge_90d_v1,0.0,16907.561162851784,0.7248680890628276
2025-01-01_30d_d168_h3,991,settlement_tail,2025-02-04T10:00:00Z,2025-02-04T11:00:00Z,2025-02-04,19.08,0.0,17623.0,0.6153359207117828,2025-02-04T00:00:00Z,direct_ridge_90d_v1,0.0,16585.747914462256,0.7544899949807389
2025-01-01_30d_d168_h3,992,settlement_tail,2025-02-04T11:00:00Z,2025-02-04T12:00:00Z,2025-02-04,26.95,1.0,16627.0,0.6691412759350117,2025-02-04T00:00:00Z,direct_ridge_90d_v1,0.0,16233.787493996735,0.7837288111055486
2025-01-01_30d_d168_h3,993,settlement_tail,2025-02-04T12:00:00Z,2025-02-04T13:00:00Z,2025-02-04,28.12,1.0,15768.0,0.7111770167974925,2025-02-04T00:00:00Z,direct_ridge_90d_v1,1.3814826891363405,16000.778396748388,0.7891657619183844
2025-01-01_30d_d168_h3,994,settlement_tail,2025-02-04T13:00:00Z,2025-02-04T14:00:00Z,2025-02-04,30.94,173.0,14796.0,0.7652447021432107,2025-02-04T00:00:00Z,direct_ridge_90d_v1,585.3973523120533,15573.247520658222,0.7877109216325752
2025-01-01_30d_d168_h3,995,settlement_tail,2025-02-04T14:00:00Z,2025-02-04T15:00:00Z,2025-02-04,28.49,3983.0,13210.0,0.714782399470962,2025-02-04T00:00:00Z,direct_ridge_90d_v1,5956.392827841546,14331.769061635772,0.7466796981912033
2025-01-01_30d_d168_h3,996,settlement_tail,2025-02-04T15:00:00Z,2025-02-04T16:00:00Z,2025-02-04,28.13,8621.0,10970.0,0.6908323023479112,2025-02-04T00:00:00Z,direct_ridge_90d_v1,12283.613266837743,12908.217852006579,0.6535815799029089
2025-01-01_30d_d168_h3,997,settlement_tail,2025-02-04T16:00:00Z,2025-02-04T17:00:00Z,2025-02-04,24.95,11005.0,9354.0,0.6823085841595478,2025-02-04T00:00:00Z,direct_ridge_90d_v1,14049.649556360899,12260.829610644432,0.6306947440823423
2025-01-01_30d_d168_h3,998,settlement_tail,2025-02-04T17:00:00Z,2025-02-04T18:00:00Z,2025-02-04,25.24,13181.0,8464.0,0.6555074286411012,2025-02-04T00:00:00Z,direct_ridge_90d_v1,14655.555270982457,11837.558593262176,0.627060611100875
2025-01-01_30d_d168_h3,999,settlement_tail,2025-02-04T18:00:00Z,2025-02-04T19:00:00Z,2025-02-04,24.24,14334.0,8022.0,0.6484939173447698,2025-02-04T00:00:00Z,direct_ridge_90d_v1,14764.028484012031,11174.670732780196,0.6331158166399927
2025-01-01_30d_d168_h3,1000,settlement_tail,2025-02-04T19:00:00Z,2025-02-04T20:00:00Z,2025-02-04,27.0,14750.0,7847.0,0.6527228441466417,2025-02-04T00:00:00Z,direct_ridge_90d_v1,14448.55124936904,10533.62606747276,0.6341711853720782
2025-01-01_30d_d168_h3,1001,settlement_tail,2025-02-04T20:00:00Z,2025-02-04T21:00:00Z,2025-02-04,24.62,14554.0,8508.0,0.6634190462142312,2025-02-04T00:00:00Z,direct_ridge_90d_v1,14121.688210866783,10221.640861081982,0.6289103945470524
2025-01-01_30d_d168_h3,1002,settlement_tail,2025-02-04T21:00:00Z,2025-02-04T22:00:00Z,2025-02-04,23.99,13987.0,8760.0,0.6841591583999335,2025-02-04T00:00:00Z,direct_ridge_90d_v1,12991.004198709948,10039.44965218091,0.637680303770216
2025-01-01_30d_d168_h3,1003,settlement_tail,2025-02-04T22:00:00Z,2025-02-04T23:00:00Z,2025-02-04,21.7,12861.0,9166.0,0.6747643900012181,2025-02-04T00:00:00Z,direct_ridge_90d_v1,9279.582519924097,10069.720477201186,0.7294954340543722
2025-01-01_30d_d168_h3,1004,settlement_tail,2025-02-04T23:00:00Z,2025-02-05T00:00:00Z,2025-02-04,37.91,4718.0,10358.0,0.7724247565818475,2025-02-04T00:00:00Z,direct_ridge_90d_v1,2545.2772942734728,9934.167679874441,0.8709788583604853
2025-01-01_30d_d168_h3,1005,settlement_tail,2025-02-05T00:00:00Z,2025-02-05T01:00:00Z,2025-02-04,36.3,105.0,11417.0,0.8146817769977386,2025-02-04T00:00:00Z,direct_ridge_90d_v1,20.42660693592574,9987.488776978926,0.8731978892115502
2025-01-01_30d_d168_h3,1006,settlement_tail,2025-02-05T01:00:00Z,2025-02-05T02:00:00Z,2025-02-04,31.0,0.0,12489.0,0.8329868327153614,2025-02-04T00:00:00Z,direct_ridge_90d_v1,0.7987147379013058,11330.632435032716,0.8555077212471256
2025-01-01_30d_d168_h3,1007,settlement_tail,2025-02-05T02:00:00Z,2025-02-05T03:00:00Z,2025-02-04,27.3,0.0,12389.0,0.8606203268556664,2025-02-04T00:00:00Z,direct_ridge_90d_v1,0.0,12421.723824513874,0.83908170727375
2025-01-01_30d_d168_h3,1008,settlement_tail,2025-02-05T03:00:00Z,2025-02-05T04:00:00Z,2025-02-04,25.36,0.0,11771.0,0.8731539791708014,2025-02-04T00:00:00Z,direct_ridge_90d_v1,0.0,13718.79673193787,0.8097705209027655
2025-01-01_30d_d168_h3,1009,settlement_tail,2025-02-05T04:00:00Z,2025-02-05T05:00:00Z,2025-02-04,23.41,0.0,10894.0,0.8839948567471324,2025-02-04T00:00:00Z,direct_ridge_90d_v1,0.0,14712.189169699996,0.7863702407463775
2025-01-01_30d_d168_h3,1010,settlement_tail,2025-02-05T05:00:00Z,2025-02-05T06:00:00Z,2025-02-04,22.87,0.0,9956.0,0.9032298346897103,2025-02-04T00:00:00Z,direct_ridge_90d_v1,0.0,15476.37281161194,0.7566570345031458
2025-01-01_30d_d168_h3,1011,settlement_tail,2025-02-05T06:00:00Z,2025-02-05T07:00:00Z,2025-02-05,23.24,0.0,10437.0,0.8943784590244321,2025-02-05T00:00:00Z,direct_ridge_90d_v1,0.0,15892.71763838211,0.779620830149079
2025-01-01_30d_d168_h3,1012,settlement_tail,2025-02-05T07:00:00Z,2025-02-05T08:00:00Z,2025-02-05,20.32,0.0,10790.0,0.8796495539887149,2025-02-05T00:00:00Z,direct_ridge_90d_v1,0.0,15531.766392328009,0.7730424039596606
2025-01-01_30d_d168_h3,1013,settlement_tail,2025-02-05T08:00:00Z,2025-02-05T09:00:00Z,2025-02-05,17.31,0.0,10539.0,0.858936015296733,2025-02-05T00:00:00Z,direct_ridge_90d_v1,0.0,15299.747445075425,0.772836834683945
2025-01-01_30d_d168_h3,1014,settlement_tail,2025-02-05T09:00:00Z,2025-02-05T10:00:00Z,2025-02-05,15.74,1.0,10442.0,0.8649021373527415,2025-02-05T00:00:00Z,direct_ridge_90d_v1,0.0,14823.083372339359,0.7908852657328493
2025-01-01_30d_d168_h3,1015,settlement_tail,2025-02-05T10:00:00Z,2025-02-05T11:00:00Z,2025-02-05,15.04,1.0,11454.0,0.8517648333722337,2025-02-05T00:00:00Z,direct_ridge_90d_v1,0.0,14610.65427664328,0.8045557256839798
2025-01-01_30d_d168_h3,1016,settlement_tail,2025-02-05T11:00:00Z,2025-02-05T12:00:00Z,2025-02-05,18.78,1.0,11831.0,0.8567157437752506,2025-02-05T00:00:00Z,direct_ridge_90d_v1,0.0,14303.070538697919,0.8218920518417376
2025-01-01_30d_d168_h3,1017,settlement_tail,2025-02-05T12:00:00Z,2025-02-05T13:00:00Z,2025-02-05,24.24,1.0,11162.0,0.8470310610992695,2025-02-05T00:00:00Z,direct_ridge_90d_v1,1.2750002446223514,14146.504783377299,0.8308922176996163
2025-01-01_30d_d168_h3,1018,settlement_tail,2025-02-05T13:00:00Z,2025-02-05T14:00:00Z,2025-02-05,24.11,115.0,11918.0,0.8399453730392377,2025-02-05T00:00:00Z,direct_ridge_90d_v1,395.7383247768743,13843.884984856393,0.8329819732443521
2025-01-01_30d_d168_h3,1019,settlement_tail,2025-02-05T14:00:00Z,2025-02-05T15:00:00Z,2025-02-05,20.29,2114.0,12755.0,0.7998740871526988,2025-02-05T00:00:00Z,direct_ridge_90d_v1,5237.4398172896135,12507.469905853814,0.7930981903805466
2025-01-01_30d_d168_h3,1020,settlement_tail,2025-02-05T15:00:00Z,2025-02-05T16:00:00Z,2025-02-05,15.52,5908.0,13556.0,0.709455134806167,2025-02-05T00:00:00Z,direct_ridge_90d_v1,11335.094882972564,10909.931592137234,0.7123329354411265
2025-01-01_30d_d168_h3,1021,settlement_tail,2025-02-05T16:00:00Z,2025-02-05T17:00:00Z,2025-02-05,13.86,9610.0,15497.0,0.5654161833532542,2025-02-05T00:00:00Z,direct_ridge_90d_v1,13302.579247475855,10891.039629780602,0.6845212933328662
2025-01-01_30d_d168_h3,1022,settlement_tail,2025-02-05T17:00:00Z,2025-02-05T18:00:00Z,2025-02-05,14.24,11703.0,17902.0,0.4663269640844338,2025-02-05T00:00:00Z,direct_ridge_90d_v1,14104.246101128312,10739.708014765692,0.6813003329109508
2025-01-01_30d_d168_h3,1023,settlement_tail,2025-02-05T18:00:00Z,2025-02-05T19:00:00Z,2025-02-05,14.47,12345.0,19044.0,0.4403370502631537,2025-02-05T00:00:00Z,direct_ridge_90d_v1,14224.893509221842,10558.920033095488,0.6809710613591253
2025-01-01_30d_d168_h3,1024,settlement_tail,2025-02-05T19:00:00Z,2025-02-05T20:00:00Z,2025-02-05,16.64,12884.0,19039.0,0.4225187188362123,2025-02-05T00:00:00Z,direct_ridge_90d_v1,13803.921085497239,10546.129270398382,0.6835720609509293
2025-01-01_30d_d168_h3,1025,settlement_tail,2025-02-05T20:00:00Z,2025-02-05T21:00:00Z,2025-02-05,18.54,12105.0,18904.0,0.4445308771898547,2025-02-05T00:00:00Z,direct_ridge_90d_v1,13467.863127407374,10240.65251557165,0.6776959582072376
2025-01-01_30d_d168_h3,1026,settlement_tail,2025-02-05T21:00:00Z,2025-02-05T22:00:00Z,2025-02-05,21.41,12007.0,18858.0,0.4505568853204887,2025-02-05T00:00:00Z,direct_ridge_90d_v1,12507.346469343078,10095.797237471896,0.6847616766822064
2025-01-01_30d_d168_h3,1027,settlement_tail,2025-02-05T22:00:00Z,2025-02-05T23:00:00Z,2025-02-05,24.97,10442.0,18887.0,0.48420656586957855,2025-02-05T00:00:00Z,direct_ridge_90d_v1,10002.95204734952,10328.505110105698,0.7813456960917081
2025-01-01_30d_d168_h3,1028,settlement_tail,2025-02-05T23:00:00Z,2025-02-06T00:00:00Z,2025-02-05,37.49,4379.0,19347.0,0.5924237404652835,2025-02-05T00:00:00Z,direct_ridge_90d_v1,3139.0910322288223,10883.98236353263,0.8902728184324363
2025-01-01_30d_d168_h3,1029,settlement_tail,2025-02-06T00:00:00Z,2025-02-06T01:00:00Z,2025-02-05,37.28,109.0,20387.0,0.6687017245203803,2025-02-05T00:00:00Z,direct_ridge_90d_v1,13.131850373624646,12493.792142606566,0.8917904734717862
2025-01-01_30d_d168_h3,1030,settlement_tail,2025-02-06T01:00:00Z,2025-02-06T02:00:00Z,2025-02-05,31.93,0.0,23555.0,0.5926158272749545,2025-02-05T00:00:00Z,direct_ridge_90d_v1,0.0,14226.122566370184,0.8762455231745881
2025-01-01_30d_d168_h3,1031,settlement_tail,2025-02-06T02:00:00Z,2025-02-06T03:00:00Z,2025-02-05,27.6,1.0,25223.0,0.566897618026817,2025-02-05T00:00:00Z,direct_ridge_90d_v1,0.0,15609.506693516561,0.8547560902026919
2025-01-01_30d_d168_h3,1032,settlement_tail,2025-02-06T03:00:00Z,2025-02-06T04:00:00Z,2025-02-05,24.77,1.0,25291.0,0.5580830939732745,2025-02-05T00:00:00Z,direct_ridge_90d_v1,0.0,16437.92340077743,0.8213135393138522
2025-01-01_30d_d168_h3,1033,settlement_tail,2025-02-06T04:00:00Z,2025-02-06T05:00:00Z,2025-02-05,22.68,1.0,24937.0,0.5360483565015906,2025-02-05T00:00:00Z,direct_ridge_90d_v1,0.0,16467.358273765698,0.8049478765656045
2025-01-01_30d_d168_h3,1034,settlement_tail,2025-02-06T05:00:00Z,2025-02-06T06:00:00Z,2025-02-05,20.53,1.0,24272.0,0.5196891361657558,2025-02-05T00:00:00Z,direct_ridge_90d_v1,0.0,16243.118327126005,0.7900514062024526
2025-01-01_30d_d168_h3,1035,settlement_tail,2025-02-06T06:00:00Z,2025-02-06T07:00:00Z,2025-02-06,18.09,1.0,23458.0,0.5087275036059449,2025-02-06T00:00:00Z,direct_ridge_90d_v1,0.0,16423.98324385923,0.7350226172496735
2025-01-01_30d_d168_h3,1036,settlement_tail,2025-02-06T07:00:00Z,2025-02-06T08:00:00Z,2025-02-06,17.28,1.0,22564.0,0.49783878631494016,2025-02-06T00:00:00Z,direct_ridge_90d_v1,0.0,16087.0251186413,0.7254576863349141
2025-01-01_30d_d168_h3,1037,settlement_tail,2025-02-06T08:00:00Z,2025-02-06T09:00:00Z,2025-02-06,17.17,1.0,22021.0,0.49358487089064296,2025-02-06T00:00:00Z,direct_ridge_90d_v1,0.0,15705.846096336478,0.7263096172950376
2025-01-01_30d_d168_h3,1038,settlement_tail,2025-02-06T09:00:00Z,2025-02-06T10:00:00Z,2025-02-06,18.97,1.0,21383.0,0.49188781216150773,2025-02-06T00:00:00Z,direct_ridge_90d_v1,0.0,15058.243316898663,0.7423850171975397
2025-01-01_30d_d168_h3,1039,settlement_tail,2025-02-06T10:00:00Z,2025-02-06T11:00:00Z,2025-02-06,21.07,1.0,21013.0,0.4958442823567943,2025-02-06T00:00:00Z,direct_ridge_90d_v1,0.0,14733.810553846411,0.7502704730425909
2025-01-01_30d_d168_h3,1040,settlement_tail,2025-02-06T11:00:00Z,2025-02-06T12:00:00Z,2025-02-06,26.46,1.0,20621.0,0.5297199358790302,2025-02-06T00:00:00Z,direct_ridge_90d_v1,0.0,14509.147525466758,0.7601749901835371
2025-01-01_30d_d168_h3,1041,settlement_tail,2025-02-06T12:00:00Z,2025-02-06T13:00:00Z,2025-02-06,29.8,1.0,18495.0,0.6015382326205015,2025-02-06T00:00:00Z,direct_ridge_90d_v1,1.43192843945786,14448.721705404429,0.7771907720780231
2025-01-01_30d_d168_h3,1042,settlement_tail,2025-02-06T13:00:00Z,2025-02-06T14:00:00Z,2025-02-06,29.32,324.0,17531.0,0.6594763012841145,2025-02-06T00:00:00Z,direct_ridge_90d_v1,410.350048314072,14276.749916999863,0.7772170430277683
2025-01-01_30d_d168_h3,1043,settlement_tail,2025-02-06T14:00:00Z,2025-02-06T15:00:00Z,2025-02-06,24.21,5929.0,15609.0,0.5866730152016837,2025-02-06T00:00:00Z,direct_ridge_90d_v1,5751.120606003252,13094.889097315303,0.7264314595204655
2025-01-01_30d_d168_h3,1044,settlement_tail,2025-02-06T15:00:00Z,2025-02-06T16:00:00Z,2025-02-06,20.34,13932.0,12499.0,0.4947657454033519,2025-02-06T00:00:00Z,direct_ridge_90d_v1,11761.020271205007,11475.41101010366,0.6484770317558236
2025-01-01_30d_d168_h3,1045,settlement_tail,2025-02-06T16:00:00Z,2025-02-06T17:00:00Z,2025-02-06,21.69,17104.0,9195.0,0.48959124291893635,2025-02-06T00:00:00Z,direct_ridge_90d_v1,13513.024255672786,11463.658220341602,0.6213894645656611
2025-01-01_30d_d168_h3,1046,settlement_tail,2025-02-06T17:00:00Z,2025-02-06T18:00:00Z,2025-02-06,24.36,17983.0,7489.0,0.5160806800130657,2025-02-06T00:00:00Z,direct_ridge_90d_v1,14265.69530203048,11423.430173174944,0.6184461557935352
2025-01-01_30d_d168_h3,1047,settlement_tail,2025-02-06T18:00:00Z,2025-02-06T19:00:00Z,2025-02-06,23.62,18543.0,6709.0,0.5307656627804894,2025-02-06T00:00:00Z,direct_ridge_90d_v1,14477.501909822595,11269.289510833734,0.617038958088006
2025-01-01_30d_d168_h3,1048,settlement_tail,2025-02-06T19:00:00Z,2025-02-06T20:00:00Z,2025-02-06,24.19,18582.0,6174.0,0.5713748765503467,2025-02-06T00:00:00Z,direct_ridge_90d_v1,14200.527763257905,11192.670090931613,0.6211500390038012
2025-01-01_30d_d168_h3,1049,settlement_tail,2025-02-06T20:00:00Z,2025-02-06T21:00:00Z,2025-02-06,21.73,18589.0,6219.0,0.5818640311181914,2025-02-06T00:00:00Z,direct_ridge_90d_v1,13998.382739562823,10911.061890806108,0.6221704684266627
2025-01-01_30d_d168_h3,1050,settlement_tail,2025-02-06T21:00:00Z,2025-02-06T22:00:00Z,2025-02-06,21.66,18635.0,6780.0,0.5779962584469305,2025-02-06T00:00:00Z,direct_ridge_90d_v1,13261.696933504078,10781.518713201196,0.6318880834367714
2025-01-01_30d_d168_h3,1051,settlement_tail,2025-02-06T22:00:00Z,2025-02-06T23:00:00Z,2025-02-06,24.07,15686.0,8219.0,0.6010238836326501,2025-02-06T00:00:00Z,direct_ridge_90d_v1,10748.207891643011,10951.863170322524,0.7281434443968959
2025-01-01_30d_d168_h3,1052,settlement_tail,2025-02-06T23:00:00Z,2025-02-07T00:00:00Z,2025-02-06,45.76,5618.0,9986.0,0.755370885486018,2025-02-06T00:00:00Z,direct_ridge_90d_v1,3435.636016087727,11412.937842530791,0.8390570913072286
2025-01-01_30d_d168_h3,1053,settlement_tail,2025-02-07T00:00:00Z,2025-02-07T01:00:00Z,2025-02-06,46.29,138.0,12682.0,0.7804561605717509,2025-02-06T00:00:00Z,direct_ridge_90d_v1,17.23159298062344,13132.619481640631,0.8450813232936758
2025-01-01_30d_d168_h3,1054,settlement_tail,2025-02-07T01:00:00Z,2025-02-07T02:00:00Z,2025-02-06,34.79,3.0,15797.0,0.7517079661473691,2025-02-06T00:00:00Z,direct_ridge_90d_v1,0.0,14777.402199924432,0.8317240430448364
2025-01-01_30d_d168_h3,1055,settlement_tail,2025-02-07T02:00:00Z,2025-02-07T03:00:00Z,2025-02-06,28.87,2.0,17404.0,0.7117093048889066,2025-02-06T00:00:00Z,direct_ridge_90d_v1,0.0,16160.350633708253,0.8093963084220336
2025-01-01_30d_d168_h3,1056,settlement_tail,2025-02-07T03:00:00Z,2025-02-07T04:00:00Z,2025-02-06,25.27,0.0,17092.0,0.7002574691279493,2025-02-06T00:00:00Z,direct_ridge_90d_v1,0.0,17187.137710271956,0.772712924844314
2025-01-01_30d_d168_h3,1057,settlement_tail,2025-02-07T04:00:00Z,2025-02-07T05:00:00Z,2025-02-06,23.62,0.0,15016.0,0.7355105098879476,2025-02-06T00:00:00Z,direct_ridge_90d_v1,0.0,17207.15843869469,0.755312289056898
2025-01-01_30d_d168_h3,1058,settlement_tail,2025-02-07T05:00:00Z,2025-02-07T06:00:00Z,2025-02-06,21.92,0.0,12255.0,0.7748932010471049,2025-02-06T00:00:00Z,direct_ridge_90d_v1,0.0,16934.536082453018,0.741586618019004
2025-01-01_30d_d168_h3,1059,settlement_tail,2025-02-07T06:00:00Z,2025-02-07T07:00:00Z,2025-02-07,23.31,0.0,10265.0,0.8098079528762392,2025-02-07T00:00:00Z,direct_ridge_90d_v1,0.0,15196.542973180944,0.8007142135786999
2025-01-01_30d_d168_h3,1060,settlement_tail,2025-02-07T07:00:00Z,2025-02-07T08:00:00Z,2025-02-07,21.13,0.0,9697.0,0.8233094898360747,2025-02-07T00:00:00Z,direct_ridge_90d_v1,0.0,14989.681958853518,0.7943242775605658
2025-01-01_30d_d168_h3,1061,settlement_tail,2025-02-07T08:00:00Z,2025-02-07T09:00:00Z,2025-02-07,20.97,0.0,8851.0,0.8463738195459957,2025-02-07T00:00:00Z,direct_ridge_90d_v1,0.0,14786.29405758001,0.7930232154229077
