timestamp_utc,local_date,local_hour,local_time_end,delivery_date,hour_ending,repeated_hour_flag,dam_lz_houston_usd_per_mwh,erco_solar_generation_mwh,erco_wind_generation_mwh,erco_consumed_co2_intensity_lbs_per_kwh
2025-01-01T07:00:00Z,2025-01-01,1,01:00:00,2025-01-01,01:00,N,22.87,1.0,14370.0,0.730067595266256
2025-01-01T08:00:00Z,2025-01-01,2,02:00:00,2025-01-01,02:00,N,20.93,1.0,14889.0,0.7048832273176873
2025-01-01T09:00:00Z,2025-01-01,3,03:00:00,2025-01-01,03:00,N,20.13,1.0,15307.0,0.685478911175992
2025-01-01T10:00:00Z,2025-01-01,4,04:00:00,2025-01-01,04:00,N,21.28,1.0,15026.0,0.6912357073880475
2025-01-01T11:00:00Z,2025-01-01,5,05:00:00,2025-01-01,05:00,N,21.34,1.0,14532.0,0.705828106593951
2025-01-01T12:00:00Z,2025-01-01,6,06:00:00,2025-01-01,06:00,N,23.68,1.0,13817.0,0.7379279041539478
2025-01-01T13:00:00Z,2025-01-01,7,07:00:00,2025-01-01,07:00,N,25.37,1.0,13887.0,0.738779543931105
2025-01-01T14:00:00Z,2025-01-01,8,08:00:00,2025-01-01,08:00,N,29.47,429.0,12591.0,0.7461308554596849
2025-01-01T15:00:00Z,2025-01-01,9,09:00:00,2025-01-01,09:00,N,22.45,7641.0,9980.0,0.665597769946544
2025-01-01T16:00:00Z,2025-01-01,10,10:00:00,2025-01-01,10:00,N,18.77,16646.0,7871.0,0.5035856734615377
2025-01-01T17:00:00Z,2025-01-01,11,11:00:00,2025-01-01,11:00,N,17.17,18605.0,7716.0,0.46187521407407767
2025-01-01T18:00:00Z,2025-01-01,12,12:00:00,2025-01-01,12:00,N,16.62,18483.0,6780.0,0.47591900282754024
2025-01-01T19:00:00Z,2025-01-01,13,13:00:00,2025-01-01,13:00,N,16.62,17901.0,5885.0,0.4978754671170335
2025-01-01T20:00:00Z,2025-01-01,14,14:00:00,2025-01-01,14:00,N,15.44,18146.0,5309.0,0.5034346918565331
2025-01-01T21:00:00Z,2025-01-01,15,15:00:00,2025-01-01,15:00,N,14.34,18329.0,4986.0,0.5042215687528422
2025-01-01T22:00:00Z,2025-01-01,16,16:00:00,2025-01-01,16:00,N,14.99,17581.0,5057.0,0.5093511952787264
2025-01-01T23:00:00Z,2025-01-01,17,17:00:00,2025-01-01,17:00,N,21.28,10455.0,5274.0,0.6672158608816607
2025-01-02T00:00:00Z,2025-01-01,18,18:00:00,2025-01-01,18:00,N,36.66,1240.0,4728.0,0.9155238391396476
2025-01-02T01:00:00Z,2025-01-01,19,19:00:00,2025-01-01,19:00,N,33.08,1.0,4773.0,0.9622129599530794
2025-01-02T02:00:00Z,2025-01-01,20,20:00:00,2025-01-01,20:00,N,29.66,1.0,5711.0,1.0026708217529063
2025-01-02T03:00:00Z,2025-01-01,21,21:00:00,2025-01-01,21:00,N,26.17,1.0,7627.0,0.9883850373601749
2025-01-02T04:00:00Z,2025-01-01,22,22:00:00,2025-01-01,22:00,N,19.72,1.0,9278.0,0.9617499809414941
2025-01-02T05:00:00Z,2025-01-01,23,23:00:00,2025-01-01,23:00,N,19.59,1.0,11974.0,0.904024410894484
2025-01-02T06:00:00Z,2025-01-01,24,00:00:00,2025-01-01,24:00,N,18.01,1.0,15699.0,0.7852387699277754
2025-01-02T07:00:00Z,2025-01-02,1,01:00:00,2025-01-02,01:00,N,20.14,1.0,17268.0,0.704972546870165
2025-01-02T08:00:00Z,2025-01-02,2,02:00:00,2025-01-02,02:00,N,17.9,1.0,18286.0,0.6571253879072855
2025-01-02T09:00:00Z,2025-01-02,3,03:00:00,2025-01-02,03:00,N,16.69,1.0,18311.0,0.6554757728506694
2025-01-02T10:00:00Z,2025-01-02,4,04:00:00,2025-01-02,04:00,N,17.02,1.0,18025.0,0.6609155716440587
2025-01-02T11:00:00Z,2025-01-02,5,05:00:00,2025-01-02,05:00,N,18.21,1.0,18047.0,0.6689701116737536
2025-01-02T12:00:00Z,2025-01-02,6,06:00:00,2025-01-02,06:00,N,23.28,1.0,18228.0,0.6905664572293464
2025-01-02T13:00:00Z,2025-01-02,7,07:00:00,2025-01-02,07:00,N,23.65,1.0,17475.0,0.7578007481160317
2025-01-02T14:00:00Z,2025-01-02,8,08:00:00,2025-01-02,08:00,N,26.79,172.0,17130.0,0.781213276311233
2025-01-02T15:00:00Z,2025-01-02,9,09:00:00,2025-01-02,09:00,N,22.77,4448.0,15987.0,0.7182215670157014
2025-01-02T16:00:00Z,2025-01-02,10,10:00:00,2025-01-02,10:00,N,20.44,10796.0,12229.0,0.6214240771826414
2025-01-02T17:00:00Z,2025-01-02,11,11:00:00,2025-01-02,11:00,N,19.54,12375.0,8747.0,0.6771865459377107
2025-01-02T18:00:00Z,2025-01-02,12,12:00:00,2025-01-02,12:00,N,19.67,12669.0,6924.0,0.7057270460901452
2025-01-02T19:00:00Z,2025-01-02,13,13:00:00,2025-01-02,13:00,N,20.08,12334.0,5713.0,0.7485225856015656
2025-01-02T20:00:00Z,2025-01-02,14,14:00:00,2025-01-02,14:00,N,20.13,12063.0,4467.0,0.7859513975231012
2025-01-02T21:00:00Z,2025-01-02,15,15:00:00,2025-01-02,15:00,N,20.81,12452.0,3342.0,0.8021279045363106
2025-01-02T22:00:00Z,2025-01-02,16,16:00:00,2025-01-02,16:00,N,20.6,11526.0,2572.0,0.8448095057679462
2025-01-02T23:00:00Z,2025-01-02,17,17:00:00,2025-01-02,17:00,N,25.28,7623.0,2466.0,0.91489669225375
2025-01-03T00:00:00Z,2025-01-02,18,18:00:00,2025-01-02,18:00,N,38.62,1189.0,2521.0,1.0219831984897714
2025-01-03T01:00:00Z,2025-01-02,19,19:00:00,2025-01-02,19:00,N,33.83,1.0,2972.0,1.031812711609758
2025-01-03T02:00:00Z,2025-01-02,20,20:00:00,2025-01-02,20:00,N,30.48,1.0,3938.0,1.0509748972312936
2025-01-03T03:00:00Z,2025-01-02,21,21:00:00,2025-01-02,21:00,N,27.66,1.0,5442.0,1.0510201487754918
2025-01-03T04:00:00Z,2025-01-02,22,22:00:00,2025-01-02,22:00,N,23.67,1.0,6868.0,1.017341664394686
2025-01-03T05:00:00Z,2025-01-02,23,23:00:00,2025-01-02,23:00,N,22.75,1.0,7291.0,1.0055455548145271
2025-01-03T06:00:00Z,2025-01-02,24,00:00:00,2025-01-02,24:00,N,21.57,1.0,7745.0,0.9829808380958733
2025-01-03T07:00:00Z,2025-01-03,1,01:00:00,2025-01-03,01:00,N,24.27,1.0,7433.0,0.9819600734002683
2025-01-03T08:00:00Z,2025-01-03,2,02:00:00,2025-01-03,02:00,N,22.45,1.0,7684.0,0.971135636349157
2025-01-03T09:00:00Z,2025-01-03,3,03:00:00,2025-01-03,03:00,N,22.31,1.0,7914.0,0.9579262835582867
2025-01-03T10:00:00Z,2025-01-03,4,04:00:00,2025-01-03,04:00,N,22.99,1.0,7260.0,0.9647956328958774
2025-01-03T11:00:00Z,2025-01-03,5,05:00:00,2025-01-03,05:00,N,23.36,1.0,7257.0,0.9625686952408895
2025-01-03T12:00:00Z,2025-01-03,6,06:00:00,2025-01-03,06:00,N,28.18,1.0,7606.0,0.9616231681932178
2025-01-03T13:00:00Z,2025-01-03,7,07:00:00,2025-01-03,07:00,N,34.73,1.0,7324.0,0.9910532069624869
2025-01-03T14:00:00Z,2025-01-03,8,08:00:00,2025-01-03,08:00,N,40.12,119.0,6662.0,0.9899789217937457
2025-01-03T15:00:00Z,2025-01-03,9,09:00:00,2025-01-03,09:00,N,30.68,3752.0,5278.0,0.9587887835574617
2025-01-03T16:00:00Z,2025-01-03,10,10:00:00,2025-01-03,10:00,N,24.56,10440.0,2639.0,0.836892260434295
2025-01-03T17:00:00Z,2025-01-03,11,11:00:00,2025-01-03,11:00,N,23.05,12972.0,1713.0,0.7985213124824193
2025-01-03T18:00:00Z,2025-01-03,12,12:00:00,2025-01-03,12:00,N,20.81,13425.0,2193.0,0.7951010510092732
2025-01-03T19:00:00Z,2025-01-03,13,13:00:00,2025-01-03,13:00,N,19.04,13482.0,3180.0,0.7609353979897538
2025-01-03T20:00:00Z,2025-01-03,14,14:00:00,2025-01-03,14:00,N,17.39,14129.0,4582.0,0.6952996315265584
2025-01-03T21:00:00Z,2025-01-03,15,15:00:00,2025-01-03,15:00,N,15.74,14608.0,5599.0,0.6609409976716762
2025-01-03T22:00:00Z,2025-01-03,16,16:00:00,2025-01-03,16:00,N,15.96,14397.0,6386.0,0.6435129336511176
2025-01-03T23:00:00Z,2025-01-03,17,17:00:00,2025-01-03,17:00,N,22.96,8622.0,7129.0,0.7651428191124963
2025-01-04T00:00:00Z,2025-01-03,18,18:00:00,2025-01-03,18:00,N,34.33,1200.0,7595.0,0.9089046306452268
2025-01-04T01:00:00Z,2025-01-03,19,19:00:00,2025-01-03,19:00,N,27.59,1.0,9690.0,0.9409538000846712
2025-01-04T02:00:00Z,2025-01-03,20,20:00:00,2025-01-03,20:00,N,20.69,1.0,12729.0,0.9182633484512583
2025-01-04T03:00:00Z,2025-01-03,21,21:00:00,2025-01-03,21:00,N,17.87,0.0,16117.0,0.8320239826576791
2025-01-04T04:00:00Z,2025-01-03,22,22:00:00,2025-01-03,22:00,N,15.27,1.0,18661.0,0.732758111711443
2025-01-04T05:00:00Z,2025-01-03,23,23:00:00,2025-01-03,23:00,N,14.4,1.0,19482.0,0.6771014972204349
2025-01-04T06:00:00Z,2025-01-03,24,00:00:00,2025-01-03,24:00,N,9.57,1.0,19665.0,0.6502153670417661
2025-01-04T07:00:00Z,2025-01-04,1,01:00:00,2025-01-04,01:00,N,9.15,1.0,19492.0,0.6259089428381915
2025-01-04T08:00:00Z,2025-01-04,2,02:00:00,2025-01-04,02:00,N,5.42,1.0,18952.0,0.6168349626082313
2025-01-04T09:00:00Z,2025-01-04,3,03:00:00,2025-01-04,03:00,N,5.35,1.0,18785.0,0.6056292073787379
2025-01-04T10:00:00Z,2025-01-04,4,04:00:00,2025-01-04,04:00,N,6.08,1.0,18153.0,0.6112396842862994
2025-01-04T11:00:00Z,2025-01-04,5,05:00:00,2025-01-04,05:00,N,7.47,1.0,17642.0,0.6297255236275532
2025-01-04T12:00:00Z,2025-01-04,6,06:00:00,2025-01-04,06:00,N,10.21,1.0,17468.0,0.6488600411681478
2025-01-04T13:00:00Z,2025-01-04,7,07:00:00,2025-01-04,07:00,N,10.51,1.0,17848.0,0.6645158536207214
2025-01-04T14:00:00Z,2025-01-04,8,08:00:00,2025-01-04,08:00,N,12.8,82.0,18610.0,0.6241678611285648
2025-01-04T15:00:00Z,2025-01-04,9,09:00:00,2025-01-04,09:00,N,13.9,1669.0,19098.0,0.5923083978753959
2025-01-04T16:00:00Z,2025-01-04,10,10:00:00,2025-01-04,10:00,N,12.56,5404.0,19350.0,0.5096088785184094
2025-01-04T17:00:00Z,2025-01-04,11,11:00:00,2025-01-04,11:00,N,7.15,7522.0,20324.0,0.4483116606181486
2025-01-04T18:00:00Z,2025-01-04,12,12:00:00,2025-01-04,12:00,N,4.06,7016.0,22398.0,0.40949421644893236
2025-01-04T19:00:00Z,2025-01-04,13,13:00:00,2025-01-04,13:00,N,1.59,5960.0,22957.0,0.4107444258631254
2025-01-04T20:00:00Z,2025-01-04,14,14:00:00,2025-01-04,14:00,N,1.48,5644.0,23393.0,0.41011851306657493
2025-01-04T21:00:00Z,2025-01-04,15,15:00:00,2025-01-04,15:00,N,1.96,4730.0,23920.0,0.41384795340428754
2025-01-04T22:00:00Z,2025-01-04,16,16:00:00,2025-01-04,16:00,N,2.28,3631.0,24413.0,0.4206817193956962
2025-01-04T23:00:00Z,2025-01-04,17,17:00:00,2025-01-04,17:00,N,4.59,2832.0,24699.0,0.4283257597550565
2025-01-05T00:00:00Z,2025-01-04,18,18:00:00,2025-01-04,18:00,N,10.46,810.0,26720.0,0.4286558987327937
2025-01-05T01:00:00Z,2025-01-04,19,19:00:00,2025-01-04,19:00,N,10.56,1.0,27778.0,0.4333984152210557
2025-01-05T02:00:00Z,2025-01-04,20,20:00:00,2025-01-04,20:00,N,9.03,1.0,28044.0,0.4295309299918105
2025-01-05T03:00:00Z,2025-01-04,21,21:00:00,2025-01-04,21:00,N,7.62,1.0,27875.0,0.42845178074998275
2025-01-05T04:00:00Z,2025-01-04,22,22:00:00,2025-01-04,22:00,N,6.7,1.0,27124.0,0.4365098157951357
2025-01-05T05:00:00Z,2025-01-04,23,23:00:00,2025-01-04,23:00,N,2.54,1.0,25853.0,0.4482969500058415
2025-01-05T06:00:00Z,2025-01-04,24,00:00:00,2025-01-04,24:00,N,1.03,1.0,24416.0,0.4645453853007572
2025-01-05T07:00:00Z,2025-01-05,1,01:00:00,2025-01-05,01:00,N,0.67,1.0,23001.0,0.4748425278837498
2025-01-05T08:00:00Z,2025-01-05,2,02:00:00,2025-01-05,02:00,N,0.1,1.0,22314.0,0.48090926717197396
2025-01-05T09:00:00Z,2025-01-05,3,03:00:00,2025-01-05,03:00,N,-0.1,1.0,21440.0,0.4907321042596236
2025-01-05T10:00:00Z,2025-01-05,4,04:00:00,2025-01-05,04:00,N,-0.03,1.0,20872.0,0.4980748639890963
2025-01-05T11:00:00Z,2025-01-05,5,05:00:00,2025-01-05,05:00,N,0.28,1.0,20281.0,0.504805922139237
2025-01-05T12:00:00Z,2025-01-05,6,06:00:00,2025-01-05,06:00,N,1.57,1.0,20410.0,0.504584684937072
2025-01-05T13:00:00Z,2025-01-05,7,07:00:00,2025-01-05,07:00,N,4.91,1.0,21377.0,0.4929123624081556
2025-01-05T14:00:00Z,2025-01-05,8,08:00:00,2025-01-05,08:00,N,7.14,75.0,21871.0,0.4859656929270441
2025-01-05T15:00:00Z,2025-01-05,9,09:00:00,2025-01-05,09:00,N,1.84,1869.0,21643.0,0.47030880630357164
2025-01-05T16:00:00Z,2025-01-05,10,10:00:00,2025-01-05,10:00,N,1.78,3424.0,22061.0,0.4515552872121657
2025-01-05T17:00:00Z,2025-01-05,11,11:00:00,2025-01-05,11:00,N,2.33,4798.0,21898.0,0.43948371712646295
2025-01-05T18:00:00Z,2025-01-05,12,12:00:00,2025-01-05,12:00,N,3.18,5895.0,21587.0,0.43430425395399747
2025-01-05T19:00:00Z,2025-01-05,13,13:00:00,2025-01-05,13:00,N,2.78,7033.0,21375.0,0.43035577528333346
2025-01-05T20:00:00Z,2025-01-05,14,14:00:00,2025-01-05,14:00,N,2.59,7905.0,20602.0,0.43571565233137327
2025-01-05T21:00:00Z,2025-01-05,15,15:00:00,2025-01-05,15:00,N,1.84,8000.0,19984.0,0.4532626950158269
2025-01-05T22:00:00Z,2025-01-05,16,16:00:00,2025-01-05,16:00,N,2.52,7496.0,20269.0,0.4636710704578214
2025-01-05T23:00:00Z,2025-01-05,17,17:00:00,2025-01-05,17:00,N,8.98,5543.0,21862.0,0.47944148058160746
2025-01-06T00:00:00Z,2025-01-05,18,18:00:00,2025-01-05,18:00,N,22.92,1347.0,24372.0,0.5297955954165303
2025-01-06T01:00:00Z,2025-01-05,19,19:00:00,2025-01-05,19:00,N,22.89,1.0,24226.0,0.6240291677532697
2025-01-06T02:00:00Z,2025-01-05,20,20:00:00,2025-01-05,20:00,N,22.4,1.0,25370.0,0.6282841763342717
2025-01-06T03:00:00Z,2025-01-05,21,21:00:00,2025-01-05,21:00,N,22.13,1.0,26362.0,0.6073105139216932
2025-01-06T04:00:00Z,2025-01-05,22,22:00:00,2025-01-05,22:00,N,21.36,1.0,26807.0,0.5886000884942548
2025-01-06T05:00:00Z,2025-01-05,23,23:00:00,2025-01-05,23:00,N,21.22,1.0,24948.0,0.6281134935350864
2025-01-06T06:00:00Z,2025-01-05,24,00:00:00,2025-01-05,24:00,N,20.84,1.0,22756.0,0.6752295718469908
2025-01-06T07:00:00Z,2025-01-06,1,01:00:00,2025-01-06,01:00,N,20.82,1.0,21233.0,0.698188122724922
2025-01-06T08:00:00Z,2025-01-06,2,02:00:00,2025-01-06,02:00,N,21.99,1.0,20007.0,0.7170298762326455
2025-01-06T09:00:00Z,2025-01-06,3,03:00:00,2025-01-06,03:00,N,22.15,1.0,18131.0,0.7653678771867899
2025-01-06T10:00:00Z,2025-01-06,4,04:00:00,2025-01-06,04:00,N,22.96,1.0,17117.0,0.7997066547527678
2025-01-06T11:00:00Z,2025-01-06,5,05:00:00,2025-01-06,05:00,N,27.27,1.0,16618.0,0.8283630834740823
2025-01-06T12:00:00Z,2025-01-06,6,06:00:00,2025-01-06,06:00,N,35.2,1.0,15905.0,0.8610268983633192
2025-01-06T13:00:00Z,2025-01-06,7,07:00:00,2025-01-06,07:00,N,68.78,1.0,15742.0,0.866890461706893
2025-01-06T14:00:00Z,2025-01-06,8,08:00:00,2025-01-06,08:00,N,86.3,444.0,14407.0,0.8642005855516333
2025-01-06T15:00:00Z,2025-01-06,9,09:00:00,2025-01-06,09:00,N,37.62,8922.0,11906.0,0.7910079841863417
2025-01-06T16:00:00Z,2025-01-06,10,10:00:00,2025-01-06,10:00,N,23.51,19383.0,10237.0,0.6391857379227796
2025-01-06T17:00:00Z,2025-01-06,11,11:00:00,2025-01-06,11:00,N,22.37,20958.0,7796.0,0.6222660005840543
2025-01-06T18:00:00Z,2025-01-06,12,12:00:00,2025-01-06,12:00,N,22.19,20054.0,6151.0,0.6330179079445741
2025-01-06T19:00:00Z,2025-01-06,13,13:00:00,2025-01-06,13:00,N,21.82,19083.0,5355.0,0.6428857354394099
2025-01-06T20:00:00Z,2025-01-06,14,14:00:00,2025-01-06,14:00,N,20.75,18972.0,4626.0,0.6476751378576059
2025-01-06T21:00:00Z,2025-01-06,15,15:00:00,2025-01-06,15:00,N,20.53,18893.0,3985.0,0.6501708895947453
2025-01-06T22:00:00Z,2025-01-06,16,16:00:00,2025-01-06,16:00,N,20.4,18625.0,3635.0,0.6553814476148543
2025-01-06T23:00:00Z,2025-01-06,17,17:00:00,2025-01-06,17:00,N,26.97,11523.0,3612.0,0.7972339396542159
2025-01-07T00:00:00Z,2025-01-06,18,18:00:00,2025-01-06,18:00,N,44.93,1393.0,3883.0,0.9977116942391877
2025-01-07T01:00:00Z,2025-01-06,19,19:00:00,2025-01-06,19:00,N,59.85,1.0,5156.0,1.0241352013906022
2025-01-07T02:00:00Z,2025-01-06,20,20:00:00,2025-01-06,20:00,N,54.71,0.0,6690.0,1.0156700285530265
2025-01-07T03:00:00Z,2025-01-06,21,21:00:00,2025-01-06,21:00,N,51.0,0.0,7682.0,1.0042251870311079
2025-01-07T04:00:00Z,2025-01-06,22,22:00:00,2025-01-06,22:00,N,40.62,1.0,7817.0,1.0081675584036596
2025-01-07T05:00:00Z,2025-01-06,23,23:00:00,2025-01-06,23:00,N,34.54,1.0,8520.0,1.0018503684309783
2025-01-07T06:00:00Z,2025-01-06,24,00:00:00,2025-01-06,24:00,N,31.28,1.0,8815.0,0.9978157209315016
2025-01-07T07:00:00Z,2025-01-07,1,01:00:00,2025-01-07,01:00,N,35.79,1.0,8577.0,0.9989711134544468
2025-01-07T08:00:00Z,2025-01-07,2,02:00:00,2025-01-07,02:00,N,35.93,1.0,8196.0,1.0037646500335635
2025-01-07T09:00:00Z,2025-01-07,3,03:00:00,2025-01-07,03:00,N,36.06,1.0,8065.0,1.002826570311337
2025-01-07T10:00:00Z,2025-01-07,4,04:00:00,2025-01-07,04:00,N,37.5,1.0,7581.0,1.0069281400472383
2025-01-07T11:00:00Z,2025-01-07,5,05:00:00,2025-01-07,05:00,N,40.12,1.0,7408.0,1.0038578789793386
2025-01-07T12:00:00Z,2025-01-07,6,06:00:00,2025-01-07,06:00,N,47.4,1.0,8212.0,0.9884017774053072
2025-01-07T13:00:00Z,2025-01-07,7,07:00:00,2025-01-07,07:00,N,80.87,1.0,8523.0,0.9666109627696217
2025-01-07T14:00:00Z,2025-01-07,8,08:00:00,2025-01-07,08:00,N,87.1,403.0,8767.0,0.9441986051774683
2025-01-07T15:00:00Z,2025-01-07,9,09:00:00,2025-01-07,09:00,N,46.62,7253.0,7458.0,0.8832804996262438
2025-01-07T16:00:00Z,2025-01-07,10,10:00:00,2025-01-07,10:00,N,30.07,16355.0,6156.0,0.7625383065056843
2025-01-07T17:00:00Z,2025-01-07,11,11:00:00,2025-01-07,11:00,N,27.72,19213.0,5411.0,0.6995987717615677
2025-01-07T18:00:00Z,2025-01-07,12,12:00:00,2025-01-07,12:00,N,24.96,18564.0,5067.0,0.6968744826027959
2025-01-07T19:00:00Z,2025-01-07,13,13:00:00,2025-01-07,13:00,N,24.74,17905.0,5342.0,0.6830150094258444
2025-01-07T20:00:00Z,2025-01-07,14,14:00:00,2025-01-07,14:00,N,22.85,17523.0,6364.0,0.6519459663923711
2025-01-07T21:00:00Z,2025-01-07,15,15:00:00,2025-01-07,15:00,N,20.96,17136.0,7798.0,0.6135351584045183
2025-01-07T22:00:00Z,2025-01-07,16,16:00:00,2025-01-07,16:00,N,19.05,15721.0,9284.0,0.5771543664667046
2025-01-07T23:00:00Z,2025-01-07,17,17:00:00,2025-01-07,17:00,N,24.19,8999.0,11904.0,0.6697714477511809
2025-01-08T00:00:00Z,2025-01-07,18,18:00:00,2025-01-07,18:00,N,33.06,1117.0,12754.0,0.8554393046859412
2025-01-08T01:00:00Z,2025-01-07,19,19:00:00,2025-01-07,19:00,N,36.43,1.0,12950.0,0.903589552430252
2025-01-08T02:00:00Z,2025-01-07,20,20:00:00,2025-01-07,20:00,N,34.65,1.0,14155.0,0.9024235734149523
2025-01-08T03:00:00Z,2025-01-07,21,21:00:00,2025-01-07,21:00,N,33.44,1.0,14536.0,0.9044922243800012
2025-01-08T04:00:00Z,2025-01-07,22,22:00:00,2025-01-07,22:00,N,31.84,1.0,14745.0,0.9003298276899405
2025-01-08T05:00:00Z,2025-01-07,23,23:00:00,2025-01-07,23:00,N,28.59,1.0,14733.0,0.8959758338451711
2025-01-08T06:00:00Z,2025-01-07,24,00:00:00,2025-01-07,24:00,N,28.43,1.0,14721.0,0.8898363452690847
2025-01-08T07:00:00Z,2025-01-08,1,01:00:00,2025-01-08,01:00,N,26.53,1.0,14266.0,0.8990402066689076
2025-01-08T08:00:00Z,2025-01-08,2,02:00:00,2025-01-08,02:00,N,25.6,1.0,13972.0,0.9022053946902964
2025-01-08T09:00:00Z,2025-01-08,3,03:00:00,2025-01-08,03:00,N,26.44,1.0,14117.0,0.8969848151807104
2025-01-08T10:00:00Z,2025-01-08,4,04:00:00,2025-01-08,04:00,N,27.26,1.0,14464.0,0.8881009716690089
2025-01-08T11:00:00Z,2025-01-08,5,05:00:00,2025-01-08,05:00,N,29.48,1.0,14413.0,0.8882797473308427
2025-01-08T12:00:00Z,2025-01-08,6,06:00:00,2025-01-08,06:00,N,36.79,1.0,13433.0,0.9095307140594197
2025-01-08T13:00:00Z,2025-01-08,7,07:00:00,2025-01-08,07:00,N,52.76,1.0,12304.0,0.914572846254898
2025-01-08T14:00:00Z,2025-01-08,8,08:00:00,2025-01-08,08:00,N,60.37,157.0,10360.0,0.91390550043305
2025-01-08T15:00:00Z,2025-01-08,9,09:00:00,2025-01-08,09:00,N,48.23,3455.0,8991.0,0.9153365768818859
2025-01-08T16:00:00Z,2025-01-08,10,10:00:00,2025-01-08,10:00,N,37.08,8036.0,7771.0,0.8711419132633675
2025-01-08T17:00:00Z,2025-01-08,11,11:00:00,2025-01-08,11:00,N,36.72,9835.0,6033.0,0.866835224688729
2025-01-08T18:00:00Z,2025-01-08,12,12:00:00,2025-01-08,12:00,N,30.33,10772.0,5379.0,0.8536475276901025
2025-01-08T19:00:00Z,2025-01-08,13,13:00:00,2025-01-08,13:00,N,26.97,11182.0,4751.0,0.8535765879513784
2025-01-08T20:00:00Z,2025-01-08,14,14:00:00,2025-01-08,14:00,N,26.32,11241.0,4298.0,0.8591287437650089
2025-01-08T21:00:00Z,2025-01-08,15,15:00:00,2025-01-08,15:00,N,25.67,10596.0,3805.0,0.8722440449787686
2025-01-08T22:00:00Z,2025-01-08,16,16:00:00,2025-01-08,16:00,N,25.43,8791.0,3547.0,0.920988113176009
2025-01-08T23:00:00Z,2025-01-08,17,17:00:00,2025-01-08,17:00,N,31.94,4784.0,3522.0,0.9813594902337921
2025-01-09T00:00:00Z,2025-01-08,18,18:00:00,2025-01-08,18:00,N,54.29,529.0,3879.0,1.025988243628214
2025-01-09T01:00:00Z,2025-01-08,19,19:00:00,2025-01-08,19:00,N,57.26,0.0,4476.0,1.0171685682616256
2025-01-09T02:00:00Z,2025-01-08,20,20:00:00,2025-01-08,20:00,N,49.74,1.0,4938.0,1.0198609054075762
2025-01-09T03:00:00Z,2025-01-08,21,21:00:00,2025-01-08,21:00,N,40.93,1.0,4845.0,1.0289686880141036
2025-01-09T04:00:00Z,2025-01-08,22,22:00:00,2025-01-08,22:00,N,37.43,1.0,5939.0,1.0243379184023313
2025-01-09T05:00:00Z,2025-01-08,23,23:00:00,2025-01-08,23:00,N,29.61,1.0,6683.0,1.0169001622547167
2025-01-09T06:00:00Z,2025-01-08,24,00:00:00,2025-01-08,24:00,N,27.72,1.0,7399.0,1.0078966076837972
2025-01-09T07:00:00Z,2025-01-09,1,01:00:00,2025-01-09,01:00,N,26.59,1.0,7714.0,1.0007546662662399
2025-01-09T08:00:00Z,2025-01-09,2,02:00:00,2025-01-09,02:00,N,25.83,1.0,7335.0,1.0064232933660502
2025-01-09T09:00:00Z,2025-01-09,3,03:00:00,2025-01-09,03:00,N,25.34,1.0,6672.0,1.0170408836495846
2025-01-09T10:00:00Z,2025-01-09,4,04:00:00,2025-01-09,04:00,N,25.76,1.0,6212.0,1.0245755026733259
2025-01-09T11:00:00Z,2025-01-09,5,05:00:00,2025-01-09,05:00,N,26.55,1.0,5931.0,1.034129177532485
2025-01-09T12:00:00Z,2025-01-09,6,06:00:00,2025-01-09,06:00,N,30.28,1.0,4835.0,1.0535712831179724
2025-01-09T13:00:00Z,2025-01-09,7,07:00:00,2025-01-09,07:00,N,39.39,1.0,3618.0,1.0661358461233787
2025-01-09T14:00:00Z,2025-01-09,8,08:00:00,2025-01-09,08:00,N,48.15,33.0,3071.0,1.063681569902105
2025-01-09T15:00:00Z,2025-01-09,9,09:00:00,2025-01-09,09:00,N,45.9,714.0,3021.0,1.057475107353239
2025-01-09T16:00:00Z,2025-01-09,10,10:00:00,2025-01-09,10:00,N,47.3,2502.0,3681.0,1.0271597743125955
2025-01-09T17:00:00Z,2025-01-09,11,11:00:00,2025-01-09,11:00,N,50.74,3884.0,4563.0,0.9959242548107822
2025-01-09T18:00:00Z,2025-01-09,12,12:00:00,2025-01-09,12:00,N,47.01,4962.0,4721.0,0.9773029702795264
2025-01-09T19:00:00Z,2025-01-09,13,13:00:00,2025-01-09,13:00,N,39.34,4886.0,4356.0,0.9787382552713393
2025-01-09T20:00:00Z,2025-01-09,14,14:00:00,2025-01-09,14:00,N,44.79,3963.0,4784.0,0.9861375636262372
2025-01-09T21:00:00Z,2025-01-09,15,15:00:00,2025-01-09,15:00,N,42.83,3559.0,5102.0,0.9841069247097276
2025-01-09T22:00:00Z,2025-01-09,16,16:00:00,2025-01-09,16:00,N,43.32,2679.0,6156.0,0.980406411599772
2025-01-09T23:00:00Z,2025-01-09,17,17:00:00,2025-01-09,17:00,N,53.81,1791.0,7206.0,0.9782487574838868
2025-01-10T00:00:00Z,2025-01-09,18,18:00:00,2025-01-09,18:00,N,66.79,424.0,8214.0,0.9713387362091408
2025-01-10T01:00:00Z,2025-01-09,19,19:00:00,2025-01-09,19:00,N,55.24,1.0,8636.0,0.969987022061032
2025-01-10T02:00:00Z,2025-01-09,20,20:00:00,2025-01-09,20:00,N,49.92,1.0,10125.0,0.9538671202143945
2025-01-10T03:00:00Z,2025-01-09,21,21:00:00,2025-01-09,21:00,N,45.86,1.0,10982.0,0.9569541169634679
2025-01-10T04:00:00Z,2025-01-09,22,22:00:00,2025-01-09,22:00,N,42.13,1.0,9993.0,0.9721521804266978
2025-01-10T05:00:00Z,2025-01-09,23,23:00:00,2025-01-09,23:00,N,30.01,1.0,10324.0,0.9750415620899776
2025-01-10T06:00:00Z,2025-01-09,24,00:00:00,2025-01-09,24:00,N,26.71,1.0,12169.0,0.9424254210128735
2025-01-10T07:00:00Z,2025-01-10,1,01:00:00,2025-01-10,01:00,N,30.26,1.0,14382.0,0.9000685585779917
2025-01-10T08:00:00Z,2025-01-10,2,02:00:00,2025-01-10,02:00,N,26.43,1.0,16131.0,0.8705751462646836
2025-01-10T09:00:00Z,2025-01-10,3,03:00:00,2025-01-10,03:00,N,24.17,1.0,17568.0,0.8412173814588708
2025-01-10T10:00:00Z,2025-01-10,4,04:00:00,2025-01-10,04:00,N,23.08,1.0,19334.0,0.7970189868616419
2025-01-10T11:00:00Z,2025-01-10,5,05:00:00,2025-01-10,05:00,N,23.31,1.0,20426.0,0.7723534872386406
2025-01-10T12:00:00Z,2025-01-10,6,06:00:00,2025-01-10,06:00,N,25.85,1.0,21506.0,0.7590524536423653
2025-01-10T13:00:00Z,2025-01-10,7,07:00:00,2025-01-10,07:00,N,31.32,1.0,22737.0,0.7504299687032915
2025-01-10T14:00:00Z,2025-01-10,8,08:00:00,2025-01-10,08:00,N,32.78,65.0,23533.0,0.7291916854902554
2025-01-10T15:00:00Z,2025-01-10,9,09:00:00,2025-01-10,09:00,N,29.3,2418.0,23272.0,0.7015100253415846
2025-01-10T16:00:00Z,2025-01-10,10,10:00:00,2025-01-10,10:00,N,25.62,6924.0,23110.0,0.6257059244956101
2025-01-10T17:00:00Z,2025-01-10,11,11:00:00,2025-01-10,11:00,N,23.96,9112.0,22475.0,0.5980670274183396
2025-01-10T18:00:00Z,2025-01-10,12,12:00:00,2025-01-10,12:00,N,22.61,9986.0,21882.0,0.5985422513351524
2025-01-10T19:00:00Z,2025-01-10,13,13:00:00,2025-01-10,13:00,N,21.01,9872.0,22381.0,0.5759798079081709
2025-01-10T20:00:00Z,2025-01-10,14,14:00:00,2025-01-10,14:00,N,20.46,9202.0,22785.0,0.5769401332585599
2025-01-10T21:00:00Z,2025-01-10,15,15:00:00,2025-01-10,15:00,N,19.98,9401.0,22191.0,0.5764201821661713
2025-01-10T22:00:00Z,2025-01-10,16,16:00:00,2025-01-10,16:00,N,19.53,10549.0,19397.0,0.6128492030271693
2025-01-10T23:00:00Z,2025-01-10,17,17:00:00,2025-01-10,17:00,N,24.52,8833.0,16134.0,0.7154510901754539
2025-01-11T00:00:00Z,2025-01-10,18,18:00:00,2025-01-10,18:00,N,48.95,1994.0,12289.0,0.8873315866618304
2025-01-11T01:00:00Z,2025-01-10,19,19:00:00,2025-01-10,19:00,N,56.31,2.0,10792.0,0.9363308922828194
2025-01-11T02:00:00Z,2025-01-10,20,20:00:00,2025-01-10,20:00,N,54.41,1.0,11285.0,0.9405367598942092
2025-01-11T03:00:00Z,2025-01-10,21,21:00:00,2025-01-10,21:00,N,44.76,1.0,11418.0,0.9360065172275257
2025-01-11T04:00:00Z,2025-01-10,22,22:00:00,2025-01-10,22:00,N,41.93,1.0,11522.0,0.9373922282681691
2025-01-11T05:00:00Z,2025-01-10,23,23:00:00,2025-01-10,23:00,N,32.28,1.0,12008.0,0.931534899197829
2025-01-11T06:00:00Z,2025-01-10,24,00:00:00,2025-01-10,24:00,N,25.37,1.0,13840.0,0.9122893560531664
2025-01-11T07:00:00Z,2025-01-11,1,01:00:00,2025-01-11,01:00,N,26.02,1.0,16364.0,0.873586580126375
2025-01-11T08:00:00Z,2025-01-11,2,02:00:00,2025-01-11,02:00,N,25.73,1.0,18821.0,0.835045494850577
2025-01-11T09:00:00Z,2025-01-11,3,03:00:00,2025-01-11,03:00,N,25.22,1.0,19968.0,0.8161271137143266
2025-01-11T10:00:00Z,2025-01-11,4,04:00:00,2025-01-11,04:00,N,25.13,1.0,20780.0,0.8007847043755809
2025-01-11T11:00:00Z,2025-01-11,5,05:00:00,2025-01-11,05:00,N,25.62,1.0,21587.0,0.7891219746324611
2025-01-11T12:00:00Z,2025-01-11,6,06:00:00,2025-01-11,06:00,N,30.81,1.0,22287.0,0.7800669981087338
2025-01-11T13:00:00Z,2025-01-11,7,07:00:00,2025-01-11,07:00,N,33.53,1.0,22232.0,0.779078433318868
2025-01-11T14:00:00Z,2025-01-11,8,08:00:00,2025-01-11,08:00,N,32.95,471.0,21855.0,0.779335075258246
2025-01-11T15:00:00Z,2025-01-11,9,09:00:00,2025-01-11,09:00,N,27.53,8844.0,20957.0,0.665453704913017
2025-01-11T16:00:00Z,2025-01-11,10,10:00:00,2025-01-11,10:00,N,27.31,18798.0,17685.0,0.5343895034724445
2025-01-11T17:00:00Z,2025-01-11,11,11:00:00,2025-01-11,11:00,N,23.04,19729.0,16532.0,0.495514573653756
2025-01-11T18:00:00Z,2025-01-11,12,12:00:00,2025-01-11,12:00,N,14.49,18684.0,17199.0,0.4543772754959786
2025-01-11T19:00:00Z,2025-01-11,13,13:00:00,2025-01-11,13:00,N,5.7,17593.0,18037.0,0.4159041701223195
2025-01-11T20:00:00Z,2025-01-11,14,14:00:00,2025-01-11,14:00,N,2.99,15942.0,19254.0,0.39880244757791217
2025-01-11T21:00:00Z,2025-01-11,15,15:00:00,2025-01-11,15:00,N,1.62,14870.0,19319.0,0.39993302934394065
2025-01-11T22:00:00Z,2025-01-11,16,16:00:00,2025-01-11,16:00,N,1.66,13851.0,18791.0,0.3965001506821671
2025-01-11T23:00:00Z,2025-01-11,17,17:00:00,2025-01-11,17:00,N,7.2,10514.0,20161.0,0.41559714286820704
2025-01-12T00:00:00Z,2025-01-11,18,18:00:00,2025-01-11,18:00,N,25.67,2484.0,21697.0,0.5959490288241951
2025-01-12T01:00:00Z,2025-01-11,19,19:00:00,2025-01-11,19:00,N,28.49,3.0,22702.0,0.7230164938509415
2025-01-12T02:00:00Z,2025-01-11,20,20:00:00,2025-01-11,20:00,N,25.13,1.0,24511.0,0.7294150471073234
2025-01-12T03:00:00Z,2025-01-11,21,21:00:00,2025-01-11,21:00,N,25.27,1.0,25011.0,0.7238561634965545
2025-01-12T04:00:00Z,2025-01-11,22,22:00:00,2025-01-11,22:00,N,24.08,1.0,25304.0,0.7180659675741802
2025-01-12T05:00:00Z,2025-01-11,23,23:00:00,2025-01-11,23:00,N,22.95,1.0,24507.0,0.735032178376567
2025-01-12T06:00:00Z,2025-01-11,24,00:00:00,2025-01-11,24:00,N,24.87,1.0,23606.0,0.7421338258247363
2025-01-12T07:00:00Z,2025-01-12,1,01:00:00,2025-01-12,01:00,N,25.3,1.0,21569.0,0.7709689745492823
2025-01-12T08:00:00Z,2025-01-12,2,02:00:00,2025-01-12,02:00,N,26.44,1.0,20848.0,0.7897322940157346
2025-01-12T09:00:00Z,2025-01-12,3,03:00:00,2025-01-12,03:00,N,25.32,1.0,21283.0,0.7773013727662358
2025-01-12T10:00:00Z,2025-01-12,4,04:00:00,2025-01-12,04:00,N,25.81,1.0,19172.0,0.8132659816977653
2025-01-12T11:00:00Z,2025-01-12,5,05:00:00,2025-01-12,05:00,N,25.54,1.0,19120.0,0.8261652604176282
2025-01-12T12:00:00Z,2025-01-12,6,06:00:00,2025-01-12,06:00,N,26.45,1.0,19094.0,0.8281247672758238
2025-01-12T13:00:00Z,2025-01-12,7,07:00:00,2025-01-12,07:00,N,32.51,1.0,19409.0,0.821006429756924
2025-01-12T14:00:00Z,2025-01-12,8,08:00:00,2025-01-12,08:00,N,31.5,256.0,19725.0,0.8074806373974956
2025-01-12T15:00:00Z,2025-01-12,9,09:00:00,2025-01-12,09:00,N,27.29,6624.0,17952.0,0.7302460659690655
2025-01-12T16:00:00Z,2025-01-12,10,10:00:00,2025-01-12,10:00,N,20.92,15246.0,13899.0,0.6276400582741578
2025-01-12T17:00:00Z,2025-01-12,11,11:00:00,2025-01-12,11:00,N,17.34,16452.0,15288.0,0.5340154208094117
2025-01-12T18:00:00Z,2025-01-12,12,12:00:00,2025-01-12,12:00,N,16.17,16397.0,15480.0,0.5053270068454491
2025-01-12T19:00:00Z,2025-01-12,13,13:00:00,2025-01-12,13:00,N,18.19,16256.0,14273.0,0.49128933992867857
2025-01-12T20:00:00Z,2025-01-12,14,14:00:00,2025-01-12,14:00,N,18.23,16702.0,12499.0,0.49596955813731797
2025-01-12T21:00:00Z,2025-01-12,15,15:00:00,2025-01-12,15:00,N,15.56,17252.0,11217.0,0.4865028032819707
2025-01-12T22:00:00Z,2025-01-12,16,16:00:00,2025-01-12,16:00,N,17.01,16253.0,10650.0,0.49089256506755385
2025-01-12T23:00:00Z,2025-01-12,17,17:00:00,2025-01-12,17:00,N,24.51,11459.0,10131.0,0.6181535719914258
2025-01-13T00:00:00Z,2025-01-12,18,18:00:00,2025-01-12,18:00,N,32.49,1992.0,8497.0,0.9175639144544848
2025-01-13T01:00:00Z,2025-01-12,19,19:00:00,2025-01-12,19:00,N,37.19,3.0,9230.0,0.9727062140878304
2025-01-13T02:00:00Z,2025-01-12,20,20:00:00,2025-01-12,20:00,N,37.93,1.0,12022.0,0.9399212291292461
2025-01-13T03:00:00Z,2025-01-12,21,21:00:00,2025-01-12,21:00,N,39.22,1.0,14596.0,0.8940746778690686
2025-01-13T04:00:00Z,2025-01-12,22,22:00:00,2025-01-12,22:00,N,36.38,1.0,15427.0,0.8787214817881055
2025-01-13T05:00:00Z,2025-01-12,23,23:00:00,2025-01-12,23:00,N,30.98,1.0,15464.0,0.8680366063011332
2025-01-13T06:00:00Z,2025-01-12,24,00:00:00,2025-01-12,24:00,N,31.01,1.0,15664.0,0.8406425541020678
2025-01-13T07:00:00Z,2025-01-13,1,01:00:00,2025-01-13,01:00,N,24.22,1.0,16013.0,0.8407481672622256
2025-01-13T08:00:00Z,2025-01-13,2,02:00:00,2025-01-13,02:00,N,24.16,1.0,15741.0,0.8474400897781855
2025-01-13T09:00:00Z,2025-01-13,3,03:00:00,2025-01-13,03:00,N,25.2,1.0,15012.0,0.8508568846337499
2025-01-13T10:00:00Z,2025-01-13,4,04:00:00,2025-01-13,04:00,N,26.05,1.0,13660.0,0.8779674696733994
2025-01-13T11:00:00Z,2025-01-13,5,05:00:00,2025-01-13,05:00,N,29.48,1.0,11777.0,0.9238143046511594
2025-01-13T12:00:00Z,2025-01-13,6,06:00:00,2025-01-13,06:00,N,41.18,1.0,9994.0,0.9651688724819152
2025-01-13T13:00:00Z,2025-01-13,7,07:00:00,2025-01-13,07:00,N,59.56,1.0,9100.0,0.9579971650532748
2025-01-13T14:00:00Z,2025-01-13,8,08:00:00,2025-01-13,08:00,N,53.33,464.0,8303.0,0.957606388894479
2025-01-13T15:00:00Z,2025-01-13,9,09:00:00,2025-01-13,09:00,N,35.22,7965.0,7387.0,0.8744045654303463
2025-01-13T16:00:00Z,2025-01-13,10,10:00:00,2025-01-13,10:00,N,27.23,17936.0,6430.0,0.7181054573209672
2025-01-13T17:00:00Z,2025-01-13,11,11:00:00,2025-01-13,11:00,N,23.84,19521.0,5595.0,0.6881557151606855
2025-01-13T18:00:00Z,2025-01-13,12,12:00:00,2025-01-13,12:00,N,23.95,19243.0,5742.0,0.6791059289749107
2025-01-13T19:00:00Z,2025-01-13,13,13:00:00,2025-01-13,13:00,N,22.97,19162.0,5886.0,0.6452937254725725
2025-01-13T20:00:00Z,2025-01-13,14,14:00:00,2025-01-13,14:00,N,21.4,19535.0,5624.0,0.6040622154438787
2025-01-13T21:00:00Z,2025-01-13,15,15:00:00,2025-01-13,15:00,N,18.2,20186.0,5287.0,0.5826965951100207
2025-01-13T22:00:00Z,2025-01-13,16,16:00:00,2025-01-13,16:00,N,17.03,19716.0,5168.0,0.601533202161505
2025-01-13T23:00:00Z,2025-01-13,17,17:00:00,2025-01-13,17:00,N,25.33,13613.0,5079.0,0.7273041481030634
2025-01-14T00:00:00Z,2025-01-13,18,18:00:00,2025-01-13,18:00,N,39.9,2522.0,4379.0,0.9754683371717523
2025-01-14T01:00:00Z,2025-01-13,19,19:00:00,2025-01-13,19:00,N,38.22,4.0,4624.0,1.0117470302762206
2025-01-14T02:00:00Z,2025-01-13,20,20:00:00,2025-01-13,20:00,N,41.68,1.0,6237.0,1.006195445642842
2025-01-14T03:00:00Z,2025-01-13,21,21:00:00,2025-01-13,21:00,N,39.21,1.0,8210.0,1.005592461693887
2025-01-14T04:00:00Z,2025-01-13,22,22:00:00,2025-01-13,22:00,N,31.55,1.0,10279.0,0.9775350426574068
2025-01-14T05:00:00Z,2025-01-13,23,23:00:00,2025-01-13,23:00,N,27.67,1.0,12482.0,0.9333581292407747
2025-01-14T06:00:00Z,2025-01-13,24,00:00:00,2025-01-13,24:00,N,27.13,1.0,14172.0,0.902911110494073
2025-01-14T07:00:00Z,2025-01-14,1,01:00:00,2025-01-14,01:00,N,25.7,1.0,14405.0,0.8959451122640144
2025-01-14T08:00:00Z,2025-01-14,2,02:00:00,2025-01-14,02:00,N,25.27,1.0,14891.0,0.8873045572576361
2025-01-14T09:00:00Z,2025-01-14,3,03:00:00,2025-01-14,03:00,N,25.83,1.0,14433.0,0.890743437451174
2025-01-14T10:00:00Z,2025-01-14,4,04:00:00,2025-01-14,04:00,N,26.77,1.0,13243.0,0.9115756390072651
2025-01-14T11:00:00Z,2025-01-14,5,05:00:00,2025-01-14,05:00,N,28.38,1.0,13342.0,0.9088295041944654
2025-01-14T12:00:00Z,2025-01-14,6,06:00:00,2025-01-14,06:00,N,36.12,1.0,12615.0,0.9269817040130436
2025-01-14T13:00:00Z,2025-01-14,7,07:00:00,2025-01-14,07:00,N,51.78,1.0,11812.0,0.926006505491639
2025-01-14T14:00:00Z,2025-01-14,8,08:00:00,2025-01-14,08:00,N,49.62,165.0,10367.0,0.9213964261386368
2025-01-14T15:00:00Z,2025-01-14,9,09:00:00,2025-01-14,09:00,N,33.51,4123.0,9195.0,0.9060778573069316
2025-01-14T16:00:00Z,2025-01-14,10,10:00:00,2025-01-14,10:00,N,28.76,11321.0,6446.0,0.8481473377433384
2025-01-14T17:00:00Z,2025-01-14,11,11:00:00,2025-01-14,11:00,N,25.99,13888.0,4973.0,0.8204180294568504
2025-01-14T18:00:00Z,2025-01-14,12,12:00:00,2025-01-14,12:00,N,23.89,14329.0,5356.0,0.7855087636309925
2025-01-14T19:00:00Z,2025-01-14,13,13:00:00,2025-01-14,13:00,N,23.23,13810.0,4562.0,0.7942978562311204
2025-01-14T20:00:00Z,2025-01-14,14,14:00:00,2025-01-14,14:00,N,22.05,13389.0,3498.0,0.8259080953719503
2025-01-14T21:00:00Z,2025-01-14,15,15:00:00,2025-01-14,15:00,N,21.65,13080.0,3055.0,0.8434657615953789
2025-01-14T22:00:00Z,2025-01-14,16,16:00:00,2025-01-14,16:00,N,22.81,12011.0,2784.0,0.8698963777639769
2025-01-14T23:00:00Z,2025-01-14,17,17:00:00,2025-01-14,17:00,N,26.9,8596.0,2620.0,0.9332278926265072
2025-01-15T00:00:00Z,2025-01-14,18,18:00:00,2025-01-14,18:00,N,40.41,1921.0,2573.0,1.0208982116363465
2025-01-15T01:00:00Z,2025-01-14,19,19:00:00,2025-01-14,19:00,N,40.45,5.0,3582.0,1.0224260901954305
2025-01-15T02:00:00Z,2025-01-14,20,20:00:00,2025-01-14,20:00,N,39.87,1.0,5558.0,1.019985655032821
2025-01-15T03:00:00Z,2025-01-14,21,21:00:00,2025-01-14,21:00,N,33.75,1.0,6762.0,1.021024693388551
2025-01-15T04:00:00Z,2025-01-14,22,22:00:00,2025-01-14,22:00,N,29.65,1.0,7572.0,1.0115834110707682
2025-01-15T05:00:00Z,2025-01-14,23,23:00:00,2025-01-14,23:00,N,28.36,0.0,8516.0,0.9939673609196515
2025-01-15T06:00:00Z,2025-01-14,24,00:00:00,2025-01-14,24:00,N,28.13,0.0,7891.0,1.0039630345468684
2025-01-15T07:00:00Z,2025-01-15,1,01:00:00,2025-01-15,01:00,N,27.53,0.0,6472.0,1.0264077336599515
2025-01-15T08:00:00Z,2025-01-15,2,02:00:00,2025-01-15,02:00,N,27.02,0.0,5816.0,1.0407966456992492
2025-01-15T09:00:00Z,2025-01-15,3,03:00:00,2025-01-15,03:00,N,26.78,0.0,5250.0,1.0514106067629272
2025-01-15T10:00:00Z,2025-01-15,4,04:00:00,2025-01-15,04:00,N,25.74,0.0,5174.0,1.0508009397556393
2025-01-15T11:00:00Z,2025-01-15,5,05:00:00,2025-01-15,05:00,N,26.53,0.0,5107.0,1.0468629516817567
2025-01-15T12:00:00Z,2025-01-15,6,06:00:00,2025-01-15,06:00,N,31.44,0.0,5386.0,1.0270448843216076
2025-01-15T13:00:00Z,2025-01-15,7,07:00:00,2025-01-15,07:00,N,45.17,1.0,5902.0,0.9945689545875797
2025-01-15T14:00:00Z,2025-01-15,8,08:00:00,2025-01-15,08:00,N,43.92,110.0,5247.0,0.9875546215937211
2025-01-15T15:00:00Z,2025-01-15,9,09:00:00,2025-01-15,09:00,N,35.48,3864.0,5271.0,0.9459369531374004
2025-01-15T16:00:00Z,2025-01-15,10,10:00:00,2025-01-15,10:00,N,30.62,11830.0,5046.0,0.8358088231783771
2025-01-15T17:00:00Z,2025-01-15,11,11:00:00,2025-01-15,11:00,N,27.35,13974.0,4395.0,0.8106965882736413
2025-01-15T18:00:00Z,2025-01-15,12,12:00:00,2025-01-15,12:00,N,25.6,14448.0,3927.0,0.8103948519616537
2025-01-15T19:00:00Z,2025-01-15,13,13:00:00,2025-01-15,13:00,N,24.4,14579.0,3673.0,0.7975862982135513
2025-01-15T20:00:00Z,2025-01-15,14,14:00:00,2025-01-15,14:00,N,23.22,14741.0,4014.0,0.7766359712655976
2025-01-15T21:00:00Z,2025-01-15,15,15:00:00,2025-01-15,15:00,N,22.49,14768.0,4560.0,0.7318931056737481
2025-01-15T22:00:00Z,2025-01-15,16,16:00:00,2025-01-15,16:00,N,22.69,13769.0,4389.0,0.7436427845095509
2025-01-15T23:00:00Z,2025-01-15,17,17:00:00,2025-01-15,17:00,N,26.27,9444.0,3938.0,0.8666870480396704
2025-01-16T00:00:00Z,2025-01-15,18,18:00:00,2025-01-15,18:00,N,37.18,1824.0,3853.0,1.0058767845260181
2025-01-16T01:00:00Z,2025-01-15,19,19:00:00,2025-01-15,19:00,N,39.17,2.0,4244.0,1.0255834155100136
2025-01-16T02:00:00Z,2025-01-15,20,20:00:00,2025-01-15,20:00,N,40.28,0.0,4707.0,1.0310651929456247
2025-01-16T03:00:00Z,2025-01-15,21,21:00:00,2025-01-15,21:00,N,41.64,1.0,4714.0,1.0362299995944784
2025-01-16T04:00:00Z,2025-01-15,22,22:00:00,2025-01-15,22:00,N,35.07,1.0,4787.0,1.0430540628349356
2025-01-16T05:00:00Z,2025-01-15,23,23:00:00,2025-01-15,23:00,N,30.52,1.0,4401.0,1.05652210366725
2025-01-16T06:00:00Z,2025-01-15,24,00:00:00,2025-01-15,24:00,N,29.5,1.0,4380.0,1.06321103028637
2025-01-16T07:00:00Z,2025-01-16,1,01:00:00,2025-01-16,01:00,N,32.24,1.0,4520.0,1.0699713780859217
2025-01-16T08:00:00Z,2025-01-16,2,02:00:00,2025-01-16,02:00,N,30.82,1.0,4673.0,1.0679932449421676
2025-01-16T09:00:00Z,2025-01-16,3,03:00:00,2025-01-16,03:00,N,30.34,1.0,5498.0,1.053545343246841
2025-01-16T10:00:00Z,2025-01-16,4,04:00:00,2025-01-16,04:00,N,31.55,1.0,5841.0,1.043168576955033
2025-01-16T11:00:00Z,2025-01-16,5,05:00:00,2025-01-16,05:00,N,30.94,1.0,5539.0,1.0438148487733607
2025-01-16T12:00:00Z,2025-01-16,6,06:00:00,2025-01-16,06:00,N,31.81,1.0,5297.0,1.0366530501986446
2025-01-16T13:00:00Z,2025-01-16,7,07:00:00,2025-01-16,07:00,N,50.01,1.0,5616.0,1.0069807247078506
2025-01-16T14:00:00Z,2025-01-16,8,08:00:00,2025-01-16,08:00,N,54.44,463.0,6011.0,0.9726541591908316
2025-01-16T15:00:00Z,2025-01-16,9,09:00:00,2025-01-16,09:00,N,32.9,7079.0,5620.0,0.8979677853683614
2025-01-16T16:00:00Z,2025-01-16,10,10:00:00,2025-01-16,10:00,N,38.75,16073.0,4031.0,0.7814712181900189
2025-01-16T17:00:00Z,2025-01-16,11,11:00:00,2025-01-16,11:00,N,29.44,17778.0,2433.0,0.7626466457182896
2025-01-16T18:00:00Z,2025-01-16,12,12:00:00,2025-01-16,12:00,N,29.52,18198.0,2799.0,0.7314840562958507
2025-01-16T19:00:00Z,2025-01-16,13,13:00:00,2025-01-16,13:00,N,26.59,17476.0,3626.0,0.7093098533239166
2025-01-16T20:00:00Z,2025-01-16,14,14:00:00,2025-01-16,14:00,N,26.23,17120.0,4063.0,0.683509325043996
2025-01-16T21:00:00Z,2025-01-16,15,15:00:00,2025-01-16,15:00,N,25.26,17339.0,4374.0,0.6396178850975426
2025-01-16T22:00:00Z,2025-01-16,16,16:00:00,2025-01-16,16:00,N,26.17,16665.0,4482.0,0.6365643989982596
2025-01-16T23:00:00Z,2025-01-16,17,17:00:00,2025-01-16,17:00,N,29.6,12922.0,4662.0,0.7250792481653567
2025-01-17T00:00:00Z,2025-01-16,18,18:00:00,2025-01-16,18:00,N,43.71,2585.0,5471.0,0.9639321439095243
2025-01-17T01:00:00Z,2025-01-16,19,19:00:00,2025-01-16,19:00,N,50.68,2.0,8464.0,0.9740137108437449
2025-01-17T02:00:00Z,2025-01-16,20,20:00:00,2025-01-16,20:00,N,41.91,0.0,13724.0,0.8995974584017955
2025-01-17T03:00:00Z,2025-01-16,21,21:00:00,2025-01-16,21:00,N,33.83,0.0,16731.0,0.8523585823451251
2025-01-17T04:00:00Z,2025-01-16,22,22:00:00,2025-01-16,22:00,N,30.72,1.0,20876.0,0.7448475953351942
2025-01-17T05:00:00Z,2025-01-16,23,23:00:00,2025-01-16,23:00,N,25.54,1.0,22938.0,0.6957062787732282
2025-01-17T06:00:00Z,2025-01-16,24,00:00:00,2025-01-16,24:00,N,20.48,1.0,23582.0,0.6602718911705969
2025-01-17T07:00:00Z,2025-01-17,1,01:00:00,2025-01-17,01:00,N,17.68,1.0,23943.0,0.6292067250974951
2025-01-17T08:00:00Z,2025-01-17,2,02:00:00,2025-01-17,02:00,N,16.71,1.0,23981.0,0.6250925628474279
2025-01-17T09:00:00Z,2025-01-17,3,03:00:00,2025-01-17,03:00,N,15.84,1.0,23471.0,0.6434345735108936
2025-01-17T10:00:00Z,2025-01-17,4,04:00:00,2025-01-17,04:00,N,17.58,1.0,23387.0,0.6483809355667424
2025-01-17T11:00:00Z,2025-01-17,5,05:00:00,2025-01-17,05:00,N,20.22,1.0,22831.0,0.667526559106593
2025-01-17T12:00:00Z,2025-01-17,6,06:00:00,2025-01-17,06:00,N,26.06,1.0,22940.0,0.697739420126345
2025-01-17T13:00:00Z,2025-01-17,7,07:00:00,2025-01-17,07:00,N,33.71,1.0,23215.0,0.7131148667550905
2025-01-17T14:00:00Z,2025-01-17,8,08:00:00,2025-01-17,08:00,N,34.87,194.0,23799.0,0.699903516620998
2025-01-17T15:00:00Z,2025-01-17,9,09:00:00,2025-01-17,09:00,N,27.78,2681.0,23340.0,0.6712100173636917
2025-01-17T16:00:00Z,2025-01-17,10,10:00:00,2025-01-17,10:00,N,24.95,6243.0,22670.0,0.5781788932341635
2025-01-17T17:00:00Z,2025-01-17,11,11:00:00,2025-01-17,11:00,N,22.72,6776.0,22035.0,0.5898177087130083
2025-01-17T18:00:00Z,2025-01-17,12,12:00:00,2025-01-17,12:00,N,21.88,7188.0,22516.0,0.555221107421226
2025-01-17T19:00:00Z,2025-01-17,13,13:00:00,2025-01-17,13:00,N,9.56,8086.0,23215.0,0.48938146895560286
2025-01-17T20:00:00Z,2025-01-17,14,14:00:00,2025-01-17,14:00,N,7.03,8171.0,23496.0,0.4727637379789193
2025-01-17T21:00:00Z,2025-01-17,15,15:00:00,2025-01-17,15:00,N,9.75,7005.0,23556.0,0.4786207808256166
2025-01-17T22:00:00Z,2025-01-17,16,16:00:00,2025-01-17,16:00,N,19.62,5950.0,23804.0,0.47298834023209585
2025-01-17T23:00:00Z,2025-01-17,17,17:00:00,2025-01-17,17:00,N,21.48,4364.0,23988.0,0.5008053764457249
2025-01-18T00:00:00Z,2025-01-17,18,18:00:00,2025-01-17,18:00,N,23.36,992.0,24882.0,0.6059505445409135
2025-01-18T01:00:00Z,2025-01-17,19,19:00:00,2025-01-17,19:00,N,25.1,4.0,25897.0,0.6433963755819522
2025-01-18T02:00:00Z,2025-01-17,20,20:00:00,2025-01-17,20:00,N,23.65,1.0,26611.0,0.6043083405514292
2025-01-18T03:00:00Z,2025-01-17,21,21:00:00,2025-01-17,21:00,N,22.6,1.0,26582.0,0.576950038119432
2025-01-18T04:00:00Z,2025-01-17,22,22:00:00,2025-01-17,22:00,N,20.07,1.0,26081.0,0.5762487400578922
2025-01-18T05:00:00Z,2025-01-17,23,23:00:00,2025-01-17,23:00,N,17.89,1.0,25252.0,0.569736163818344
2025-01-18T06:00:00Z,2025-01-17,24,00:00:00,2025-01-17,24:00,N,17.98,1.0,25955.0,0.5010291680140995
2025-01-18T07:00:00Z,2025-01-18,1,01:00:00,2025-01-18,01:00,N,15.35,1.0,25744.0,0.46090129354953197
2025-01-18T08:00:00Z,2025-01-18,2,02:00:00,2025-01-18,02:00,N,16.18,1.0,24378.0,0.4813876996247227
2025-01-18T09:00:00Z,2025-01-18,3,03:00:00,2025-01-18,03:00,N,16.75,1.0,23195.0,0.5314738964995186
2025-01-18T10:00:00Z,2025-01-18,4,04:00:00,2025-01-18,04:00,N,20.21,1.0,22528.0,0.570625614572915
2025-01-18T11:00:00Z,2025-01-18,5,05:00:00,2025-01-18,05:00,N,24.39,1.0,21068.0,0.6343742413957908
2025-01-18T12:00:00Z,2025-01-18,6,06:00:00,2025-01-18,06:00,N,28.17,1.0,20030.0,0.6973538042613447
2025-01-18T13:00:00Z,2025-01-18,7,07:00:00,2025-01-18,07:00,N,31.19,1.0,18734.0,0.7418442748592625
2025-01-18T14:00:00Z,2025-01-18,8,08:00:00,2025-01-18,08:00,N,32.99,264.0,18035.0,0.7845255882607243
2025-01-18T15:00:00Z,2025-01-18,9,09:00:00,2025-01-18,09:00,N,23.09,7799.0,17046.0,0.6534169899466805
2025-01-18T16:00:00Z,2025-01-18,10,10:00:00,2025-01-18,10:00,N,6.25,14939.0,16253.0,0.46690300056639855
2025-01-18T17:00:00Z,2025-01-18,11,11:00:00,2025-01-18,11:00,N,5.48,15085.0,15323.0,0.4372546755175683
2025-01-18T18:00:00Z,2025-01-18,12,12:00:00,2025-01-18,12:00,N,5.35,14845.0,14047.0,0.44443899275257653
2025-01-18T19:00:00Z,2025-01-18,13,13:00:00,2025-01-18,13:00,N,10.07,14118.0,13311.0,0.45640373012212804
2025-01-18T20:00:00Z,2025-01-18,14,14:00:00,2025-01-18,14:00,N,6.88,13043.0,13353.0,0.46771835775160836
2025-01-18T21:00:00Z,2025-01-18,15,15:00:00,2025-01-18,15:00,N,1.29,12593.0,12987.0,0.4804230158968741
2025-01-18T22:00:00Z,2025-01-18,16,16:00:00,2025-01-18,16:00,N,1.03,11780.0,12852.0,0.5004257218192913
2025-01-18T23:00:00Z,2025-01-18,17,17:00:00,2025-01-18,17:00,N,3.51,9449.0,13922.0,0.5259846311916735
2025-01-19T00:00:00Z,2025-01-18,18,18:00:00,2025-01-18,18:00,N,20.64,2892.0,17518.0,0.6005715809847738
2025-01-19T01:00:00Z,2025-01-18,19,19:00:00,2025-01-18,19:00,N,18.98,8.0,22090.0,0.6155172949040794
2025-01-19T02:00:00Z,2025-01-18,20,20:00:00,2025-01-18,20:00,N,15.15,1.0,26161.0,0.5244367335368608
2025-01-19T03:00:00Z,2025-01-18,21,21:00:00,2025-01-18,21:00,N,7.96,1.0,27466.0,0.5107700378170117
2025-01-19T04:00:00Z,2025-01-18,22,22:00:00,2025-01-18,22:00,N,5.94,1.0,27579.0,0.52458291470149
2025-01-19T05:00:00Z,2025-01-18,23,23:00:00,2025-01-18,23:00,N,13.65,1.0,27307.0,0.5290876354753626
2025-01-19T06:00:00Z,2025-01-18,24,00:00:00,2025-01-18,24:00,N,13.3,1.0,27090.0,0.5328447941698785
2025-01-19T07:00:00Z,2025-01-19,1,01:00:00,2025-01-19,01:00,N,13.0,1.0,27153.0,0.5293194964919398
2025-01-19T08:00:00Z,2025-01-19,2,02:00:00,2025-01-19,02:00,N,14.16,1.0,27203.0,0.5350921917755129
2025-01-19T09:00:00Z,2025-01-19,3,03:00:00,2025-01-19,03:00,N,14.7,1.0,26775.0,0.5616834611605795
2025-01-19T10:00:00Z,2025-01-19,4,04:00:00,2025-01-19,04:00,N,17.76,1.0,25725.0,0.614388519871263
2025-01-19T11:00:00Z,2025-01-19,5,05:00:00,2025-01-19,05:00,N,26.37,1.0,23858.0,0.6987873363152359
2025-01-19T12:00:00Z,2025-01-19,6,06:00:00,2025-01-19,06:00,N,33.95,1.0,22089.0,0.7636723400404722
2025-01-19T13:00:00Z,2025-01-19,7,07:00:00,2025-01-19,07:00,N,41.52,1.0,20441.0,0.7984795359045378
2025-01-19T14:00:00Z,2025-01-19,8,08:00:00,2025-01-19,08:00,N,45.97,517.0,17602.0,0.8239083029228604
2025-01-19T15:00:00Z,2025-01-19,9,09:00:00,2025-01-19,09:00,N,29.39,9065.0,14172.0,0.7756811269551737
2025-01-19T16:00:00Z,2025-01-19,10,10:00:00,2025-01-19,10:00,N,27.06,18741.0,13814.0,0.6122196487604686
2025-01-19T17:00:00Z,2025-01-19,11,11:00:00,2025-01-19,11:00,N,23.33,20677.0,11832.0,0.5790672144771384
2025-01-19T18:00:00Z,2025-01-19,12,12:00:00,2025-01-19,12:00,N,27.04,20770.0,9170.0,0.5968295842867476
2025-01-19T19:00:00Z,2025-01-19,13,13:00:00,2025-01-19,13:00,N,26.77,20702.0,7101.0,0.6183198834276562
2025-01-19T20:00:00Z,2025-01-19,14,14:00:00,2025-01-19,14:00,N,22.24,21171.0,5840.0,0.6068973052436124
2025-01-19T21:00:00Z,2025-01-19,15,15:00:00,2025-01-19,15:00,N,16.9,20975.0,5529.0,0.5937648650721846
2025-01-19T22:00:00Z,2025-01-19,16,16:00:00,2025-01-19,16:00,N,23.78,20811.0,5146.0,0.5674053589831997
2025-01-19T23:00:00Z,2025-01-19,17,17:00:00,2025-01-19,17:00,N,33.49,16667.0,5291.0,0.6709448629751458
2025-01-20T00:00:00Z,2025-01-19,18,18:00:00,2025-01-19,18:00,N,92.61,3685.0,5240.0,0.9461250443899172
2025-01-20T01:00:00Z,2025-01-19,19,19:00:00,2025-01-19,19:00,N,111.81,13.0,5917.0,0.9832863000754049
2025-01-20T02:00:00Z,2025-01-19,20,20:00:00,2025-01-19,20:00,N,100.71,0.0,8375.0,0.9672794953828305
2025-01-20T03:00:00Z,2025-01-19,21,21:00:00,2025-01-19,21:00,N,88.0,0.0,11240.0,0.9464173867348254
2025-01-20T04:00:00Z,2025-01-19,22,22:00:00,2025-01-19,22:00,N,64.85,0.0,12887.0,0.9250355874690765
2025-01-20T05:00:00Z,2025-01-19,23,23:00:00,2025-01-19,23:00,N,43.43,0.0,13829.0,0.9158034151285009
2025-01-20T06:00:00Z,2025-01-19,24,00:00:00,2025-01-19,24:00,N,36.64,0.0,14805.0,0.9058387342689042
2025-01-20T07:00:00Z,2025-01-20,1,01:00:00,2025-01-20,01:00,N,49.45,1.0,15392.0,0.9019508706661689
2025-01-20T08:00:00Z,2025-01-20,2,02:00:00,2025-01-20,02:00,N,46.79,1.0,15255.0,0.904921072605306
2025-01-20T09:00:00Z,2025-01-20,3,03:00:00,2025-01-20,03:00,N,46.81,1.0,15768.0,0.8988327574135967
2025-01-20T10:00:00Z,2025-01-20,4,04:00:00,2025-01-20,04:00,N,42.41,1.0,15904.0,0.8975204841483976
2025-01-20T11:00:00Z,2025-01-20,5,05:00:00,2025-01-20,05:00,N,39.56,1.0,15858.0,0.8922358864082965
2025-01-20T12:00:00Z,2025-01-20,6,06:00:00,2025-01-20,06:00,N,53.7,1.0,15667.0,0.8916393617185627
2025-01-20T13:00:00Z,2025-01-20,7,07:00:00,2025-01-20,07:00,N,65.34,1.0,15350.0,0.8852311458988623
2025-01-20T14:00:00Z,2025-01-20,8,08:00:00,2025-01-20,08:00,N,75.49,222.0,15178.0,0.8649329494783854
2025-01-20T15:00:00Z,2025-01-20,9,09:00:00,2025-01-20,09:00,N,48.92,4600.0,14268.0,0.8376295793193057
2025-01-20T16:00:00Z,2025-01-20,10,10:00:00,2025-01-20,10:00,N,41.63,10296.0,15612.0,0.767872431613117
2025-01-20T17:00:00Z,2025-01-20,11,11:00:00,2025-01-20,11:00,N,31.77,11990.0,15085.0,0.7460002488458287
2025-01-20T18:00:00Z,2025-01-20,12,12:00:00,2025-01-20,12:00,N,26.34,12543.0,12339.0,0.771746301670903
2025-01-20T19:00:00Z,2025-01-20,13,13:00:00,2025-01-20,13:00,N,38.8,12357.0,10228.0,0.7998064679130036
2025-01-20T20:00:00Z,2025-01-20,14,14:00:00,2025-01-20,14:00,N,41.22,11568.0,8673.0,0.8285438733835983
2025-01-20T21:00:00Z,2025-01-20,15,15:00:00,2025-01-20,15:00,N,42.65,10257.0,8463.0,0.8461338694282561
2025-01-20T22:00:00Z,2025-01-20,16,16:00:00,2025-01-20,16:00,N,47.31,8155.0,9428.0,0.8691791809723409
2025-01-20T23:00:00Z,2025-01-20,17,17:00:00,2025-01-20,17:00,N,58.51,6048.0,11887.0,0.8669623464699443
2025-01-21T00:00:00Z,2025-01-20,18,18:00:00,2025-01-20,18:00,N,74.71,1872.0,13843.0,0.8879749817751912
2025-01-21T01:00:00Z,2025-01-20,19,19:00:00,2025-01-20,19:00,N,73.37,185.0,15453.0,0.8826229019137416
2025-01-21T02:00:00Z,2025-01-20,20,20:00:00,2025-01-20,20:00,N,54.75,0.0,17596.0,0.869178074300796
2025-01-21T03:00:00Z,2025-01-20,21,21:00:00,2025-01-20,21:00,N,54.41,1.0,19115.0,0.8524765675066732
2025-01-21T04:00:00Z,2025-01-20,22,22:00:00,2025-01-20,22:00,N,49.49,1.0,19616.0,0.8453275563797319
2025-01-21T05:00:00Z,2025-01-20,23,23:00:00,2025-01-20,23:00,N,54.92,0.0,20462.0,0.8306441004167597
2025-01-21T06:00:00Z,2025-01-20,24,00:00:00,2025-01-20,24:00,N,52.95,0.0,20916.0,0.8148757272419641
2025-01-21T07:00:00Z,2025-01-21,1,01:00:00,2025-01-21,01:00,N,53.89,0.0,20241.0,0.8243885735305468
2025-01-21T08:00:00Z,2025-01-21,2,02:00:00,2025-01-21,02:00,N,50.04,0.0,19160.0,0.8380468166173376
2025-01-21T09:00:00Z,2025-01-21,3,03:00:00,2025-01-21,03:00,N,53.57,0.0,17935.0,0.8619206155907688
2025-01-21T10:00:00Z,2025-01-21,4,04:00:00,2025-01-21,04:00,N,61.33,0.0,16240.0,0.8832120407924468
2025-01-21T11:00:00Z,2025-01-21,5,05:00:00,2025-01-21,05:00,N,68.06,0.0,14389.0,0.9033087623526577
2025-01-21T12:00:00Z,2025-01-21,6,06:00:00,2025-01-21,06:00,N,91.25,1.0,12862.0,0.9246443969633544
2025-01-21T13:00:00Z,2025-01-21,7,07:00:00,2025-01-21,07:00,N,110.11,1.0,12109.0,0.9305922318218425
2025-01-21T14:00:00Z,2025-01-21,8,08:00:00,2025-01-21,08:00,N,161.98,112.0,10003.0,0.9209595945381982
2025-01-21T15:00:00Z,2025-01-21,9,09:00:00,2025-01-21,09:00,N,143.94,4296.0,7953.0,0.9114958169111282
2025-01-21T16:00:00Z,2025-01-21,10,10:00:00,2025-01-21,10:00,N,98.5,12396.0,5988.0,0.8586048022909724
2025-01-21T17:00:00Z,2025-01-21,11,11:00:00,2025-01-21,11:00,N,79.97,15341.0,5930.0,0.8205961680696887
2025-01-21T18:00:00Z,2025-01-21,12,12:00:00,2025-01-21,12:00,N,55.89,16287.0,6654.0,0.800137699805111
2025-01-21T19:00:00Z,2025-01-21,13,13:00:00,2025-01-21,13:00,N,46.44,17140.0,7866.0,0.7659848922730311
2025-01-21T20:00:00Z,2025-01-21,14,14:00:00,2025-01-21,14:00,N,41.5,18276.0,9134.0,0.6977608801882579
2025-01-21T21:00:00Z,2025-01-21,15,15:00:00,2025-01-21,15:00,N,36.71,19644.0,9493.0,0.5958941091617003
2025-01-21T22:00:00Z,2025-01-21,16,16:00:00,2025-01-21,16:00,N,34.26,18422.0,9811.0,0.5658428655577786
2025-01-21T23:00:00Z,2025-01-21,17,17:00:00,2025-01-21,17:00,N,41.86,15401.0,10697.0,0.5939987052468347
2025-01-22T00:00:00Z,2025-01-21,18,18:00:00,2025-01-21,18:00,N,79.72,3996.0,12036.0,0.8245468649393849
2025-01-22T01:00:00Z,2025-01-21,19,19:00:00,2025-01-21,19:00,N,88.17,34.0,12969.0,0.8952201954894992
2025-01-22T02:00:00Z,2025-01-21,20,20:00:00,2025-01-21,20:00,N,85.92,0.0,16044.0,0.8666768548587367
2025-01-22T03:00:00Z,2025-01-21,21,21:00:00,2025-01-21,21:00,N,93.04,1.0,19560.0,0.8327956468817679
2025-01-22T04:00:00Z,2025-01-21,22,22:00:00,2025-01-21,22:00,N,71.52,1.0,22394.0,0.8028221656894161
2025-01-22T05:00:00Z,2025-01-21,23,23:00:00,2025-01-21,23:00,N,67.97,1.0,23180.0,0.7902557046279621
2025-01-22T06:00:00Z,2025-01-21,24,00:00:00,2025-01-21,24:00,N,60.81,0.0,23267.0,0.7778639115470668
2025-01-22T07:00:00Z,2025-01-22,1,01:00:00,2025-01-22,01:00,N,45.42,0.0,23652.0,0.7601655284821772
2025-01-22T08:00:00Z,2025-01-22,2,02:00:00,2025-01-22,02:00,N,41.06,0.0,23738.0,0.7549454819240033
2025-01-22T09:00:00Z,2025-01-22,3,03:00:00,2025-01-22,03:00,N,48.38,0.0,23663.0,0.7578335185715156
2025-01-22T10:00:00Z,2025-01-22,4,04:00:00,2025-01-22,04:00,N,48.53,0.0,23545.0,0.7621674665259631
2025-01-22T11:00:00Z,2025-01-22,5,05:00:00,2025-01-22,05:00,N,50.5,1.0,23496.0,0.7672721871900229
2025-01-22T12:00:00Z,2025-01-22,6,06:00:00,2025-01-22,06:00,N,56.78,1.0,23107.0,0.7760053593818748
2025-01-22T13:00:00Z,2025-01-22,7,07:00:00,2025-01-22,07:00,N,104.84,0.0,22142.0,0.7697498591224354
2025-01-22T14:00:00Z,2025-01-22,8,08:00:00,2025-01-22,08:00,N,108.83,621.0,21242.0,0.7668810566377111
2025-01-22T15:00:00Z,2025-01-22,9,09:00:00,2025-01-22,09:00,N,74.13,9803.0,20049.0,0.6761859148849897
2025-01-22T16:00:00Z,2025-01-22,10,10:00:00,2025-01-22,10:00,N,41.94,19869.0,15413.0,0.5526357957311223
2025-01-22T17:00:00Z,2025-01-22,11,11:00:00,2025-01-22,11:00,N,24.84,21156.0,12662.0,0.5303873709784228
2025-01-22T18:00:00Z,2025-01-22,12,12:00:00,2025-01-22,12:00,N,22.2,20453.0,11804.0,0.5126153115547225
2025-01-22T19:00:00Z,2025-01-22,13,13:00:00,2025-01-22,13:00,N,21.03,19248.0,11013.0,0.5077799038477121
2025-01-22T20:00:00Z,2025-01-22,14,14:00:00,2025-01-22,14:00,N,19.72,16654.0,11120.0,0.519897842446178
2025-01-22T21:00:00Z,2025-01-22,15,15:00:00,2025-01-22,15:00,N,16.41,16050.0,9975.0,0.5207843957613163
2025-01-22T22:00:00Z,2025-01-22,16,16:00:00,2025-01-22,16:00,N,15.48,15763.0,9104.0,0.530969716693913
2025-01-22T23:00:00Z,2025-01-22,17,17:00:00,2025-01-22,17:00,N,23.45,13686.0,9328.0,0.5880849169935728
2025-01-23T00:00:00Z,2025-01-22,18,18:00:00,2025-01-22,18:00,N,35.02,3374.0,9030.0,0.8217964607809118
2025-01-23T01:00:00Z,2025-01-22,19,19:00:00,2025-01-22,19:00,N,39.55,8.0,9877.0,0.8961707059655463
2025-01-23T02:00:00Z,2025-01-22,20,20:00:00,2025-01-22,20:00,N,37.11,0.0,12391.0,0.8816899248855582
2025-01-23T03:00:00Z,2025-01-22,21,21:00:00,2025-01-22,21:00,N,35.42,0.0,14979.0,0.8474231856484535
2025-01-23T04:00:00Z,2025-01-22,22,22:00:00,2025-01-22,22:00,N,35.88,0.0,16065.0,0.8275761843316904
2025-01-23T05:00:00Z,2025-01-22,23,23:00:00,2025-01-22,23:00,N,31.52,0.0,16242.0,0.8216614849477087
2025-01-23T06:00:00Z,2025-01-22,24,00:00:00,2025-01-22,24:00,N,29.36,0.0,14493.0,0.8496613081853244
2025-01-23T07:00:00Z,2025-01-23,1,01:00:00,2025-01-23,01:00,N,26.67,0.0,12776.0,0.8682062135982197
2025-01-23T08:00:00Z,2025-01-23,2,02:00:00,2025-01-23,02:00,N,26.33,0.0,12166.0,0.8818771896125261
2025-01-23T09:00:00Z,2025-01-23,3,03:00:00,2025-01-23,03:00,N,26.4,0.0,12316.0,0.8850878546447184
2025-01-23T10:00:00Z,2025-01-23,4,04:00:00,2025-01-23,04:00,N,30.63,0.0,12686.0,0.8838891664303444
2025-01-23T11:00:00Z,2025-01-23,5,05:00:00,2025-01-23,05:00,N,28.27,0.0,12927.0,0.8816548588222676
2025-01-23T12:00:00Z,2025-01-23,6,06:00:00,2025-01-23,06:00,N,40.49,0.0,12970.0,0.8809434523004911
2025-01-23T13:00:00Z,2025-01-23,7,07:00:00,2025-01-23,07:00,N,53.68,0.0,13616.0,0.8580680039602749
2025-01-23T14:00:00Z,2025-01-23,8,08:00:00,2025-01-23,08:00,N,53.91,428.0,13714.0,0.840623866082815
2025-01-23T15:00:00Z,2025-01-23,9,09:00:00,2025-01-23,09:00,N,31.15,8377.0,12376.0,0.7715059530223111
2025-01-23T16:00:00Z,2025-01-23,10,10:00:00,2025-01-23,10:00,N,21.19,17695.0,8080.0,0.6776689407210901
2025-01-23T17:00:00Z,2025-01-23,11,11:00:00,2025-01-23,11:00,N,16.77,19758.0,8149.0,0.6134909324102972
2025-01-23T18:00:00Z,2025-01-23,12,12:00:00,2025-01-23,12:00,N,13.91,20024.0,11009.0,0.5057346243122748
2025-01-23T19:00:00Z,2025-01-23,13,13:00:00,2025-01-23,13:00,N,9.52,19764.0,11381.0,0.4573958967435295
2025-01-23T20:00:00Z,2025-01-23,14,14:00:00,2025-01-23,14:00,N,8.01,18671.0,10767.0,0.46675641133197354
2025-01-23T21:00:00Z,2025-01-23,15,15:00:00,2025-01-23,15:00,N,4.88,16752.0,10395.0,0.4881976043956827
2025-01-23T22:00:00Z,2025-01-23,16,16:00:00,2025-01-23,16:00,N,4.91,15182.0,10480.0,0.5005743701623421
2025-01-23T23:00:00Z,2025-01-23,17,17:00:00,2025-01-23,17:00,N,16.35,13279.0,10454.0,0.5335004221603111
2025-01-24T00:00:00Z,2025-01-23,18,18:00:00,2025-01-23,18:00,N,30.9,3818.0,9235.0,0.7843828096967858
2025-01-24T01:00:00Z,2025-01-23,19,19:00:00,2025-01-23,19:00,N,37.23,25.0,7446.0,0.9058031979168202
2025-01-24T02:00:00Z,2025-01-23,20,20:00:00,2025-01-23,20:00,N,39.62,0.0,7272.0,0.9259685147278517
2025-01-24T03:00:00Z,2025-01-23,21,21:00:00,2025-01-23,21:00,N,42.71,0.0,6019.0,0.944606106917409
2025-01-24T04:00:00Z,2025-01-23,22,22:00:00,2025-01-23,22:00,N,44.21,0.0,4959.0,0.9833789254388212
2025-01-24T05:00:00Z,2025-01-23,23,23:00:00,2025-01-23,23:00,N,46.58,0.0,4542.0,1.005860485267303
2025-01-24T06:00:00Z,2025-01-23,24,00:00:00,2025-01-23,24:00,N,40.24,0.0,5086.0,0.9988719524118678
2025-01-24T07:00:00Z,2025-01-24,1,01:00:00,2025-01-24,01:00,N,40.75,0.0,6512.0,0.9765882603284739
2025-01-24T08:00:00Z,2025-01-24,2,02:00:00,2025-01-24,02:00,N,34.12,0.0,8940.0,0.9377964807312457
2025-01-24T09:00:00Z,2025-01-24,3,03:00:00,2025-01-24,03:00,N,29.73,0.0,11691.0,0.894503963480744
2025-01-24T10:00:00Z,2025-01-24,4,04:00:00,2025-01-24,04:00,N,30.19,0.0,14854.0,0.8474916147293114
2025-01-24T11:00:00Z,2025-01-24,5,05:00:00,2025-01-24,05:00,N,29.41,0.0,17299.0,0.815643742480861
2025-01-24T12:00:00Z,2025-01-24,6,06:00:00,2025-01-24,06:00,N,33.18,1.0,19380.0,0.7868062812223982
2025-01-24T13:00:00Z,2025-01-24,7,07:00:00,2025-01-24,07:00,N,41.19,1.0,21051.0,0.7546292891792358
2025-01-24T14:00:00Z,2025-01-24,8,08:00:00,2025-01-24,08:00,N,41.52,702.0,22090.0,0.7268328705619295
2025-01-24T15:00:00Z,2025-01-24,9,09:00:00,2025-01-24,09:00,N,25.79,10515.0,21616.0,0.5937554737707287
2025-01-24T16:00:00Z,2025-01-24,10,10:00:00,2025-01-24,10:00,N,22.64,20800.0,17154.0,0.4629139930210127
2025-01-24T17:00:00Z,2025-01-24,11,11:00:00,2025-01-24,11:00,N,18.33,20583.0,17814.0,0.4180137742317617
2025-01-24T18:00:00Z,2025-01-24,12,12:00:00,2025-01-24,12:00,N,9.84,18808.0,19114.0,0.37761553289559474
2025-01-24T19:00:00Z,2025-01-24,13,13:00:00,2025-01-24,13:00,N,9.58,18268.0,18918.0,0.33796308167374756
2025-01-24T20:00:00Z,2025-01-24,14,14:00:00,2025-01-24,14:00,N,4.74,17610.0,19027.0,0.3170364049879507
2025-01-24T21:00:00Z,2025-01-24,15,15:00:00,2025-01-24,15:00,N,2.1,16886.0,19027.0,0.31871842259216576
2025-01-24T22:00:00Z,2025-01-24,16,16:00:00,2025-01-24,16:00,N,1.9,15528.0,19190.0,0.32603256928920865
2025-01-24T23:00:00Z,2025-01-24,17,17:00:00,2025-01-24,17:00,N,6.41,12378.0,20262.0,0.3491806826380889
2025-01-25T00:00:00Z,2025-01-24,18,18:00:00,2025-01-24,18:00,N,22.47,3584.0,22721.0,0.536177910320495
2025-01-25T01:00:00Z,2025-01-24,19,19:00:00,2025-01-24,19:00,N,27.97,34.0,25009.0,0.628938985540624
2025-01-25T02:00:00Z,2025-01-24,20,20:00:00,2025-01-24,20:00,N,25.75,0.0,25852.0,0.6381392929967747
2025-01-25T03:00:00Z,2025-01-24,21,21:00:00,2025-01-24,21:00,N,26.86,1.0,26515.0,0.6380465032654651
2025-01-25T04:00:00Z,2025-01-24,22,22:00:00,2025-01-24,22:00,N,30.07,1.0,26669.0,0.6383285469607164
2025-01-25T05:00:00Z,2025-01-24,23,23:00:00,2025-01-24,23:00,N,31.49,1.0,26539.0,0.6450656804764039
2025-01-25T06:00:00Z,2025-01-24,24,00:00:00,2025-01-24,24:00,N,31.27,1.0,26707.0,0.636576828801492
2025-01-25T07:00:00Z,2025-01-25,1,01:00:00,2025-01-25,01:00,N,30.03,1.0,26218.0,0.6308261686501585
2025-01-25T08:00:00Z,2025-01-25,2,02:00:00,2025-01-25,02:00,N,24.38,1.0,26040.0,0.6389116470461185
2025-01-25T09:00:00Z,2025-01-25,3,03:00:00,2025-01-25,03:00,N,23.8,1.0,26161.0,0.643459719880007
2025-01-25T10:00:00Z,2025-01-25,4,04:00:00,2025-01-25,04:00,N,23.91,1.0,26110.0,0.6416897410715519
2025-01-25T11:00:00Z,2025-01-25,5,05:00:00,2025-01-25,05:00,N,22.69,0.0,26680.0,0.6392033640703684
2025-01-25T12:00:00Z,2025-01-25,6,06:00:00,2025-01-25,06:00,N,25.5,1.0,26248.0,0.6536544490974961
2025-01-25T13:00:00Z,2025-01-25,7,07:00:00,2025-01-25,07:00,N,32.47,1.0,26092.0,0.6551441731798634
2025-01-25T14:00:00Z,2025-01-25,8,08:00:00,2025-01-25,08:00,N,34.97,420.0,25578.0,0.6495173837153944
2025-01-25T15:00:00Z,2025-01-25,9,09:00:00,2025-01-25,09:00,N,26.5,7368.0,23331.0,0.5855111853890546
2025-01-25T16:00:00Z,2025-01-25,10,10:00:00,2025-01-25,10:00,N,22.8,14174.0,19752.0,0.49714836413154323
2025-01-25T17:00:00Z,2025-01-25,11,11:00:00,2025-01-25,11:00,N,20.95,12826.0,20482.0,0.4951117377241122
2025-01-25T18:00:00Z,2025-01-25,12,12:00:00,2025-01-25,12:00,N,16.26,12036.0,19838.0,0.5094925553973683
2025-01-25T19:00:00Z,2025-01-25,13,13:00:00,2025-01-25,13:00,N,16.26,11867.0,17727.0,0.541709614673492
2025-01-25T20:00:00Z,2025-01-25,14,14:00:00,2025-01-25,14:00,N,17.59,10469.0,14972.0,0.6031801318623561
2025-01-25T21:00:00Z,2025-01-25,15,15:00:00,2025-01-25,15:00,N,20.27,9225.0,13128.0,0.6513417047147649
2025-01-25T22:00:00Z,2025-01-25,16,16:00:00,2025-01-25,16:00,N,22.74,7358.0,12171.0,0.705419083807943
2025-01-25T23:00:00Z,2025-01-25,17,17:00:00,2025-01-25,17:00,N,24.39,3910.0,11996.0,0.7752413154552713
2025-01-26T00:00:00Z,2025-01-25,18,18:00:00,2025-01-25,18:00,N,43.45,1209.0,12692.0,0.8102462525057238
2025-01-26T01:00:00Z,2025-01-25,19,19:00:00,2025-01-25,19:00,N,36.15,23.0,14276.0,0.8044531940447831
2025-01-26T02:00:00Z,2025-01-25,20,20:00:00,2025-01-25,20:00,N,26.17,0.0,17844.0,0.7491830791860934
2025-01-26T03:00:00Z,2025-01-25,21,21:00:00,2025-01-25,21:00,N,23.14,0.0,19310.0,0.7070787568197373
2025-01-26T04:00:00Z,2025-01-25,22,22:00:00,2025-01-25,22:00,N,22.04,0.0,18698.0,0.7296869810225214
2025-01-26T05:00:00Z,2025-01-25,23,23:00:00,2025-01-25,23:00,N,25.42,0.0,18759.0,0.7279027935844186
2025-01-26T06:00:00Z,2025-01-25,24,00:00:00,2025-01-25,24:00,N,24.35,0.0,18261.0,0.7248637852189833
2025-01-26T07:00:00Z,2025-01-26,1,01:00:00,2025-01-26,01:00,N,25.69,0.0,18824.0,0.6879286773252561
2025-01-26T08:00:00Z,2025-01-26,2,02:00:00,2025-01-26,02:00,N,23.76,0.0,18690.0,0.6634851159684141
2025-01-26T09:00:00Z,2025-01-26,3,03:00:00,2025-01-26,03:00,N,22.54,0.0,17750.0,0.6743919355979001
2025-01-26T10:00:00Z,2025-01-26,4,04:00:00,2025-01-26,04:00,N,23.34,0.0,15778.0,0.7420829541003681
2025-01-26T11:00:00Z,2025-01-26,5,05:00:00,2025-01-26,05:00,N,26.09,0.0,13865.0,0.80851048203731
2025-01-26T12:00:00Z,2025-01-26,6,06:00:00,2025-01-26,06:00,N,26.75,0.0,12549.0,0.844509095228912
2025-01-26T13:00:00Z,2025-01-26,7,07:00:00,2025-01-26,07:00,N,26.56,0.0,11693.0,0.8577527011291037
2025-01-26T14:00:00Z,2025-01-26,8,08:00:00,2025-01-26,08:00,N,28.66,52.0,10150.0,0.8779365647279243
2025-01-26T15:00:00Z,2025-01-26,9,09:00:00,2025-01-26,09:00,N,33.41,1691.0,7860.0,0.8959331315644619
2025-01-26T16:00:00Z,2025-01-26,10,10:00:00,2025-01-26,10:00,N,33.77,5215.0,6373.0,0.8597234268438626
2025-01-26T17:00:00Z,2025-01-26,11,11:00:00,2025-01-26,11:00,N,34.43,7519.0,6005.0,0.8273977000923562
2025-01-26T18:00:00Z,2025-01-26,12,12:00:00,2025-01-26,12:00,N,34.3,8958.0,5335.0,0.8118602226999735
2025-01-26T19:00:00Z,2025-01-26,13,13:00:00,2025-01-26,13:00,N,30.54,9456.0,5409.0,0.8028450211186539
2025-01-26T20:00:00Z,2025-01-26,14,14:00:00,2025-01-26,14:00,N,28.48,9382.0,5640.0,0.8009906057147865
2025-01-26T21:00:00Z,2025-01-26,15,15:00:00,2025-01-26,15:00,N,28.72,8868.0,5959.0,0.7976192020869975
2025-01-26T22:00:00Z,2025-01-26,16,16:00:00,2025-01-26,16:00,N,29.24,8359.0,6233.0,0.7980176184106794
2025-01-26T23:00:00Z,2025-01-26,17,17:00:00,2025-01-26,17:00,N,32.54,6613.0,6595.0,0.8230751159001468
2025-01-27T00:00:00Z,2025-01-26,18,18:00:00,2025-01-26,18:00,N,41.21,1597.0,6731.0,0.8973617758229565
2025-01-27T01:00:00Z,2025-01-26,19,19:00:00,2025-01-26,19:00,N,45.34,25.0,7698.0,0.8996898825453901
2025-01-27T02:00:00Z,2025-01-26,20,20:00:00,2025-01-26,20:00,N,38.45,0.0,8423.0,0.898342187413573
2025-01-27T03:00:00Z,2025-01-26,21,21:00:00,2025-01-26,21:00,N,35.63,0.0,8980.0,0.9096318734402821
2025-01-27T04:00:00Z,2025-01-26,22,22:00:00,2025-01-26,22:00,N,30.51,0.0,10261.0,0.893054710251511
2025-01-27T05:00:00Z,2025-01-26,23,23:00:00,2025-01-26,23:00,N,28.5,0.0,11205.0,0.8677433787828828
2025-01-27T06:00:00Z,2025-01-26,24,00:00:00,2025-01-26,24:00,N,25.91,0.0,11554.0,0.8462733566297141
2025-01-27T07:00:00Z,2025-01-27,1,01:00:00,2025-01-27,01:00,N,22.44,0.0,11840.0,0.8204839080740248
2025-01-27T08:00:00Z,2025-01-27,2,02:00:00,2025-01-27,02:00,N,23.21,0.0,11312.0,0.8257092437798653
2025-01-27T09:00:00Z,2025-01-27,3,03:00:00,2025-01-27,03:00,N,23.9,0.0,10650.0,0.8313702061631781
2025-01-27T10:00:00Z,2025-01-27,4,04:00:00,2025-01-27,04:00,N,26.05,0.0,10352.0,0.837258622270391
2025-01-27T11:00:00Z,2025-01-27,5,05:00:00,2025-01-27,05:00,N,27.57,0.0,10046.0,0.8636949778167092
2025-01-27T12:00:00Z,2025-01-27,6,06:00:00,2025-01-27,06:00,N,30.61,0.0,9121.0,0.9109885648220506
2025-01-27T13:00:00Z,2025-01-27,7,07:00:00,2025-01-27,07:00,N,42.61,0.0,8434.0,0.9307454345195519
2025-01-27T14:00:00Z,2025-01-27,8,08:00:00,2025-01-27,08:00,N,54.6,53.0,7944.0,0.9027942859852464
2025-01-27T15:00:00Z,2025-01-27,9,09:00:00,2025-01-27,09:00,N,40.76,1861.0,6785.0,0.8931830705065888
2025-01-27T16:00:00Z,2025-01-27,10,10:00:00,2025-01-27,10:00,N,34.27,5602.0,4759.0,0.8911226134305789
2025-01-27T17:00:00Z,2025-01-27,11,11:00:00,2025-01-27,11:00,N,30.46,7862.0,3631.0,0.8901706277700315
2025-01-27T18:00:00Z,2025-01-27,12,12:00:00,2025-01-27,12:00,N,26.94,9752.0,3018.0,0.8719803768287367
2025-01-27T19:00:00Z,2025-01-27,13,13:00:00,2025-01-27,13:00,N,22.82,11227.0,2842.0,0.8474098448248524
2025-01-27T20:00:00Z,2025-01-27,14,14:00:00,2025-01-27,14:00,N,21.79,11323.0,2502.0,0.8547205879911467
2025-01-27T21:00:00Z,2025-01-27,15,15:00:00,2025-01-27,15:00,N,21.77,10710.0,2750.0,0.8605576394609518
2025-01-27T22:00:00Z,2025-01-27,16,16:00:00,2025-01-27,16:00,N,22.31,9117.0,2847.0,0.8769328641801678
2025-01-27T23:00:00Z,2025-01-27,17,17:00:00,2025-01-27,17:00,N,25.39,6245.0,2547.0,0.943830204039201
2025-01-28T00:00:00Z,2025-01-27,18,18:00:00,2025-01-27,18:00,N,43.31,1853.0,2304.0,1.0044147642975547
2025-01-28T01:00:00Z,2025-01-27,19,19:00:00,2025-01-27,19:00,N,49.66,34.0,2622.0,1.0017983576310803
2025-01-28T02:00:00Z,2025-01-27,20,20:00:00,2025-01-27,20:00,N,41.47,0.0,3213.0,1.009046067805498
2025-01-28T03:00:00Z,2025-01-27,21,21:00:00,2025-01-27,21:00,N,37.66,0.0,4017.0,1.0164092517351715
2025-01-28T04:00:00Z,2025-01-27,22,22:00:00,2025-01-27,22:00,N,33.04,1.0,4146.0,1.0219870345570332
2025-01-28T05:00:00Z,2025-01-27,23,23:00:00,2025-01-27,23:00,N,30.31,1.0,3866.0,1.0267453006281997
2025-01-28T06:00:00Z,2025-01-27,24,00:00:00,2025-01-27,24:00,N,29.1,1.0,3843.0,1.0266763606992826
2025-01-28T07:00:00Z,2025-01-28,1,01:00:00,2025-01-28,01:00,N,24.06,1.0,3290.0,1.0390961568133965
2025-01-28T08:00:00Z,2025-01-28,2,02:00:00,2025-01-28,02:00,N,23.96,1.0,2795.0,1.0456745470320892
2025-01-28T09:00:00Z,2025-01-28,3,03:00:00,2025-01-28,03:00,N,24.01,1.0,2325.0,1.0534637884418752
2025-01-28T10:00:00Z,2025-01-28,4,04:00:00,2025-01-28,04:00,N,24.65,1.0,1513.0,1.0689698651113544
2025-01-28T11:00:00Z,2025-01-28,5,05:00:00,2025-01-28,05:00,N,25.05,1.0,1050.0,1.0741865298815187
2025-01-28T12:00:00Z,2025-01-28,6,06:00:00,2025-01-28,06:00,N,30.36,1.0,892.0,1.0719008000849755
2025-01-28T13:00:00Z,2025-01-28,7,07:00:00,2025-01-28,07:00,N,45.01,1.0,1080.0,1.0492622115805383
2025-01-28T14:00:00Z,2025-01-28,8,08:00:00,2025-01-28,08:00,N,50.04,51.0,1375.0,1.0282650021883244
2025-01-28T15:00:00Z,2025-01-28,9,09:00:00,2025-01-28,09:00,N,39.88,1158.0,1432.0,1.0307162387665845
2025-01-28T16:00:00Z,2025-01-28,10,10:00:00,2025-01-28,10:00,N,36.61,3434.0,1032.0,1.001090608680747
2025-01-28T17:00:00Z,2025-01-28,11,11:00:00,2025-01-28,11:00,N,31.6,5594.0,595.0,0.9816652509937096
2025-01-28T18:00:00Z,2025-01-28,12,12:00:00,2025-01-28,12:00,N,26.37,6713.0,374.0,0.9679444444035764
2025-01-28T19:00:00Z,2025-01-28,13,13:00:00,2025-01-28,13:00,N,24.08,7662.0,200.0,0.9544995142933258
2025-01-28T20:00:00Z,2025-01-28,14,14:00:00,2025-01-28,14:00,N,21.99,7156.0,302.0,0.9608942056908741
2025-01-28T21:00:00Z,2025-01-28,15,15:00:00,2025-01-28,15:00,N,22.22,5793.0,409.0,0.9836037713753436
2025-01-28T22:00:00Z,2025-01-28,16,16:00:00,2025-01-28,16:00,N,23.61,3661.0,510.0,1.0246241549434305
2025-01-28T23:00:00Z,2025-01-28,17,17:00:00,2025-01-28,17:00,N,29.53,1932.0,768.0,1.0482570600292294
2025-01-29T00:00:00Z,2025-01-28,18,18:00:00,2025-01-28,18:00,N,36.94,479.0,1399.0,1.047935659261653
2025-01-29T01:00:00Z,2025-01-28,19,19:00:00,2025-01-28,19:00,N,37.91,4.0,2208.0,1.031220073285947
2025-01-29T02:00:00Z,2025-01-28,20,20:00:00,2025-01-28,20:00,N,30.35,0.0,3181.0,1.0256835707001462
2025-01-29T03:00:00Z,2025-01-28,21,21:00:00,2025-01-28,21:00,N,27.03,0.0,3948.0,1.0219565129859367
2025-01-29T04:00:00Z,2025-01-28,22,22:00:00,2025-01-28,22:00,N,24.41,1.0,4472.0,1.0177882970049499
2025-01-29T05:00:00Z,2025-01-28,23,23:00:00,2025-01-28,23:00,N,24.44,1.0,4352.0,1.0236589319234193
2025-01-29T06:00:00Z,2025-01-28,24,00:00:00,2025-01-28,24:00,N,23.08,1.0,4496.0,1.0229628211196227
2025-01-29T07:00:00Z,2025-01-29,1,01:00:00,2025-01-29,01:00,N,25.16,1.0,3923.0,1.0222905252551147
2025-01-29T08:00:00Z,2025-01-29,2,02:00:00,2025-01-29,02:00,N,24.14,1.0,3217.0,1.0367706230268283
2025-01-29T09:00:00Z,2025-01-29,3,03:00:00,2025-01-29,03:00,N,23.0,1.0,3019.0,1.0335826728254862
2025-01-29T10:00:00Z,2025-01-29,4,04:00:00,2025-01-29,04:00,N,22.66,1.0,3476.0,1.02690403534991
2025-01-29T11:00:00Z,2025-01-29,5,05:00:00,2025-01-29,05:00,N,23.79,1.0,3894.0,1.0197041212659272
2025-01-29T12:00:00Z,2025-01-29,6,06:00:00,2025-01-29,06:00,N,25.98,1.0,4471.0,1.0070418315714307
2025-01-29T13:00:00Z,2025-01-29,7,07:00:00,2025-01-29,07:00,N,35.21,1.0,4597.0,0.9897319382468119
2025-01-29T14:00:00Z,2025-01-29,8,08:00:00,2025-01-29,08:00,N,38.52,31.0,5086.0,0.9609196384413717
2025-01-29T15:00:00Z,2025-01-29,9,09:00:00,2025-01-29,09:00,N,37.54,627.0,5258.0,0.968726813234177
2025-01-29T16:00:00Z,2025-01-29,10,10:00:00,2025-01-29,10:00,N,38.99,1871.0,5562.0,0.9355309609215046
2025-01-29T17:00:00Z,2025-01-29,11,11:00:00,2025-01-29,11:00,N,30.68,3079.0,6014.0,0.9032807857981956
2025-01-29T18:00:00Z,2025-01-29,12,12:00:00,2025-01-29,12:00,N,24.95,4275.0,6100.0,0.8861840697188716
2025-01-29T19:00:00Z,2025-01-29,13,13:00:00,2025-01-29,13:00,N,22.48,5038.0,6007.0,0.8737697805848998
2025-01-29T20:00:00Z,2025-01-29,14,14:00:00,2025-01-29,14:00,N,22.04,5267.0,5883.0,0.8829100846694663
2025-01-29T21:00:00Z,2025-01-29,15,15:00:00,2025-01-29,15:00,N,20.12,5479.0,6167.0,0.8657840453610798
2025-01-29T22:00:00Z,2025-01-29,16,16:00:00,2025-01-29,16:00,N,20.57,4883.0,6778.0,0.8731110101014317
2025-01-29T23:00:00Z,2025-01-29,17,17:00:00,2025-01-29,17:00,N,22.67,4138.0,7130.0,0.8774075404189768
2025-01-30T00:00:00Z,2025-01-29,18,18:00:00,2025-01-29,18:00,N,29.91,1797.0,6992.0,0.9148070155152497
2025-01-30T01:00:00Z,2025-01-29,19,19:00:00,2025-01-29,19:00,N,34.05,42.0,6496.0,0.9315454606680407
2025-01-30T02:00:00Z,2025-01-29,20,20:00:00,2025-01-29,20:00,N,32.4,0.0,6347.0,0.9371883153890184
2025-01-30T03:00:00Z,2025-01-29,21,21:00:00,2025-01-29,21:00,N,30.03,0.0,6756.0,0.9553378334138953
2025-01-30T04:00:00Z,2025-01-29,22,22:00:00,2025-01-29,22:00,N,25.3,0.0,7301.0,0.9516051469105181
2025-01-30T05:00:00Z,2025-01-29,23,23:00:00,2025-01-29,23:00,N,24.02,0.0,8010.0,0.9156652820235451
2025-01-30T06:00:00Z,2025-01-29,24,00:00:00,2025-01-29,24:00,N,22.09,0.0,9506.0,0.8646157009700729
2025-01-30T07:00:00Z,2025-01-30,1,01:00:00,2025-01-30,01:00,N,23.7,1.0,11811.0,0.7809907202236033
2025-01-30T08:00:00Z,2025-01-30,2,02:00:00,2025-01-30,02:00,N,21.11,1.0,13237.0,0.724908340810001
2025-01-30T09:00:00Z,2025-01-30,3,03:00:00,2025-01-30,03:00,N,20.58,1.0,12591.0,0.7238408109449612
2025-01-30T10:00:00Z,2025-01-30,4,04:00:00,2025-01-30,04:00,N,19.07,1.0,12251.0,0.7469556049725841
2025-01-30T11:00:00Z,2025-01-30,5,05:00:00,2025-01-30,05:00,N,20.22,1.0,11884.0,0.7748151461530925
2025-01-30T12:00:00Z,2025-01-30,6,06:00:00,2025-01-30,06:00,N,23.42,1.0,11993.0,0.7837750900335506
2025-01-30T13:00:00Z,2025-01-30,7,07:00:00,2025-01-30,07:00,N,29.75,1.0,12277.0,0.7908915742395171
2025-01-30T14:00:00Z,2025-01-30,8,08:00:00,2025-01-30,08:00,N,25.83,49.0,12800.0,0.7874337164988043
2025-01-30T15:00:00Z,2025-01-30,9,09:00:00,2025-01-30,09:00,N,22.54,3106.0,14054.0,0.6867075511671887
2025-01-30T16:00:00Z,2025-01-30,10,10:00:00,2025-01-30,10:00,N,21.97,8521.0,12860.0,0.5860699389318041
2025-01-30T17:00:00Z,2025-01-30,11,11:00:00,2025-01-30,11:00,N,21.36,10414.0,13396.0,0.5589907674417606
2025-01-30T18:00:00Z,2025-01-30,12,12:00:00,2025-01-30,12:00,N,17.16,11546.0,16408.0,0.47093112241843804
2025-01-30T19:00:00Z,2025-01-30,13,13:00:00,2025-01-30,13:00,N,15.71,11271.0,19320.0,0.40457963526398744
2025-01-30T20:00:00Z,2025-01-30,14,14:00:00,2025-01-30,14:00,N,12.69,10791.0,21033.0,0.37434990609564495
2025-01-30T21:00:00Z,2025-01-30,15,15:00:00,2025-01-30,15:00,N,11.45,10082.0,21569.0,0.3819791547270933
2025-01-30T22:00:00Z,2025-01-30,16,16:00:00,2025-01-30,16:00,N,10.43,8349.0,21325.0,0.419193181403522
2025-01-30T23:00:00Z,2025-01-30,17,17:00:00,2025-01-30,17:00,N,16.29,5716.0,21177.0,0.5001147899188846
2025-01-31T00:00:00Z,2025-01-30,18,18:00:00,2025-01-30,18:00,N,22.66,2183.0,21585.0,0.6046174141103903
2025-01-31T01:00:00Z,2025-01-30,19,19:00:00,2025-01-30,19:00,N,25.68,40.0,21645.0,0.6235197373496644
2025-01-31T02:00:00Z,2025-01-30,20,20:00:00,2025-01-30,20:00,N,24.57,0.0,21307.0,0.6479935341761279
2025-01-31T03:00:00Z,2025-01-30,21,21:00:00,2025-01-30,21:00,N,21.49,1.0,22163.0,0.6391075614222878
2025-01-31T04:00:00Z,2025-01-30,22,22:00:00,2025-01-30,22:00,N,19.4,1.0,22366.0,0.6136658969066222
2025-01-31T05:00:00Z,2025-01-30,23,23:00:00,2025-01-30,23:00,N,19.22,1.0,22205.0,0.5918786802088497
2025-01-31T06:00:00Z,2025-01-30,24,00:00:00,2025-01-30,24:00,N,18.27,1.0,21885.0,0.5768878145718745
2025-01-31T07:00:00Z,2025-01-31,1,01:00:00,2025-01-31,01:00,N,15.1,1.0,21804.0,0.569054972621999
2025-01-31T08:00:00Z,2025-01-31,2,02:00:00,2025-01-31,02:00,N,14.9,1.0,21402.0,0.5752928147256994
2025-01-31T09:00:00Z,2025-01-31,3,03:00:00,2025-01-31,03:00,N,14.18,0.0,21447.0,0.5720056765762851
2025-01-31T10:00:00Z,2025-01-31,4,04:00:00,2025-01-31,04:00,N,15.19,1.0,21669.0,0.5633922302946421
2025-01-31T11:00:00Z,2025-01-31,5,05:00:00,2025-01-31,05:00,N,16.08,1.0,21798.0,0.5722102154424286
2025-01-31T12:00:00Z,2025-01-31,6,06:00:00,2025-01-31,06:00,N,18.14,1.0,21947.0,0.5913980930556669
2025-01-31T13:00:00Z,2025-01-31,7,07:00:00,2025-01-31,07:00,N,24.41,1.0,22400.0,0.6196331301205331
2025-01-31T14:00:00Z,2025-01-31,8,08:00:00,2025-01-31,08:00,N,25.39,573.0,22969.0,0.6116538474521509
2025-01-31T15:00:00Z,2025-01-31,9,09:00:00,2025-01-31,09:00,N,18.43,9317.0,22099.0,0.4596478235602166
2025-01-31T16:00:00Z,2025-01-31,10,10:00:00,2025-01-31,10:00,N,10.49,18278.0,18466.0,0.32941630158319274
2025-01-31T17:00:00Z,2025-01-31,11,11:00:00,2025-01-31,11:00,N,7.36,17700.0,17319.0,0.3193997086730625
2025-01-31T18:00:00Z,2025-01-31,12,12:00:00,2025-01-31,12:00,N,5.64,15263.0,17776.0,0.33127747884111486
2025-01-31T19:00:00Z,2025-01-31,13,13:00:00,2025-01-31,13:00,N,5.21,14418.0,17215.0,0.34524799890186836
2025-01-31T20:00:00Z,2025-01-31,14,14:00:00,2025-01-31,14:00,N,5.96,14337.0,16040.0,0.35704132155329404
2025-01-31T21:00:00Z,2025-01-31,15,15:00:00,2025-01-31,15:00,N,10.47,14785.0,14179.0,0.3751586006648648
2025-01-31T22:00:00Z,2025-01-31,16,16:00:00,2025-01-31,16:00,N,16.43,15143.0,11633.0,0.4185760232471979
2025-01-31T23:00:00Z,2025-01-31,17,17:00:00,2025-01-31,17:00,N,23.2,13156.0,8283.0,0.5249168249190419
2025-02-01T00:00:00Z,2025-01-31,18,18:00:00,2025-01-31,18:00,N,42.23,5537.0,4561.0,0.7919504840458372
2025-02-01T01:00:00Z,2025-01-31,19,19:00:00,2025-01-31,19:00,N,51.25,78.0,2069.0,1.00120428193614
2025-02-01T02:00:00Z,2025-01-31,20,20:00:00,2025-01-31,20:00,N,49.43,0.0,1444.0,1.0145626025187604
2025-02-01T03:00:00Z,2025-01-31,21,21:00:00,2025-01-31,21:00,N,44.64,0.0,1506.0,1.0159746583735147
2025-02-01T04:00:00Z,2025-01-31,22,22:00:00,2025-01-31,22:00,N,35.76,0.0,1655.0,1.0191995171241226
2025-02-01T05:00:00Z,2025-01-31,23,23:00:00,2025-01-31,23:00,N,28.89,0.0,2192.0,1.0324806928449024
2025-02-01T06:00:00Z,2025-01-31,24,00:00:00,2025-01-31,24:00,N,25.85,0.0,3461.0,1.013285674562344
2025-02-01T07:00:00Z,2025-02-01,1,01:00:00,2025-02-01,01:00,N,32.43,0.0,4707.0,0.9831793285976241
2025-02-01T08:00:00Z,2025-02-01,2,02:00:00,2025-02-01,02:00,N,27.6,0.0,5982.0,0.952297759419398
2025-02-01T09:00:00Z,2025-02-01,3,03:00:00,2025-02-01,03:00,N,26.19,1.0,7459.0,0.8953931467815144
2025-02-01T10:00:00Z,2025-02-01,4,04:00:00,2025-02-01,04:00,N,24.98,1.0,9356.0,0.8455983415582101
2025-02-01T11:00:00Z,2025-02-01,5,05:00:00,2025-02-01,05:00,N,26.13,1.0,10530.0,0.8208059193411823
2025-02-01T12:00:00Z,2025-02-01,6,06:00:00,2025-02-01,06:00,N,23.77,1.0,11103.0,0.8196976681546136
2025-02-01T13:00:00Z,2025-02-01,7,07:00:00,2025-02-01,07:00,N,25.08,1.0,11430.0,0.8183991421184702
2025-02-01T14:00:00Z,2025-02-01,8,08:00:00,2025-02-01,08:00,N,23.12,941.0,12438.0,0.7955068185092249
2025-02-01T15:00:00Z,2025-02-01,9,09:00:00,2025-02-01,09:00,N,18.3,11725.0,13917.0,0.539452758033027
2025-02-01T16:00:00Z,2025-02-01,10,10:00:00,2025-02-01,10:00,N,10.6,21187.0,12377.0,0.3420382935953478
2025-02-01T17:00:00Z,2025-02-01,11,11:00:00,2025-02-01,11:00,N,7.23,21896.0,11894.0,0.3212788493538724
2025-02-01T18:00:00Z,2025-02-01,12,12:00:00,2025-02-01,12:00,N,5.01,19300.0,14126.0,0.3011053897318334
2025-02-01T19:00:00Z,2025-02-01,13,13:00:00,2025-02-01,13:00,N,3.42,16489.0,15800.0,0.30349550717471574
2025-02-01T20:00:00Z,2025-02-01,14,14:00:00,2025-02-01,14:00,N,2.51,15526.0,16565.0,0.3074642386144466
2025-02-01T21:00:00Z,2025-02-01,15,15:00:00,2025-02-01,15:00,N,1.18,14105.0,17414.0,0.31325348729130065
2025-02-01T22:00:00Z,2025-02-01,16,16:00:00,2025-02-01,16:00,N,2.2,13053.0,18051.0,0.31941604063070433
2025-02-01T23:00:00Z,2025-02-01,17,17:00:00,2025-02-01,17:00,N,7.99,10760.0,18766.0,0.3449860114454867
2025-02-02T00:00:00Z,2025-02-01,18,18:00:00,2025-02-01,18:00,N,30.85,4228.0,19425.0,0.4711388668307264
2025-02-02T01:00:00Z,2025-02-01,19,19:00:00,2025-02-01,19:00,N,26.09,78.0,21881.0,0.5374371977375859
2025-02-02T02:00:00Z,2025-02-01,20,20:00:00,2025-02-01,20:00,N,21.63,0.0,24508.0,0.48325603308230397
2025-02-02T03:00:00Z,2025-02-01,21,21:00:00,2025-02-01,21:00,N,20.36,1.0,25236.0,0.4587362615159399
2025-02-02T04:00:00Z,2025-02-01,22,22:00:00,2025-02-01,22:00,N,18.18,1.0,25466.0,0.44783161640530234
2025-02-02T05:00:00Z,2025-02-01,23,23:00:00,2025-02-01,23:00,N,17.92,1.0,25880.0,0.4254517900229182
2025-02-02T06:00:00Z,2025-02-01,24,00:00:00,2025-02-01,24:00,N,15.69,1.0,26087.0,0.40638161778279636
2025-02-02T07:00:00Z,2025-02-02,1,01:00:00,2025-02-02,01:00,N,15.69,1.0,26198.0,0.3864035545968773
2025-02-02T08:00:00Z,2025-02-02,2,02:00:00,2025-02-02,02:00,N,14.0,1.0,25926.0,0.39043202649639497
2025-02-02T09:00:00Z,2025-02-02,3,03:00:00,2025-02-02,03:00,N,13.8,1.0,25930.0,0.3785999612688931
2025-02-02T10:00:00Z,2025-02-02,4,04:00:00,2025-02-02,04:00,N,12.89,1.0,25153.0,0.3928813484367875
2025-02-02T11:00:00Z,2025-02-02,5,05:00:00,2025-02-02,05:00,N,14.09,1.0,24480.0,0.42218905729980233
2025-02-02T12:00:00Z,2025-02-02,6,06:00:00,2025-02-02,06:00,N,16.9,1.0,23919.0,0.46720633878065837
2025-02-02T13:00:00Z,2025-02-02,7,07:00:00,2025-02-02,07:00,N,20.23,1.0,22342.0,0.5198133945250165
2025-02-02T14:00:00Z,2025-02-02,8,08:00:00,2025-02-02,08:00,N,21.65,820.0,20122.0,0.5832603498941686
2025-02-02T15:00:00Z,2025-02-02,9,09:00:00,2025-02-02,09:00,N,11.48,11113.0,17243.0,0.4518907731572307
2025-02-02T16:00:00Z,2025-02-02,10,10:00:00,2025-02-02,10:00,N,7.64,21035.0,11240.0,0.3281773906301626
2025-02-02T17:00:00Z,2025-02-02,11,11:00:00,2025-02-02,11:00,N,9.32,22003.0,9368.0,0.3226111455562055
2025-02-02T18:00:00Z,2025-02-02,12,12:00:00,2025-02-02,12:00,N,14.36,20981.0,9285.0,0.3264750055123964
2025-02-02T19:00:00Z,2025-02-02,13,13:00:00,2025-02-02,13:00,N,13.49,20320.0,9033.0,0.33635115346976796
2025-02-02T20:00:00Z,2025-02-02,14,14:00:00,2025-02-02,14:00,N,12.99,20466.0,9525.0,0.3341382225648346
2025-02-02T21:00:00Z,2025-02-02,15,15:00:00,2025-02-02,15:00,N,8.21,19453.0,11251.0,0.3285313716245218
2025-02-02T22:00:00Z,2025-02-02,16,16:00:00,2025-02-02,16:00,N,4.38,17747.0,13404.0,0.3329908075973218
2025-02-02T23:00:00Z,2025-02-02,17,17:00:00,2025-02-02,17:00,N,13.89,15347.0,15220.0,0.3541780803119248
2025-02-03T00:00:00Z,2025-02-02,18,18:00:00,2025-02-02,18:00,N,39.29,5420.0,16640.0,0.5184408433170236
2025-02-03T01:00:00Z,2025-02-02,19,19:00:00,2025-02-02,19:00,N,33.89,94.0,19158.0,0.6113591987592489
2025-02-03T02:00:00Z,2025-02-02,20,20:00:00,2025-02-02,20:00,N,22.81,0.0,23895.0,0.5433058934726305
2025-02-03T03:00:00Z,2025-02-02,21,21:00:00,2025-02-02,21:00,N,16.99,1.0,26165.0,0.5003707375568417
2025-02-03T04:00:00Z,2025-02-02,22,22:00:00,2025-02-02,22:00,N,16.01,1.0,26252.0,0.4813926302701905
2025-02-03T05:00:00Z,2025-02-02,23,23:00:00,2025-02-02,23:00,N,15.26,1.0,26108.0,0.44662602187793854
2025-02-03T06:00:00Z,2025-02-02,24,00:00:00,2025-02-02,24:00,N,12.78,1.0,26284.0,0.4092476488057134
2025-02-03T07:00:00Z,2025-02-03,1,01:00:00,2025-02-03,01:00,N,8.59,1.0,26104.0,0.3824078329591848
2025-02-03T08:00:00Z,2025-02-03,2,02:00:00,2025-02-03,02:00,N,6.76,1.0,25400.0,0.37929731032610126
2025-02-03T09:00:00Z,2025-02-03,3,03:00:00,2025-02-03,03:00,N,5.12,1.0,24379.0,0.3897493298336762
2025-02-03T10:00:00Z,2025-02-03,4,04:00:00,2025-02-03,04:00,N,4.93,1.0,23799.0,0.394420034258411
2025-02-03T11:00:00Z,2025-02-03,5,05:00:00,2025-02-03,05:00,N,8.15,1.0,23832.0,0.39708910832717353
2025-02-03T12:00:00Z,2025-02-03,6,06:00:00,2025-02-03,06:00,N,14.4,1.0,24811.0,0.4025027885880932
2025-02-03T13:00:00Z,2025-02-03,7,07:00:00,2025-02-03,07:00,N,20.58,1.0,24952.0,0.46242519987420194
2025-02-03T14:00:00Z,2025-02-03,8,08:00:00,2025-02-03,08:00,N,23.11,456.0,23393.0,0.5106133738811817
2025-02-03T15:00:00Z,2025-02-03,9,09:00:00,2025-02-03,09:00,N,13.19,7538.0,20294.0,0.45558427153766273
2025-02-03T16:00:00Z,2025-02-03,10,10:00:00,2025-02-03,10:00,N,7.9,15265.0,15393.0,0.38630914056723537
2025-02-03T17:00:00Z,2025-02-03,11,11:00:00,2025-02-03,11:00,N,10.52,17221.0,11782.0,0.42995918819386836
2025-02-03T18:00:00Z,2025-02-03,12,12:00:00,2025-02-03,12:00,N,16.07,18290.0,10009.0,0.45729478755581754
2025-02-03T19:00:00Z,2025-02-03,13,13:00:00,2025-02-03,13:00,N,18.66,18595.0,9302.0,0.458858770403556
2025-02-03T20:00:00Z,2025-02-03,14,14:00:00,2025-02-03,14:00,N,19.62,18873.0,8746.0,0.47648853444629374
2025-02-03T21:00:00Z,2025-02-03,15,15:00:00,2025-02-03,15:00,N,21.12,19337.0,9266.0,0.45902502687364893
2025-02-03T22:00:00Z,2025-02-03,16,16:00:00,2025-02-03,16:00,N,21.51,19159.0,9177.0,0.4742190146503141
2025-02-03T23:00:00Z,2025-02-03,17,17:00:00,2025-02-03,17:00,N,20.33,15481.0,9090.0,0.5686096639992442
2025-02-04T00:00:00Z,2025-02-03,18,18:00:00,2025-02-03,18:00,N,56.54,5017.0,9643.0,0.7681738642006707
2025-02-04T01:00:00Z,2025-02-03,19,19:00:00,2025-02-03,19:00,N,44.84,80.0,12061.0,0.8139627155505404
2025-02-04T02:00:00Z,2025-02-03,20,20:00:00,2025-02-03,20:00,N,31.33,0.0,15124.0,0.7746448007282024
2025-02-04T03:00:00Z,2025-02-03,21,21:00:00,2025-02-03,21:00,N,25.11,0.0,17640.0,0.72613877374449
2025-02-04T04:00:00Z,2025-02-03,22,22:00:00,2025-02-03,22:00,N,17.74,0.0,20388.0,0.65134102072325
2025-02-04T05:00:00Z,2025-02-03,23,23:00:00,2025-02-03,23:00,N,23.44,1.0,22078.0,0.5806195577068485
2025-02-04T06:00:00Z,2025-02-03,24,00:00:00,2025-02-03,24:00,N,18.46,1.0,22679.0,0.5220986541161574
2025-02-04T07:00:00Z,2025-02-04,1,01:00:00,2025-02-04,01:00,N,16.62,0.0,22878.0,0.4963025039080407
2025-02-04T08:00:00Z,2025-02-04,2,02:00:00,2025-02-04,02:00,N,16.12,0.0,22557.0,0.4925255484792472
2025-02-04T09:00:00Z,2025-02-04,3,03:00:00,2025-02-04,03:00,N,16.76,0.0,21105.0,0.5056093648583921
2025-02-04T10:00:00Z,2025-02-04,4,04:00:00,2025-02-04,04:00,N,18.78,0.0,18702.0,0.5738584607960626
2025-02-04T11:00:00Z,2025-02-04,5,05:00:00,2025-02-04,05:00,N,19.08,0.0,17623.0,0.6153359207117828
2025-02-04T12:00:00Z,2025-02-04,6,06:00:00,2025-02-04,06:00,N,26.95,1.0,16627.0,0.6691412759350117
2025-02-04T13:00:00Z,2025-02-04,7,07:00:00,2025-02-04,07:00,N,28.12,1.0,15768.0,0.7111770167974925
2025-02-04T14:00:00Z,2025-02-04,8,08:00:00,2025-02-04,08:00,N,30.94,173.0,14796.0,0.7652447021432107
2025-02-04T15:00:00Z,2025-02-04,9,09:00:00,2025-02-04,09:00,N,28.49,3983.0,13210.0,0.714782399470962
2025-02-04T16:00:00Z,2025-02-04,10,10:00:00,2025-02-04,10:00,N,28.13,8621.0,10970.0,0.6908323023479112
2025-02-04T17:00:00Z,2025-02-04,11,11:00:00,2025-02-04,11:00,N,24.95,11005.0,9354.0,0.6823085841595478
2025-02-04T18:00:00Z,2025-02-04,12,12:00:00,2025-02-04,12:00,N,25.24,13181.0,8464.0,0.6555074286411012
2025-02-04T19:00:00Z,2025-02-04,13,13:00:00,2025-02-04,13:00,N,24.24,14334.0,8022.0,0.6484939173447698
2025-02-04T20:00:00Z,2025-02-04,14,14:00:00,2025-02-04,14:00,N,27.0,14750.0,7847.0,0.6527228441466417
2025-02-04T21:00:00Z,2025-02-04,15,15:00:00,2025-02-04,15:00,N,24.62,14554.0,8508.0,0.6634190462142312
2025-02-04T22:00:00Z,2025-02-04,16,16:00:00,2025-02-04,16:00,N,23.99,13987.0,8760.0,0.6841591583999335
2025-02-04T23:00:00Z,2025-02-04,17,17:00:00,2025-02-04,17:00,N,21.7,12861.0,9166.0,0.6747643900012181
2025-02-05T00:00:00Z,2025-02-04,18,18:00:00,2025-02-04,18:00,N,37.91,4718.0,10358.0,0.7724247565818475
2025-02-05T01:00:00Z,2025-02-04,19,19:00:00,2025-02-04,19:00,N,36.3,105.0,11417.0,0.8146817769977386
2025-02-05T02:00:00Z,2025-02-04,20,20:00:00,2025-02-04,20:00,N,31.0,0.0,12489.0,0.8329868327153614
2025-02-05T03:00:00Z,2025-02-04,21,21:00:00,2025-02-04,21:00,N,27.3,0.0,12389.0,0.8606203268556664
2025-02-05T04:00:00Z,2025-02-04,22,22:00:00,2025-02-04,22:00,N,25.36,0.0,11771.0,0.8731539791708014
2025-02-05T05:00:00Z,2025-02-04,23,23:00:00,2025-02-04,23:00,N,23.41,0.0,10894.0,0.8839948567471324
2025-02-05T06:00:00Z,2025-02-04,24,00:00:00,2025-02-04,24:00,N,22.87,0.0,9956.0,0.9032298346897103
2025-02-05T07:00:00Z,2025-02-05,1,01:00:00,2025-02-05,01:00,N,23.24,0.0,10437.0,0.8943784590244321
2025-02-05T08:00:00Z,2025-02-05,2,02:00:00,2025-02-05,02:00,N,20.32,0.0,10790.0,0.8796495539887149
2025-02-05T09:00:00Z,2025-02-05,3,03:00:00,2025-02-05,03:00,N,17.31,0.0,10539.0,0.858936015296733
2025-02-05T10:00:00Z,2025-02-05,4,04:00:00,2025-02-05,04:00,N,15.74,1.0,10442.0,0.8649021373527415
2025-02-05T11:00:00Z,2025-02-05,5,05:00:00,2025-02-05,05:00,N,15.04,1.0,11454.0,0.8517648333722337
2025-02-05T12:00:00Z,2025-02-05,6,06:00:00,2025-02-05,06:00,N,18.78,1.0,11831.0,0.8567157437752506
2025-02-05T13:00:00Z,2025-02-05,7,07:00:00,2025-02-05,07:00,N,24.24,1.0,11162.0,0.8470310610992695
2025-02-05T14:00:00Z,2025-02-05,8,08:00:00,2025-02-05,08:00,N,24.11,115.0,11918.0,0.8399453730392377
2025-02-05T15:00:00Z,2025-02-05,9,09:00:00,2025-02-05,09:00,N,20.29,2114.0,12755.0,0.7998740871526988
2025-02-05T16:00:00Z,2025-02-05,10,10:00:00,2025-02-05,10:00,N,15.52,5908.0,13556.0,0.709455134806167
2025-02-05T17:00:00Z,2025-02-05,11,11:00:00,2025-02-05,11:00,N,13.86,9610.0,15497.0,0.5654161833532542
2025-02-05T18:00:00Z,2025-02-05,12,12:00:00,2025-02-05,12:00,N,14.24,11703.0,17902.0,0.4663269640844338
2025-02-05T19:00:00Z,2025-02-05,13,13:00:00,2025-02-05,13:00,N,14.47,12345.0,19044.0,0.4403370502631537
2025-02-05T20:00:00Z,2025-02-05,14,14:00:00,2025-02-05,14:00,N,16.64,12884.0,19039.0,0.4225187188362123
2025-02-05T21:00:00Z,2025-02-05,15,15:00:00,2025-02-05,15:00,N,18.54,12105.0,18904.0,0.4445308771898547
2025-02-05T22:00:00Z,2025-02-05,16,16:00:00,2025-02-05,16:00,N,21.41,12007.0,18858.0,0.4505568853204887
2025-02-05T23:00:00Z,2025-02-05,17,17:00:00,2025-02-05,17:00,N,24.97,10442.0,18887.0,0.48420656586957855
2025-02-06T00:00:00Z,2025-02-05,18,18:00:00,2025-02-05,18:00,N,37.49,4379.0,19347.0,0.5924237404652835
2025-02-06T01:00:00Z,2025-02-05,19,19:00:00,2025-02-05,19:00,N,37.28,109.0,20387.0,0.6687017245203803
2025-02-06T02:00:00Z,2025-02-05,20,20:00:00,2025-02-05,20:00,N,31.93,0.0,23555.0,0.5926158272749545
2025-02-06T03:00:00Z,2025-02-05,21,21:00:00,2025-02-05,21:00,N,27.6,1.0,25223.0,0.566897618026817
2025-02-06T04:00:00Z,2025-02-05,22,22:00:00,2025-02-05,22:00,N,24.77,1.0,25291.0,0.5580830939732745
2025-02-06T05:00:00Z,2025-02-05,23,23:00:00,2025-02-05,23:00,N,22.68,1.0,24937.0,0.5360483565015906
2025-02-06T06:00:00Z,2025-02-05,24,00:00:00,2025-02-05,24:00,N,20.53,1.0,24272.0,0.5196891361657558
2025-02-06T07:00:00Z,2025-02-06,1,01:00:00,2025-02-06,01:00,N,18.09,1.0,23458.0,0.5087275036059449
2025-02-06T08:00:00Z,2025-02-06,2,02:00:00,2025-02-06,02:00,N,17.28,1.0,22564.0,0.49783878631494016
2025-02-06T09:00:00Z,2025-02-06,3,03:00:00,2025-02-06,03:00,N,17.17,1.0,22021.0,0.49358487089064296
2025-02-06T10:00:00Z,2025-02-06,4,04:00:00,2025-02-06,04:00,N,18.97,1.0,21383.0,0.49188781216150773
2025-02-06T11:00:00Z,2025-02-06,5,05:00:00,2025-02-06,05:00,N,21.07,1.0,21013.0,0.4958442823567943
2025-02-06T12:00:00Z,2025-02-06,6,06:00:00,2025-02-06,06:00,N,26.46,1.0,20621.0,0.5297199358790302
2025-02-06T13:00:00Z,2025-02-06,7,07:00:00,2025-02-06,07:00,N,29.8,1.0,18495.0,0.6015382326205015
2025-02-06T14:00:00Z,2025-02-06,8,08:00:00,2025-02-06,08:00,N,29.32,324.0,17531.0,0.6594763012841145
2025-02-06T15:00:00Z,2025-02-06,9,09:00:00,2025-02-06,09:00,N,24.21,5929.0,15609.0,0.5866730152016837
2025-02-06T16:00:00Z,2025-02-06,10,10:00:00,2025-02-06,10:00,N,20.34,13932.0,12499.0,0.4947657454033519
2025-02-06T17:00:00Z,2025-02-06,11,11:00:00,2025-02-06,11:00,N,21.69,17104.0,9195.0,0.48959124291893635
2025-02-06T18:00:00Z,2025-02-06,12,12:00:00,2025-02-06,12:00,N,24.36,17983.0,7489.0,0.5160806800130657
2025-02-06T19:00:00Z,2025-02-06,13,13:00:00,2025-02-06,13:00,N,23.62,18543.0,6709.0,0.5307656627804894
2025-02-06T20:00:00Z,2025-02-06,14,14:00:00,2025-02-06,14:00,N,24.19,18582.0,6174.0,0.5713748765503467
2025-02-06T21:00:00Z,2025-02-06,15,15:00:00,2025-02-06,15:00,N,21.73,18589.0,6219.0,0.5818640311181914
2025-02-06T22:00:00Z,2025-02-06,16,16:00:00,2025-02-06,16:00,N,21.66,18635.0,6780.0,0.5779962584469305
2025-02-06T23:00:00Z,2025-02-06,17,17:00:00,2025-02-06,17:00,N,24.07,15686.0,8219.0,0.6010238836326501
2025-02-07T00:00:00Z,2025-02-06,18,18:00:00,2025-02-06,18:00,N,45.76,5618.0,9986.0,0.755370885486018
2025-02-07T01:00:00Z,2025-02-06,19,19:00:00,2025-02-06,19:00,N,46.29,138.0,12682.0,0.7804561605717509
2025-02-07T02:00:00Z,2025-02-06,20,20:00:00,2025-02-06,20:00,N,34.79,3.0,15797.0,0.7517079661473691
2025-02-07T03:00:00Z,2025-02-06,21,21:00:00,2025-02-06,21:00,N,28.87,2.0,17404.0,0.7117093048889066
2025-02-07T04:00:00Z,2025-02-06,22,22:00:00,2025-02-06,22:00,N,25.27,0.0,17092.0,0.7002574691279493
2025-02-07T05:00:00Z,2025-02-06,23,23:00:00,2025-02-06,23:00,N,23.62,0.0,15016.0,0.7355105098879476
2025-02-07T06:00:00Z,2025-02-06,24,00:00:00,2025-02-06,24:00,N,21.92,0.0,12255.0,0.7748932010471049
2025-02-07T07:00:00Z,2025-02-07,1,01:00:00,2025-02-07,01:00,N,23.31,0.0,10265.0,0.8098079528762392
2025-02-07T08:00:00Z,2025-02-07,2,02:00:00,2025-02-07,02:00,N,21.13,0.0,9697.0,0.8233094898360747
2025-02-07T09:00:00Z,2025-02-07,3,03:00:00,2025-02-07,03:00,N,20.97,0.0,8851.0,0.8463738195459957
2025-02-07T10:00:00Z,2025-02-07,4,04:00:00,2025-02-07,04:00,N,21.12,1.0,8925.0,0.8481461574223891
2025-02-07T11:00:00Z,2025-02-07,5,05:00:00,2025-02-07,05:00,N,24.7,1.0,7823.0,0.8754891990167866
2025-02-07T12:00:00Z,2025-02-07,6,06:00:00,2025-02-07,06:00,N,27.88,1.0,7631.0,0.881476973437221
2025-02-07T13:00:00Z,2025-02-07,7,07:00:00,2025-02-07,07:00,N,33.0,1.0,7826.0,0.8603150189304178
2025-02-07T14:00:00Z,2025-02-07,8,08:00:00,2025-02-07,08:00,N,37.46,178.0,8055.0,0.8402282980369346
2025-02-07T15:00:00Z,2025-02-07,9,09:00:00,2025-02-07,09:00,N,26.47,3555.0,7673.0,0.8018662652987936
2025-02-07T16:00:00Z,2025-02-07,10,10:00:00,2025-02-07,10:00,N,23.55,8320.0,7085.0,0.7389731179001385
2025-02-07T17:00:00Z,2025-02-07,11,11:00:00,2025-02-07,11:00,N,20.48,10516.0,6764.0,0.7121756630348789
2025-02-07T18:00:00Z,2025-02-07,12,12:00:00,2025-02-07,12:00,N,19.69,12686.0,7262.0,0.6566758481201792
2025-02-07T19:00:00Z,2025-02-07,13,13:00:00,2025-02-07,13:00,N,19.2,14354.0,8543.0,0.5836155735026949
2025-02-07T20:00:00Z,2025-02-07,14,14:00:00,2025-02-07,14:00,N,19.05,16044.0,10223.0,0.5170515506549721
2025-02-07T21:00:00Z,2025-02-07,15,15:00:00,2025-02-07,15:00,N,19.13,16629.0,11987.0,0.4841491826734726
2025-02-07T22:00:00Z,2025-02-07,16,16:00:00,2025-02-07,16:00,N,20.94,16550.0,14795.0,0.42882093630190343
2025-02-07T23:00:00Z,2025-02-07,17,17:00:00,2025-02-07,17:00,N,20.64,14413.0,17349.0,0.41379117486833317
2025-02-08T00:00:00Z,2025-02-07,18,18:00:00,2025-02-07,18:00,N,35.47,5461.0,18140.0,0.5508541914502902
2025-02-08T01:00:00Z,2025-02-07,19,19:00:00,2025-02-07,19:00,N,33.56,154.0,19530.0,0.6353089916705299
2025-02-08T02:00:00Z,2025-02-07,20,20:00:00,2025-02-07,20:00,N,22.9,0.0,23635.0,0.5533225339885429
2025-02-08T03:00:00Z,2025-02-07,21,21:00:00,2025-02-07,21:00,N,20.71,1.0,25837.0,0.5081349507376298
2025-02-08T04:00:00Z,2025-02-07,22,22:00:00,2025-02-07,22:00,N,20.22,1.0,26427.0,0.49747655995183404
2025-02-08T05:00:00Z,2025-02-07,23,23:00:00,2025-02-07,23:00,N,19.84,1.0,26549.0,0.4869063727384667
2025-02-08T06:00:00Z,2025-02-07,24,00:00:00,2025-02-07,24:00,N,17.01,1.0,26848.0,0.4612268229913908
2025-02-08T07:00:00Z,2025-02-08,1,01:00:00,2025-02-08,01:00,N,17.23,1.0,26671.0,0.4429174035855823
2025-02-08T08:00:00Z,2025-02-08,2,02:00:00,2025-02-08,02:00,N,14.4,1.0,26521.0,0.42982325682378486
2025-02-08T09:00:00Z,2025-02-08,3,03:00:00,2025-02-08,03:00,N,12.95,1.0,26163.0,0.41306013752958165
2025-02-08T10:00:00Z,2025-02-08,4,04:00:00,2025-02-08,04:00,N,11.61,1.0,25784.0,0.40319725985123983
2025-02-08T11:00:00Z,2025-02-08,5,05:00:00,2025-02-08,05:00,N,12.31,1.0,25085.0,0.41712595906016403
2025-02-08T12:00:00Z,2025-02-08,6,06:00:00,2025-02-08,06:00,N,14.46,1.0,24378.0,0.4366907715345364
2025-02-08T13:00:00Z,2025-02-08,7,07:00:00,2025-02-08,07:00,N,17.45,1.0,24126.0,0.4642979739529593
2025-02-08T14:00:00Z,2025-02-08,8,08:00:00,2025-02-08,08:00,N,19.3,507.0,23437.0,0.47309306660829253
2025-02-08T15:00:00Z,2025-02-08,9,09:00:00,2025-02-08,09:00,N,12.12,6376.0,21188.0,0.4193816349893939
2025-02-08T16:00:00Z,2025-02-08,10,10:00:00,2025-02-08,10:00,N,7.53,13704.0,18434.0,0.36403262309473
2025-02-08T17:00:00Z,2025-02-08,11,11:00:00,2025-02-08,11:00,N,9.64,18047.0,17037.0,0.3125246461674348
2025-02-08T18:00:00Z,2025-02-08,12,12:00:00,2025-02-08,12:00,N,15.6,19469.0,16071.0,0.3064394889380753
2025-02-08T19:00:00Z,2025-02-08,13,13:00:00,2025-02-08,13:00,N,19.25,19828.0,16279.0,0.3256964580291626
2025-02-08T20:00:00Z,2025-02-08,14,14:00:00,2025-02-08,14:00,N,20.44,18654.0,17756.0,0.34433719444960686
2025-02-08T21:00:00Z,2025-02-08,15,15:00:00,2025-02-08,15:00,N,21.89,18479.0,18737.0,0.34357278069997077
2025-02-08T22:00:00Z,2025-02-08,16,16:00:00,2025-02-08,16:00,N,21.85,18284.0,18675.0,0.3619384293448613
2025-02-08T23:00:00Z,2025-02-08,17,17:00:00,2025-02-08,17:00,N,21.71,14738.0,19767.0,0.39181646024807915
2025-02-09T00:00:00Z,2025-02-08,18,18:00:00,2025-02-08,18:00,N,34.82,5367.0,21713.0,0.5001180813698854
2025-02-09T01:00:00Z,2025-02-08,19,19:00:00,2025-02-08,19:00,N,38.43,131.0,21860.0,0.5721149374668761
2025-02-09T02:00:00Z,2025-02-08,20,20:00:00,2025-02-08,20:00,N,30.43,0.0,23039.0,0.5712708845858914
2025-02-09T03:00:00Z,2025-02-08,21,21:00:00,2025-02-08,21:00,N,26.81,0.0,22866.0,0.5891987291992196
2025-02-09T04:00:00Z,2025-02-08,22,22:00:00,2025-02-08,22:00,N,19.6,0.0,20931.0,0.6296021635053642
2025-02-09T05:00:00Z,2025-02-08,23,23:00:00,2025-02-08,23:00,N,23.19,0.0,18556.0,0.6787726677493704
2025-02-09T06:00:00Z,2025-02-08,24,00:00:00,2025-02-08,24:00,N,25.41,0.0,15959.0,0.7210335029790802
2025-02-09T07:00:00Z,2025-02-09,1,01:00:00,2025-02-09,01:00,N,32.32,0.0,14607.0,0.7209081980561194
2025-02-09T08:00:00Z,2025-02-09,2,02:00:00,2025-02-09,02:00,N,26.32,0.0,14880.0,0.6904405954085989
2025-02-09T09:00:00Z,2025-02-09,3,03:00:00,2025-02-09,03:00,N,28.48,0.0,15478.0,0.6737414846899418
2025-02-09T10:00:00Z,2025-02-09,4,04:00:00,2025-02-09,04:00,N,26.65,0.0,15876.0,0.6428967896903509
2025-02-09T11:00:00Z,2025-02-09,5,05:00:00,2025-02-09,05:00,N,24.86,0.0,15763.0,0.6320332793487399
2025-02-09T12:00:00Z,2025-02-09,6,06:00:00,2025-02-09,06:00,N,24.08,0.0,15382.0,0.6461392334188378
2025-02-09T13:00:00Z,2025-02-09,7,07:00:00,2025-02-09,07:00,N,23.67,0.0,14726.0,0.6664652364522139
2025-02-09T14:00:00Z,2025-02-09,8,08:00:00,2025-02-09,08:00,N,25.03,170.0,13877.0,0.6923055921979121
2025-02-09T15:00:00Z,2025-02-09,9,09:00:00,2025-02-09,09:00,N,22.02,3287.0,11830.0,0.6944886314395959
2025-02-09T16:00:00Z,2025-02-09,10,10:00:00,2025-02-09,10:00,N,22.13,7510.0,11116.0,0.6441079031890079
2025-02-09T17:00:00Z,2025-02-09,11,11:00:00,2025-02-09,11:00,N,23.69,10255.0,9348.0,0.6318204658034137
2025-02-09T18:00:00Z,2025-02-09,12,12:00:00,2025-02-09,12:00,N,26.22,11810.0,7471.0,0.6517495757577819
2025-02-09T19:00:00Z,2025-02-09,13,13:00:00,2025-02-09,13:00,N,25.14,12770.0,6858.0,0.6613288875544298
2025-02-09T20:00:00Z,2025-02-09,14,14:00:00,2025-02-09,14:00,N,26.83,12864.0,6905.0,0.66799454455914
2025-02-09T21:00:00Z,2025-02-09,15,15:00:00,2025-02-09,15:00,N,25.0,12868.0,7374.0,0.6708373119673976
2025-02-09T22:00:00Z,2025-02-09,16,16:00:00,2025-02-09,16:00,N,26.19,11217.0,7850.0,0.7024455062520557
2025-02-09T23:00:00Z,2025-02-09,17,17:00:00,2025-02-09,17:00,N,28.0,8822.0,8408.0,0.7402773962160532
2025-02-10T00:00:00Z,2025-02-09,18,18:00:00,2025-02-09,18:00,N,35.74,3547.0,9182.0,0.8193707346114216
2025-02-10T01:00:00Z,2025-02-09,19,19:00:00,2025-02-09,19:00,N,40.65,153.0,9517.0,0.8678068208946489
2025-02-10T02:00:00Z,2025-02-09,20,20:00:00,2025-02-09,20:00,N,36.28,0.0,10003.0,0.8666993770856046
2025-02-10T03:00:00Z,2025-02-09,21,21:00:00,2025-02-09,21:00,N,37.9,0.0,9658.0,0.8736055156410195
2025-02-10T04:00:00Z,2025-02-09,22,22:00:00,2025-02-09,22:00,N,35.52,0.0,8710.0,0.9011934377601921
2025-02-10T05:00:00Z,2025-02-09,23,23:00:00,2025-02-09,23:00,N,28.85,0.0,8535.0,0.9244310402030559
2025-02-10T06:00:00Z,2025-02-09,24,00:00:00,2025-02-09,24:00,N,27.72,0.0,8387.0,0.9189515255618853
2025-02-10T07:00:00Z,2025-02-10,1,01:00:00,2025-02-10,01:00,N,22.2,0.0,7363.0,0.9353325431313106
2025-02-10T08:00:00Z,2025-02-10,2,02:00:00,2025-02-10,02:00,N,21.44,0.0,7093.0,0.9362611497165385
2025-02-10T09:00:00Z,2025-02-10,3,03:00:00,2025-02-10,03:00,N,20.84,0.0,5976.0,0.9612084953516586
2025-02-10T10:00:00Z,2025-02-10,4,04:00:00,2025-02-10,04:00,N,21.69,0.0,5408.0,0.9568172849869584
2025-02-10T11:00:00Z,2025-02-10,5,05:00:00,2025-02-10,05:00,N,24.02,0.0,5033.0,0.9440142349206412
2025-02-10T12:00:00Z,2025-02-10,6,06:00:00,2025-02-10,06:00,N,24.72,0.0,4995.0,0.9455537234344715
2025-02-10T13:00:00Z,2025-02-10,7,07:00:00,2025-02-10,07:00,N,30.83,0.0,5395.0,0.9674836889601977
2025-02-10T14:00:00Z,2025-02-10,8,08:00:00,2025-02-10,08:00,N,34.15,71.0,5272.0,0.9740272280161439
2025-02-10T15:00:00Z,2025-02-10,9,09:00:00,2025-02-10,09:00,N,34.69,872.0,4194.0,0.9768014287394603
2025-02-10T16:00:00Z,2025-02-10,10,10:00:00,2025-02-10,10:00,N,35.78,2333.0,2873.0,0.9794101481038033
2025-02-10T17:00:00Z,2025-02-10,11,11:00:00,2025-02-10,11:00,N,32.95,3680.0,2220.0,0.9736980297066578
2025-02-10T18:00:00Z,2025-02-10,12,12:00:00,2025-02-10,12:00,N,31.12,4638.0,2171.0,0.9673806790349637
2025-02-10T19:00:00Z,2025-02-10,13,13:00:00,2025-02-10,13:00,N,27.12,5809.0,2834.0,0.9351932688558018
2025-02-10T20:00:00Z,2025-02-10,14,14:00:00,2025-02-10,14:00,N,26.95,5549.0,3780.0,0.9187687347582623
2025-02-10T21:00:00Z,2025-02-10,15,15:00:00,2025-02-10,15:00,N,24.45,4263.0,4488.0,0.928287207060486
2025-02-10T22:00:00Z,2025-02-10,16,16:00:00,2025-02-10,16:00,N,25.45,2995.0,5420.0,0.9409544351119234
2025-02-10T23:00:00Z,2025-02-10,17,17:00:00,2025-02-10,17:00,N,27.98,1934.0,5763.0,0.9542115945258483
2025-02-11T00:00:00Z,2025-02-10,18,18:00:00,2025-02-10,18:00,N,34.04,423.0,5848.0,0.9723583659886019
2025-02-11T01:00:00Z,2025-02-10,19,19:00:00,2025-02-10,19:00,N,40.31,8.0,6093.0,0.9712437773959037
2025-02-11T02:00:00Z,2025-02-10,20,20:00:00,2025-02-10,20:00,N,39.78,0.0,6783.0,0.9578767389563666
2025-02-11T03:00:00Z,2025-02-10,21,21:00:00,2025-02-10,21:00,N,35.98,0.0,7034.0,0.9545967616094593
2025-02-11T04:00:00Z,2025-02-10,22,22:00:00,2025-02-10,22:00,N,30.83,0.0,7848.0,0.9471187762735308
2025-02-11T05:00:00Z,2025-02-10,23,23:00:00,2025-02-10,23:00,N,26.35,0.0,8613.0,0.9306001989705417
2025-02-11T06:00:00Z,2025-02-10,24,00:00:00,2025-02-10,24:00,N,24.4,0.0,7941.0,0.9456533340902488
2025-02-11T07:00:00Z,2025-02-11,1,01:00:00,2025-02-11,01:00,N,21.42,0.0,7860.0,0.9363919195001953
2025-02-11T08:00:00Z,2025-02-11,2,02:00:00,2025-02-11,02:00,N,20.63,0.0,8358.0,0.9141315438137672
2025-02-11T09:00:00Z,2025-02-11,3,03:00:00,2025-02-11,03:00,N,20.21,0.0,7695.0,0.9325171189215119
2025-02-11T10:00:00Z,2025-02-11,4,04:00:00,2025-02-11,04:00,N,20.27,0.0,7935.0,0.9312269887468
2025-02-11T11:00:00Z,2025-02-11,5,05:00:00,2025-02-11,05:00,N,21.25,0.0,7698.0,0.933183374576058
2025-02-11T12:00:00Z,2025-02-11,6,06:00:00,2025-02-11,06:00,N,23.44,0.0,7626.0,0.947272884974724
2025-02-11T13:00:00Z,2025-02-11,7,07:00:00,2025-02-11,07:00,N,27.48,0.0,7702.0,0.9442274705636873
2025-02-11T14:00:00Z,2025-02-11,8,08:00:00,2025-02-11,08:00,N,26.33,81.0,8317.0,0.9290330006365957
2025-02-11T15:00:00Z,2025-02-11,9,09:00:00,2025-02-11,09:00,N,28.2,1614.0,8337.0,0.9096286686176188
2025-02-11T16:00:00Z,2025-02-11,10,10:00:00,2025-02-11,10:00,N,27.65,3822.0,9771.0,0.8505834841845845
2025-02-11T17:00:00Z,2025-02-11,11,11:00:00,2025-02-11,11:00,N,26.65,5099.0,9047.0,0.8411328225686086
2025-02-11T18:00:00Z,2025-02-11,12,12:00:00,2025-02-11,12:00,N,25.42,6157.0,8338.0,0.8332657638957423
2025-02-11T19:00:00Z,2025-02-11,13,13:00:00,2025-02-11,13:00,N,24.56,6809.0,8001.0,0.8269138165271789
2025-02-11T20:00:00Z,2025-02-11,14,14:00:00,2025-02-11,14:00,N,23.06,6716.0,8154.0,0.8243660317241558
2025-02-11T21:00:00Z,2025-02-11,15,15:00:00,2025-02-11,15:00,N,22.6,6301.0,8640.0,0.821765194664407
2025-02-11T22:00:00Z,2025-02-11,16,16:00:00,2025-02-11,16:00,N,22.42,5086.0,9679.0,0.8186641775010465
2025-02-11T23:00:00Z,2025-02-11,17,17:00:00,2025-02-11,17:00,N,25.13,3247.0,10834.0,0.8232244461878332
2025-02-12T00:00:00Z,2025-02-11,18,18:00:00,2025-02-11,18:00,N,29.3,807.0,11768.0,0.8468723317437724
2025-02-12T01:00:00Z,2025-02-11,19,19:00:00,2025-02-11,19:00,N,32.96,32.0,12427.0,0.8366258037811923
2025-02-12T02:00:00Z,2025-02-11,20,20:00:00,2025-02-11,20:00,N,28.43,1.0,12695.0,0.8396308564651166
2025-02-12T03:00:00Z,2025-02-11,21,21:00:00,2025-02-11,21:00,N,28.22,1.0,13526.0,0.8375705987470807
2025-02-12T04:00:00Z,2025-02-11,22,22:00:00,2025-02-11,22:00,N,23.2,1.0,12817.0,0.8513939050363856
2025-02-12T05:00:00Z,2025-02-11,23,23:00:00,2025-02-11,23:00,N,22.95,1.0,11109.0,0.8805820634267556
2025-02-12T06:00:00Z,2025-02-11,24,00:00:00,2025-02-11,24:00,N,20.73,1.0,8709.0,0.9117602330437127
2025-02-12T07:00:00Z,2025-02-12,1,01:00:00,2025-02-12,01:00,N,22.0,1.0,6691.0,0.9469012872394742
2025-02-12T08:00:00Z,2025-02-12,2,02:00:00,2025-02-12,02:00,N,23.23,0.0,5560.0,0.9618901543051877
2025-02-12T09:00:00Z,2025-02-12,3,03:00:00,2025-02-12,03:00,N,23.97,0.0,5388.0,0.9744258629640042
2025-02-12T10:00:00Z,2025-02-12,4,04:00:00,2025-02-12,04:00,N,24.8,1.0,4802.0,0.9712768802525295
2025-02-12T11:00:00Z,2025-02-12,5,05:00:00,2025-02-12,05:00,N,25.13,1.0,4491.0,0.9851209159326205
2025-02-12T12:00:00Z,2025-02-12,6,06:00:00,2025-02-12,06:00,N,31.94,0.0,4178.0,0.9858965726708409
2025-02-12T13:00:00Z,2025-02-12,7,07:00:00,2025-02-12,07:00,N,39.46,1.0,4461.0,0.9712387883224508
2025-02-12T14:00:00Z,2025-02-12,8,08:00:00,2025-02-12,08:00,N,40.35,199.0,5144.0,0.957173026943927
2025-02-12T15:00:00Z,2025-02-12,9,09:00:00,2025-02-12,09:00,N,30.08,1432.0,5720.0,0.9419367072536585
2025-02-12T16:00:00Z,2025-02-12,10,10:00:00,2025-02-12,10:00,N,24.05,3546.0,6905.0,0.8927901579119818
2025-02-12T17:00:00Z,2025-02-12,11,11:00:00,2025-02-12,11:00,N,23.59,6011.0,6850.0,0.8549909604431533
2025-02-12T18:00:00Z,2025-02-12,12,12:00:00,2025-02-12,12:00,N,20.43,8029.0,6881.0,0.8147242883917807
2025-02-12T19:00:00Z,2025-02-12,13,13:00:00,2025-02-12,13:00,N,18.69,9672.0,7919.0,0.7563435376914621
2025-02-12T20:00:00Z,2025-02-12,14,14:00:00,2025-02-12,14:00,N,17.38,10650.0,8778.0,0.7224067823813456
2025-02-12T21:00:00Z,2025-02-12,15,15:00:00,2025-02-12,15:00,N,16.29,9037.0,9516.0,0.7331174802200155
2025-02-12T22:00:00Z,2025-02-12,16,16:00:00,2025-02-12,16:00,N,13.38,6996.0,11786.0,0.7332662117075501
2025-02-12T23:00:00Z,2025-02-12,17,17:00:00,2025-02-12,17:00,N,15.69,5142.0,15425.0,0.7036911349942694
2025-02-13T00:00:00Z,2025-02-12,18,18:00:00,2025-02-12,18:00,N,24.39,1916.0,16685.0,0.7415287897165636
2025-02-13T01:00:00Z,2025-02-12,19,19:00:00,2025-02-12,19:00,N,29.46,70.0,17049.0,0.7701446489953419
2025-02-13T02:00:00Z,2025-02-12,20,20:00:00,2025-02-12,20:00,N,25.45,0.0,16857.0,0.784257136190136
2025-02-13T03:00:00Z,2025-02-12,21,21:00:00,2025-02-12,21:00,N,30.34,48.0,16505.0,0.7875325020153691
2025-02-13T04:00:00Z,2025-02-12,22,22:00:00,2025-02-12,22:00,N,28.94,64.0,14713.0,0.7997488223367083
2025-02-13T05:00:00Z,2025-02-12,23,23:00:00,2025-02-12,23:00,N,23.82,0.0,13745.0,0.8232552268005049
2025-02-13T06:00:00Z,2025-02-12,24,00:00:00,2025-02-12,24:00,N,22.05,0.0,14403.0,0.7955460467581751
2025-02-13T07:00:00Z,2025-02-13,1,01:00:00,2025-02-13,01:00,N,22.78,7.0,14844.0,0.7761726096113856
2025-02-13T08:00:00Z,2025-02-13,2,02:00:00,2025-02-13,02:00,N,21.29,0.0,16467.0,0.7391000805711536
2025-02-13T09:00:00Z,2025-02-13,3,03:00:00,2025-02-13,03:00,N,22.3,0.0,18580.0,0.6892545580948701
2025-02-13T10:00:00Z,2025-02-13,4,04:00:00,2025-02-13,04:00,N,22.73,0.0,19195.0,0.6784180940344959
2025-02-13T11:00:00Z,2025-02-13,5,05:00:00,2025-02-13,05:00,N,23.05,0.0,18378.0,0.6970927407892236
2025-02-13T12:00:00Z,2025-02-13,6,06:00:00,2025-02-13,06:00,N,29.42,0.0,17056.0,0.7427559197011984
2025-02-13T13:00:00Z,2025-02-13,7,07:00:00,2025-02-13,07:00,N,46.37,0.0,14714.0,0.7958953376556699
2025-02-13T14:00:00Z,2025-02-13,8,08:00:00,2025-02-13,08:00,N,50.51,534.0,13955.0,0.8013902054039039
2025-02-13T15:00:00Z,2025-02-13,9,09:00:00,2025-02-13,09:00,N,39.07,5240.0,13459.0,0.7620469248225185
2025-02-13T16:00:00Z,2025-02-13,10,10:00:00,2025-02-13,10:00,N,32.97,10712.0,12013.0,0.69901991756006
2025-02-13T17:00:00Z,2025-02-13,11,11:00:00,2025-02-13,11:00,N,28.06,14261.0,9622.0,0.6847085915619309
2025-02-13T18:00:00Z,2025-02-13,12,12:00:00,2025-02-13,12:00,N,25.01,16445.0,7848.0,0.6574047292971551
2025-02-13T19:00:00Z,2025-02-13,13,13:00:00,2025-02-13,13:00,N,22.71,17684.0,6784.0,0.6327591690186488
2025-02-13T20:00:00Z,2025-02-13,14,14:00:00,2025-02-13,14:00,N,21.56,18806.0,6427.0,0.6071975224150229
2025-02-13T21:00:00Z,2025-02-13,15,15:00:00,2025-02-13,15:00,N,21.18,17028.0,6128.0,0.6304116113516308
2025-02-13T22:00:00Z,2025-02-13,16,16:00:00,2025-02-13,16:00,N,21.97,12996.0,5585.0,0.7126050423014596
2025-02-13T23:00:00Z,2025-02-13,17,17:00:00,2025-02-13,17:00,N,26.61,9361.0,5022.0,0.8075485579414543
2025-02-14T00:00:00Z,2025-02-13,18,18:00:00,2025-02-13,18:00,N,33.17,3315.0,5095.0,0.9201172208931138
2025-02-14T01:00:00Z,2025-02-13,19,19:00:00,2025-02-13,19:00,N,42.52,189.0,5591.0,0.9393529730397889
2025-02-14T02:00:00Z,2025-02-13,20,20:00:00,2025-02-13,20:00,N,46.43,0.0,6475.0,0.936409064484941
2025-02-14T03:00:00Z,2025-02-13,21,21:00:00,2025-02-13,21:00,N,42.09,5.0,7271.0,0.9471895278930118
2025-02-14T04:00:00Z,2025-02-13,22,22:00:00,2025-02-13,22:00,N,37.96,3.0,8715.0,0.9408566923051292
2025-02-14T05:00:00Z,2025-02-13,23,23:00:00,2025-02-13,23:00,N,34.21,0.0,10320.0,0.9167872469971852
2025-02-14T06:00:00Z,2025-02-13,24,00:00:00,2025-02-13,24:00,N,30.16,0.0,11736.0,0.8921809506566485
2025-02-14T07:00:00Z,2025-02-14,1,01:00:00,2025-02-14,01:00,N,32.41,0.0,13277.0,0.840477984529384
2025-02-14T08:00:00Z,2025-02-14,2,02:00:00,2025-02-14,02:00,N,28.49,0.0,14190.0,0.8091208094280354
2025-02-14T09:00:00Z,2025-02-14,3,03:00:00,2025-02-14,03:00,N,27.92,0.0,14146.0,0.8068890273077517
2025-02-14T10:00:00Z,2025-02-14,4,04:00:00,2025-02-14,04:00,N,28.19,1.0,14315.0,0.7930878451028307
2025-02-14T11:00:00Z,2025-02-14,5,05:00:00,2025-02-14,05:00,N,28.32,1.0,14340.0,0.7912503635870903
2025-02-14T12:00:00Z,2025-02-14,6,06:00:00,2025-02-14,06:00,N,33.37,1.0,14962.0,0.7869255524966824
2025-02-14T13:00:00Z,2025-02-14,7,07:00:00,2025-02-14,07:00,N,38.18,1.0,17197.0,0.75618626491458
2025-02-14T14:00:00Z,2025-02-14,8,08:00:00,2025-02-14,08:00,N,33.74,349.0,18078.0,0.7316122615647249
2025-02-14T15:00:00Z,2025-02-14,9,09:00:00,2025-02-14,09:00,N,27.34,4859.0,16140.0,0.6755028141221564
2025-02-14T16:00:00Z,2025-02-14,10,10:00:00,2025-02-14,10:00,N,27.84,10230.0,15602.0,0.6063963053808299
2025-02-14T17:00:00Z,2025-02-14,11,11:00:00,2025-02-14,11:00,N,26.61,12249.0,16547.0,0.5574836862346941
2025-02-14T18:00:00Z,2025-02-14,12,12:00:00,2025-02-14,12:00,N,25.41,12262.0,16442.0,0.5513152317723189
2025-02-14T19:00:00Z,2025-02-14,13,13:00:00,2025-02-14,13:00,N,24.35,12273.0,17392.0,0.5253724800900375
2025-02-14T20:00:00Z,2025-02-14,14,14:00:00,2025-02-14,14:00,N,22.14,10148.0,18523.0,0.5345480262386226
2025-02-14T21:00:00Z,2025-02-14,15,15:00:00,2025-02-14,15:00,N,22.21,8042.0,18826.0,0.5740302963787115
2025-02-14T22:00:00Z,2025-02-14,16,16:00:00,2025-02-14,16:00,N,22.09,5670.0,18912.0,0.6415345204165834
2025-02-14T23:00:00Z,2025-02-14,17,17:00:00,2025-02-14,17:00,N,22.54,4216.0,19315.0,0.6811307959173495
2025-02-15T00:00:00Z,2025-02-14,18,18:00:00,2025-02-14,18:00,N,25.65,1848.0,20802.0,0.6927357807921594
2025-02-15T01:00:00Z,2025-02-14,19,19:00:00,2025-02-14,19:00,N,31.22,96.0,21985.0,0.6961590945724377
2025-02-15T02:00:00Z,2025-02-14,20,20:00:00,2025-02-14,20:00,N,27.18,1.0,22373.0,0.690816175535285
2025-02-15T03:00:00Z,2025-02-14,21,21:00:00,2025-02-14,21:00,N,29.49,1.0,22616.0,0.6891464005048274
2025-02-15T04:00:00Z,2025-02-14,22,22:00:00,2025-02-14,22:00,N,25.25,1.0,22351.0,0.6784499942475279
2025-02-15T05:00:00Z,2025-02-14,23,23:00:00,2025-02-14,23:00,N,24.84,1.0,22309.0,0.6568862213095861
2025-02-15T06:00:00Z,2025-02-14,24,00:00:00,2025-02-14,24:00,N,23.28,1.0,22204.0,0.651877134538192
2025-02-15T07:00:00Z,2025-02-15,1,01:00:00,2025-02-15,01:00,N,18.97,1.0,22120.0,0.6452949431081448
2025-02-15T08:00:00Z,2025-02-15,2,02:00:00,2025-02-15,02:00,N,18.2,1.0,22123.0,0.626632073329221
2025-02-15T09:00:00Z,2025-02-15,3,03:00:00,2025-02-15,03:00,N,18.13,1.0,19946.0,0.6820806684839277
2025-02-15T10:00:00Z,2025-02-15,4,04:00:00,2025-02-15,04:00,N,18.59,1.0,17705.0,0.7489376262574711
2025-02-15T11:00:00Z,2025-02-15,5,05:00:00,2025-02-15,05:00,N,19.75,1.0,16625.0,0.7870347721369798
2025-02-15T12:00:00Z,2025-02-15,6,06:00:00,2025-02-15,06:00,N,24.32,1.0,15618.0,0.8086491215806727
2025-02-15T13:00:00Z,2025-02-15,7,07:00:00,2025-02-15,07:00,N,28.75,1.0,15166.0,0.8155444943253377
2025-02-15T14:00:00Z,2025-02-15,8,08:00:00,2025-02-15,08:00,N,29.4,216.0,16092.0,0.7849283833442349
2025-02-15T15:00:00Z,2025-02-15,9,09:00:00,2025-02-15,09:00,N,27.62,4122.0,17199.0,0.7138740829850533
2025-02-15T16:00:00Z,2025-02-15,10,10:00:00,2025-02-15,10:00,N,21.81,9005.0,16381.0,0.622244751694977
2025-02-15T17:00:00Z,2025-02-15,11,11:00:00,2025-02-15,11:00,N,16.46,10508.0,17323.0,0.5558281442394392
2025-02-15T18:00:00Z,2025-02-15,12,12:00:00,2025-02-15,12:00,N,13.26,9688.0,18688.0,0.5271210631748923
2025-02-15T19:00:00Z,2025-02-15,13,13:00:00,2025-02-15,13:00,N,6.27,9952.0,20395.0,0.46818022913494817
2025-02-15T20:00:00Z,2025-02-15,14,14:00:00,2025-02-15,14:00,N,4.53,10125.0,22198.0,0.3975458791245615
2025-02-15T21:00:00Z,2025-02-15,15,15:00:00,2025-02-15,15:00,N,3.02,8896.0,23157.0,0.3781341520453504
2025-02-15T22:00:00Z,2025-02-15,16,16:00:00,2025-02-15,16:00,N,3.33,8567.0,22056.0,0.3821314395758559
2025-02-15T23:00:00Z,2025-02-15,17,17:00:00,2025-02-15,17:00,N,5.19,7644.0,21892.0,0.3891496579321954
2025-02-16T00:00:00Z,2025-02-15,18,18:00:00,2025-02-15,18:00,N,15.91,4343.0,21270.0,0.47888193094861164
2025-02-16T01:00:00Z,2025-02-15,19,19:00:00,2025-02-15,19:00,N,26.05,301.0,20506.0,0.6208381842996251
2025-02-16T02:00:00Z,2025-02-15,20,20:00:00,2025-02-15,20:00,N,27.25,1.0,18127.0,0.7117261329364394
2025-02-16T03:00:00Z,2025-02-15,21,21:00:00,2025-02-15,21:00,N,27.54,1.0,18997.0,0.7092060206076886
2025-02-16T04:00:00Z,2025-02-15,22,22:00:00,2025-02-15,22:00,N,29.68,1.0,19004.0,0.7139104947873537
2025-02-16T05:00:00Z,2025-02-15,23,23:00:00,2025-02-15,23:00,N,29.4,1.0,18029.0,0.7313334117868171
2025-02-16T06:00:00Z,2025-02-15,24,00:00:00,2025-02-15,24:00,N,28.47,1.0,18917.0,0.7178669993839673
2025-02-16T07:00:00Z,2025-02-16,1,01:00:00,2025-02-16,01:00,N,25.78,1.0,20365.0,0.6736094930045764
2025-02-16T08:00:00Z,2025-02-16,2,02:00:00,2025-02-16,02:00,N,21.32,1.0,23084.0,0.5965700802140069
2025-02-16T09:00:00Z,2025-02-16,3,03:00:00,2025-02-16,03:00,N,17.71,1.0,24124.0,0.5505984163155363
2025-02-16T10:00:00Z,2025-02-16,4,04:00:00,2025-02-16,04:00,N,16.71,1.0,23468.0,0.5971320680478527
2025-02-16T11:00:00Z,2025-02-16,5,05:00:00,2025-02-16,05:00,N,17.83,1.0,23055.0,0.6304639955377422
2025-02-16T12:00:00Z,2025-02-16,6,06:00:00,2025-02-16,06:00,N,25.06,1.0,21685.0,0.6985519641180813
2025-02-16T13:00:00Z,2025-02-16,7,07:00:00,2025-02-16,07:00,N,32.33,1.0,20783.0,0.7221399543572429
2025-02-16T14:00:00Z,2025-02-16,8,08:00:00,2025-02-16,08:00,N,32.9,1700.0,17642.0,0.7372159966467292
2025-02-16T15:00:00Z,2025-02-16,9,09:00:00,2025-02-16,09:00,N,22.52,12974.0,15159.0,0.5925943939439544
2025-02-16T16:00:00Z,2025-02-16,10,10:00:00,2025-02-16,10:00,N,19.0,20455.0,14612.0,0.4357729546665432
2025-02-16T17:00:00Z,2025-02-16,11,11:00:00,2025-02-16,11:00,N,15.65,22489.0,11748.0,0.4325977529311714
2025-02-16T18:00:00Z,2025-02-16,12,12:00:00,2025-02-16,12:00,N,16.91,23729.0,8878.0,0.45200758059986385
2025-02-16T19:00:00Z,2025-02-16,13,13:00:00,2025-02-16,13:00,N,17.55,23832.0,7225.0,0.46014057622211074
2025-02-16T20:00:00Z,2025-02-16,14,14:00:00,2025-02-16,14:00,N,14.1,23738.0,6243.0,0.45045829075015037
2025-02-16T21:00:00Z,2025-02-16,15,15:00:00,2025-02-16,15:00,N,9.87,24128.0,5914.0,0.42837362103547644
2025-02-16T22:00:00Z,2025-02-16,16,16:00:00,2025-02-16,16:00,N,10.39,23211.0,5839.0,0.4263606925538667
2025-02-16T23:00:00Z,2025-02-16,17,17:00:00,2025-02-16,17:00,N,14.16,20088.0,5607.0,0.4859602087210974
2025-02-17T00:00:00Z,2025-02-16,18,18:00:00,2025-02-16,18:00,N,25.63,8520.0,5901.0,0.7458086301822431
2025-02-17T01:00:00Z,2025-02-16,19,19:00:00,2025-02-16,19:00,N,39.03,339.0,7295.0,0.8919616277177931
2025-02-17T02:00:00Z,2025-02-16,20,20:00:00,2025-02-16,20:00,N,43.73,0.0,10658.0,0.8670180439829148
2025-02-17T03:00:00Z,2025-02-16,21,21:00:00,2025-02-16,21:00,N,38.73,0.0,13768.0,0.8352904459280015
2025-02-17T04:00:00Z,2025-02-16,22,22:00:00,2025-02-16,22:00,N,34.59,0.0,15079.0,0.82209743461456
2025-02-17T05:00:00Z,2025-02-16,23,23:00:00,2025-02-16,23:00,N,32.45,0.0,16149.0,0.8043880481622802
2025-02-17T06:00:00Z,2025-02-16,24,00:00:00,2025-02-16,24:00,N,27.95,0.0,17240.0,0.76338896443087
2025-02-17T07:00:00Z,2025-02-17,1,01:00:00,2025-02-17,01:00,N,22.82,0.0,19252.0,0.7022600292125545
2025-02-17T08:00:00Z,2025-02-17,2,02:00:00,2025-02-17,02:00,N,22.33,0.0,21108.0,0.656648046642177
2025-02-17T09:00:00Z,2025-02-17,3,03:00:00,2025-02-17,03:00,N,22.17,0.0,22311.0,0.625439351161892
2025-02-17T10:00:00Z,2025-02-17,4,04:00:00,2025-02-17,04:00,N,22.85,0.0,22598.0,0.6243366429226478
2025-02-17T11:00:00Z,2025-02-17,5,05:00:00,2025-02-17,05:00,N,26.49,0.0,22626.0,0.6387332980400919
2025-02-17T12:00:00Z,2025-02-17,6,06:00:00,2025-02-17,06:00,N,38.68,1.0,22895.0,0.6707119499987646
2025-02-17T13:00:00Z,2025-02-17,7,07:00:00,2025-02-17,07:00,N,39.87,1.0,22826.0,0.6923527115116838
2025-02-17T14:00:00Z,2025-02-17,8,08:00:00,2025-02-17,08:00,N,38.37,2001.0,22556.0,0.6586146983129424
2025-02-17T15:00:00Z,2025-02-17,9,09:00:00,2025-02-17,09:00,N,25.2,13784.0,19526.0,0.5045074853429677
2025-02-17T16:00:00Z,2025-02-17,10,10:00:00,2025-02-17,10:00,N,24.54,19874.0,18312.0,0.40383475336298397
2025-02-17T17:00:00Z,2025-02-17,11,11:00:00,2025-02-17,11:00,N,18.61,19842.0,18093.0,0.3847468439600475
2025-02-17T18:00:00Z,2025-02-17,12,12:00:00,2025-02-17,12:00,N,14.57,19514.0,17520.0,0.37179761220487567
2025-02-17T19:00:00Z,2025-02-17,13,13:00:00,2025-02-17,13:00,N,6.73,17936.0,17904.0,0.3650568118494878
2025-02-17T20:00:00Z,2025-02-17,14,14:00:00,2025-02-17,14:00,N,2.72,15744.0,18930.0,0.37439294025701114
2025-02-17T21:00:00Z,2025-02-17,15,15:00:00,2025-02-17,15:00,N,1.14,14426.0,18944.0,0.389389209516125
2025-02-17T22:00:00Z,2025-02-17,16,16:00:00,2025-02-17,16:00,N,0.95,11505.0,19467.0,0.41200711276220053
2025-02-17T23:00:00Z,2025-02-17,17,17:00:00,2025-02-17,17:00,N,2.6,9888.0,20479.0,0.4259364946031206
2025-02-18T00:00:00Z,2025-02-17,18,18:00:00,2025-02-17,18:00,N,18.11,4905.0,23195.0,0.4805977804253325
2025-02-18T01:00:00Z,2025-02-17,19,19:00:00,2025-02-17,19:00,N,26.11,251.0,24296.0,0.5741349530531183
2025-02-18T02:00:00Z,2025-02-17,20,20:00:00,2025-02-17,20:00,N,23.79,1.0,26273.0,0.5731026721038108
2025-02-18T03:00:00Z,2025-02-17,21,21:00:00,2025-02-17,21:00,N,23.61,0.0,26566.0,0.5700650799334743
2025-02-18T04:00:00Z,2025-02-17,22,22:00:00,2025-02-17,22:00,N,20.51,0.0,26356.0,0.5728992620594068
2025-02-18T05:00:00Z,2025-02-17,23,23:00:00,2025-02-17,23:00,N,19.1,0.0,25976.0,0.5511102509539677
2025-02-18T06:00:00Z,2025-02-17,24,00:00:00,2025-02-17,24:00,N,17.1,0.0,25795.0,0.5305575086920177
2025-02-18T07:00:00Z,2025-02-18,1,01:00:00,2025-02-18,01:00,N,16.65,0.0,25314.0,0.5321916596247079
2025-02-18T08:00:00Z,2025-02-18,2,02:00:00,2025-02-18,02:00,N,17.39,0.0,24780.0,0.5319663896149309
2025-02-18T09:00:00Z,2025-02-18,3,03:00:00,2025-02-18,03:00,N,18.03,0.0,24597.0,0.5057556791733847
2025-02-18T10:00:00Z,2025-02-18,4,04:00:00,2025-02-18,04:00,N,20.91,1.0,22776.0,0.5487357550976939
2025-02-18T11:00:00Z,2025-02-18,5,05:00:00,2025-02-18,05:00,N,22.5,1.0,21248.0,0.6090362356923451
2025-02-18T12:00:00Z,2025-02-18,6,06:00:00,2025-02-18,06:00,N,24.82,1.0,20966.0,0.6351341488211131
2025-02-18T13:00:00Z,2025-02-18,7,07:00:00,2025-02-18,07:00,N,32.47,0.0,19372.0,0.7153628161691042
2025-02-18T14:00:00Z,2025-02-18,8,08:00:00,2025-02-18,08:00,N,34.2,240.0,19632.0,0.7155663275892535
2025-02-18T15:00:00Z,2025-02-18,9,09:00:00,2025-02-18,09:00,N,31.83,3237.0,19846.0,0.6660655128662673
2025-02-18T16:00:00Z,2025-02-18,10,10:00:00,2025-02-18,10:00,N,24.78,6755.0,18243.0,0.609671196197038
2025-02-18T17:00:00Z,2025-02-18,11,11:00:00,2025-02-18,11:00,N,23.12,7432.0,17205.0,0.6084350829326977
2025-02-18T18:00:00Z,2025-02-18,12,12:00:00,2025-02-18,12:00,N,21.31,8401.0,17100.0,0.5961659403887707
2025-02-18T19:00:00Z,2025-02-18,13,13:00:00,2025-02-18,13:00,N,19.98,8647.0,17884.0,0.5838722882867196
2025-02-18T20:00:00Z,2025-02-18,14,14:00:00,2025-02-18,14:00,N,19.75,8346.0,18901.0,0.5878443104745867
2025-02-18T21:00:00Z,2025-02-18,15,15:00:00,2025-02-18,15:00,N,21.04,7664.0,18791.0,0.6212799246130151
2025-02-18T22:00:00Z,2025-02-18,16,16:00:00,2025-02-18,16:00,N,21.9,7243.0,19339.0,0.602421229969663
2025-02-18T23:00:00Z,2025-02-18,17,17:00:00,2025-02-18,17:00,N,23.71,6349.0,20178.0,0.6149429305171775
2025-02-19T00:00:00Z,2025-02-18,18,18:00:00,2025-02-18,18:00,N,24.95,3267.0,20452.0,0.6729653594161478
2025-02-19T01:00:00Z,2025-02-18,19,19:00:00,2025-02-18,19:00,N,33.14,268.0,19166.0,0.762775813206397
2025-02-19T02:00:00Z,2025-02-18,20,20:00:00,2025-02-18,20:00,N,29.92,0.0,18905.0,0.7938891401986017
2025-02-19T03:00:00Z,2025-02-18,21,21:00:00,2025-02-18,21:00,N,30.64,0.0,19328.0,0.7989134767201915
2025-02-19T04:00:00Z,2025-02-18,22,22:00:00,2025-02-18,22:00,N,26.04,0.0,19559.0,0.8004802341268988
2025-02-19T05:00:00Z,2025-02-18,23,23:00:00,2025-02-18,23:00,N,27.98,0.0,18784.0,0.8061906450591488
2025-02-19T06:00:00Z,2025-02-18,24,00:00:00,2025-02-18,24:00,N,26.99,0.0,18353.0,0.8107335310831039
2025-02-19T07:00:00Z,2025-02-19,1,01:00:00,2025-02-19,01:00,N,25.12,0.0,19385.0,0.797371302783552
2025-02-19T08:00:00Z,2025-02-19,2,02:00:00,2025-02-19,02:00,N,23.24,0.0,21260.0,0.7744217312334747
2025-02-19T09:00:00Z,2025-02-19,3,03:00:00,2025-02-19,03:00,N,23.0,0.0,22439.0,0.7643186153869559
2025-02-19T10:00:00Z,2025-02-19,4,04:00:00,2025-02-19,04:00,N,24.11,0.0,21977.0,0.7690668648362942
2025-02-19T11:00:00Z,2025-02-19,5,05:00:00,2025-02-19,05:00,N,27.94,0.0,21612.0,0.7662472405374807
2025-02-19T12:00:00Z,2025-02-19,6,06:00:00,2025-02-19,06:00,N,34.35,0.0,21123.0,0.7773904515030503
2025-02-19T13:00:00Z,2025-02-19,7,07:00:00,2025-02-19,07:00,N,43.11,0.0,20298.0,0.7910772788884437
2025-02-19T14:00:00Z,2025-02-19,8,08:00:00,2025-02-19,08:00,N,53.69,216.0,19019.0,0.801844782976711
2025-02-19T15:00:00Z,2025-02-19,9,09:00:00,2025-02-19,09:00,N,39.15,2396.0,18386.0,0.8121193825458268
2025-02-19T16:00:00Z,2025-02-19,10,10:00:00,2025-02-19,10:00,N,34.82,5624.0,18265.0,0.7809048128286807
2025-02-19T17:00:00Z,2025-02-19,11,11:00:00,2025-02-19,11:00,N,30.59,8255.0,17510.0,0.7587445410031592
2025-02-19T18:00:00Z,2025-02-19,12,12:00:00,2025-02-19,12:00,N,28.32,10290.0,17807.0,0.7309086390180299
2025-02-19T19:00:00Z,2025-02-19,13,13:00:00,2025-02-19,13:00,N,26.48,11855.0,17850.0,0.7097670761028968
2025-02-19T20:00:00Z,2025-02-19,14,14:00:00,2025-02-19,14:00,N,26.64,12825.0,17280.0,0.701193644724709
2025-02-19T21:00:00Z,2025-02-19,15,15:00:00,2025-02-19,15:00,N,26.18,13250.0,16379.0,0.7062678733239822
2025-02-19T22:00:00Z,2025-02-19,16,16:00:00,2025-02-19,16:00,N,25.1,12892.0,15021.0,0.7224901448776455
2025-02-19T23:00:00Z,2025-02-19,17,17:00:00,2025-02-19,17:00,N,28.76,11125.0,13755.0,0.7567183020583403
2025-02-20T00:00:00Z,2025-02-19,18,18:00:00,2025-02-19,18:00,N,45.36,5581.0,13016.0,0.8356778318482668
2025-02-20T01:00:00Z,2025-02-19,19,19:00:00,2025-02-19,19:00,N,99.75,363.0,12246.0,0.8984510089012812
2025-02-20T02:00:00Z,2025-02-19,20,20:00:00,2025-02-19,20:00,N,79.39,0.0,11644.0,0.9169479030121024
2025-02-20T03:00:00Z,2025-02-19,21,21:00:00,2025-02-19,21:00,N,99.8,0.0,10896.0,0.931391767736286
2025-02-20T04:00:00Z,2025-02-19,22,22:00:00,2025-02-19,22:00,N,75.16,0.0,9854.0,0.9586578115584702
2025-02-20T05:00:00Z,2025-02-19,23,23:00:00,2025-02-19,23:00,N,101.15,0.0,9852.0,0.9599243849678544
2025-02-20T06:00:00Z,2025-02-19,24,00:00:00,2025-02-19,24:00,N,85.59,0.0,10104.0,0.9533982271036116
2025-02-20T07:00:00Z,2025-02-20,1,01:00:00,2025-02-20,01:00,N,86.95,0.0,9888.0,0.9634257556757482
2025-02-20T08:00:00Z,2025-02-20,2,02:00:00,2025-02-20,02:00,N,81.19,0.0,9639.0,0.9699078407186177
2025-02-20T09:00:00Z,2025-02-20,3,03:00:00,2025-02-20,03:00,N,86.52,0.0,10069.0,0.9607796652348071
2025-02-20T10:00:00Z,2025-02-20,4,04:00:00,2025-02-20,04:00,N,87.03,1.0,10606.0,0.9526879886975582
2025-02-20T11:00:00Z,2025-02-20,5,05:00:00,2025-02-20,05:00,N,99.7,1.0,11000.0,0.9462848983412547
2025-02-20T12:00:00Z,2025-02-20,6,06:00:00,2025-02-20,06:00,N,213.77,1.0,10819.0,0.9414745159635388
2025-02-20T13:00:00Z,2025-02-20,7,07:00:00,2025-02-20,07:00,N,788.76,1.0,9990.0,0.922687178594202
2025-02-20T14:00:00Z,2025-02-20,8,08:00:00,2025-02-20,08:00,N,785.52,1586.0,9397.0,0.9053361929368923
2025-02-20T15:00:00Z,2025-02-20,9,09:00:00,2025-02-20,09:00,N,208.76,10166.0,9130.0,0.832995594644644
2025-02-20T16:00:00Z,2025-02-20,10,10:00:00,2025-02-20,10:00,N,88.77,16553.0,8044.0,0.7676569490361094
2025-02-20T17:00:00Z,2025-02-20,11,11:00:00,2025-02-20,11:00,N,54.66,19895.0,6914.0,0.7425916509798736
2025-02-20T18:00:00Z,2025-02-20,12,12:00:00,2025-02-20,12:00,N,44.92,21829.0,5519.0,0.7330638883637439
2025-02-20T19:00:00Z,2025-02-20,13,13:00:00,2025-02-20,13:00,N,41.81,22655.0,4830.0,0.7205385591336418
2025-02-20T20:00:00Z,2025-02-20,14,14:00:00,2025-02-20,14:00,N,42.83,22675.0,4699.0,0.7026063877434637
2025-02-20T21:00:00Z,2025-02-20,15,15:00:00,2025-02-20,15:00,N,40.84,21825.0,4638.0,0.674952030020545
2025-02-20T22:00:00Z,2025-02-20,16,16:00:00,2025-02-20,16:00,N,37.76,20901.0,4501.0,0.6793454500326356
2025-02-20T23:00:00Z,2025-02-20,17,17:00:00,2025-02-20,17:00,N,39.1,17515.0,4650.0,0.7499762151560967
2025-02-21T00:00:00Z,2025-02-20,18,18:00:00,2025-02-20,18:00,N,66.25,7269.0,5449.0,0.9155500672811243
2025-02-21T01:00:00Z,2025-02-20,19,19:00:00,2025-02-20,19:00,N,112.61,421.0,6383.0,0.9878214387137064
2025-02-21T02:00:00Z,2025-02-20,20,20:00:00,2025-02-20,20:00,N,119.33,0.0,6641.0,0.9816195604885156
2025-02-21T03:00:00Z,2025-02-20,21,21:00:00,2025-02-20,21:00,N,97.68,0.0,7138.0,0.9709231897291888
2025-02-21T04:00:00Z,2025-02-20,22,22:00:00,2025-02-20,22:00,N,85.82,0.0,7599.0,0.9683481177381639
2025-02-21T05:00:00Z,2025-02-20,23,23:00:00,2025-02-20,23:00,N,59.06,0.0,7779.0,0.9697195050861064
2025-02-21T06:00:00Z,2025-02-20,24,00:00:00,2025-02-20,24:00,N,59.19,0.0,7339.0,0.9792719495283794
2025-02-21T07:00:00Z,2025-02-21,1,01:00:00,2025-02-21,01:00,N,71.17,0.0,6678.0,0.9874303596399907
2025-02-21T08:00:00Z,2025-02-21,2,02:00:00,2025-02-21,02:00,N,58.13,0.0,7218.0,0.9801708072402119
2025-02-21T09:00:00Z,2025-02-21,3,03:00:00,2025-02-21,03:00,N,56.91,0.0,7469.0,0.9773708590333787
2025-02-21T10:00:00Z,2025-02-21,4,04:00:00,2025-02-21,04:00,N,63.13,0.0,7650.0,0.9753162940632576
2025-02-21T11:00:00Z,2025-02-21,5,05:00:00,2025-02-21,05:00,N,70.5,0.0,8210.0,0.9651901800474024
2025-02-21T12:00:00Z,2025-02-21,6,06:00:00,2025-02-21,06:00,N,100.73,1.0,8240.0,0.9559061142856181
2025-02-21T13:00:00Z,2025-02-21,7,07:00:00,2025-02-21,07:00,N,197.25,1.0,8005.0,0.9260505884646764
2025-02-21T14:00:00Z,2025-02-21,8,08:00:00,2025-02-21,08:00,N,218.49,520.0,7400.0,0.9057628556914082
2025-02-21T15:00:00Z,2025-02-21,9,09:00:00,2025-02-21,09:00,N,128.41,4092.0,6766.0,0.8985740222156124
2025-02-21T16:00:00Z,2025-02-21,10,10:00:00,2025-02-21,10:00,N,75.27,8036.0,6227.0,0.8783389274878631
2025-02-21T17:00:00Z,2025-02-21,11,11:00:00,2025-02-21,11:00,N,58.35,10540.0,5686.0,0.852700191998942
2025-02-21T18:00:00Z,2025-02-21,12,12:00:00,2025-02-21,12:00,N,53.26,13025.0,5161.0,0.82773391334009
2025-02-21T19:00:00Z,2025-02-21,13,13:00:00,2025-02-21,13:00,N,43.11,13784.0,4826.0,0.81840454945458
2025-02-21T20:00:00Z,2025-02-21,14,14:00:00,2025-02-21,14:00,N,41.67,14139.0,4696.0,0.8156978862043193
2025-02-21T21:00:00Z,2025-02-21,15,15:00:00,2025-02-21,15:00,N,40.87,12703.0,4559.0,0.8330030433906149
2025-02-21T22:00:00Z,2025-02-21,16,16:00:00,2025-02-21,16:00,N,41.23,11060.0,4496.0,0.8489067436401241
2025-02-21T23:00:00Z,2025-02-21,17,17:00:00,2025-02-21,17:00,N,51.55,8551.0,4514.0,0.8858086234823346
2025-02-22T00:00:00Z,2025-02-21,18,18:00:00,2025-02-21,18:00,N,57.69,4042.0,4722.0,0.9436002935567898
2025-02-22T01:00:00Z,2025-02-21,19,19:00:00,2025-02-21,19:00,N,107.33,265.0,5722.0,0.9662428304631572
2025-02-22T02:00:00Z,2025-02-21,20,20:00:00,2025-02-21,20:00,N,102.6,0.0,7619.0,0.951090437377528
2025-02-22T03:00:00Z,2025-02-21,21,21:00:00,2025-02-21,21:00,N,86.72,0.0,8825.0,0.9474504046382601
2025-02-22T04:00:00Z,2025-02-21,22,22:00:00,2025-02-21,22:00,N,57.65,0.0,9450.0,0.9451219889827361
2025-02-22T05:00:00Z,2025-02-21,23,23:00:00,2025-02-21,23:00,N,56.19,0.0,9579.0,0.9425188305470346
2025-02-22T06:00:00Z,2025-02-21,24,00:00:00,2025-02-21,24:00,N,50.54,0.0,9699.0,0.9381717532350035
2025-02-22T07:00:00Z,2025-02-22,1,01:00:00,2025-02-22,01:00,N,59.64,0.0,10069.0,0.9296425075648204
2025-02-22T08:00:00Z,2025-02-22,2,02:00:00,2025-02-22,02:00,N,51.52,0.0,10595.0,0.9234102120259016
2025-02-22T09:00:00Z,2025-02-22,3,03:00:00,2025-02-22,03:00,N,47.33,0.0,10749.0,0.9190302097173596
2025-02-22T10:00:00Z,2025-02-22,4,04:00:00,2025-02-22,04:00,N,47.6,0.0,10168.0,0.9221257152612545
2025-02-22T11:00:00Z,2025-02-22,5,05:00:00,2025-02-22,05:00,N,47.62,1.0,9310.0,0.9366908999095861
2025-02-22T12:00:00Z,2025-02-22,6,06:00:00,2025-02-22,06:00,N,52.78,1.0,8691.0,0.9422570897133487
2025-02-22T13:00:00Z,2025-02-22,7,07:00:00,2025-02-22,07:00,N,91.29,2.0,7858.0,0.9358355200465164
2025-02-22T14:00:00Z,2025-02-22,8,08:00:00,2025-02-22,08:00,N,88.96,892.0,7194.0,0.9151259464119448
2025-02-22T15:00:00Z,2025-02-22,9,09:00:00,2025-02-22,09:00,N,65.66,8321.0,6515.0,0.8502530073171156
2025-02-22T16:00:00Z,2025-02-22,10,10:00:00,2025-02-22,10:00,N,59.18,14716.0,5127.0,0.7719825611755101
2025-02-22T17:00:00Z,2025-02-22,11,11:00:00,2025-02-22,11:00,N,54.51,16428.0,4663.0,0.7423554857803724
2025-02-22T18:00:00Z,2025-02-22,12,12:00:00,2025-02-22,12:00,N,36.7,16849.0,4180.0,0.7377955494274824
2025-02-22T19:00:00Z,2025-02-22,13,13:00:00,2025-02-22,13:00,N,31.84,16260.0,3859.0,0.7456398418185332
2025-02-22T20:00:00Z,2025-02-22,14,14:00:00,2025-02-22,14:00,N,27.64,15677.0,3646.0,0.7492747350415121
2025-02-22T21:00:00Z,2025-02-22,15,15:00:00,2025-02-22,15:00,N,25.99,15259.0,3275.0,0.7588444575362131
2025-02-22T22:00:00Z,2025-02-22,16,16:00:00,2025-02-22,16:00,N,26.46,14353.0,2867.0,0.7742927089548215
2025-02-22T23:00:00Z,2025-02-22,17,17:00:00,2025-02-22,17:00,N,29.47,12044.0,2879.0,0.8037971415990752
2025-02-23T00:00:00Z,2025-02-22,18,18:00:00,2025-02-22,18:00,N,45.27,5433.0,3090.0,0.899392082256032
2025-02-23T01:00:00Z,2025-02-22,19,19:00:00,2025-02-22,19:00,N,58.26,304.0,3918.0,0.948497449149947
2025-02-23T02:00:00Z,2025-02-22,20,20:00:00,2025-02-22,20:00,N,55.82,0.0,5722.0,0.925635100485093
2025-02-23T03:00:00Z,2025-02-22,21,21:00:00,2025-02-22,21:00,N,44.83,0.0,7041.0,0.9237654140818284
2025-02-23T04:00:00Z,2025-02-22,22,22:00:00,2025-02-22,22:00,N,42.6,0.0,7498.0,0.9273195076363643
2025-02-23T05:00:00Z,2025-02-22,23,23:00:00,2025-02-22,23:00,N,33.6,0.0,7929.0,0.9208935895881151
2025-02-23T06:00:00Z,2025-02-22,24,00:00:00,2025-02-22,24:00,N,30.91,0.0,8701.0,0.9003063325211293
2025-02-23T07:00:00Z,2025-02-23,1,01:00:00,2025-02-23,01:00,N,29.43,0.0,10185.0,0.8732897280899143
2025-02-23T08:00:00Z,2025-02-23,2,02:00:00,2025-02-23,02:00,N,27.57,0.0,11099.0,0.8566838719901384
2025-02-23T09:00:00Z,2025-02-23,3,03:00:00,2025-02-23,03:00,N,25.81,0.0,11220.0,0.8519501395487143
2025-02-23T10:00:00Z,2025-02-23,4,04:00:00,2025-02-23,04:00,N,25.83,0.0,11177.0,0.8547215109357795
2025-02-23T11:00:00Z,2025-02-23,5,05:00:00,2025-02-23,05:00,N,28.39,0.0,9885.0,0.8810911414982929
2025-02-23T12:00:00Z,2025-02-23,6,06:00:00,2025-02-23,06:00,N,35.62,0.0,9266.0,0.8949884279747196
2025-02-23T13:00:00Z,2025-02-23,7,07:00:00,2025-02-23,07:00,N,45.34,0.0,7924.0,0.9014417686996032
2025-02-23T14:00:00Z,2025-02-23,8,08:00:00,2025-02-23,08:00,N,45.35,770.0,7010.0,0.889744188256727
2025-02-23T15:00:00Z,2025-02-23,9,09:00:00,2025-02-23,09:00,N,33.02,7115.0,5925.0,0.8300164514646461
2025-02-23T16:00:00Z,2025-02-23,10,10:00:00,2025-02-23,10:00,N,29.38,12117.0,3213.0,0.7902495559528405
2025-02-23T17:00:00Z,2025-02-23,11,11:00:00,2025-02-23,11:00,N,28.64,16315.0,2487.0,0.7203729570186259
2025-02-23T18:00:00Z,2025-02-23,12,12:00:00,2025-02-23,12:00,N,26.91,20384.0,2616.0,0.6230112085609057
2025-02-23T19:00:00Z,2025-02-23,13,13:00:00,2025-02-23,13:00,N,23.07,21545.0,2572.0,0.5693880805358167
2025-02-23T20:00:00Z,2025-02-23,14,14:00:00,2025-02-23,14:00,N,20.41,21124.0,2188.0,0.561723841397354
2025-02-23T21:00:00Z,2025-02-23,15,15:00:00,2025-02-23,15:00,N,19.23,20523.0,2127.0,0.5808299244481595
2025-02-23T22:00:00Z,2025-02-23,16,16:00:00,2025-02-23,16:00,N,20.22,20065.0,2113.0,0.5783395611182446
2025-02-23T23:00:00Z,2025-02-23,17,17:00:00,2025-02-23,17:00,N,23.05,18592.0,2351.0,0.5730523999444266
2025-02-24T00:00:00Z,2025-02-23,18,18:00:00,2025-02-23,18:00,N,33.62,9303.0,2388.0,0.7914007137593698
2025-02-24T01:00:00Z,2025-02-23,19,19:00:00,2025-02-23,19:00,N,48.8,603.0,2049.0,0.9965402295734924
2025-02-24T02:00:00Z,2025-02-23,20,20:00:00,2025-02-23,20:00,N,48.49,0.0,2673.0,1.0072964329982874
2025-02-24T03:00:00Z,2025-02-23,21,21:00:00,2025-02-23,21:00,N,56.6,0.0,3225.0,1.0078920101945263
2025-02-24T04:00:00Z,2025-02-23,22,22:00:00,2025-02-23,22:00,N,45.59,0.0,3931.0,1.0107938372996164
2025-02-24T05:00:00Z,2025-02-23,23,23:00:00,2025-02-23,23:00,N,33.07,0.0,4885.0,0.9999222603607906
2025-02-24T06:00:00Z,2025-02-23,24,00:00:00,2025-02-23,24:00,N,32.03,0.0,5570.0,0.9799795288468186
2025-02-24T07:00:00Z,2025-02-24,1,01:00:00,2025-02-24,01:00,N,34.18,0.0,6281.0,0.9564614870543231
2025-02-24T08:00:00Z,2025-02-24,2,02:00:00,2025-02-24,02:00,N,33.01,1.0,7661.0,0.9201129469517728
2025-02-24T09:00:00Z,2025-02-24,3,03:00:00,2025-02-24,03:00,N,32.97,1.0,8789.0,0.8949664970589055
2025-02-24T10:00:00Z,2025-02-24,4,04:00:00,2025-02-24,04:00,N,31.79,1.0,9469.0,0.87368628581127
2025-02-24T11:00:00Z,2025-02-24,5,05:00:00,2025-02-24,05:00,N,32.57,1.0,10051.0,0.8647874657863263
2025-02-24T12:00:00Z,2025-02-24,6,06:00:00,2025-02-24,06:00,N,41.07,1.0,9683.0,0.8777744153042195
2025-02-24T13:00:00Z,2025-02-24,7,07:00:00,2025-02-24,07:00,N,50.79,1.0,8272.0,0.867894965281655
2025-02-24T14:00:00Z,2025-02-24,8,08:00:00,2025-02-24,08:00,N,47.35,1304.0,7587.0,0.8654285123307063
2025-02-24T15:00:00Z,2025-02-24,9,09:00:00,2025-02-24,09:00,N,30.49,10110.0,6311.0,0.7581478339991585
2025-02-24T16:00:00Z,2025-02-24,10,10:00:00,2025-02-24,10:00,N,29.45,16018.0,3916.0,0.686765653120786
2025-02-24T17:00:00Z,2025-02-24,11,11:00:00,2025-02-24,11:00,N,27.13,18711.0,3118.0,0.6485248312862032
2025-02-24T18:00:00Z,2025-02-24,12,12:00:00,2025-02-24,12:00,N,22.21,22419.0,4623.0,0.49673916103692034
2025-02-24T19:00:00Z,2025-02-24,13,13:00:00,2025-02-24,13:00,N,18.89,24182.0,6255.0,0.3760223536589473
2025-02-24T20:00:00Z,2025-02-24,14,14:00:00,2025-02-24,14:00,N,17.64,23890.0,6367.0,0.3643761860016447
2025-02-24T21:00:00Z,2025-02-24,15,15:00:00,2025-02-24,15:00,N,16.03,22706.0,6825.0,0.36752655674135287
2025-02-24T22:00:00Z,2025-02-24,16,16:00:00,2025-02-24,16:00,N,15.46,21580.0,6833.0,0.37916951875956423
2025-02-24T23:00:00Z,2025-02-24,17,17:00:00,2025-02-24,17:00,N,18.42,20254.0,6607.0,0.40927352613645346
2025-02-25T00:00:00Z,2025-02-24,18,18:00:00,2025-02-24,18:00,N,30.58,10895.0,6210.0,0.620472097767786
2025-02-25T01:00:00Z,2025-02-24,19,19:00:00,2025-02-24,19:00,N,53.83,678.0,6134.0,0.8628638911453815
2025-02-25T02:00:00Z,2025-02-24,20,20:00:00,2025-02-24,20:00,N,37.46,0.0,9352.0,0.8581163797202828
2025-02-25T03:00:00Z,2025-02-24,21,21:00:00,2025-02-24,21:00,N,33.29,0.0,13519.0,0.796149439812605
2025-02-25T04:00:00Z,2025-02-24,22,22:00:00,2025-02-24,22:00,N,26.32,0.0,16170.0,0.7316482201757891
2025-02-25T05:00:00Z,2025-02-24,23,23:00:00,2025-02-24,23:00,N,24.66,0.0,16925.0,0.6823705132930565
2025-02-25T06:00:00Z,2025-02-24,24,00:00:00,2025-02-24,24:00,N,26.15,0.0,16700.0,0.6495751820864129
2025-02-25T07:00:00Z,2025-02-25,1,01:00:00,2025-02-25,01:00,N,22.67,1.0,15274.0,0.6604142594285843
2025-02-25T08:00:00Z,2025-02-25,2,02:00:00,2025-02-25,02:00,N,22.96,1.0,13414.0,0.6931375064884958
2025-02-25T09:00:00Z,2025-02-25,3,03:00:00,2025-02-25,03:00,N,24.38,1.0,12213.0,0.7088567082827847
2025-02-25T10:00:00Z,2025-02-25,4,04:00:00,2025-02-25,04:00,N,26.66,1.0,11184.0,0.7480584336365269
2025-02-25T11:00:00Z,2025-02-25,5,05:00:00,2025-02-25,05:00,N,31.73,1.0,9562.0,0.817697995557739
2025-02-25T12:00:00Z,2025-02-25,6,06:00:00,2025-02-25,06:00,N,43.42,1.0,8086.0,0.8832526303924462
2025-02-25T13:00:00Z,2025-02-25,7,07:00:00,2025-02-25,07:00,N,51.17,2.0,7557.0,0.8869414243636667
2025-02-25T14:00:00Z,2025-02-25,8,08:00:00,2025-02-25,08:00,N,48.21,2145.0,7073.0,0.8659905941560512
2025-02-25T15:00:00Z,2025-02-25,9,09:00:00,2025-02-25,09:00,N,28.85,13137.0,5610.0,0.6657968325407826
2025-02-25T16:00:00Z,2025-02-25,10,10:00:00,2025-02-25,10:00,N,23.26,20377.0,3477.0,0.538446786403781
2025-02-25T17:00:00Z,2025-02-25,11,11:00:00,2025-02-25,11:00,N,20.58,22817.0,4374.0,0.44596048782284753
2025-02-25T18:00:00Z,2025-02-25,12,12:00:00,2025-02-25,12:00,N,19.8,22929.0,5318.0,0.4055049472557019
2025-02-25T19:00:00Z,2025-02-25,13,13:00:00,2025-02-25,13:00,N,17.47,22884.0,5289.0,0.397260433169653
2025-02-25T20:00:00Z,2025-02-25,14,14:00:00,2025-02-25,14:00,N,17.36,22799.0,6044.0,0.38823529102335774
2025-02-25T21:00:00Z,2025-02-25,15,15:00:00,2025-02-25,15:00,N,15.58,22691.0,7133.0,0.3764342334069431
2025-02-25T22:00:00Z,2025-02-25,16,16:00:00,2025-02-25,16:00,N,13.57,22112.0,8643.0,0.36761705431208996
2025-02-25T23:00:00Z,2025-02-25,17,17:00:00,2025-02-25,17:00,N,19.45,19485.0,10016.0,0.38589043102829135
2025-02-26T00:00:00Z,2025-02-25,18,18:00:00,2025-02-25,18:00,N,31.75,10179.0,11878.0,0.5296664412642698
2025-02-26T01:00:00Z,2025-02-25,19,19:00:00,2025-02-25,19:00,N,49.79,686.0,12711.0,0.750053091412163
2025-02-26T02:00:00Z,2025-02-25,20,20:00:00,2025-02-25,20:00,N,35.2,0.0,15873.0,0.73292094023232
2025-02-26T03:00:00Z,2025-02-25,21,21:00:00,2025-02-25,21:00,N,29.25,0.0,18972.0,0.6572170581948386
2025-02-26T04:00:00Z,2025-02-25,22,22:00:00,2025-02-25,22:00,N,24.09,1.0,21572.0,0.5744888655446261
2025-02-26T05:00:00Z,2025-02-25,23,23:00:00,2025-02-25,23:00,N,21.11,1.0,23398.0,0.47956198051905646
2025-02-26T06:00:00Z,2025-02-25,24,00:00:00,2025-02-25,24:00,N,19.88,1.0,23962.0,0.4323491386313222
2025-02-26T07:00:00Z,2025-02-26,1,01:00:00,2025-02-26,01:00,N,16.17,1.0,23923.0,0.4374220915290722
2025-02-26T08:00:00Z,2025-02-26,2,02:00:00,2025-02-26,02:00,N,14.94,1.0,24219.0,0.42426791484655174
2025-02-26T09:00:00Z,2025-02-26,3,03:00:00,2025-02-26,03:00,N,15.34,1.0,24058.0,0.4125751637302297
2025-02-26T10:00:00Z,2025-02-26,4,04:00:00,2025-02-26,04:00,N,15.76,1.0,24120.0,0.39059113692457487
2025-02-26T11:00:00Z,2025-02-26,5,05:00:00,2025-02-26,05:00,N,18.61,1.0,23597.0,0.4010362614384458
2025-02-26T12:00:00Z,2025-02-26,6,06:00:00,2025-02-26,06:00,N,24.09,1.0,23302.0,0.447797907906628
2025-02-26T13:00:00Z,2025-02-26,7,07:00:00,2025-02-26,07:00,N,36.49,5.0,22407.0,0.5059505963003658
2025-02-26T14:00:00Z,2025-02-26,8,08:00:00,2025-02-26,08:00,N,35.62,2020.0,20795.0,0.5291467231822923
2025-02-26T15:00:00Z,2025-02-26,9,09:00:00,2025-02-26,09:00,N,19.93,11647.0,17657.0,0.39445430118965585
2025-02-26T16:00:00Z,2025-02-26,10,10:00:00,2025-02-26,10:00,N,12.78,16354.0,15967.0,0.33458018094506675
2025-02-26T17:00:00Z,2025-02-26,11,11:00:00,2025-02-26,11:00,N,10.92,15565.0,16420.0,0.33109611245211146
2025-02-26T18:00:00Z,2025-02-26,12,12:00:00,2025-02-26,12:00,N,7.84,15079.0,16555.0,0.3355887901442227
2025-02-26T19:00:00Z,2025-02-26,13,13:00:00,2025-02-26,13:00,N,9.0,14726.0,16765.0,0.3360444587299141
2025-02-26T20:00:00Z,2025-02-26,14,14:00:00,2025-02-26,14:00,N,10.6,15999.0,16904.0,0.32508087836145916
2025-02-26T21:00:00Z,2025-02-26,15,15:00:00,2025-02-26,15:00,N,12.17,16359.0,17171.0,0.32355370700360303
2025-02-26T22:00:00Z,2025-02-26,16,16:00:00,2025-02-26,16:00,N,13.84,16240.0,17881.0,0.3241295804619023
2025-02-26T23:00:00Z,2025-02-26,17,17:00:00,2025-02-26,17:00,N,19.39,14275.0,19764.0,0.3344114462626747
2025-02-27T00:00:00Z,2025-02-26,18,18:00:00,2025-02-26,18:00,N,25.86,6352.0,22535.0,0.450712784038128
2025-02-27T01:00:00Z,2025-02-26,19,19:00:00,2025-02-26,19:00,N,33.43,325.0,24619.0,0.567741498883485
2025-02-27T02:00:00Z,2025-02-26,20,20:00:00,2025-02-26,20:00,N,31.91,2.0,25254.0,0.5733252505931012
2025-02-27T03:00:00Z,2025-02-26,21,21:00:00,2025-02-26,21:00,N,30.75,2.0,25594.0,0.5638094002027727
2025-02-27T04:00:00Z,2025-02-26,22,22:00:00,2025-02-26,22:00,N,23.77,2.0,25546.0,0.5411118912136033
2025-02-27T05:00:00Z,2025-02-26,23,23:00:00,2025-02-26,23:00,N,24.18,1.0,24271.0,0.5387320940480261
2025-02-27T06:00:00Z,2025-02-26,24,00:00:00,2025-02-26,24:00,N,26.07,1.0,24163.0,0.49579105879872987
2025-02-27T07:00:00Z,2025-02-27,1,01:00:00,2025-02-27,01:00,N,17.77,1.0,23694.0,0.4740448784584885
2025-02-27T08:00:00Z,2025-02-27,2,02:00:00,2025-02-27,02:00,N,19.01,1.0,23147.0,0.45407925542504907
2025-02-27T09:00:00Z,2025-02-27,3,03:00:00,2025-02-27,03:00,N,20.35,1.0,21884.0,0.4557625956776608
2025-02-27T10:00:00Z,2025-02-27,4,04:00:00,2025-02-27,04:00,N,21.48,1.0,19838.0,0.5249330805720938
2025-02-27T11:00:00Z,2025-02-27,5,05:00:00,2025-02-27,05:00,N,21.46,1.0,18674.0,0.575935899453735
2025-02-27T12:00:00Z,2025-02-27,6,06:00:00,2025-02-27,06:00,N,24.64,1.0,17980.0,0.6126055927919427
2025-02-27T13:00:00Z,2025-02-27,7,07:00:00,2025-02-27,07:00,N,33.1,2.0,17630.0,0.6434951362305578
2025-02-27T14:00:00Z,2025-02-27,8,08:00:00,2025-02-27,08:00,N,37.69,1207.0,17387.0,0.6160874515771865
2025-02-27T15:00:00Z,2025-02-27,9,09:00:00,2025-02-27,09:00,N,28.98,7466.0,13416.0,0.5858259920372862
2025-02-27T16:00:00Z,2025-02-27,10,10:00:00,2025-02-27,10:00,N,21.22,12974.0,11044.0,0.5401849602519694
2025-02-27T17:00:00Z,2025-02-27,11,11:00:00,2025-02-27,11:00,N,17.18,15606.0,13514.0,0.42710913792291566
2025-02-27T18:00:00Z,2025-02-27,12,12:00:00,2025-02-27,12:00,N,13.42,16885.0,15125.0,0.34729908344709937
2025-02-27T19:00:00Z,2025-02-27,13,13:00:00,2025-02-27,13:00,N,14.08,18814.0,12532.0,0.34089266708699756
2025-02-27T20:00:00Z,2025-02-27,14,14:00:00,2025-02-27,14:00,N,16.46,19637.0,9623.0,0.3728702210429954
2025-02-27T21:00:00Z,2025-02-27,15,15:00:00,2025-02-27,15:00,N,21.18,20115.0,7115.0,0.42811079849011163
2025-02-27T22:00:00Z,2025-02-27,16,16:00:00,2025-02-27,16:00,N,20.62,20736.0,5908.0,0.44536931759105536
2025-02-27T23:00:00Z,2025-02-27,17,17:00:00,2025-02-27,17:00,N,23.44,18244.0,5183.0,0.5151882052962898
2025-02-28T00:00:00Z,2025-02-27,18,18:00:00,2025-02-27,18:00,N,31.61,9047.0,3951.0,0.7541654554957279
2025-02-28T01:00:00Z,2025-02-27,19,19:00:00,2025-02-27,19:00,N,53.22,686.0,2942.0,0.9161113978489652
2025-02-28T02:00:00Z,2025-02-27,20,20:00:00,2025-02-27,20:00,N,51.42,0.0,2786.0,0.9478641866095331
2025-02-28T03:00:00Z,2025-02-27,21,21:00:00,2025-02-27,21:00,N,49.12,0.0,2953.0,0.9781854848080296
2025-02-28T04:00:00Z,2025-02-27,22,22:00:00,2025-02-27,22:00,N,44.31,1.0,3321.0,1.0017986034675503
2025-02-28T05:00:00Z,2025-02-27,23,23:00:00,2025-02-27,23:00,N,37.84,1.0,3874.0,1.0003269066419318
2025-02-28T06:00:00Z,2025-02-27,24,00:00:00,2025-02-27,24:00,N,34.07,1.0,4548.0,0.9927756849539787
2025-02-28T07:00:00Z,2025-02-28,1,01:00:00,2025-02-28,01:00,N,27.29,1.0,5545.0,0.9639739120709452
2025-02-28T08:00:00Z,2025-02-28,2,02:00:00,2025-02-28,02:00,N,24.88,1.0,6454.0,0.9409328725801112
2025-02-28T09:00:00Z,2025-02-28,3,03:00:00,2025-02-28,03:00,N,23.19,1.0,7650.0,0.9038074720513534
2025-02-28T10:00:00Z,2025-02-28,4,04:00:00,2025-02-28,04:00,N,23.07,1.0,8418.0,0.8722542873694309
2025-02-28T11:00:00Z,2025-02-28,5,05:00:00,2025-02-28,05:00,N,24.46,1.0,8752.0,0.8685920542883813
2025-02-28T12:00:00Z,2025-02-28,6,06:00:00,2025-02-28,06:00,N,28.17,1.0,8585.0,0.8826879479618902
2025-02-28T13:00:00Z,2025-02-28,7,07:00:00,2025-02-28,07:00,N,34.02,7.0,8698.0,0.8723455734658003
2025-02-28T14:00:00Z,2025-02-28,8,08:00:00,2025-02-28,08:00,N,31.29,3455.0,9142.0,0.8051500836375715
2025-02-28T15:00:00Z,2025-02-28,9,09:00:00,2025-02-28,09:00,N,23.86,16301.0,8390.0,0.5319724646961809
2025-02-28T16:00:00Z,2025-02-28,10,10:00:00,2025-02-28,10:00,N,17.04,22798.0,5894.0,0.42801269101304396
2025-02-28T17:00:00Z,2025-02-28,11,11:00:00,2025-02-28,11:00,N,12.1,23018.0,7568.0,0.385181436980584
2025-02-28T18:00:00Z,2025-02-28,12,12:00:00,2025-02-28,12:00,N,12.47,23616.0,8137.0,0.3732739971143309
2025-02-28T19:00:00Z,2025-02-28,13,13:00:00,2025-02-28,13:00,N,12.98,23759.0,7703.0,0.36054102554520717
2025-02-28T20:00:00Z,2025-02-28,14,14:00:00,2025-02-28,14:00,N,14.49,23469.0,7434.0,0.36537303361862805
2025-02-28T21:00:00Z,2025-02-28,15,15:00:00,2025-02-28,15:00,N,15.52,24108.0,6408.0,0.3654775775692668
2025-02-28T22:00:00Z,2025-02-28,16,16:00:00,2025-02-28,16:00,N,17.34,23670.0,5069.0,0.4080798905193184
2025-02-28T23:00:00Z,2025-02-28,17,17:00:00,2025-02-28,17:00,N,21.35,21072.0,3999.0,0.512088243198482
2025-03-01T00:00:00Z,2025-02-28,18,18:00:00,2025-02-28,18:00,N,37.55,10234.0,3711.0,0.7419828661974992
2025-03-01T01:00:00Z,2025-02-28,19,19:00:00,2025-02-28,19:00,N,62.73,716.0,3505.0,0.9217027610431455
2025-03-01T02:00:00Z,2025-02-28,20,20:00:00,2025-02-28,20:00,N,49.35,0.0,4356.0,0.9437049085816103
2025-03-01T03:00:00Z,2025-02-28,21,21:00:00,2025-02-28,21:00,N,40.43,0.0,6566.0,0.926508423394917
2025-03-01T04:00:00Z,2025-02-28,22,22:00:00,2025-02-28,22:00,N,33.97,0.0,9609.0,0.8582637302000893
2025-03-01T05:00:00Z,2025-02-28,23,23:00:00,2025-02-28,23:00,N,29.39,1.0,10141.0,0.8361270805553509
2025-03-01T06:00:00Z,2025-02-28,24,00:00:00,2025-02-28,24:00,N,25.48,1.0,9896.0,0.8309483930210837
2025-03-01T07:00:00Z,2025-03-01,1,01:00:00,2025-03-01,01:00,N,30.22,1.0,8967.0,0.8261122339475455
2025-03-01T08:00:00Z,2025-03-01,2,02:00:00,2025-03-01,02:00,N,32.02,1.0,8259.0,0.8393916018660205
2025-03-01T09:00:00Z,2025-03-01,3,03:00:00,2025-03-01,03:00,N,32.64,1.0,7931.0,0.842330747552743
2025-03-01T10:00:00Z,2025-03-01,4,04:00:00,2025-03-01,04:00,N,31.12,1.0,6924.0,0.8557317665036471
2025-03-01T11:00:00Z,2025-03-01,5,05:00:00,2025-03-01,05:00,N,33.46,1.0,5921.0,0.8724401942216397
2025-03-01T12:00:00Z,2025-03-01,6,06:00:00,2025-03-01,06:00,N,47.18,1.0,4959.0,0.8809315340636729
2025-03-01T13:00:00Z,2025-03-01,7,07:00:00,2025-03-01,07:00,N,44.89,8.0,4704.0,0.8608926064923413
2025-03-01T14:00:00Z,2025-03-01,8,08:00:00,2025-03-01,08:00,N,42.38,3387.0,5345.0,0.7995810747940577
2025-03-01T15:00:00Z,2025-03-01,9,09:00:00,2025-03-01,09:00,N,22.05,16276.0,4822.0,0.5492171020305711
2025-03-01T16:00:00Z,2025-03-01,10,10:00:00,2025-03-01,10:00,N,20.79,23188.0,3391.0,0.42115027193442633
2025-03-01T17:00:00Z,2025-03-01,11,11:00:00,2025-03-01,11:00,N,20.61,24730.0,3101.0,0.3832887601354735
2025-03-01T18:00:00Z,2025-03-01,12,12:00:00,2025-03-01,12:00,N,20.5,24386.0,2789.0,0.4153529186906742
2025-03-01T19:00:00Z,2025-03-01,13,13:00:00,2025-03-01,13:00,N,21.28,24015.0,2212.0,0.4554388757390515
2025-03-01T20:00:00Z,2025-03-01,14,14:00:00,2025-03-01,14:00,N,22.13,23763.0,2062.0,0.4821232756424065
2025-03-01T21:00:00Z,2025-03-01,15,15:00:00,2025-03-01,15:00,N,22.12,23598.0,2426.0,0.4904171042907018
2025-03-01T22:00:00Z,2025-03-01,16,16:00:00,2025-03-01,16:00,N,22.39,23397.0,3097.0,0.47716480462461053
2025-03-01T23:00:00Z,2025-03-01,17,17:00:00,2025-03-01,17:00,N,24.77,19913.0,3359.0,0.5319711254110757
2025-03-02T00:00:00Z,2025-03-01,18,18:00:00,2025-03-01,18:00,N,50.64,9213.0,4244.0,0.6916298162997732
2025-03-02T01:00:00Z,2025-03-01,19,19:00:00,2025-03-01,19:00,N,70.59,509.0,6752.0,0.7717617285798218
2025-03-02T02:00:00Z,2025-03-01,20,20:00:00,2025-03-01,20:00,N,40.91,4.0,11527.0,0.7274626996257026
2025-03-02T03:00:00Z,2025-03-01,21,21:00:00,2025-03-01,21:00,N,27.53,0.0,17155.0,0.6277229964144686
2025-03-02T04:00:00Z,2025-03-01,22,22:00:00,2025-03-01,22:00,N,24.15,1.0,21108.0,0.5448373502566973
2025-03-02T05:00:00Z,2025-03-01,23,23:00:00,2025-03-01,23:00,N,22.46,1.0,23675.0,0.4883293033534821
2025-03-02T06:00:00Z,2025-03-01,24,00:00:00,2025-03-01,24:00,N,20.27,1.0,24313.0,0.4564847435821872
2025-03-02T07:00:00Z,2025-03-02,1,01:00:00,2025-03-02,01:00,N,23.41,1.0,24633.0,0.4316132363238421
2025-03-02T08:00:00Z,2025-03-02,2,02:00:00,2025-03-02,02:00,N,19.1,1.0,24937.0,0.4041722524354465
2025-03-02T09:00:00Z,2025-03-02,3,03:00:00,2025-03-02,03:00,N,17.87,1.0,24193.0,0.4045175421002042
2025-03-02T10:00:00Z,2025-03-02,4,04:00:00,2025-03-02,04:00,N,18.07,1.0,23671.0,0.4114751502301536
2025-03-02T11:00:00Z,2025-03-02,5,05:00:00,2025-03-02,05:00,N,17.46,1.0,23333.0,0.41692476765100117
2025-03-02T12:00:00Z,2025-03-02,6,06:00:00,2025-03-02,06:00,N,21.03,1.0,24020.0,0.4028804801916601
2025-03-02T13:00:00Z,2025-03-02,7,07:00:00,2025-03-02,07:00,N,23.82,9.0,24496.0,0.3834466185855099
2025-03-02T14:00:00Z,2025-03-02,8,08:00:00,2025-03-02,08:00,N,22.69,2167.0,24068.0,0.3565063250404983
2025-03-02T15:00:00Z,2025-03-02,9,09:00:00,2025-03-02,09:00,N,12.4,9527.0,22070.0,0.25276754859335754
2025-03-02T16:00:00Z,2025-03-02,10,10:00:00,2025-03-02,10:00,N,4.87,11940.0,21659.0,0.21946772576512363
2025-03-02T17:00:00Z,2025-03-02,11,11:00:00,2025-03-02,11:00,N,4.34,11964.0,22323.0,0.21609589655083755
2025-03-02T18:00:00Z,2025-03-02,12,12:00:00,2025-03-02,12:00,N,4.55,11355.0,22838.0,0.216179274839664
2025-03-02T19:00:00Z,2025-03-02,13,13:00:00,2025-03-02,13:00,N,5.5,11365.0,23190.0,0.2140853015734312
2025-03-02T20:00:00Z,2025-03-02,14,14:00:00,2025-03-02,14:00,N,4.53,12500.0,22929.0,0.21040059064237593
2025-03-02T21:00:00Z,2025-03-02,15,15:00:00,2025-03-02,15:00,N,4.58,13383.0,22772.0,0.21032322112641394
2025-03-02T22:00:00Z,2025-03-02,16,16:00:00,2025-03-02,16:00,N,4.71,13287.0,22929.0,0.21592332430402622
2025-03-02T23:00:00Z,2025-03-02,17,17:00:00,2025-03-02,17:00,N,16.75,11396.0,22937.0,0.2575637910740884
2025-03-03T00:00:00Z,2025-03-02,18,18:00:00,2025-03-02,18:00,N,26.49,5813.0,21619.0,0.41965955849015885
2025-03-03T01:00:00Z,2025-03-02,19,19:00:00,2025-03-02,19:00,N,41.89,565.0,16879.0,0.5771179652162612
2025-03-03T02:00:00Z,2025-03-02,20,20:00:00,2025-03-02,20:00,N,49.97,0.0,15263.0,0.6198113829218852
2025-03-03T03:00:00Z,2025-03-02,21,21:00:00,2025-03-02,21:00,N,40.44,0.0,15771.0,0.6450242080747356
2025-03-03T04:00:00Z,2025-03-02,22,22:00:00,2025-03-02,22:00,N,35.51,0.0,16547.0,0.6477871139778926
2025-03-03T05:00:00Z,2025-03-02,23,23:00:00,2025-03-02,23:00,N,33.81,1.0,16985.0,0.6311017949426803
2025-03-03T06:00:00Z,2025-03-02,24,00:00:00,2025-03-02,24:00,N,28.24,1.0,16975.0,0.619194746970401
2025-03-03T07:00:00Z,2025-03-03,1,01:00:00,2025-03-03,01:00,N,32.1,1.0,17116.0,0.6075456216833182
2025-03-03T08:00:00Z,2025-03-03,2,02:00:00,2025-03-03,02:00,N,30.04,1.0,16080.0,0.6164477610506057
2025-03-03T09:00:00Z,2025-03-03,3,03:00:00,2025-03-03,03:00,N,27.85,1.0,15514.0,0.6232425087148771
2025-03-03T10:00:00Z,2025-03-03,4,04:00:00,2025-03-03,04:00,N,32.27,1.0,16621.0,0.5900521868716597
2025-03-03T11:00:00Z,2025-03-03,5,05:00:00,2025-03-03,05:00,N,36.19,1.0,17354.0,0.5731499340490113
2025-03-03T12:00:00Z,2025-03-03,6,06:00:00,2025-03-03,06:00,N,45.69,1.0,16961.0,0.5998815732258702
2025-03-03T13:00:00Z,2025-03-03,7,07:00:00,2025-03-03,07:00,N,38.3,2.0,18120.0,0.5715259128008172
2025-03-03T14:00:00Z,2025-03-03,8,08:00:00,2025-03-03,08:00,N,41.64,920.0,20286.0,0.5318533627128079
2025-03-03T15:00:00Z,2025-03-03,9,09:00:00,2025-03-03,09:00,N,25.51,5581.0,20854.0,0.44350053513962057
2025-03-03T16:00:00Z,2025-03-03,10,10:00:00,2025-03-03,10:00,N,22.36,9541.0,20766.0,0.39518257454976397
2025-03-03T17:00:00Z,2025-03-03,11,11:00:00,2025-03-03,11:00,N,24.06,10857.0,21624.0,0.367494504561747
2025-03-03T18:00:00Z,2025-03-03,12,12:00:00,2025-03-03,12:00,N,22.94,11130.0,22619.0,0.3521952420789442
2025-03-03T19:00:00Z,2025-03-03,13,13:00:00,2025-03-03,13:00,N,23.48,10833.0,23529.0,0.3463883586394156
2025-03-03T20:00:00Z,2025-03-03,14,14:00:00,2025-03-03,14:00,N,25.35,9865.0,24758.0,0.347895636654767
2025-03-03T21:00:00Z,2025-03-03,15,15:00:00,2025-03-03,15:00,N,25.47,8279.0,25486.0,0.35606377842036063
2025-03-03T22:00:00Z,2025-03-03,16,16:00:00,2025-03-03,16:00,N,28.23,6071.0,25518.0,0.38831656212958143
2025-03-03T23:00:00Z,2025-03-03,17,17:00:00,2025-03-03,17:00,N,31.27,4419.0,26052.0,0.43399577043584103
2025-03-04T00:00:00Z,2025-03-03,18,18:00:00,2025-03-03,18:00,N,41.51,2042.0,26884.0,0.4602403843099325
2025-03-04T01:00:00Z,2025-03-03,19,19:00:00,2025-03-03,19:00,N,43.56,154.0,27430.0,0.4664747801328879
2025-03-04T02:00:00Z,2025-03-03,20,20:00:00,2025-03-03,20:00,N,38.53,1.0,28074.0,0.4585017121699562
2025-03-04T03:00:00Z,2025-03-03,21,21:00:00,2025-03-03,21:00,N,34.58,1.0,28264.0,0.4580925945602277
2025-03-04T04:00:00Z,2025-03-03,22,22:00:00,2025-03-03,22:00,N,27.7,1.0,28132.0,0.45903414053875596
2025-03-04T05:00:00Z,2025-03-03,23,23:00:00,2025-03-03,23:00,N,26.43,1.0,27910.0,0.43515306333684584
2025-03-04T06:00:00Z,2025-03-03,24,00:00:00,2025-03-03,24:00,N,28.7,1.0,26825.0,0.4279379503300033
2025-03-04T07:00:00Z,2025-03-04,1,01:00:00,2025-03-04,01:00,N,33.63,1.0,25859.0,0.4158632036093788
2025-03-04T08:00:00Z,2025-03-04,2,02:00:00,2025-03-04,02:00,N,24.81,1.0,26091.0,0.4023571636960322
2025-03-04T09:00:00Z,2025-03-04,3,03:00:00,2025-03-04,03:00,N,21.08,1.0,26165.0,0.3739888049531264
2025-03-04T10:00:00Z,2025-03-04,4,04:00:00,2025-03-04,04:00,N,18.63,1.0,25856.0,0.3790660056584498
2025-03-04T11:00:00Z,2025-03-04,5,05:00:00,2025-03-04,05:00,N,19.11,1.0,24097.0,0.4287120442277403
2025-03-04T12:00:00Z,2025-03-04,6,06:00:00,2025-03-04,06:00,N,25.65,1.0,24834.0,0.43719677494430165
2025-03-04T13:00:00Z,2025-03-04,7,07:00:00,2025-03-04,07:00,N,32.11,1.0,26316.0,0.41944917531692166
2025-03-04T14:00:00Z,2025-03-04,8,08:00:00,2025-03-04,08:00,N,31.49,587.0,25207.0,0.43838677887200866
2025-03-04T15:00:00Z,2025-03-04,9,09:00:00,2025-03-04,09:00,N,31.77,4341.0,24308.0,0.3992252149183187
2025-03-04T16:00:00Z,2025-03-04,10,10:00:00,2025-03-04,10:00,N,32.71,8229.0,23853.0,0.30602494367095134
2025-03-04T17:00:00Z,2025-03-04,11,11:00:00,2025-03-04,11:00,N,29.77,11391.0,23116.0,0.24082917516617236
2025-03-04T18:00:00Z,2025-03-04,12,12:00:00,2025-03-04,12:00,N,27.2,13004.0,21940.0,0.21890410390111548
2025-03-04T19:00:00Z,2025-03-04,13,13:00:00,2025-03-04,13:00,N,21.53,13132.0,21579.0,0.21712861656834856
2025-03-04T20:00:00Z,2025-03-04,14,14:00:00,2025-03-04,14:00,N,21.49,13004.0,21360.0,0.2218935085846303
2025-03-04T21:00:00Z,2025-03-04,15,15:00:00,2025-03-04,15:00,N,22.61,13682.0,21321.0,0.21059393022361364
2025-03-04T22:00:00Z,2025-03-04,16,16:00:00,2025-03-04,16:00,N,23.27,12132.0,21600.0,0.24503840069760494
2025-03-04T23:00:00Z,2025-03-04,17,17:00:00,2025-03-04,17:00,N,25.61,11117.0,21952.0,0.2897351699045701
2025-03-05T00:00:00Z,2025-03-04,18,18:00:00,2025-03-04,18:00,N,30.73,5396.0,23584.0,0.35959361973390447
2025-03-05T01:00:00Z,2025-03-04,19,19:00:00,2025-03-04,19:00,N,50.32,393.0,24818.0,0.459759260949154
2025-03-05T02:00:00Z,2025-03-04,20,20:00:00,2025-03-04,20:00,N,39.99,1.0,23186.0,0.4947935804734288
2025-03-05T03:00:00Z,2025-03-04,21,21:00:00,2025-03-04,21:00,N,36.83,1.0,21746.0,0.5277380106530731
2025-03-05T04:00:00Z,2025-03-04,22,22:00:00,2025-03-04,22:00,N,33.97,1.0,20307.0,0.55327264743384
2025-03-05T05:00:00Z,2025-03-04,23,23:00:00,2025-03-04,23:00,N,29.12,1.0,19347.0,0.5667663015065298
2025-03-05T06:00:00Z,2025-03-04,24,00:00:00,2025-03-04,24:00,N,25.78,1.0,18856.0,0.5721577291610899
2025-03-05T07:00:00Z,2025-03-05,1,01:00:00,2025-03-05,01:00,N,30.11,1.0,18646.0,0.5752910512877193
2025-03-05T08:00:00Z,2025-03-05,2,02:00:00,2025-03-05,02:00,N,29.72,1.0,18762.0,0.5756670283978305
2025-03-05T09:00:00Z,2025-03-05,3,03:00:00,2025-03-05,03:00,N,29.48,1.0,19144.0,0.5573682258957504
2025-03-05T10:00:00Z,2025-03-05,4,04:00:00,2025-03-05,04:00,N,28.75,1.0,18457.0,0.5557584656476066
2025-03-05T11:00:00Z,2025-03-05,5,05:00:00,2025-03-05,05:00,N,30.29,1.0,17675.0,0.5731280383795836
2025-03-05T12:00:00Z,2025-03-05,6,06:00:00,2025-03-05,06:00,N,33.52,1.0,16660.0,0.5988588167806909
2025-03-05T13:00:00Z,2025-03-05,7,07:00:00,2025-03-05,07:00,N,56.39,18.0,14402.0,0.6235554567902127
2025-03-05T14:00:00Z,2025-03-05,8,08:00:00,2025-03-05,08:00,N,43.66,4545.0,13702.0,0.5835213248740931
2025-03-05T15:00:00Z,2025-03-05,9,09:00:00,2025-03-05,09:00,N,25.26,18533.0,10747.0,0.3895734936603422
2025-03-05T16:00:00Z,2025-03-05,10,10:00:00,2025-03-05,10:00,N,23.39,21073.0,11592.0,0.30272033016519473
2025-03-05T17:00:00Z,2025-03-05,11,11:00:00,2025-03-05,11:00,N,23.11,21419.0,9925.0,0.2998953189603537
2025-03-05T18:00:00Z,2025-03-05,12,12:00:00,2025-03-05,12:00,N,23.41,22908.0,7487.0,0.3042587269999557
2025-03-05T19:00:00Z,2025-03-05,13,13:00:00,2025-03-05,13:00,N,25.89,23915.0,5574.0,0.31240390552266184
2025-03-05T20:00:00Z,2025-03-05,14,14:00:00,2025-03-05,14:00,N,26.44,24132.0,4716.0,0.3320663101832544
2025-03-05T21:00:00Z,2025-03-05,15,15:00:00,2025-03-05,15:00,N,27.36,24152.0,4075.0,0.34190177181839637
2025-03-05T22:00:00Z,2025-03-05,16,16:00:00,2025-03-05,16:00,N,27.53,23989.0,3769.0,0.3547990147391653
2025-03-05T23:00:00Z,2025-03-05,17,17:00:00,2025-03-05,17:00,N,29.51,22321.0,3581.0,0.4011604161012942
2025-03-06T00:00:00Z,2025-03-05,18,18:00:00,2025-03-05,18:00,N,50.56,11281.0,4200.0,0.6103221324356765
2025-03-06T01:00:00Z,2025-03-05,19,19:00:00,2025-03-05,19:00,N,80.4,811.0,4882.0,0.7734177948869194
2025-03-06T02:00:00Z,2025-03-05,20,20:00:00,2025-03-05,20:00,N,60.51,0.0,7740.0,0.7723232163630764
2025-03-06T03:00:00Z,2025-03-05,21,21:00:00,2025-03-05,21:00,N,51.63,0.0,11982.0,0.7232784031631581
2025-03-06T04:00:00Z,2025-03-05,22,22:00:00,2025-03-05,22:00,N,31.82,0.0,15884.0,0.6579115570455378
2025-03-06T05:00:00Z,2025-03-05,23,23:00:00,2025-03-05,23:00,N,29.82,0.0,18277.0,0.6017488828509606
2025-03-06T06:00:00Z,2025-03-05,24,00:00:00,2025-03-05,24:00,N,28.5,1.0,20388.0,0.547847874312905
2025-03-06T07:00:00Z,2025-03-06,1,01:00:00,2025-03-06,01:00,N,26.64,1.0,22751.0,0.49147744628305623
2025-03-06T08:00:00Z,2025-03-06,2,02:00:00,2025-03-06,02:00,N,24.3,1.0,23927.0,0.4702717283344569
2025-03-06T09:00:00Z,2025-03-06,3,03:00:00,2025-03-06,03:00,N,21.79,1.0,24222.0,0.4663934283409245
2025-03-06T10:00:00Z,2025-03-06,4,04:00:00,2025-03-06,04:00,N,25.28,1.0,23835.0,0.4687831575133513
2025-03-06T11:00:00Z,2025-03-06,5,05:00:00,2025-03-06,05:00,N,27.35,1.0,24081.0,0.46506336212578575
2025-03-06T12:00:00Z,2025-03-06,6,06:00:00,2025-03-06,06:00,N,38.37,1.0,24450.0,0.48015254054457585
2025-03-06T13:00:00Z,2025-03-06,7,07:00:00,2025-03-06,07:00,N,48.86,34.0,24229.0,0.48358991780014293
2025-03-06T14:00:00Z,2025-03-06,8,08:00:00,2025-03-06,08:00,N,43.54,3583.0,24833.0,0.4423142907048907
2025-03-06T15:00:00Z,2025-03-06,9,09:00:00,2025-03-06,09:00,N,32.49,9912.0,25182.0,0.2960911625046758
2025-03-06T16:00:00Z,2025-03-06,10,10:00:00,2025-03-06,10:00,N,25.62,11756.0,25397.0,0.23941903252785204
2025-03-06T17:00:00Z,2025-03-06,11,11:00:00,2025-03-06,11:00,N,19.07,12458.0,24497.0,0.21975679230098946
2025-03-06T18:00:00Z,2025-03-06,12,12:00:00,2025-03-06,12:00,N,18.76,11930.0,24621.0,0.21067849797032132
2025-03-06T19:00:00Z,2025-03-06,13,13:00:00,2025-03-06,13:00,N,18.07,11432.0,24674.0,0.20577026941241866
2025-03-06T20:00:00Z,2025-03-06,14,14:00:00,2025-03-06,14:00,N,18.23,10625.0,24821.0,0.20270023829117126
2025-03-06T21:00:00Z,2025-03-06,15,15:00:00,2025-03-06,15:00,N,18.58,10319.0,24960.0,0.20242106451817654
2025-03-06T22:00:00Z,2025-03-06,16,16:00:00,2025-03-06,16:00,N,22.03,9968.0,25334.0,0.2021312056144188
2025-03-06T23:00:00Z,2025-03-06,17,17:00:00,2025-03-06,17:00,N,22.31,9237.0,26201.0,0.21418713676779294
2025-03-07T00:00:00Z,2025-03-06,18,18:00:00,2025-03-06,18:00,N,25.66,4953.0,26950.0,0.3164260330606863
2025-03-07T01:00:00Z,2025-03-06,19,19:00:00,2025-03-06,19:00,N,45.79,356.0,27539.0,0.43682222746928273
2025-03-07T02:00:00Z,2025-03-06,20,20:00:00,2025-03-06,20:00,N,42.92,1.0,27804.0,0.4403185334811538
2025-03-07T03:00:00Z,2025-03-06,21,21:00:00,2025-03-06,21:00,N,40.73,1.0,27834.0,0.43604606367500887
2025-03-07T04:00:00Z,2025-03-06,22,22:00:00,2025-03-06,22:00,N,31.3,1.0,27838.0,0.44322053709366
2025-03-07T05:00:00Z,2025-03-06,23,23:00:00,2025-03-06,23:00,N,30.08,0.0,27903.0,0.42430483033820815
2025-03-07T06:00:00Z,2025-03-06,24,00:00:00,2025-03-06,24:00,N,28.38,0.0,27747.0,0.40290092044375075
2025-03-07T07:00:00Z,2025-03-07,1,01:00:00,2025-03-07,01:00,N,24.08,1.0,27353.0,0.39647437500140614
2025-03-07T08:00:00Z,2025-03-07,2,02:00:00,2025-03-07,02:00,N,22.62,1.0,26866.0,0.4043691442395334
2025-03-07T09:00:00Z,2025-03-07,3,03:00:00,2025-03-07,03:00,N,26.9,1.0,25087.0,0.43411820027295717
2025-03-07T10:00:00Z,2025-03-07,4,04:00:00,2025-03-07,04:00,N,26.66,1.0,22932.0,0.4768952655456891
2025-03-07T11:00:00Z,2025-03-07,5,05:00:00,2025-03-07,05:00,N,29.58,1.0,20789.0,0.5244819089211653
2025-03-07T12:00:00Z,2025-03-07,6,06:00:00,2025-03-07,06:00,N,40.53,1.0,18713.0,0.5724443281981515
2025-03-07T13:00:00Z,2025-03-07,7,07:00:00,2025-03-07,07:00,N,46.09,9.0,17332.0,0.5890235293847969
2025-03-07T14:00:00Z,2025-03-07,8,08:00:00,2025-03-07,08:00,N,49.72,1717.0,16625.0,0.60543120844971
2025-03-07T15:00:00Z,2025-03-07,9,09:00:00,2025-03-07,09:00,N,27.57,8169.0,14237.0,0.5574285952468475
2025-03-07T16:00:00Z,2025-03-07,10,10:00:00,2025-03-07,10:00,N,24.53,13526.0,12259.0,0.5080596517642292
2025-03-07T17:00:00Z,2025-03-07,11,11:00:00,2025-03-07,11:00,N,25.64,16212.0,13021.0,0.4371001076796843
2025-03-07T18:00:00Z,2025-03-07,12,12:00:00,2025-03-07,12:00,N,26.51,17701.0,11434.0,0.44703702107977056
2025-03-07T19:00:00Z,2025-03-07,13,13:00:00,2025-03-07,13:00,N,28.4,19174.0,9003.0,0.4848964350036789
2025-03-07T20:00:00Z,2025-03-07,14,14:00:00,2025-03-07,14:00,N,33.75,19842.0,7543.0,0.4967979283850153
2025-03-07T21:00:00Z,2025-03-07,15,15:00:00,2025-03-07,15:00,N,41.79,20401.0,6358.0,0.5176212478002187
2025-03-07T22:00:00Z,2025-03-07,16,16:00:00,2025-03-07,16:00,N,41.03,20369.0,4956.0,0.5492532328248925
2025-03-07T23:00:00Z,2025-03-07,17,17:00:00,2025-03-07,17:00,N,40.61,17683.0,4614.0,0.6053201381669314
2025-03-08T00:00:00Z,2025-03-07,18,18:00:00,2025-03-07,18:00,N,65.72,9048.0,6068.0,0.7183188474865869
2025-03-08T01:00:00Z,2025-03-07,19,19:00:00,2025-03-07,19:00,N,131.28,760.0,7369.0,0.8095383210885497
2025-03-08T02:00:00Z,2025-03-07,20,20:00:00,2025-03-07,20:00,N,101.4,0.0,9035.0,0.8059048556017097
2025-03-08T03:00:00Z,2025-03-07,21,21:00:00,2025-03-07,21:00,N,59.48,0.0,13297.0,0.7505152259675718
2025-03-08T04:00:00Z,2025-03-07,22,22:00:00,2025-03-07,22:00,N,47.85,0.0,16435.0,0.6962424833335811
2025-03-08T05:00:00Z,2025-03-07,23,23:00:00,2025-03-07,23:00,N,44.71,0.0,18243.0,0.6580722446782966
2025-03-08T06:00:00Z,2025-03-07,24,00:00:00,2025-03-07,24:00,N,39.42,0.0,20887.0,0.5737837269208155
2025-03-08T07:00:00Z,2025-03-08,1,01:00:00,2025-03-08,01:00,N,31.69,0.0,22648.0,0.5062835968853593
2025-03-08T08:00:00Z,2025-03-08,2,02:00:00,2025-03-08,02:00,N,27.26,0.0,22676.0,0.49259735908562
2025-03-08T09:00:00Z,2025-03-08,3,03:00:00,2025-03-08,03:00,N,26.61,1.0,22412.0,0.45787297634201923
2025-03-08T10:00:00Z,2025-03-08,4,04:00:00,2025-03-08,04:00,N,27.58,1.0,21725.0,0.45771193938292526
2025-03-08T11:00:00Z,2025-03-08,5,05:00:00,2025-03-08,05:00,N,29.97,1.0,21038.0,0.4881104724154651
2025-03-08T12:00:00Z,2025-03-08,6,06:00:00,2025-03-08,06:00,N,32.24,1.0,21134.0,0.5052076774499111
2025-03-08T13:00:00Z,2025-03-08,7,07:00:00,2025-03-08,07:00,N,34.39,3.0,21162.0,0.5415933825944221
2025-03-08T14:00:00Z,2025-03-08,8,08:00:00,2025-03-08,08:00,N,36.65,913.0,20502.0,0.5542399229395198
2025-03-08T15:00:00Z,2025-03-08,9,09:00:00,2025-03-08,09:00,N,32.06,5136.0,19837.0,0.4958848962354996
2025-03-08T16:00:00Z,2025-03-08,10,10:00:00,2025-03-08,10:00,N,31.41,8827.0,17945.0,0.4665808896799204
2025-03-08T17:00:00Z,2025-03-08,11,11:00:00,2025-03-08,11:00,N,32.0,11515.0,16380.0,0.46489929536801894
2025-03-08T18:00:00Z,2025-03-08,12,12:00:00,2025-03-08,12:00,N,36.61,12848.0,15368.0,0.47423773313852075
2025-03-08T19:00:00Z,2025-03-08,13,13:00:00,2025-03-08,13:00,N,37.6,12727.0,14628.0,0.5236689603145204
2025-03-08T20:00:00Z,2025-03-08,14,14:00:00,2025-03-08,14:00,N,39.14,12408.0,14746.0,0.5390367750720026
2025-03-08T21:00:00Z,2025-03-08,15,15:00:00,2025-03-08,15:00,N,41.8,11712.0,13926.0,0.55961551444921
2025-03-08T22:00:00Z,2025-03-08,16,16:00:00,2025-03-08,16:00,N,43.42,10832.0,14525.0,0.5791781452538688
2025-03-08T23:00:00Z,2025-03-08,17,17:00:00,2025-03-08,17:00,N,42.56,9188.0,16408.0,0.5775732673509435
2025-03-09T00:00:00Z,2025-03-08,18,18:00:00,2025-03-08,18:00,N,48.7,4879.0,19084.0,0.5968564910663131
2025-03-09T01:00:00Z,2025-03-08,19,19:00:00,2025-03-08,19:00,N,48.11,565.0,19620.0,0.6387055997873409
2025-03-09T02:00:00Z,2025-03-08,20,20:00:00,2025-03-08,20:00,N,45.0,0.0,20027.0,0.6493196656535304
2025-03-09T03:00:00Z,2025-03-08,21,21:00:00,2025-03-08,21:00,N,40.69,0.0,19619.0,0.6498775729386865
2025-03-09T04:00:00Z,2025-03-08,22,22:00:00,2025-03-08,22:00,N,36.75,0.0,19012.0,0.6618948643620327
2025-03-09T05:00:00Z,2025-03-08,23,23:00:00,2025-03-08,23:00,N,36.24,0.0,18741.0,0.653865924398718
2025-03-09T06:00:00Z,2025-03-08,24,00:00:00,2025-03-08,24:00,N,34.13,0.0,17875.0,0.651222984572288
2025-03-09T07:00:00Z,2025-03-09,1,01:00:00,2025-03-09,01:00,N,27.84,1.0,16794.0,0.675556388330293
2025-03-09T08:00:00Z,2025-03-09,2,03:00:00,2025-03-09,02:00,N,26.92,1.0,15673.0,0.701917225161789
2025-03-09T09:00:00Z,2025-03-09,3,04:00:00,2025-03-09,04:00,N,25.5,0.0,16102.0,0.6909122294143264
2025-03-09T10:00:00Z,2025-03-09,4,05:00:00,2025-03-09,05:00,N,25.7,0.0,16530.0,0.6815658444015853
2025-03-09T11:00:00Z,2025-03-09,5,06:00:00,2025-03-09,06:00,N,26.81,0.0,16003.0,0.6863523090347279
2025-03-09T12:00:00Z,2025-03-09,6,07:00:00,2025-03-09,07:00,N,29.63,0.0,14761.0,0.7196464405453248
2025-03-09T13:00:00Z,2025-03-09,7,08:00:00,2025-03-09,08:00,N,35.43,5.0,13481.0,0.7337461394058891
2025-03-09T14:00:00Z,2025-03-09,8,09:00:00,2025-03-09,09:00,N,37.93,1676.0,13475.0,0.7120558178512171
2025-03-09T15:00:00Z,2025-03-09,9,10:00:00,2025-03-09,10:00,N,27.38,8892.0,12841.0,0.6019228227760518
2025-03-09T16:00:00Z,2025-03-09,10,11:00:00,2025-03-09,11:00,N,24.47,12601.0,12247.0,0.5528637173815812
2025-03-09T17:00:00Z,2025-03-09,11,12:00:00,2025-03-09,12:00,N,22.96,14848.0,12430.0,0.5048710089394566
2025-03-09T18:00:00Z,2025-03-09,12,13:00:00,2025-03-09,13:00,N,20.82,16661.0,12457.0,0.458558399831679
2025-03-09T19:00:00Z,2025-03-09,13,14:00:00,2025-03-09,14:00,N,18.02,18395.0,12304.0,0.41248206006063287
2025-03-09T20:00:00Z,2025-03-09,14,15:00:00,2025-03-09,15:00,N,17.16,17911.0,12359.0,0.4060482229381216
2025-03-09T21:00:00Z,2025-03-09,15,16:00:00,2025-03-09,16:00,N,20.15,17036.0,12256.0,0.40725153629182964
2025-03-09T22:00:00Z,2025-03-09,16,17:00:00,2025-03-09,17:00,N,22.63,15685.0,11679.0,0.4153308453886616
2025-03-09T23:00:00Z,2025-03-09,17,18:00:00,2025-03-09,18:00,N,24.63,14195.0,10590.0,0.4525552814393246
2025-03-10T00:00:00Z,2025-03-09,18,19:00:00,2025-03-09,19:00,N,33.67,10450.0,9323.0,0.551604762733358
2025-03-10T01:00:00Z,2025-03-09,19,20:00:00,2025-03-09,20:00,N,70.71,1326.0,7156.0,0.8149993869074905
2025-03-10T02:00:00Z,2025-03-09,20,21:00:00,2025-03-09,21:00,N,98.05,8.0,4819.0,0.8991543858985482
2025-03-10T03:00:00Z,2025-03-09,21,22:00:00,2025-03-09,22:00,N,101.12,0.0,4272.0,0.9135474364692259
2025-03-10T04:00:00Z,2025-03-09,22,23:00:00,2025-03-09,23:00,N,73.66,0.0,4248.0,0.9318677176344092
2025-03-10T05:00:00Z,2025-03-09,23,00:00:00,2025-03-09,24:00,N,53.67,0.0,4610.0,0.9426499001833771
2025-03-10T06:00:00Z,2025-03-10,1,01:00:00,2025-03-10,01:00,N,52.71,0.0,4906.0,0.9388674761888395
2025-03-10T07:00:00Z,2025-03-10,2,02:00:00,2025-03-10,02:00,N,43.05,0.0,4815.0,0.9413986367580531
2025-03-10T08:00:00Z,2025-03-10,3,03:00:00,2025-03-10,03:00,N,45.13,1.0,5384.0,0.9332857687713833
2025-03-10T09:00:00Z,2025-03-10,4,04:00:00,2025-03-10,04:00,N,41.12,0.0,6599.0,0.9085497439134044
2025-03-10T10:00:00Z,2025-03-10,5,05:00:00,2025-03-10,05:00,N,45.42,0.0,7728.0,0.8866944352404094
2025-03-10T11:00:00Z,2025-03-10,6,06:00:00,2025-03-10,06:00,N,62.85,0.0,7972.0,0.8773553205552197
2025-03-10T12:00:00Z,2025-03-10,7,07:00:00,2025-03-10,07:00,N,77.33,0.0,7846.0,0.8611396427901152
2025-03-10T13:00:00Z,2025-03-10,8,08:00:00,2025-03-10,08:00,N,85.33,74.0,8046.0,0.8330095880394589
2025-03-10T14:00:00Z,2025-03-10,9,09:00:00,2025-03-10,09:00,N,55.59,6467.0,7973.0,0.7485126250185621
2025-03-10T15:00:00Z,2025-03-10,10,10:00:00,2025-03-10,10:00,N,29.73,21043.0,6687.0,0.5010864474325557
2025-03-10T16:00:00Z,2025-03-10,11,11:00:00,2025-03-10,11:00,N,27.92,24742.0,4191.0,0.45979268618509267
2025-03-10T17:00:00Z,2025-03-10,12,12:00:00,2025-03-10,12:00,N,23.82,24945.0,4544.0,0.4252369818463136
2025-03-10T18:00:00Z,2025-03-10,13,13:00:00,2025-03-10,13:00,N,16.64,24689.0,5570.0,0.38024171108434146
2025-03-10T19:00:00Z,2025-03-10,14,14:00:00,2025-03-10,14:00,N,15.07,24456.0,6687.0,0.3550241400881621
2025-03-10T20:00:00Z,2025-03-10,15,15:00:00,2025-03-10,15:00,N,14.61,24143.0,7886.0,0.3292691945876841
2025-03-10T21:00:00Z,2025-03-10,16,16:00:00,2025-03-10,16:00,N,17.45,23322.0,9016.0,0.31498760563928685
2025-03-10T22:00:00Z,2025-03-10,17,17:00:00,2025-03-10,17:00,N,20.85,22577.0,10003.0,0.3049184109198835
2025-03-10T23:00:00Z,2025-03-10,18,18:00:00,2025-03-10,18:00,N,25.81,21935.0,10651.0,0.30797261460274383
2025-03-11T00:00:00Z,2025-03-10,19,19:00:00,2025-03-10,19:00,N,32.23,13333.0,11359.0,0.45999504634250105
2025-03-11T01:00:00Z,2025-03-10,20,20:00:00,2025-03-10,20:00,N,58.18,1573.0,11935.0,0.6696913982090872
2025-03-11T02:00:00Z,2025-03-10,21,21:00:00,2025-03-10,21:00,N,35.56,0.0,16353.0,0.674822024874268
2025-03-11T03:00:00Z,2025-03-10,22,22:00:00,2025-03-10,22:00,N,29.09,0.0,20518.0,0.6181281520435027
2025-03-11T04:00:00Z,2025-03-10,23,23:00:00,2025-03-10,23:00,N,28.63,7.0,23676.0,0.5509363137689842
2025-03-11T05:00:00Z,2025-03-10,24,00:00:00,2025-03-10,24:00,N,20.85,1.0,25357.0,0.4764067014147353
2025-03-11T06:00:00Z,2025-03-11,1,01:00:00,2025-03-11,01:00,N,19.82,0.0,25873.0,0.43581534836444563
2025-03-11T07:00:00Z,2025-03-11,2,02:00:00,2025-03-11,02:00,N,18.77,0.0,25952.0,0.4223458478673613
2025-03-11T08:00:00Z,2025-03-11,3,03:00:00,2025-03-11,03:00,N,18.8,0.0,25808.0,0.4280732473456109
2025-03-11T09:00:00Z,2025-03-11,4,04:00:00,2025-03-11,04:00,N,18.58,0.0,25894.0,0.42913092486311477
2025-03-11T10:00:00Z,2025-03-11,5,05:00:00,2025-03-11,05:00,N,19.73,1.0,25621.0,0.41044605006899715
2025-03-11T11:00:00Z,2025-03-11,6,06:00:00,2025-03-11,06:00,N,26.14,1.0,25644.0,0.46026764064596054
2025-03-11T12:00:00Z,2025-03-11,7,07:00:00,2025-03-11,07:00,N,35.25,1.0,25576.0,0.49662354660425423
2025-03-11T13:00:00Z,2025-03-11,8,08:00:00,2025-03-11,08:00,N,41.89,86.0,25309.0,0.49396603280439844
2025-03-11T14:00:00Z,2025-03-11,9,09:00:00,2025-03-11,09:00,N,31.9,6239.0,23544.0,0.4419185828005567
2025-03-11T15:00:00Z,2025-03-11,10,10:00:00,2025-03-11,10:00,N,25.1,17151.0,18150.0,0.3037575128090044
2025-03-11T16:00:00Z,2025-03-11,11,11:00:00,2025-03-11,11:00,N,12.7,19982.0,16531.0,0.2503457172100091
2025-03-11T17:00:00Z,2025-03-11,12,12:00:00,2025-03-11,12:00,N,9.76,19254.0,15920.0,0.2489282718460775
2025-03-11T18:00:00Z,2025-03-11,13,13:00:00,2025-03-11,13:00,N,9.82,18969.0,15520.0,0.25215734746402846
2025-03-11T19:00:00Z,2025-03-11,14,14:00:00,2025-03-11,14:00,N,14.1,19441.0,15527.0,0.24839215864313174
2025-03-11T20:00:00Z,2025-03-11,15,15:00:00,2025-03-11,15:00,N,16.2,19699.0,15553.0,0.24729550494490027
2025-03-11T21:00:00Z,2025-03-11,16,16:00:00,2025-03-11,16:00,N,18.19,19820.0,15683.0,0.2484698591239042
2025-03-11T22:00:00Z,2025-03-11,17,17:00:00,2025-03-11,17:00,N,23.43,20023.0,16156.0,0.2571018863861735
2025-03-11T23:00:00Z,2025-03-11,18,18:00:00,2025-03-11,18:00,N,29.86,18109.0,16812.0,0.2916125672218351
2025-03-12T00:00:00Z,2025-03-11,19,19:00:00,2025-03-11,19:00,N,51.0,11985.0,18561.0,0.38073231827906273
2025-03-12T01:00:00Z,2025-03-11,20,20:00:00,2025-03-11,20:00,N,76.55,1406.0,18147.0,0.5594398639097033
2025-03-12T02:00:00Z,2025-03-11,21,21:00:00,2025-03-11,21:00,N,51.05,0.0,19720.0,0.6074147496634614
2025-03-12T03:00:00Z,2025-03-11,22,22:00:00,2025-03-11,22:00,N,43.68,0.0,23237.0,0.5713646886773063
2025-03-12T04:00:00Z,2025-03-11,23,23:00:00,2025-03-11,23:00,N,31.24,1.0,25980.0,0.5160049872611849
2025-03-12T05:00:00Z,2025-03-11,24,00:00:00,2025-03-11,24:00,N,29.73,0.0,26691.0,0.46677005876046973
2025-03-12T06:00:00Z,2025-03-12,1,01:00:00,2025-03-12,01:00,N,23.18,1.0,26174.0,0.42469540909744946
2025-03-12T07:00:00Z,2025-03-12,2,02:00:00,2025-03-12,02:00,N,19.16,1.0,26820.0,0.4043134497905747
2025-03-12T08:00:00Z,2025-03-12,3,03:00:00,2025-03-12,03:00,N,16.63,1.0,26453.0,0.3993346939721703
2025-03-12T09:00:00Z,2025-03-12,4,04:00:00,2025-03-12,04:00,N,16.82,1.0,25825.0,0.40709165271184805
2025-03-12T10:00:00Z,2025-03-12,5,05:00:00,2025-03-12,05:00,N,18.62,1.0,25318.0,0.41402024340534316
2025-03-12T11:00:00Z,2025-03-12,6,06:00:00,2025-03-12,06:00,N,28.89,1.0,24695.0,0.44854013739489634
2025-03-12T12:00:00Z,2025-03-12,7,07:00:00,2025-03-12,07:00,N,37.82,1.0,23898.0,0.5013959361736409
2025-03-12T13:00:00Z,2025-03-12,8,08:00:00,2025-03-12,08:00,N,48.26,49.0,22696.0,0.5162505659536263
2025-03-12T14:00:00Z,2025-03-12,9,09:00:00,2025-03-12,09:00,N,46.9,4186.0,21044.0,0.49078703104623517
2025-03-12T15:00:00Z,2025-03-12,10,10:00:00,2025-03-12,10:00,N,24.44,14548.0,17519.0,0.36139188628412705
2025-03-12T16:00:00Z,2025-03-12,11,11:00:00,2025-03-12,11:00,N,15.78,18308.0,14972.0,0.32081111697189685
2025-03-12T17:00:00Z,2025-03-12,12,12:00:00,2025-03-12,12:00,N,25.28,20633.0,15053.0,0.29368463410056206
2025-03-12T18:00:00Z,2025-03-12,13,13:00:00,2025-03-12,13:00,N,27.0,19596.0,17282.0,0.26520124012402785
2025-03-12T19:00:00Z,2025-03-12,14,14:00:00,2025-03-12,14:00,N,29.46,17740.0,19716.0,0.27302540688226573
2025-03-12T20:00:00Z,2025-03-12,15,15:00:00,2025-03-12,15:00,N,37.2,16180.0,20848.0,0.3135879426863189
2025-03-12T21:00:00Z,2025-03-12,16,16:00:00,2025-03-12,16:00,N,43.45,15859.0,21373.0,0.3159074729638459
2025-03-12T22:00:00Z,2025-03-12,17,17:00:00,2025-03-12,17:00,N,47.13,14760.0,21389.0,0.3295015445862399
2025-03-12T23:00:00Z,2025-03-12,18,18:00:00,2025-03-12,18:00,N,45.23,12011.0,21259.0,0.42367229380801075
2025-03-13T00:00:00Z,2025-03-12,19,19:00:00,2025-03-12,19:00,N,56.8,7648.0,21866.0,0.49646108582850995
2025-03-13T01:00:00Z,2025-03-12,20,20:00:00,2025-03-12,20:00,N,68.91,1267.0,22075.0,0.5786450700556814
2025-03-13T02:00:00Z,2025-03-12,21,21:00:00,2025-03-12,21:00,N,60.28,0.0,21064.0,0.6066349864352872
2025-03-13T03:00:00Z,2025-03-12,22,22:00:00,2025-03-12,22:00,N,43.77,0.0,22504.0,0.6211679541312747
2025-03-13T04:00:00Z,2025-03-12,23,23:00:00,2025-03-12,23:00,N,35.3,0.0,23344.0,0.6024938083709898
2025-03-13T05:00:00Z,2025-03-12,24,00:00:00,2025-03-12,24:00,N,30.08,0.0,22825.0,0.588810566701293
2025-03-13T06:00:00Z,2025-03-13,1,01:00:00,2025-03-13,01:00,N,27.12,0.0,21758.0,0.5917544405894773
2025-03-13T07:00:00Z,2025-03-13,2,02:00:00,2025-03-13,02:00,N,25.99,0.0,20039.0,0.6170089397295531
2025-03-13T08:00:00Z,2025-03-13,3,03:00:00,2025-03-13,03:00,N,25.51,0.0,19194.0,0.6353227900642201
2025-03-13T09:00:00Z,2025-03-13,4,04:00:00,2025-03-13,04:00,N,24.58,0.0,18952.0,0.6225209423820116
2025-03-13T10:00:00Z,2025-03-13,5,05:00:00,2025-03-13,05:00,N,27.75,0.0,16991.0,0.6699158998987123
2025-03-13T11:00:00Z,2025-03-13,6,06:00:00,2025-03-13,06:00,N,30.98,0.0,14501.0,0.729495987437259
2025-03-13T12:00:00Z,2025-03-13,7,07:00:00,2025-03-13,07:00,N,49.67,0.0,13414.0,0.7328162788775712
2025-03-13T13:00:00Z,2025-03-13,8,08:00:00,2025-03-13,08:00,N,52.17,84.0,12713.0,0.7221237264373022
2025-03-13T14:00:00Z,2025-03-13,9,09:00:00,2025-03-13,09:00,N,34.99,5049.0,11197.0,0.6980690838235388
2025-03-13T15:00:00Z,2025-03-13,10,10:00:00,2025-03-13,10:00,N,24.95,15462.0,6391.0,0.6164569187173065
2025-03-13T16:00:00Z,2025-03-13,11,11:00:00,2025-03-13,11:00,N,26.96,21288.0,2831.0,0.5784311299713419
2025-03-13T17:00:00Z,2025-03-13,12,12:00:00,2025-03-13,12:00,N,31.63,22233.0,2701.0,0.5628166268295043
2025-03-13T18:00:00Z,2025-03-13,13,13:00:00,2025-03-13,13:00,N,37.47,21774.0,4191.0,0.5511395504716107
2025-03-13T19:00:00Z,2025-03-13,14,14:00:00,2025-03-13,14:00,N,43.33,21085.0,7613.0,0.5168895817116512
2025-03-13T20:00:00Z,2025-03-13,15,15:00:00,2025-03-13,15:00,N,50.44,19828.0,12025.0,0.47236408345757014
2025-03-13T21:00:00Z,2025-03-13,16,16:00:00,2025-03-13,16:00,N,65.18,17131.0,16040.0,0.4481442586408561
2025-03-13T22:00:00Z,2025-03-13,17,17:00:00,2025-03-13,17:00,N,70.7,15017.0,17948.0,0.4757642009086878
2025-03-13T23:00:00Z,2025-03-13,18,18:00:00,2025-03-13,18:00,N,63.21,11872.0,17509.0,0.5293557540300282
2025-03-14T00:00:00Z,2025-03-13,19,19:00:00,2025-03-13,19:00,N,73.34,6119.0,16589.0,0.6231403431921407
2025-03-14T01:00:00Z,2025-03-13,20,20:00:00,2025-03-13,20:00,N,89.84,618.0,17083.0,0.6828839560650541
2025-03-14T02:00:00Z,2025-03-13,21,21:00:00,2025-03-13,21:00,N,61.56,0.0,18153.0,0.6843578152522313
2025-03-14T03:00:00Z,2025-03-13,22,22:00:00,2025-03-13,22:00,N,43.16,0.0,19470.0,0.6702445839153747
2025-03-14T04:00:00Z,2025-03-13,23,23:00:00,2025-03-13,23:00,N,37.05,0.0,20600.0,0.6501680271916811
2025-03-14T05:00:00Z,2025-03-13,24,00:00:00,2025-03-13,24:00,N,27.87,0.0,23584.0,0.567109716328344
2025-03-14T06:00:00Z,2025-03-14,1,01:00:00,2025-03-14,01:00,N,24.99,0.0,26640.0,0.47315667286361957
2025-03-14T07:00:00Z,2025-03-14,2,02:00:00,2025-03-14,02:00,N,21.13,1.0,27126.0,0.44562280927059883
2025-03-14T08:00:00Z,2025-03-14,3,03:00:00,2025-03-14,03:00,N,16.74,1.0,27206.0,0.42967377319928124
2025-03-14T09:00:00Z,2025-03-14,4,04:00:00,2025-03-14,04:00,N,15.79,1.0,27120.0,0.41583524818971257
2025-03-14T10:00:00Z,2025-03-14,5,05:00:00,2025-03-14,05:00,N,18.08,1.0,27152.0,0.38488255893047285
2025-03-14T11:00:00Z,2025-03-14,6,06:00:00,2025-03-14,06:00,N,24.47,1.0,27393.0,0.38952119221107123
2025-03-14T12:00:00Z,2025-03-14,7,07:00:00,2025-03-14,07:00,N,33.16,1.0,27265.0,0.4409056043291641
2025-03-14T13:00:00Z,2025-03-14,8,08:00:00,2025-03-14,08:00,N,33.7,19.0,26658.0,0.4912974839667084
2025-03-14T14:00:00Z,2025-03-14,9,09:00:00,2025-03-14,09:00,N,30.43,2385.0,25491.0,0.4919958883567357
2025-03-14T15:00:00Z,2025-03-14,10,10:00:00,2025-03-14,10:00,N,25.45,7664.0,23231.0,0.44308670666396144
2025-03-14T16:00:00Z,2025-03-14,11,11:00:00,2025-03-14,11:00,N,25.18,12053.0,20882.0,0.40204880119845116
2025-03-14T17:00:00Z,2025-03-14,12,12:00:00,2025-03-14,12:00,N,29.73,15545.0,18489.0,0.37258580378409695
2025-03-14T18:00:00Z,2025-03-14,13,13:00:00,2025-03-14,13:00,N,38.79,17206.0,16482.0,0.4051921685919208
2025-03-14T19:00:00Z,2025-03-14,14,14:00:00,2025-03-14,14:00,N,44.43,18792.0,14809.0,0.44053322688726865
2025-03-14T20:00:00Z,2025-03-14,15,15:00:00,2025-03-14,15:00,N,56.9,18531.0,15566.0,0.4462274605275433
2025-03-14T21:00:00Z,2025-03-14,16,16:00:00,2025-03-14,16:00,N,66.23,17996.0,16353.0,0.45775658686507403
2025-03-14T22:00:00Z,2025-03-14,17,17:00:00,2025-03-14,17:00,N,73.88,16475.0,18401.0,0.45510456195301385
2025-03-14T23:00:00Z,2025-03-14,18,18:00:00,2025-03-14,18:00,N,79.0,12818.0,20860.0,0.4684502037989156
2025-03-15T00:00:00Z,2025-03-14,19,19:00:00,2025-03-14,19:00,N,72.78,5862.0,22365.0,0.5433980344100509
2025-03-15T01:00:00Z,2025-03-14,20,20:00:00,2025-03-14,20:00,N,70.38,495.0,23136.0,0.6014603901652386
2025-03-15T02:00:00Z,2025-03-14,21,21:00:00,2025-03-14,21:00,N,53.92,0.0,24006.0,0.5893544444668636
2025-03-15T03:00:00Z,2025-03-14,22,22:00:00,2025-03-14,22:00,N,40.39,0.0,23515.0,0.6022656952421191
2025-03-15T04:00:00Z,2025-03-14,23,23:00:00,2025-03-14,23:00,N,37.54,0.0,22673.0,0.6072211103908349
2025-03-15T05:00:00Z,2025-03-14,24,00:00:00,2025-03-14,24:00,N,32.35,0.0,22125.0,0.6118604986492198
2025-03-15T06:00:00Z,2025-03-15,1,01:00:00,2025-03-15,01:00,N,28.81,0.0,21068.0,0.6025412373558533
2025-03-15T07:00:00Z,2025-03-15,2,02:00:00,2025-03-15,02:00,N,28.23,0.0,19491.0,0.6225074319035139
2025-03-15T08:00:00Z,2025-03-15,3,03:00:00,2025-03-15,03:00,N,26.47,0.0,16764.0,0.6845577188638222
2025-03-15T09:00:00Z,2025-03-15,4,04:00:00,2025-03-15,04:00,N,26.05,0.0,16021.0,0.7018174177486742
2025-03-15T10:00:00Z,2025-03-15,5,05:00:00,2025-03-15,05:00,N,25.77,0.0,17047.0,0.6785495476352963
2025-03-15T11:00:00Z,2025-03-15,6,06:00:00,2025-03-15,06:00,N,24.04,0.0,18045.0,0.6561983835449086
2025-03-15T12:00:00Z,2025-03-15,7,07:00:00,2025-03-15,07:00,N,26.06,0.0,17604.0,0.6543099196740956
2025-03-15T13:00:00Z,2025-03-15,8,08:00:00,2025-03-15,08:00,N,25.98,22.0,17956.0,0.6333212039080776
2025-03-15T14:00:00Z,2025-03-15,9,09:00:00,2025-03-15,09:00,N,22.27,3235.0,17504.0,0.5904832196306977
2025-03-15T15:00:00Z,2025-03-15,10,10:00:00,2025-03-15,10:00,N,11.12,12515.0,16397.0,0.42886768363683975
2025-03-15T16:00:00Z,2025-03-15,11,11:00:00,2025-03-15,11:00,N,10.66,14371.0,19282.0,0.3272792970663927
2025-03-15T17:00:00Z,2025-03-15,12,12:00:00,2025-03-15,12:00,N,11.31,14381.0,19711.0,0.30588169508132657
2025-03-15T18:00:00Z,2025-03-15,13,13:00:00,2025-03-15,13:00,N,13.43,13209.0,19773.0,0.31150573691124883
2025-03-15T19:00:00Z,2025-03-15,14,14:00:00,2025-03-15,14:00,N,13.52,12975.0,20024.0,0.30727632909319885
2025-03-15T20:00:00Z,2025-03-15,15,15:00:00,2025-03-15,15:00,N,16.59,13615.0,19950.0,0.30272087980282153
2025-03-15T21:00:00Z,2025-03-15,16,16:00:00,2025-03-15,16:00,N,22.05,13425.0,19850.0,0.308120942959209
2025-03-15T22:00:00Z,2025-03-15,17,17:00:00,2025-03-15,17:00,N,25.86,13206.0,19202.0,0.33028514442192797
2025-03-15T23:00:00Z,2025-03-15,18,18:00:00,2025-03-15,18:00,N,28.72,10664.0,18726.0,0.39009394662016383
2025-03-16T00:00:00Z,2025-03-15,19,19:00:00,2025-03-15,19:00,N,32.76,7326.0,17925.0,0.4766696479389349
2025-03-16T01:00:00Z,2025-03-15,20,20:00:00,2025-03-15,20:00,N,84.8,1123.0,13467.0,0.7091488093354862
2025-03-16T02:00:00Z,2025-03-15,21,21:00:00,2025-03-15,21:00,N,101.43,0.0,10079.0,0.806926590193274
2025-03-16T03:00:00Z,2025-03-15,22,22:00:00,2025-03-15,22:00,N,84.69,0.0,7768.0,0.8481646002416531
2025-03-16T04:00:00Z,2025-03-15,23,23:00:00,2025-03-15,23:00,N,61.76,0.0,5959.0,0.8953992025056824
2025-03-16T05:00:00Z,2025-03-15,24,00:00:00,2025-03-15,24:00,N,66.75,0.0,5412.0,0.9358833339333981
2025-03-16T06:00:00Z,2025-03-16,1,01:00:00,2025-03-16,01:00,N,55.62,0.0,5201.0,0.9444579516999255
2025-03-16T07:00:00Z,2025-03-16,2,02:00:00,2025-03-16,02:00,N,46.72,0.0,5504.0,0.9424120961582668
2025-03-16T08:00:00Z,2025-03-16,3,03:00:00,2025-03-16,03:00,N,41.87,0.0,6615.0,0.919226338822294
2025-03-16T09:00:00Z,2025-03-16,4,04:00:00,2025-03-16,04:00,N,40.65,0.0,8098.0,0.8876525321041729
2025-03-16T10:00:00Z,2025-03-16,5,05:00:00,2025-03-16,05:00,N,40.99,0.0,10226.0,0.8396254901102093
2025-03-16T11:00:00Z,2025-03-16,6,06:00:00,2025-03-16,06:00,N,39.82,0.0,11580.0,0.7817199774310186
2025-03-16T12:00:00Z,2025-03-16,7,07:00:00,2025-03-16,07:00,N,41.14,0.0,12166.0,0.7404873049772512
2025-03-16T13:00:00Z,2025-03-16,8,08:00:00,2025-03-16,08:00,N,41.57,190.0,11576.0,0.7637523540169551
2025-03-16T14:00:00Z,2025-03-16,9,09:00:00,2025-03-16,09:00,N,27.49,8151.0,10092.0,0.6459361048073644
2025-03-16T15:00:00Z,2025-03-16,10,10:00:00,2025-03-16,10:00,N,17.89,22204.0,7235.0,0.3811657257000304
2025-03-16T16:00:00Z,2025-03-16,11,11:00:00,2025-03-16,11:00,N,18.2,22953.0,7541.0,0.33203267014320176
2025-03-16T17:00:00Z,2025-03-16,12,12:00:00,2025-03-16,12:00,N,16.3,22250.0,7258.0,0.3356399274897655
2025-03-16T18:00:00Z,2025-03-16,13,13:00:00,2025-03-16,13:00,N,14.75,22548.0,6435.0,0.34098787250440815
2025-03-16T19:00:00Z,2025-03-16,14,14:00:00,2025-03-16,14:00,N,13.51,21682.0,6850.0,0.34663447907671235
2025-03-16T20:00:00Z,2025-03-16,15,15:00:00,2025-03-16,15:00,N,8.9,21510.0,7572.0,0.34501659611575125
2025-03-16T21:00:00Z,2025-03-16,16,16:00:00,2025-03-16,16:00,N,12.55,21113.0,8036.0,0.3510779462741568
2025-03-16T22:00:00Z,2025-03-16,17,17:00:00,2025-03-16,17:00,N,18.35,21578.0,7436.0,0.3665494860605623
2025-03-16T23:00:00Z,2025-03-16,18,18:00:00,2025-03-16,18:00,N,26.69,21228.0,6522.0,0.40220630753735104
2025-03-17T00:00:00Z,2025-03-16,19,19:00:00,2025-03-16,19:00,N,58.52,14041.0,5167.0,0.5899817278525142
2025-03-17T01:00:00Z,2025-03-16,20,20:00:00,2025-03-16,20:00,N,167.16,1816.0,3963.0,0.8652415245947679
2025-03-17T02:00:00Z,2025-03-16,21,21:00:00,2025-03-16,21:00,N,130.47,1.0,4798.0,0.8992712425628792
2025-03-17T03:00:00Z,2025-03-16,22,22:00:00,2025-03-16,22:00,N,101.93,0.0,7336.0,0.8822397764866526
2025-03-17T04:00:00Z,2025-03-16,23,23:00:00,2025-03-16,23:00,N,43.14,0.0,9742.0,0.8435013402452245
2025-03-17T05:00:00Z,2025-03-16,24,00:00:00,2025-03-16,24:00,N,35.16,0.0,12405.0,0.7837550296575625
2025-03-17T06:00:00Z,2025-03-17,1,01:00:00,2025-03-17,01:00,N,25.87,0.0,16042.0,0.6749085566919139
2025-03-17T07:00:00Z,2025-03-17,2,02:00:00,2025-03-17,02:00,N,22.1,0.0,18604.0,0.5864639457303975
2025-03-17T08:00:00Z,2025-03-17,3,03:00:00,2025-03-17,03:00,N,20.62,1.0,19490.0,0.5507279100064124
2025-03-17T09:00:00Z,2025-03-17,4,04:00:00,2025-03-17,04:00,N,17.55,1.0,20653.0,0.5246617227115267
2025-03-17T10:00:00Z,2025-03-17,5,05:00:00,2025-03-17,05:00,N,18.77,1.0,22188.0,0.48484374964011734
2025-03-17T11:00:00Z,2025-03-17,6,06:00:00,2025-03-17,06:00,N,24.21,1.0,22871.0,0.4884959323449028
2025-03-17T12:00:00Z,2025-03-17,7,07:00:00,2025-03-17,07:00,N,33.41,1.0,23165.0,0.5222852883055237
2025-03-17T13:00:00Z,2025-03-17,8,08:00:00,2025-03-17,08:00,N,37.57,220.0,23078.0,0.5294377673613071
2025-03-17T14:00:00Z,2025-03-17,9,09:00:00,2025-03-17,09:00,N,26.43,7061.0,22269.0,0.42598139018424097
2025-03-17T15:00:00Z,2025-03-17,10,10:00:00,2025-03-17,10:00,N,14.59,16471.0,19558.0,0.27525625920352
2025-03-17T16:00:00Z,2025-03-17,11,11:00:00,2025-03-17,11:00,N,9.24,16882.0,19940.0,0.24321500178381628
2025-03-17T17:00:00Z,2025-03-17,12,12:00:00,2025-03-17,12:00,N,7.89,15045.0,21715.0,0.24158470373150376
2025-03-17T18:00:00Z,2025-03-17,13,13:00:00,2025-03-17,13:00,N,9.06,14241.0,21988.0,0.24595698081655973
2025-03-17T19:00:00Z,2025-03-17,14,14:00:00,2025-03-17,14:00,N,13.77,14299.0,21812.0,0.24676230251826559
2025-03-17T20:00:00Z,2025-03-17,15,15:00:00,2025-03-17,15:00,N,17.4,15000.0,22129.0,0.2432353351302526
2025-03-17T21:00:00Z,2025-03-17,16,16:00:00,2025-03-17,16:00,N,25.36,15615.0,22192.0,0.24307265639828085
2025-03-17T22:00:00Z,2025-03-17,17,17:00:00,2025-03-17,17:00,N,28.71,14857.0,23048.0,0.26835716740751414
2025-03-17T23:00:00Z,2025-03-17,18,18:00:00,2025-03-17,18:00,N,30.39,12197.0,23283.0,0.3511913176247146
2025-03-18T00:00:00Z,2025-03-17,19,19:00:00,2025-03-17,19:00,N,40.13,6454.0,23841.0,0.46865501688211575
2025-03-18T01:00:00Z,2025-03-17,20,20:00:00,2025-03-17,20:00,N,50.31,777.0,24172.0,0.5490207673896617
2025-03-18T02:00:00Z,2025-03-17,21,21:00:00,2025-03-17,21:00,N,49.23,0.0,24611.0,0.5579326311281566
2025-03-18T03:00:00Z,2025-03-17,22,22:00:00,2025-03-17,22:00,N,38.71,0.0,24779.0,0.5618417985199526
2025-03-18T04:00:00Z,2025-03-17,23,23:00:00,2025-03-17,23:00,N,34.88,0.0,24861.0,0.5542436541510593
2025-03-18T05:00:00Z,2025-03-17,24,00:00:00,2025-03-17,24:00,N,26.99,0.0,24674.0,0.5295102376911306
2025-03-18T06:00:00Z,2025-03-18,1,01:00:00,2025-03-18,01:00,N,25.95,0.0,24634.0,0.5089809745868906
2025-03-18T07:00:00Z,2025-03-18,2,02:00:00,2025-03-18,02:00,N,25.14,0.0,24514.0,0.4839348246152399
2025-03-18T08:00:00Z,2025-03-18,3,03:00:00,2025-03-18,03:00,N,21.47,0.0,24545.0,0.45630842008647055
2025-03-18T09:00:00Z,2025-03-18,4,04:00:00,2025-03-18,04:00,N,18.31,0.0,24459.0,0.46344335705957
2025-03-18T10:00:00Z,2025-03-18,5,05:00:00,2025-03-18,05:00,N,20.41,0.0,24393.0,0.4548948894022966
2025-03-18T11:00:00Z,2025-03-18,6,06:00:00,2025-03-18,06:00,N,28.29,0.0,24529.0,0.4807814098587723
2025-03-18T12:00:00Z,2025-03-18,7,07:00:00,2025-03-18,07:00,N,32.72,0.0,24906.0,0.5072223350618453
2025-03-18T13:00:00Z,2025-03-18,8,08:00:00,2025-03-18,08:00,N,31.07,175.0,24723.0,0.513625136624816
2025-03-18T14:00:00Z,2025-03-18,9,09:00:00,2025-03-18,09:00,N,24.55,5387.0,24022.0,0.433559466798846
2025-03-18T15:00:00Z,2025-03-18,10,10:00:00,2025-03-18,10:00,N,13.37,11431.0,23141.0,0.31438356396129735
2025-03-18T16:00:00Z,2025-03-18,11,11:00:00,2025-03-18,11:00,N,10.54,13541.0,22006.0,0.27461611615433884
2025-03-18T17:00:00Z,2025-03-18,12,12:00:00,2025-03-18,12:00,N,12.77,14434.0,22250.0,0.2564468130332487
2025-03-18T18:00:00Z,2025-03-18,13,13:00:00,2025-03-18,13:00,N,13.09,15405.0,22346.0,0.24998677737114264
2025-03-18T19:00:00Z,2025-03-18,14,14:00:00,2025-03-18,14:00,N,16.19,15431.0,22584.0,0.2577472462454003
2025-03-18T20:00:00Z,2025-03-18,15,15:00:00,2025-03-18,15:00,N,20.98,15706.0,22853.0,0.2710459520054557
2025-03-18T21:00:00Z,2025-03-18,16,16:00:00,2025-03-18,16:00,N,27.48,15660.0,23489.0,0.2866940695108655
2025-03-18T22:00:00Z,2025-03-18,17,17:00:00,2025-03-18,17:00,N,32.11,15661.0,23395.0,0.31413715749562254
2025-03-18T23:00:00Z,2025-03-18,18,18:00:00,2025-03-18,18:00,N,33.36,14165.0,23530.0,0.3419545047560612
2025-03-19T00:00:00Z,2025-03-18,19,19:00:00,2025-03-18,19:00,N,41.7,7387.0,23752.0,0.47776120926216536
2025-03-19T01:00:00Z,2025-03-18,20,20:00:00,2025-03-18,20:00,N,59.16,728.0,24389.0,0.5730053706966792
2025-03-19T02:00:00Z,2025-03-18,21,21:00:00,2025-03-18,21:00,N,54.94,0.0,24393.0,0.5885039338335207
2025-03-19T03:00:00Z,2025-03-18,22,22:00:00,2025-03-18,22:00,N,42.59,0.0,24118.0,0.5996652804068937
2025-03-19T04:00:00Z,2025-03-18,23,23:00:00,2025-03-18,23:00,N,37.28,0.0,23580.0,0.5866766133973479
2025-03-19T05:00:00Z,2025-03-18,24,00:00:00,2025-03-18,24:00,N,33.64,0.0,23638.0,0.5565492315818725
2025-03-19T06:00:00Z,2025-03-19,1,01:00:00,2025-03-19,01:00,N,29.94,0.0,23610.0,0.534239555386723
2025-03-19T07:00:00Z,2025-03-19,2,02:00:00,2025-03-19,02:00,N,26.45,0.0,23733.0,0.5186890153818093
2025-03-19T08:00:00Z,2025-03-19,3,03:00:00,2025-03-19,03:00,N,22.4,0.0,23680.0,0.5111384130027259
2025-03-19T09:00:00Z,2025-03-19,4,04:00:00,2025-03-19,04:00,N,21.24,0.0,23779.0,0.5104505920544883
2025-03-19T10:00:00Z,2025-03-19,5,05:00:00,2025-03-19,05:00,N,25.02,0.0,23468.0,0.5214700677018257
2025-03-19T11:00:00Z,2025-03-19,6,06:00:00,2025-03-19,06:00,N,29.62,0.0,21717.0,0.5591657453209048
2025-03-19T12:00:00Z,2025-03-19,7,07:00:00,2025-03-19,07:00,N,39.99,1.0,20917.0,0.5694689814530532
2025-03-19T13:00:00Z,2025-03-19,8,08:00:00,2025-03-19,08:00,N,44.93,82.0,19971.0,0.5906316306487008
2025-03-19T14:00:00Z,2025-03-19,9,09:00:00,2025-03-19,09:00,N,30.03,4412.0,19481.0,0.5565594465424453
2025-03-19T15:00:00Z,2025-03-19,10,10:00:00,2025-03-19,10:00,N,19.51,11483.0,18732.0,0.43295977636413413
2025-03-19T16:00:00Z,2025-03-19,11,11:00:00,2025-03-19,11:00,N,13.88,13640.0,19768.0,0.3694525240768001
2025-03-19T17:00:00Z,2025-03-19,12,12:00:00,2025-03-19,12:00,N,11.77,14893.0,21577.0,0.276199461324727
2025-03-19T18:00:00Z,2025-03-19,13,13:00:00,2025-03-19,13:00,N,11.78,15547.0,22553.0,0.23998929337548308
2025-03-19T19:00:00Z,2025-03-19,14,14:00:00,2025-03-19,14:00,N,15.34,15583.0,22271.0,0.24246345673464642
2025-03-19T20:00:00Z,2025-03-19,15,15:00:00,2025-03-19,15:00,N,19.93,15225.0,21947.0,0.25014790501750195
2025-03-19T21:00:00Z,2025-03-19,16,16:00:00,2025-03-19,16:00,N,21.26,14526.0,22029.0,0.2604975932991725
2025-03-19T22:00:00Z,2025-03-19,17,17:00:00,2025-03-19,17:00,N,22.09,13817.0,22389.0,0.2744004579811569
2025-03-19T23:00:00Z,2025-03-19,18,18:00:00,2025-03-19,18:00,N,23.85,12265.0,22245.0,0.32036858872175394
2025-03-20T00:00:00Z,2025-03-19,19,19:00:00,2025-03-19,19:00,N,26.63,7160.0,22080.0,0.418949389183037
2025-03-20T01:00:00Z,2025-03-19,20,20:00:00,2025-03-19,20:00,N,38.98,1024.0,21494.0,0.5832770965647728
2025-03-20T02:00:00Z,2025-03-19,21,21:00:00,2025-03-19,21:00,N,49.97,1.0,20543.0,0.6256502050919167
2025-03-20T03:00:00Z,2025-03-19,22,22:00:00,2025-03-19,22:00,N,45.31,0.0,18604.0,0.6587148266542678
2025-03-20T04:00:00Z,2025-03-19,23,23:00:00,2025-03-19,23:00,N,39.71,0.0,17013.0,0.6851612637947279
2025-03-20T05:00:00Z,2025-03-19,24,00:00:00,2025-03-19,24:00,N,36.43,0.0,16175.0,0.6784788776808768
2025-03-20T06:00:00Z,2025-03-20,1,01:00:00,2025-03-20,01:00,N,33.06,0.0,14769.0,0.7092009617800156
2025-03-20T07:00:00Z,2025-03-20,2,02:00:00,2025-03-20,02:00,N,33.5,0.0,12840.0,0.7553137156235752
2025-03-20T08:00:00Z,2025-03-20,3,03:00:00,2025-03-20,03:00,N,36.51,0.0,11599.0,0.7799325536607415
2025-03-20T09:00:00Z,2025-03-20,4,04:00:00,2025-03-20,04:00,N,39.14,0.0,10024.0,0.8239348846837554
2025-03-20T10:00:00Z,2025-03-20,5,05:00:00,2025-03-20,05:00,N,42.74,0.0,8784.0,0.8594648175681738
2025-03-20T11:00:00Z,2025-03-20,6,06:00:00,2025-03-20,06:00,N,58.08,0.0,8381.0,0.8736801635480805
2025-03-20T12:00:00Z,2025-03-20,7,07:00:00,2025-03-20,07:00,N,83.78,0.0,7985.0,0.8420869536430966
2025-03-20T13:00:00Z,2025-03-20,8,08:00:00,2025-03-20,08:00,N,94.1,333.0,7317.0,0.8180551048198496
2025-03-20T14:00:00Z,2025-03-20,9,09:00:00,2025-03-20,09:00,N,48.52,9720.0,5595.0,0.7078177692041762
2025-03-20T15:00:00Z,2025-03-20,10,10:00:00,2025-03-20,10:00,N,23.26,23400.0,4237.0,0.46289855959725196
2025-03-20T16:00:00Z,2025-03-20,11,11:00:00,2025-03-20,11:00,N,24.87,25794.0,5338.0,0.37020314102213236
2025-03-20T17:00:00Z,2025-03-20,12,12:00:00,2025-03-20,12:00,N,23.64,26153.0,5271.0,0.34980377482323843
2025-03-20T18:00:00Z,2025-03-20,13,13:00:00,2025-03-20,13:00,N,21.99,26157.0,4949.0,0.3449721479968007
2025-03-20T19:00:00Z,2025-03-20,14,14:00:00,2025-03-20,14:00,N,22.28,25928.0,5026.0,0.3394786107504601
2025-03-20T20:00:00Z,2025-03-20,15,15:00:00,2025-03-20,15:00,N,18.27,25685.0,5276.0,0.3330766134018749
2025-03-20T21:00:00Z,2025-03-20,16,16:00:00,2025-03-20,16:00,N,20.2,24868.0,5539.0,0.3341200909739801
2025-03-20T22:00:00Z,2025-03-20,17,17:00:00,2025-03-20,17:00,N,16.57,24754.0,5645.0,0.32962183034987913
2025-03-20T23:00:00Z,2025-03-20,18,18:00:00,2025-03-20,18:00,N,20.64,22682.0,5796.0,0.37286763955030644
2025-03-21T00:00:00Z,2025-03-20,19,19:00:00,2025-03-20,19:00,N,34.25,15157.0,6912.0,0.5273743880987478
2025-03-21T01:00:00Z,2025-03-20,20,20:00:00,2025-03-20,20:00,N,73.25,2191.0,9137.0,0.7391149918661326
2025-03-21T02:00:00Z,2025-03-20,21,21:00:00,2025-03-20,21:00,N,46.59,1.0,13134.0,0.7550000413556059
2025-03-21T03:00:00Z,2025-03-20,22,22:00:00,2025-03-20,22:00,N,30.4,0.0,18212.0,0.6774903278357352
2025-03-21T04:00:00Z,2025-03-20,23,23:00:00,2025-03-20,23:00,N,27.63,0.0,21785.0,0.5759819248820213
2025-03-21T05:00:00Z,2025-03-20,24,00:00:00,2025-03-20,24:00,N,25.83,0.0,22505.0,0.5357982549073779
2025-03-21T06:00:00Z,2025-03-21,1,01:00:00,2025-03-21,01:00,N,21.58,0.0,23038.0,0.5172616944842929
2025-03-21T07:00:00Z,2025-03-21,2,02:00:00,2025-03-21,02:00,N,20.05,0.0,23090.0,0.5155033137665177
2025-03-21T08:00:00Z,2025-03-21,3,03:00:00,2025-03-21,03:00,N,20.86,0.0,22854.0,0.5118366007047652
2025-03-21T09:00:00Z,2025-03-21,4,04:00:00,2025-03-21,04:00,N,21.83,0.0,22577.0,0.5105232282378092
2025-03-21T10:00:00Z,2025-03-21,5,05:00:00,2025-03-21,05:00,N,24.91,0.0,22589.0,0.52638020837523
2025-03-21T11:00:00Z,2025-03-21,6,06:00:00,2025-03-21,06:00,N,33.9,0.0,22489.0,0.5649761300304869
2025-03-21T12:00:00Z,2025-03-21,7,07:00:00,2025-03-21,07:00,N,45.77,0.0,22801.0,0.5868237198387549
2025-03-21T13:00:00Z,2025-03-21,8,08:00:00,2025-03-21,08:00,N,45.83,351.0,22881.0,0.5786838946041555
2025-03-21T14:00:00Z,2025-03-21,9,09:00:00,2025-03-21,09:00,N,27.89,7658.0,22119.0,0.4755904918206092
2025-03-21T15:00:00Z,2025-03-21,10,10:00:00,2025-03-21,10:00,N,15.16,15886.0,20071.0,0.3085841217821332
2025-03-21T16:00:00Z,2025-03-21,11,11:00:00,2025-03-21,11:00,N,6.64,14867.0,21732.0,0.2690940087563284
2025-03-21T17:00:00Z,2025-03-21,12,12:00:00,2025-03-21,12:00,N,4.89,14051.0,21179.0,0.2639603968393437
2025-03-21T18:00:00Z,2025-03-21,13,13:00:00,2025-03-21,13:00,N,5.02,15682.0,18321.0,0.2669962085150678
2025-03-21T19:00:00Z,2025-03-21,14,14:00:00,2025-03-21,14:00,N,4.52,18736.0,14410.0,0.271740929100978
2025-03-21T20:00:00Z,2025-03-21,15,15:00:00,2025-03-21,15:00,N,10.19,21260.0,12029.0,0.2726824244809018
2025-03-21T21:00:00Z,2025-03-21,16,16:00:00,2025-03-21,16:00,N,16.4,23407.0,10148.0,0.2785112928491254
2025-03-21T22:00:00Z,2025-03-21,17,17:00:00,2025-03-21,17:00,N,16.66,23273.0,9247.0,0.3105366924947911
2025-03-21T23:00:00Z,2025-03-21,18,18:00:00,2025-03-21,18:00,N,21.11,22254.0,8357.0,0.35687146792834507
2025-03-22T00:00:00Z,2025-03-21,19,19:00:00,2025-03-21,19:00,N,37.43,14038.0,8250.0,0.5388456662975438
2025-03-22T01:00:00Z,2025-03-21,20,20:00:00,2025-03-21,20:00,N,80.42,2173.0,8866.0,0.7733952794134432
2025-03-22T02:00:00Z,2025-03-21,21,21:00:00,2025-03-21,21:00,N,63.88,145.0,12236.0,0.8025460299704341
2025-03-22T03:00:00Z,2025-03-21,22,22:00:00,2025-03-21,22:00,N,37.68,145.0,15563.0,0.7627330658604703
2025-03-22T04:00:00Z,2025-03-21,23,23:00:00,2025-03-21,23:00,N,33.56,51.0,18453.0,0.6914651055713262
2025-03-22T05:00:00Z,2025-03-21,24,00:00:00,2025-03-21,24:00,N,26.35,0.0,20467.0,0.6045312557441579
2025-03-22T06:00:00Z,2025-03-22,1,01:00:00,2025-03-22,01:00,N,24.78,0.0,20849.0,0.5636374483152565
2025-03-22T07:00:00Z,2025-03-22,2,02:00:00,2025-03-22,02:00,N,24.75,0.0,20423.0,0.5608522380699708
2025-03-22T08:00:00Z,2025-03-22,3,03:00:00,2025-03-22,03:00,N,26.03,0.0,19137.0,0.5726095321378556
2025-03-22T09:00:00Z,2025-03-22,4,04:00:00,2025-03-22,04:00,N,27.29,0.0,18298.0,0.5923844829453686
2025-03-22T10:00:00Z,2025-03-22,5,05:00:00,2025-03-22,05:00,N,28.47,1.0,16910.0,0.6400212409015538
2025-03-22T11:00:00Z,2025-03-22,6,06:00:00,2025-03-22,06:00,N,28.99,0.0,15518.0,0.7135482858525812
2025-03-22T12:00:00Z,2025-03-22,7,07:00:00,2025-03-22,07:00,N,28.92,0.0,14998.0,0.709565169155419
2025-03-22T13:00:00Z,2025-03-22,8,08:00:00,2025-03-22,08:00,N,27.92,295.0,15881.0,0.6670646517713366
2025-03-22T14:00:00Z,2025-03-22,9,09:00:00,2025-03-22,09:00,N,26.66,8012.0,16431.0,0.499085208589391
2025-03-22T15:00:00Z,2025-03-22,10,10:00:00,2025-03-22,10:00,N,17.62,18725.0,13714.0,0.31912395185153986
2025-03-22T16:00:00Z,2025-03-22,11,11:00:00,2025-03-22,11:00,N,10.9,18064.0,15146.0,0.2955665961634845
2025-03-22T17:00:00Z,2025-03-22,12,12:00:00,2025-03-22,12:00,N,11.59,18623.0,14642.0,0.293407932555863
2025-03-22T18:00:00Z,2025-03-22,13,13:00:00,2025-03-22,13:00,N,11.62,18366.0,15440.0,0.2909900253315783
2025-03-22T19:00:00Z,2025-03-22,14,14:00:00,2025-03-22,14:00,N,12.19,17110.0,17545.0,0.28667583257611656
2025-03-22T20:00:00Z,2025-03-22,15,15:00:00,2025-03-22,15:00,N,16.29,16580.0,18883.0,0.2829861841071113
2025-03-22T21:00:00Z,2025-03-22,16,16:00:00,2025-03-22,16:00,N,20.29,16803.0,19656.0,0.2802330364403937
2025-03-22T22:00:00Z,2025-03-22,17,17:00:00,2025-03-22,17:00,N,23.21,16618.0,20153.0,0.2847998809100038
2025-03-22T23:00:00Z,2025-03-22,18,18:00:00,2025-03-22,18:00,N,26.46,14676.0,21043.0,0.31887913477186836
2025-03-23T00:00:00Z,2025-03-22,19,19:00:00,2025-03-22,19:00,N,36.5,8458.0,21939.0,0.45062256486288527
2025-03-23T01:00:00Z,2025-03-22,20,20:00:00,2025-03-22,20:00,N,45.49,1410.0,22955.0,0.5689211217753161
2025-03-23T02:00:00Z,2025-03-22,21,21:00:00,2025-03-22,21:00,N,41.75,1.0,23912.0,0.5816725145587457
2025-03-23T03:00:00Z,2025-03-22,22,22:00:00,2025-03-22,22:00,N,33.76,0.0,24100.0,0.5905595169332131
2025-03-23T04:00:00Z,2025-03-22,23,23:00:00,2025-03-22,23:00,N,30.72,0.0,24009.0,0.5822937198832713
2025-03-23T05:00:00Z,2025-03-22,24,00:00:00,2025-03-22,24:00,N,27.1,0.0,23768.0,0.5683116314788103
2025-03-23T06:00:00Z,2025-03-23,1,01:00:00,2025-03-23,01:00,N,26.01,0.0,23550.0,0.5590309578860214
2025-03-23T07:00:00Z,2025-03-23,2,02:00:00,2025-03-23,02:00,N,21.91,0.0,23307.0,0.5466602686720013
2025-03-23T08:00:00Z,2025-03-23,3,03:00:00,2025-03-23,03:00,N,19.75,0.0,23055.0,0.5290717139211523
2025-03-23T09:00:00Z,2025-03-23,4,04:00:00,2025-03-23,04:00,N,20.68,0.0,22754.0,0.5249504092206169
2025-03-23T10:00:00Z,2025-03-23,5,05:00:00,2025-03-23,05:00,N,20.91,0.0,22286.0,0.5152472952020604
2025-03-23T11:00:00Z,2025-03-23,6,06:00:00,2025-03-23,06:00,N,23.02,0.0,21297.0,0.540137214324849
2025-03-23T12:00:00Z,2025-03-23,7,07:00:00,2025-03-23,07:00,N,25.03,0.0,20084.0,0.5807865866029267
2025-03-23T13:00:00Z,2025-03-23,8,08:00:00,2025-03-23,08:00,N,26.0,85.0,19437.0,0.5904243091675438
2025-03-23T14:00:00Z,2025-03-23,9,09:00:00,2025-03-23,09:00,N,24.96,2919.0,17928.0,0.5961218601820052
2025-03-23T15:00:00Z,2025-03-23,10,10:00:00,2025-03-23,10:00,N,18.09,8868.0,16968.0,0.5300616512975046
2025-03-23T16:00:00Z,2025-03-23,11,11:00:00,2025-03-23,11:00,N,16.78,12158.0,18430.0,0.4209602833823201
2025-03-23T17:00:00Z,2025-03-23,12,12:00:00,2025-03-23,12:00,N,17.34,13423.0,19096.0,0.3920977479088575
2025-03-23T18:00:00Z,2025-03-23,13,13:00:00,2025-03-23,13:00,N,18.4,13853.0,19128.0,0.4318484706530999
2025-03-23T19:00:00Z,2025-03-23,14,14:00:00,2025-03-23,14:00,N,19.56,14424.0,18608.0,0.4500920286110487
2025-03-23T20:00:00Z,2025-03-23,15,15:00:00,2025-03-23,15:00,N,27.32,15650.0,17471.0,0.45498975740611536
2025-03-23T21:00:00Z,2025-03-23,16,16:00:00,2025-03-23,16:00,N,30.24,16417.0,16463.0,0.4739091667202879
2025-03-23T22:00:00Z,2025-03-23,17,17:00:00,2025-03-23,17:00,N,31.53,16289.0,15354.0,0.502209976918978
2025-03-23T23:00:00Z,2025-03-23,18,18:00:00,2025-03-23,18:00,N,36.83,14042.0,14940.0,0.5324919666085941
2025-03-24T00:00:00Z,2025-03-23,19,19:00:00,2025-03-23,19:00,N,48.31,8183.0,14956.0,0.643032666076242
2025-03-24T01:00:00Z,2025-03-23,20,20:00:00,2025-03-23,20:00,N,51.13,1406.0,14974.0,0.7361328721691281
2025-03-24T02:00:00Z,2025-03-23,21,21:00:00,2025-03-23,21:00,N,49.9,1.0,15089.0,0.7552375747555603
2025-03-24T03:00:00Z,2025-03-23,22,22:00:00,2025-03-23,22:00,N,44.2,0.0,14691.0,0.7815632724216609
2025-03-24T04:00:00Z,2025-03-23,23,23:00:00,2025-03-23,23:00,N,40.17,0.0,13553.0,0.8055635994910041
2025-03-24T05:00:00Z,2025-03-23,24,00:00:00,2025-03-23,24:00,N,34.71,0.0,12551.0,0.8201274187821469
2025-03-24T06:00:00Z,2025-03-24,1,01:00:00,2025-03-24,01:00,N,31.01,0.0,11559.0,0.8402643453020898
2025-03-24T07:00:00Z,2025-03-24,2,02:00:00,2025-03-24,02:00,N,29.2,0.0,10858.0,0.8516174533096299
2025-03-24T08:00:00Z,2025-03-24,3,03:00:00,2025-03-24,03:00,N,28.99,0.0,10552.0,0.85725017050434
2025-03-24T09:00:00Z,2025-03-24,4,04:00:00,2025-03-24,04:00,N,29.97,0.0,9606.0,0.8528159282257022
2025-03-24T10:00:00Z,2025-03-24,5,05:00:00,2025-03-24,05:00,N,33.18,0.0,8835.0,0.8607271471806159
2025-03-24T11:00:00Z,2025-03-24,6,06:00:00,2025-03-24,06:00,N,41.42,0.0,7771.0,0.9063607213251648
2025-03-24T12:00:00Z,2025-03-24,7,07:00:00,2025-03-24,07:00,N,48.37,0.0,6498.0,0.9247068102036284
2025-03-24T13:00:00Z,2025-03-24,8,08:00:00,2025-03-24,08:00,N,55.24,373.0,6089.0,0.9042117487358587
2025-03-24T14:00:00Z,2025-03-24,9,09:00:00,2025-03-24,09:00,N,38.8,9312.0,6118.0,0.7504913648994206
2025-03-24T15:00:00Z,2025-03-24,10,10:00:00,2025-03-24,10:00,N,27.2,21417.0,4959.0,0.5025789633458222
2025-03-24T16:00:00Z,2025-03-24,11,11:00:00,2025-03-24,11:00,N,25.06,22740.0,5249.0,0.450521899680718
2025-03-24T17:00:00Z,2025-03-24,12,12:00:00,2025-03-24,12:00,N,26.1,22104.0,5772.0,0.4360188981513846
2025-03-24T18:00:00Z,2025-03-24,13,13:00:00,2025-03-24,13:00,N,33.46,23316.0,5403.0,0.42283155280821044
2025-03-24T19:00:00Z,2025-03-24,14,14:00:00,2025-03-24,14:00,N,38.59,24013.0,5006.0,0.44282967325927974
2025-03-24T20:00:00Z,2025-03-24,15,15:00:00,2025-03-24,15:00,N,41.85,24289.0,5223.0,0.4719074428536407
2025-03-24T21:00:00Z,2025-03-24,16,16:00:00,2025-03-24,16:00,N,42.5,24601.0,5586.0,0.48860189361463435
2025-03-24T22:00:00Z,2025-03-24,17,17:00:00,2025-03-24,17:00,N,45.5,24257.0,5857.0,0.5143811872962426
2025-03-24T23:00:00Z,2025-03-24,18,18:00:00,2025-03-24,18:00,N,47.63,22158.0,5919.0,0.5654001915129141
2025-03-25T00:00:00Z,2025-03-24,19,19:00:00,2025-03-24,19:00,N,73.58,13608.0,5515.0,0.7091726290986388
2025-03-25T01:00:00Z,2025-03-24,20,20:00:00,2025-03-24,20:00,N,225.62,2001.0,4835.0,0.8621387125532975
2025-03-25T02:00:00Z,2025-03-24,21,21:00:00,2025-03-24,21:00,N,204.07,1.0,5880.0,0.8927740831172963
2025-03-25T03:00:00Z,2025-03-24,22,22:00:00,2025-03-24,22:00,N,101.26,0.0,8466.0,0.8874340104220478
2025-03-25T04:00:00Z,2025-03-24,23,23:00:00,2025-03-24,23:00,N,49.05,0.0,10559.0,0.8706537923455064
2025-03-25T05:00:00Z,2025-03-24,24,00:00:00,2025-03-24,24:00,N,37.49,0.0,12817.0,0.8182043812934389
2025-03-25T06:00:00Z,2025-03-25,1,01:00:00,2025-03-25,01:00,N,30.26,0.0,15569.0,0.7067512022841557
2025-03-25T07:00:00Z,2025-03-25,2,02:00:00,2025-03-25,02:00,N,26.86,0.0,16395.0,0.6691130757158015
2025-03-25T08:00:00Z,2025-03-25,3,03:00:00,2025-03-25,03:00,N,24.61,0.0,16699.0,0.6441503949627195
2025-03-25T09:00:00Z,2025-03-25,4,04:00:00,2025-03-25,04:00,N,23.26,0.0,15886.0,0.6501583216025534
2025-03-25T10:00:00Z,2025-03-25,5,05:00:00,2025-03-25,05:00,N,23.81,0.0,14896.0,0.6748884436495419
2025-03-25T11:00:00Z,2025-03-25,6,06:00:00,2025-03-25,06:00,N,26.63,0.0,13874.0,0.7284348751221117
2025-03-25T12:00:00Z,2025-03-25,7,07:00:00,2025-03-25,07:00,N,29.17,0.0,13183.0,0.7708203747616146
2025-03-25T13:00:00Z,2025-03-25,8,08:00:00,2025-03-25,08:00,N,28.12,355.0,12716.0,0.7883888729190163
2025-03-25T14:00:00Z,2025-03-25,9,09:00:00,2025-03-25,09:00,N,24.19,8332.0,11177.0,0.6606409166886803
2025-03-25T15:00:00Z,2025-03-25,10,10:00:00,2025-03-25,10:00,N,13.62,20762.0,8399.0,0.46765293835740884
2025-03-25T16:00:00Z,2025-03-25,11,11:00:00,2025-03-25,11:00,N,13.69,24017.0,8799.0,0.3946300705357041
2025-03-25T17:00:00Z,2025-03-25,12,12:00:00,2025-03-25,12:00,N,20.29,23469.0,9405.0,0.38948907500004815
2025-03-25T18:00:00Z,2025-03-25,13,13:00:00,2025-03-25,13:00,N,27.53,24104.0,8196.0,0.4287383489423786
2025-03-25T19:00:00Z,2025-03-25,14,14:00:00,2025-03-25,14:00,N,35.62,24571.0,7519.0,0.4843572959617585
2025-03-25T20:00:00Z,2025-03-25,15,15:00:00,2025-03-25,15:00,N,42.53,24509.0,7204.0,0.530244712677161
2025-03-25T21:00:00Z,2025-03-25,16,16:00:00,2025-03-25,16:00,N,54.87,23620.0,7327.0,0.5592752614050713
2025-03-25T22:00:00Z,2025-03-25,17,17:00:00,2025-03-25,17:00,N,53.99,22342.0,7483.0,0.587328128222152
2025-03-25T23:00:00Z,2025-03-25,18,18:00:00,2025-03-25,18:00,N,67.32,18907.0,8201.0,0.6273574574271928
2025-03-26T00:00:00Z,2025-03-25,19,19:00:00,2025-03-25,19:00,N,86.33,8763.0,9893.0,0.7183087411358561
2025-03-26T01:00:00Z,2025-03-25,20,20:00:00,2025-03-25,20:00,N,155.98,1130.0,12066.0,0.7659414815452578
2025-03-26T02:00:00Z,2025-03-25,21,21:00:00,2025-03-25,21:00,N,92.15,0.0,15986.0,0.7584911941925342
2025-03-26T03:00:00Z,2025-03-25,22,22:00:00,2025-03-25,22:00,N,41.1,0.0,20126.0,0.7110521761060768
2025-03-26T04:00:00Z,2025-03-25,23,23:00:00,2025-03-25,23:00,N,32.48,0.0,22507.0,0.6569391475318115
2025-03-26T05:00:00Z,2025-03-25,24,00:00:00,2025-03-25,24:00,N,30.16,0.0,22918.0,0.6157497255545266
2025-03-26T06:00:00Z,2025-03-26,1,01:00:00,2025-03-26,01:00,N,25.6,0.0,22857.0,0.5962983848127814
2025-03-26T07:00:00Z,2025-03-26,2,02:00:00,2025-03-26,02:00,N,26.09,0.0,22076.0,0.5959740617555701
2025-03-26T08:00:00Z,2025-03-26,3,03:00:00,2025-03-26,03:00,N,24.11,0.0,20789.0,0.6123958649471409
2025-03-26T09:00:00Z,2025-03-26,4,04:00:00,2025-03-26,04:00,N,22.88,0.0,19381.0,0.6340976563884354
2025-03-26T10:00:00Z,2025-03-26,5,05:00:00,2025-03-26,05:00,N,21.59,0.0,17842.0,0.6634346638962969
2025-03-26T11:00:00Z,2025-03-26,6,06:00:00,2025-03-26,06:00,N,24.88,0.0,16598.0,0.7236900573943018
2025-03-26T12:00:00Z,2025-03-26,7,07:00:00,2025-03-26,07:00,N,32.72,0.0,15669.0,0.7410144589280073
2025-03-26T13:00:00Z,2025-03-26,8,08:00:00,2025-03-26,08:00,N,41.53,170.0,14572.0,0.7398167747833916
2025-03-26T14:00:00Z,2025-03-26,9,09:00:00,2025-03-26,09:00,N,35.41,3436.0,13396.0,0.7355275598496074
2025-03-26T15:00:00Z,2025-03-26,10,10:00:00,2025-03-26,10:00,N,27.46,8771.0,11977.0,0.6744480336492823
2025-03-26T16:00:00Z,2025-03-26,11,11:00:00,2025-03-26,11:00,N,24.76,11561.0,13368.0,0.5920131530319559
2025-03-26T17:00:00Z,2025-03-26,12,12:00:00,2025-03-26,12:00,N,24.67,14393.0,13910.0,0.5227961354909727
2025-03-26T18:00:00Z,2025-03-26,13,13:00:00,2025-03-26,13:00,N,26.04,16053.0,13920.0,0.4756187858201896
2025-03-26T19:00:00Z,2025-03-26,14,14:00:00,2025-03-26,14:00,N,31.7,15599.0,14887.0,0.47093402958065056
2025-03-26T20:00:00Z,2025-03-26,15,15:00:00,2025-03-26,15:00,N,30.99,14666.0,15456.0,0.4953419138533098
2025-03-26T21:00:00Z,2025-03-26,16,16:00:00,2025-03-26,16:00,N,36.55,13779.0,15282.0,0.5225477428122313
2025-03-26T22:00:00Z,2025-03-26,17,17:00:00,2025-03-26,17:00,N,39.91,12920.0,15489.0,0.5411762275250914
2025-03-26T23:00:00Z,2025-03-26,18,18:00:00,2025-03-26,18:00,N,48.61,9966.0,16862.0,0.5734630472985812
2025-03-27T00:00:00Z,2025-03-26,19,19:00:00,2025-03-26,19:00,N,47.09,5785.0,19229.0,0.5992973662679719
2025-03-27T01:00:00Z,2025-03-26,20,20:00:00,2025-03-26,20:00,N,51.23,974.0,21875.0,0.627537327991315
2025-03-27T02:00:00Z,2025-03-26,21,21:00:00,2025-03-26,21:00,N,42.0,0.0,23630.0,0.616268124745602
2025-03-27T03:00:00Z,2025-03-26,22,22:00:00,2025-03-26,22:00,N,35.4,0.0,25366.0,0.5957246045132223
2025-03-27T04:00:00Z,2025-03-26,23,23:00:00,2025-03-26,23:00,N,25.39,0.0,24634.0,0.5823442025611912
2025-03-27T05:00:00Z,2025-03-26,24,00:00:00,2025-03-26,24:00,N,24.38,0.0,24019.0,0.5490477180030029
2025-03-27T06:00:00Z,2025-03-27,1,01:00:00,2025-03-27,01:00,N,23.61,0.0,23167.0,0.5420162897285467
2025-03-27T07:00:00Z,2025-03-27,2,02:00:00,2025-03-27,02:00,N,21.15,0.0,20606.0,0.5890832815681141
2025-03-27T08:00:00Z,2025-03-27,3,03:00:00,2025-03-27,03:00,N,22.02,0.0,18664.0,0.6189459599061848
2025-03-27T09:00:00Z,2025-03-27,4,04:00:00,2025-03-27,04:00,N,23.01,0.0,16880.0,0.6623376707919537
2025-03-27T10:00:00Z,2025-03-27,5,05:00:00,2025-03-27,05:00,N,25.52,0.0,15718.0,0.7051874061004884
2025-03-27T11:00:00Z,2025-03-27,6,06:00:00,2025-03-27,06:00,N,28.62,0.0,14888.0,0.7461586220566294
2025-03-27T12:00:00Z,2025-03-27,7,07:00:00,2025-03-27,07:00,N,39.09,0.0,14080.0,0.7709955658903275
2025-03-27T13:00:00Z,2025-03-27,8,08:00:00,2025-03-27,08:00,N,43.24,171.0,12808.0,0.7737565117995403
2025-03-27T14:00:00Z,2025-03-27,9,09:00:00,2025-03-27,09:00,N,43.65,4116.0,11307.0,0.7493367254395427
2025-03-27T15:00:00Z,2025-03-27,10,10:00:00,2025-03-27,10:00,N,36.65,9981.0,9374.0,0.691866714943637
2025-03-27T16:00:00Z,2025-03-27,11,11:00:00,2025-03-27,11:00,N,31.15,11598.0,11830.0,0.6088225091576089
2025-03-27T17:00:00Z,2025-03-27,12,12:00:00,2025-03-27,12:00,N,31.77,13446.0,13051.0,0.5179363528574266
2025-03-27T18:00:00Z,2025-03-27,13,13:00:00,2025-03-27,13:00,N,27.15,14516.0,12563.0,0.5124944458142519
2025-03-27T19:00:00Z,2025-03-27,14,14:00:00,2025-03-27,14:00,N,28.24,14632.0,12396.0,0.5436262292245386
2025-03-27T20:00:00Z,2025-03-27,15,15:00:00,2025-03-27,15:00,N,26.23,13437.0,12150.0,0.5854701208465717
2025-03-27T21:00:00Z,2025-03-27,16,16:00:00,2025-03-27,16:00,N,26.94,12627.0,12968.0,0.5888510361563796
2025-03-27T22:00:00Z,2025-03-27,17,17:00:00,2025-03-27,17:00,N,27.56,10771.0,14596.0,0.5700074968049905
2025-03-27T23:00:00Z,2025-03-27,18,18:00:00,2025-03-27,18:00,N,29.46,7742.0,15667.0,0.608782203443305
2025-03-28T00:00:00Z,2025-03-27,19,19:00:00,2025-03-27,19:00,N,37.49,3975.0,16836.0,0.6550626343137796
2025-03-28T01:00:00Z,2025-03-27,20,20:00:00,2025-03-27,20:00,N,48.35,624.0,17080.0,0.7151958946683271
2025-03-28T02:00:00Z,2025-03-27,21,21:00:00,2025-03-27,21:00,N,50.79,0.0,17574.0,0.7082249409763499
2025-03-28T03:00:00Z,2025-03-27,22,22:00:00,2025-03-27,22:00,N,46.47,0.0,17079.0,0.7232588071034048
2025-03-28T04:00:00Z,2025-03-27,23,23:00:00,2025-03-27,23:00,N,36.87,0.0,14875.0,0.7727593789304201
2025-03-28T05:00:00Z,2025-03-27,24,00:00:00,2025-03-27,24:00,N,33.19,0.0,13391.0,0.8002308559613441
2025-03-28T06:00:00Z,2025-03-28,1,01:00:00,2025-03-28,01:00,N,27.5,0.0,12320.0,0.8172078018944385
2025-03-28T07:00:00Z,2025-03-28,2,02:00:00,2025-03-28,02:00,N,26.51,0.0,9975.0,0.8678441805729207
2025-03-28T08:00:00Z,2025-03-28,3,03:00:00,2025-03-28,03:00,N,25.6,0.0,9397.0,0.8834973064991068
2025-03-28T09:00:00Z,2025-03-28,4,04:00:00,2025-03-28,04:00,N,29.99,0.0,9913.0,0.8748821175981394
2025-03-28T10:00:00Z,2025-03-28,5,05:00:00,2025-03-28,05:00,N,33.16,0.0,9992.0,0.8749300058086611
2025-03-28T11:00:00Z,2025-03-28,6,06:00:00,2025-03-28,06:00,N,36.19,0.0,10117.0,0.8708015551485002
2025-03-28T12:00:00Z,2025-03-28,7,07:00:00,2025-03-28,07:00,N,49.07,1.0,9297.0,0.8659967876986403
2025-03-28T13:00:00Z,2025-03-28,8,08:00:00,2025-03-28,08:00,N,52.97,41.0,8134.0,0.8622293311104066
2025-03-28T14:00:00Z,2025-03-28,9,09:00:00,2025-03-28,09:00,N,52.79,2000.0,7469.0,0.8406528699500838
2025-03-28T15:00:00Z,2025-03-28,10,10:00:00,2025-03-28,10:00,N,41.02,6653.0,7602.0,0.7879985299083748
2025-03-28T16:00:00Z,2025-03-28,11,11:00:00,2025-03-28,11:00,N,36.68,10806.0,7043.0,0.7199522580492147
2025-03-28T17:00:00Z,2025-03-28,12,12:00:00,2025-03-28,12:00,N,34.76,14628.0,5462.0,0.6825754444015633
2025-03-28T18:00:00Z,2025-03-28,13,13:00:00,2025-03-28,13:00,N,30.7,15696.0,4115.0,0.6870551176547725
2025-03-28T19:00:00Z,2025-03-28,14,14:00:00,2025-03-28,14:00,N,27.13,15422.0,3447.0,0.7119102936033356
2025-03-28T20:00:00Z,2025-03-28,15,15:00:00,2025-03-28,15:00,N,26.31,14762.0,3975.0,0.7203226157238359
2025-03-28T21:00:00Z,2025-03-28,16,16:00:00,2025-03-28,16:00,N,27.35,14232.0,5073.0,0.7149413504991992
2025-03-28T22:00:00Z,2025-03-28,17,17:00:00,2025-03-28,17:00,N,27.02,14800.0,5985.0,0.6863179209417757
2025-03-28T23:00:00Z,2025-03-28,18,18:00:00,2025-03-28,18:00,N,31.42,13469.0,7138.0,0.6859325146254047
2025-03-29T00:00:00Z,2025-03-28,19,19:00:00,2025-03-28,19:00,N,41.04,10150.0,9337.0,0.6899733911508933
2025-03-29T01:00:00Z,2025-03-28,20,20:00:00,2025-03-28,20:00,N,49.35,1990.0,12017.0,0.7444452667625914
2025-03-29T02:00:00Z,2025-03-28,21,21:00:00,2025-03-28,21:00,N,34.79,1.0,16826.0,0.7223002135401728
2025-03-29T03:00:00Z,2025-03-28,22,22:00:00,2025-03-28,22:00,N,27.46,0.0,20900.0,0.6563128557911038
2025-03-29T04:00:00Z,2025-03-28,23,23:00:00,2025-03-28,23:00,N,27.17,0.0,22318.0,0.6270326414620477
2025-03-29T05:00:00Z,2025-03-28,24,00:00:00,2025-03-28,24:00,N,26.51,0.0,22769.0,0.6001733623924902
2025-03-29T06:00:00Z,2025-03-29,1,01:00:00,2025-03-29,01:00,N,24.84,0.0,22809.0,0.5507453567189363
2025-03-29T07:00:00Z,2025-03-29,2,02:00:00,2025-03-29,02:00,N,26.0,0.0,22707.0,0.5225774456497264
2025-03-29T08:00:00Z,2025-03-29,3,03:00:00,2025-03-29,03:00,N,23.66,0.0,22558.0,0.5061497276127739
2025-03-29T09:00:00Z,2025-03-29,4,04:00:00,2025-03-29,04:00,N,22.56,0.0,22082.0,0.5202517576333526
2025-03-29T10:00:00Z,2025-03-29,5,05:00:00,2025-03-29,05:00,N,21.91,0.0,21653.0,0.5351672498193223
2025-03-29T11:00:00Z,2025-03-29,6,06:00:00,2025-03-29,06:00,N,24.79,0.0,20845.0,0.5557832235883432
2025-03-29T12:00:00Z,2025-03-29,7,07:00:00,2025-03-29,07:00,N,25.63,0.0,20329.0,0.5783202474546537
2025-03-29T13:00:00Z,2025-03-29,8,08:00:00,2025-03-29,08:00,N,27.46,121.0,19599.0,0.600681226575228
2025-03-29T14:00:00Z,2025-03-29,9,09:00:00,2025-03-29,09:00,N,24.58,4141.0,16755.0,0.5945842528724965
2025-03-29T15:00:00Z,2025-03-29,10,10:00:00,2025-03-29,10:00,N,21.36,10722.0,13662.0,0.5689399850641005
2025-03-29T16:00:00Z,2025-03-29,11,11:00:00,2025-03-29,11:00,N,19.63,14859.0,12476.0,0.5335177368573993
2025-03-29T17:00:00Z,2025-03-29,12,12:00:00,2025-03-29,12:00,N,21.45,17543.0,10375.0,0.5269389631370522
2025-03-29T18:00:00Z,2025-03-29,13,13:00:00,2025-03-29,13:00,N,23.98,21320.0,8906.0,0.48246079578981965
2025-03-29T19:00:00Z,2025-03-29,14,14:00:00,2025-03-29,14:00,N,28.63,22398.0,8915.0,0.49583431484256835
2025-03-29T20:00:00Z,2025-03-29,15,15:00:00,2025-03-29,15:00,N,30.06,22903.0,11140.0,0.477152588551939
2025-03-29T21:00:00Z,2025-03-29,16,16:00:00,2025-03-29,16:00,N,37.22,22378.0,13714.0,0.4582890016073128
2025-03-29T22:00:00Z,2025-03-29,17,17:00:00,2025-03-29,17:00,N,36.19,21241.0,16674.0,0.4299520368785547
2025-03-29T23:00:00Z,2025-03-29,18,18:00:00,2025-03-29,18:00,N,35.25,17225.0,19263.0,0.4336584412677896
2025-03-30T00:00:00Z,2025-03-29,19,19:00:00,2025-03-29,19:00,N,35.89,8598.0,20242.0,0.5503911592356776
2025-03-30T01:00:00Z,2025-03-29,20,20:00:00,2025-03-29,20:00,N,45.0,1449.0,21392.0,0.6336764894463214
2025-03-30T02:00:00Z,2025-03-29,21,21:00:00,2025-03-29,21:00,N,41.89,2.0,20522.0,0.6625135476688826
2025-03-30T03:00:00Z,2025-03-29,22,22:00:00,2025-03-29,22:00,N,42.49,0.0,18386.0,0.7053196115289453
2025-03-30T04:00:00Z,2025-03-29,23,23:00:00,2025-03-29,23:00,N,39.28,0.0,15817.0,0.7561196768390372
2025-03-30T05:00:00Z,2025-03-29,24,00:00:00,2025-03-29,24:00,N,34.61,0.0,14153.0,0.793053766565647
2025-03-30T06:00:00Z,2025-03-30,1,01:00:00,2025-03-30,01:00,N,35.2,0.0,12705.0,0.8085779157934252
2025-03-30T07:00:00Z,2025-03-30,2,02:00:00,2025-03-30,02:00,N,32.66,0.0,13012.0,0.7976225400891649
2025-03-30T08:00:00Z,2025-03-30,3,03:00:00,2025-03-30,03:00,N,29.17,0.0,14616.0,0.7588146644728928
2025-03-30T09:00:00Z,2025-03-30,4,04:00:00,2025-03-30,04:00,N,25.22,0.0,15697.0,0.7394901496332303
2025-03-30T10:00:00Z,2025-03-30,5,05:00:00,2025-03-30,05:00,N,23.2,0.0,16283.0,0.7288171956674082
2025-03-30T11:00:00Z,2025-03-30,6,06:00:00,2025-03-30,06:00,N,24.08,0.0,16432.0,0.7211160105120327
2025-03-30T12:00:00Z,2025-03-30,7,07:00:00,2025-03-30,07:00,N,24.38,0.0,16629.0,0.7202591837888813
2025-03-30T13:00:00Z,2025-03-30,8,08:00:00,2025-03-30,08:00,N,24.04,128.0,16725.0,0.7189739170398397
2025-03-30T14:00:00Z,2025-03-30,9,09:00:00,2025-03-30,09:00,N,22.42,4209.0,16365.0,0.655469916518325
2025-03-30T15:00:00Z,2025-03-30,10,10:00:00,2025-03-30,10:00,N,21.04,11194.0,15098.0,0.543021935810832
2025-03-30T16:00:00Z,2025-03-30,11,11:00:00,2025-03-30,11:00,N,21.74,14221.0,15322.0,0.49171176554888735
2025-03-30T17:00:00Z,2025-03-30,12,12:00:00,2025-03-30,12:00,N,23.39,17469.0,12860.0,0.47280051834565806
2025-03-30T18:00:00Z,2025-03-30,13,13:00:00,2025-03-30,13:00,N,26.39,19327.0,10202.0,0.4938290400657749
2025-03-30T19:00:00Z,2025-03-30,14,14:00:00,2025-03-30,14:00,N,34.09,19967.0,7859.0,0.5514436045497063
2025-03-30T20:00:00Z,2025-03-30,15,15:00:00,2025-03-30,15:00,N,37.92,20116.0,6186.0,0.6075209562258971
2025-03-30T21:00:00Z,2025-03-30,16,16:00:00,2025-03-30,16:00,N,32.24,20257.0,5091.0,0.6386125222305608
2025-03-30T22:00:00Z,2025-03-30,17,17:00:00,2025-03-30,17:00,N,34.58,19616.0,4554.0,0.6525515970059541
2025-03-30T23:00:00Z,2025-03-30,18,18:00:00,2025-03-30,18:00,N,35.24,16769.0,4256.0,0.6918085785606487
2025-03-31T00:00:00Z,2025-03-30,19,19:00:00,2025-03-30,19:00,N,58.93,10623.0,4899.0,0.7703784552249346
2025-03-31T01:00:00Z,2025-03-30,20,20:00:00,2025-03-30,20:00,N,120.72,1996.0,6610.0,0.8374127342115879
2025-03-31T02:00:00Z,2025-03-30,21,21:00:00,2025-03-30,21:00,N,89.36,2.0,9264.0,0.8491625847819592
2025-03-31T03:00:00Z,2025-03-30,22,22:00:00,2025-03-30,22:00,N,56.03,0.0,12238.0,0.8288009003633575
2025-03-31T04:00:00Z,2025-03-30,23,23:00:00,2025-03-30,23:00,N,38.63,0.0,13730.0,0.807092200424273
2025-03-31T05:00:00Z,2025-03-30,24,00:00:00,2025-03-30,24:00,N,31.38,0.0,13057.0,0.8159448947743704
2025-03-31T06:00:00Z,2025-03-31,1,01:00:00,2025-03-31,01:00,N,33.63,0.0,11762.0,0.8357678748487026
2025-03-31T07:00:00Z,2025-03-31,2,02:00:00,2025-03-31,02:00,N,33.89,0.0,9704.0,0.8716996340794451
2025-03-31T08:00:00Z,2025-03-31,3,03:00:00,2025-03-31,03:00,N,34.31,0.0,7086.0,0.9189305684269591
2025-03-31T09:00:00Z,2025-03-31,4,04:00:00,2025-03-31,04:00,N,35.07,0.0,5120.0,0.9594938999680998
2025-03-31T10:00:00Z,2025-03-31,5,05:00:00,2025-03-31,05:00,N,38.45,0.0,5753.0,0.9550420083905449
2025-03-31T11:00:00Z,2025-03-31,6,06:00:00,2025-03-31,06:00,N,39.85,0.0,7484.0,0.9197061303858095
2025-03-31T12:00:00Z,2025-03-31,7,07:00:00,2025-03-31,07:00,N,42.81,0.0,7863.0,0.8844128062544787
2025-03-31T13:00:00Z,2025-03-31,8,08:00:00,2025-03-31,08:00,N,45.5,437.0,8242.0,0.8612029092620541
2025-03-31T14:00:00Z,2025-03-31,9,09:00:00,2025-03-31,09:00,N,29.23,6986.0,7101.0,0.7846324059873926
2025-03-31T15:00:00Z,2025-03-31,10,10:00:00,2025-03-31,10:00,N,23.69,17194.0,5173.0,0.6387591413573629
2025-03-31T16:00:00Z,2025-03-31,11,11:00:00,2025-03-31,11:00,N,28.77,21274.0,4591.0,0.5751718573750058
2025-03-31T17:00:00Z,2025-03-31,12,12:00:00,2025-03-31,12:00,N,31.63,22519.0,3715.0,0.5631622138503768
2025-03-31T18:00:00Z,2025-03-31,13,13:00:00,2025-03-31,13:00,N,40.31,24301.0,3462.0,0.5334590195547038
2025-03-31T19:00:00Z,2025-03-31,14,14:00:00,2025-03-31,14:00,N,55.5,24891.0,2946.0,0.5390480581792398
2025-03-31T20:00:00Z,2025-03-31,15,15:00:00,2025-03-31,15:00,N,54.2,24874.0,2809.0,0.554836076976995
2025-03-31T21:00:00Z,2025-03-31,16,16:00:00,2025-03-31,16:00,N,57.92,24940.0,2758.0,0.5630687108535725
2025-03-31T22:00:00Z,2025-03-31,17,17:00:00,2025-03-31,17:00,N,56.14,24243.0,3182.0,0.577535962346823
2025-03-31T23:00:00Z,2025-03-31,18,18:00:00,2025-03-31,18:00,N,39.32,21612.0,4230.0,0.6012406283722925
2025-04-01T00:00:00Z,2025-03-31,19,19:00:00,2025-03-31,19:00,N,56.69,13075.0,5438.0,0.7129778745968429
2025-04-01T01:00:00Z,2025-03-31,20,20:00:00,2025-03-31,20:00,N,112.38,2267.0,7114.0,0.8149763899856689
2025-04-01T02:00:00Z,2025-03-31,21,21:00:00,2025-03-31,21:00,N,71.8,3.0,10069.0,0.8300019515674799
2025-04-01T03:00:00Z,2025-03-31,22,22:00:00,2025-03-31,22:00,N,40.23,0.0,13676.0,0.8031930178675784
2025-04-01T04:00:00Z,2025-03-31,23,23:00:00,2025-03-31,23:00,N,33.04,0.0,16843.0,0.7350364118968313
2025-04-01T05:00:00Z,2025-03-31,24,00:00:00,2025-03-31,24:00,N,25.88,0.0,19782.0,0.6459456656841889
2025-04-01T06:00:00Z,2025-04-01,1,01:00:00,2025-04-01,01:00,N,30.22,0.0,21240.0,0.5869246062493393
2025-04-01T07:00:00Z,2025-04-01,2,02:00:00,2025-04-01,02:00,N,26.52,0.0,21297.0,0.5833608651433145
2025-04-01T08:00:00Z,2025-04-01,3,03:00:00,2025-04-01,03:00,N,25.7,0.0,20466.0,0.5894283224318314
2025-04-01T09:00:00Z,2025-04-01,4,04:00:00,2025-04-01,04:00,N,25.9,1.0,19947.0,0.5916072541051368
2025-04-01T10:00:00Z,2025-04-01,5,05:00:00,2025-04-01,05:00,N,25.56,1.0,20083.0,0.5909423762974284
2025-04-01T11:00:00Z,2025-04-01,6,06:00:00,2025-04-01,06:00,N,30.83,1.0,20595.0,0.5906548603895021
2025-04-01T12:00:00Z,2025-04-01,7,07:00:00,2025-04-01,07:00,N,33.02,1.0,21040.0,0.5891130216447227
2025-04-01T13:00:00Z,2025-04-01,8,08:00:00,2025-04-01,08:00,N,33.89,293.0,21349.0,0.5887110364581023
2025-04-01T14:00:00Z,2025-04-01,9,09:00:00,2025-04-01,09:00,N,28.3,3788.0,21155.0,0.5428986767263567
2025-04-01T15:00:00Z,2025-04-01,10,10:00:00,2025-04-01,10:00,N,25.39,7049.0,20922.0,0.5013848298971897
2025-04-01T16:00:00Z,2025-04-01,11,11:00:00,2025-04-01,11:00,N,25.5,8231.0,22375.0,0.4683716268771811
2025-04-01T17:00:00Z,2025-04-01,12,12:00:00,2025-04-01,12:00,N,26.15,8823.0,23127.0,0.44608161425024406
2025-04-01T18:00:00Z,2025-04-01,13,13:00:00,2025-04-01,13:00,N,26.81,9754.0,23428.0,0.43270251292595724
2025-04-01T19:00:00Z,2025-04-01,14,14:00:00,2025-04-01,14:00,N,35.73,10543.0,23928.0,0.41149421959804744
2025-04-01T20:00:00Z,2025-04-01,15,15:00:00,2025-04-01,15:00,N,39.08,11185.0,24119.0,0.39693157032615806
2025-04-01T21:00:00Z,2025-04-01,16,16:00:00,2025-04-01,16:00,N,47.75,12301.0,24135.0,0.37868231227935684
2025-04-01T22:00:00Z,2025-04-01,17,17:00:00,2025-04-01,17:00,N,55.93,11897.0,24278.0,0.3889530580728787
2025-04-01T23:00:00Z,2025-04-01,18,18:00:00,2025-04-01,18:00,N,51.12,10364.0,24554.0,0.43309560376627515
2025-04-02T00:00:00Z,2025-04-01,19,19:00:00,2025-04-01,19:00,N,46.91,5404.0,24782.0,0.5033760639598931
2025-04-02T01:00:00Z,2025-04-01,20,20:00:00,2025-04-01,20:00,N,51.86,1258.0,24616.0,0.5583373664248715
2025-04-02T02:00:00Z,2025-04-01,21,21:00:00,2025-04-01,21:00,N,55.08,2.0,24242.0,0.5778148293461557
2025-04-02T03:00:00Z,2025-04-01,22,22:00:00,2025-04-01,22:00,N,41.63,0.0,25602.0,0.5778621388427617
2025-04-02T04:00:00Z,2025-04-01,23,23:00:00,2025-04-01,23:00,N,39.86,0.0,26570.0,0.5564964132353684
2025-04-02T05:00:00Z,2025-04-01,24,00:00:00,2025-04-01,24:00,N,35.37,0.0,26663.0,0.5349053710325182
2025-04-02T06:00:00Z,2025-04-02,1,01:00:00,2025-04-02,01:00,N,32.54,0.0,26332.0,0.5060857531570474
2025-04-02T07:00:00Z,2025-04-02,2,02:00:00,2025-04-02,02:00,N,29.03,0.0,26178.0,0.4825134321498643
2025-04-02T08:00:00Z,2025-04-02,3,03:00:00,2025-04-02,03:00,N,29.42,0.0,25887.0,0.4628933175351772
2025-04-02T09:00:00Z,2025-04-02,4,04:00:00,2025-04-02,04:00,N,27.3,0.0,24866.0,0.46836173440240664
2025-04-02T10:00:00Z,2025-04-02,5,05:00:00,2025-04-02,05:00,N,30.1,0.0,23471.0,0.49668623748192153
2025-04-02T11:00:00Z,2025-04-02,6,06:00:00,2025-04-02,06:00,N,37.08,0.0,23954.0,0.5035519781430146
2025-04-02T12:00:00Z,2025-04-02,7,07:00:00,2025-04-02,07:00,N,38.25,0.0,24444.0,0.5158286649136006
2025-04-02T13:00:00Z,2025-04-02,8,08:00:00,2025-04-02,08:00,N,39.41,202.0,21981.0,0.5736319231395018
2025-04-02T14:00:00Z,2025-04-02,9,09:00:00,2025-04-02,09:00,N,31.17,4018.0,17820.0,0.6087057825652825
2025-04-02T15:00:00Z,2025-04-02,10,10:00:00,2025-04-02,10:00,N,27.44,9632.0,16011.0,0.5666314603496324
2025-04-02T16:00:00Z,2025-04-02,11,11:00:00,2025-04-02,11:00,N,30.86,12634.0,15307.0,0.5279974816050805
2025-04-02T17:00:00Z,2025-04-02,12,12:00:00,2025-04-02,12:00,N,34.66,13521.0,11930.0,0.5751737874845319
2025-04-02T18:00:00Z,2025-04-02,13,13:00:00,2025-04-02,13:00,N,43.2,14355.0,8633.0,0.6204806140982088
2025-04-02T19:00:00Z,2025-04-02,14,14:00:00,2025-04-02,14:00,N,53.29,15072.0,6731.0,0.6449418544071831
2025-04-02T20:00:00Z,2025-04-02,15,15:00:00,2025-04-02,15:00,N,63.43,15540.0,5742.0,0.6609416923703493
2025-04-02T21:00:00Z,2025-04-02,16,16:00:00,2025-04-02,16:00,N,84.22,16688.0,5256.0,0.6570556315968026
2025-04-02T22:00:00Z,2025-04-02,17,17:00:00,2025-04-02,17:00,N,95.04,15027.0,5754.0,0.6695898918355375
2025-04-02T23:00:00Z,2025-04-02,18,18:00:00,2025-04-02,18:00,N,97.62,11682.0,6478.0,0.6943439595791513
2025-04-03T00:00:00Z,2025-04-02,19,19:00:00,2025-04-02,19:00,N,138.86,6441.0,7921.0,0.7291616085844848
2025-04-03T01:00:00Z,2025-04-02,20,20:00:00,2025-04-02,20:00,N,191.14,1101.0,9637.0,0.7541688800083023
2025-04-03T02:00:00Z,2025-04-02,21,21:00:00,2025-04-02,21:00,N,193.12,0.0,12103.0,0.7478735049104468
2025-04-03T03:00:00Z,2025-04-02,22,22:00:00,2025-04-02,22:00,N,107.61,0.0,14523.0,0.7372307270487176
2025-04-03T04:00:00Z,2025-04-02,23,23:00:00,2025-04-02,23:00,N,99.07,0.0,15891.0,0.718918726985243
2025-04-03T05:00:00Z,2025-04-02,24,00:00:00,2025-04-02,24:00,N,50.38,0.0,16682.0,0.687912465146574
2025-04-03T06:00:00Z,2025-04-03,1,01:00:00,2025-04-03,01:00,N,46.77,0.0,17545.0,0.6576728711211611
2025-04-03T07:00:00Z,2025-04-03,2,02:00:00,2025-04-03,02:00,N,43.51,0.0,18581.0,0.6188835946533113
2025-04-03T08:00:00Z,2025-04-03,3,03:00:00,2025-04-03,03:00,N,40.39,0.0,18460.0,0.6036994664113277
2025-04-03T09:00:00Z,2025-04-03,4,04:00:00,2025-04-03,04:00,N,36.38,0.0,18458.0,0.5946518057319836
2025-04-03T10:00:00Z,2025-04-03,5,05:00:00,2025-04-03,05:00,N,35.82,0.0,18622.0,0.5893867026293179
2025-04-03T11:00:00Z,2025-04-03,6,06:00:00,2025-04-03,06:00,N,41.17,0.0,19808.0,0.5644088556352184
2025-04-03T12:00:00Z,2025-04-03,7,07:00:00,2025-04-03,07:00,N,43.71,0.0,21707.0,0.5399596376277898
2025-04-03T13:00:00Z,2025-04-03,8,08:00:00,2025-04-03,08:00,N,43.02,178.0,22781.0,0.5206187369208171
2025-04-03T14:00:00Z,2025-04-03,9,09:00:00,2025-04-03,09:00,N,33.11,2845.0,23373.0,0.47428018975883685
2025-04-03T15:00:00Z,2025-04-03,10,10:00:00,2025-04-03,10:00,N,29.08,6959.0,22270.0,0.44732652174542076
2025-04-03T16:00:00Z,2025-04-03,11,11:00:00,2025-04-03,11:00,N,34.91,8622.0,21136.0,0.4637807005831977
2025-04-03T17:00:00Z,2025-04-03,12,12:00:00,2025-04-03,12:00,N,42.0,10904.0,19817.0,0.4556700863610418
2025-04-03T18:00:00Z,2025-04-03,13,13:00:00,2025-04-03,13:00,N,44.55,14570.0,18296.0,0.4072714314900935
2025-04-03T19:00:00Z,2025-04-03,14,14:00:00,2025-04-03,14:00,N,55.77,15754.0,16943.0,0.42411562294980976
2025-04-03T20:00:00Z,2025-04-03,15,15:00:00,2025-04-03,15:00,N,63.9,15853.0,15936.0,0.45099963609574484
2025-04-03T21:00:00Z,2025-04-03,16,16:00:00,2025-04-03,16:00,N,92.93,15133.0,16257.0,0.4652891857557081
2025-04-03T22:00:00Z,2025-04-03,17,17:00:00,2025-04-03,17:00,N,95.81,13832.0,17123.0,0.4739022824922907
2025-04-03T23:00:00Z,2025-04-03,18,18:00:00,2025-04-03,18:00,N,83.83,11426.0,18574.0,0.48836758694994825
2025-04-04T00:00:00Z,2025-04-03,19,19:00:00,2025-04-03,19:00,N,85.85,5787.0,21084.0,0.541216861235143
2025-04-04T01:00:00Z,2025-04-03,20,20:00:00,2025-04-03,20:00,N,98.95,680.0,22823.0,0.5860655725986847
2025-04-04T02:00:00Z,2025-04-03,21,21:00:00,2025-04-03,21:00,N,77.29,2.0,22706.0,0.617516357264191
2025-04-04T03:00:00Z,2025-04-03,22,22:00:00,2025-04-03,22:00,N,54.51,1.0,21537.0,0.6388417963605765
2025-04-04T04:00:00Z,2025-04-03,23,23:00:00,2025-04-03,23:00,N,55.25,1.0,20870.0,0.652481987864842
2025-04-04T05:00:00Z,2025-04-03,24,00:00:00,2025-04-03,24:00,N,43.2,1.0,19815.0,0.6584662818091017
2025-04-04T06:00:00Z,2025-04-04,1,01:00:00,2025-04-04,01:00,N,41.25,1.0,19432.0,0.6362922084323581
2025-04-04T07:00:00Z,2025-04-04,2,02:00:00,2025-04-04,02:00,N,38.85,1.0,20093.0,0.6031643943657675
2025-04-04T08:00:00Z,2025-04-04,3,03:00:00,2025-04-04,03:00,N,37.11,1.0,20145.0,0.5879111685083317
2025-04-04T09:00:00Z,2025-04-04,4,04:00:00,2025-04-04,04:00,N,36.19,1.0,18308.0,0.6131451684324255
2025-04-04T10:00:00Z,2025-04-04,5,05:00:00,2025-04-04,05:00,N,36.21,1.0,15551.0,0.6752524230397371
2025-04-04T11:00:00Z,2025-04-04,6,06:00:00,2025-04-04,06:00,N,39.71,1.0,14502.0,0.7090678782433332
2025-04-04T12:00:00Z,2025-04-04,7,07:00:00,2025-04-04,07:00,N,41.41,1.0,12939.0,0.7321509180503933
2025-04-04T13:00:00Z,2025-04-04,8,08:00:00,2025-04-04,08:00,N,40.59,145.0,13099.0,0.73446749724027
2025-04-04T14:00:00Z,2025-04-04,9,09:00:00,2025-04-04,09:00,N,37.1,1862.0,14436.0,0.7053343801164216
2025-04-04T15:00:00Z,2025-04-04,10,10:00:00,2025-04-04,10:00,N,41.85,4946.0,15814.0,0.6545704063329659
2025-04-04T16:00:00Z,2025-04-04,11,11:00:00,2025-04-04,11:00,N,41.34,6590.0,16804.0,0.623989226963019
2025-04-04T17:00:00Z,2025-04-04,12,12:00:00,2025-04-04,12:00,N,41.71,8371.0,17699.0,0.5848723492730078
2025-04-04T18:00:00Z,2025-04-04,13,13:00:00,2025-04-04,13:00,N,45.07,10080.0,18294.0,0.5601398872874926
2025-04-04T19:00:00Z,2025-04-04,14,14:00:00,2025-04-04,14:00,N,47.77,10667.0,18758.0,0.5501114174947493
2025-04-04T20:00:00Z,2025-04-04,15,15:00:00,2025-04-04,15:00,N,51.98,9600.0,19101.0,0.5574426887028087
2025-04-04T21:00:00Z,2025-04-04,16,16:00:00,2025-04-04,16:00,N,50.12,8021.0,19222.0,0.5761187723245497
2025-04-04T22:00:00Z,2025-04-04,17,17:00:00,2025-04-04,17:00,N,55.6,6271.0,19027.0,0.6015368211912999
2025-04-04T23:00:00Z,2025-04-04,18,18:00:00,2025-04-04,18:00,N,50.79,5453.0,19039.0,0.613477244906395
2025-04-05T00:00:00Z,2025-04-04,19,19:00:00,2025-04-04,19:00,N,47.49,2606.0,19568.0,0.6404079479825217
2025-04-05T01:00:00Z,2025-04-04,20,20:00:00,2025-04-04,20:00,N,49.45,452.0,19903.0,0.6524751671870737
2025-04-05T02:00:00Z,2025-04-04,21,21:00:00,2025-04-04,21:00,N,49.32,1.0,20354.0,0.644412846448365
2025-04-05T03:00:00Z,2025-04-04,22,22:00:00,2025-04-04,22:00,N,41.27,0.0,22195.0,0.6329026602110099
2025-04-05T04:00:00Z,2025-04-04,23,23:00:00,2025-04-04,23:00,N,41.82,0.0,23621.0,0.593635480456243
2025-04-05T05:00:00Z,2025-04-04,24,00:00:00,2025-04-04,24:00,N,36.84,0.0,23912.0,0.553295269462174
2025-04-05T06:00:00Z,2025-04-05,1,01:00:00,2025-04-05,01:00,N,35.05,0.0,25320.0,0.5077080156431458
2025-04-05T07:00:00Z,2025-04-05,2,02:00:00,2025-04-05,02:00,N,32.13,0.0,24473.0,0.5167058551606751
2025-04-05T08:00:00Z,2025-04-05,3,03:00:00,2025-04-05,03:00,N,29.63,0.0,24018.0,0.5269736703968868
2025-04-05T09:00:00Z,2025-04-05,4,04:00:00,2025-04-05,04:00,N,26.14,0.0,23944.0,0.5384939790524874
2025-04-05T10:00:00Z,2025-04-05,5,05:00:00,2025-04-05,05:00,N,25.39,0.0,23405.0,0.5435902642437901
2025-04-05T11:00:00Z,2025-04-05,6,06:00:00,2025-04-05,06:00,N,27.51,0.0,23987.0,0.536090046264823
2025-04-05T12:00:00Z,2025-04-05,7,07:00:00,2025-04-05,07:00,N,32.31,1.0,23484.0,0.5528536571672512
2025-04-05T13:00:00Z,2025-04-05,8,08:00:00,2025-04-05,08:00,N,34.15,74.0,23731.0,0.5554804035038576
2025-04-05T14:00:00Z,2025-04-05,9,09:00:00,2025-04-05,09:00,N,33.53,1095.0,23695.0,0.5502086067623692
2025-04-05T15:00:00Z,2025-04-05,10,10:00:00,2025-04-05,10:00,N,39.56,2646.0,23784.0,0.5329655659444817
2025-04-05T16:00:00Z,2025-04-05,11,11:00:00,2025-04-05,11:00,N,38.78,3837.0,24441.0,0.5128660424852531
2025-04-05T17:00:00Z,2025-04-05,12,12:00:00,2025-04-05,12:00,N,38.11,5394.0,24454.0,0.4837175240678445
2025-04-05T18:00:00Z,2025-04-05,13,13:00:00,2025-04-05,13:00,N,42.52,7027.0,24216.0,0.44946485388271107
2025-04-05T19:00:00Z,2025-04-05,14,14:00:00,2025-04-05,14:00,N,40.29,7820.0,23296.0,0.44232501917675204
2025-04-05T20:00:00Z,2025-04-05,15,15:00:00,2025-04-05,15:00,N,43.82,7313.0,23335.0,0.44920690921990564
2025-04-05T21:00:00Z,2025-04-05,16,16:00:00,2025-04-05,16:00,N,40.29,5775.0,23703.0,0.4837253749102461
2025-04-05T22:00:00Z,2025-04-05,17,17:00:00,2025-04-05,17:00,N,37.91,4778.0,23834.0,0.49690421539467045
2025-04-05T23:00:00Z,2025-04-05,18,18:00:00,2025-04-05,18:00,N,37.93,3636.0,24543.0,0.49105005627290443
2025-04-06T00:00:00Z,2025-04-05,19,19:00:00,2025-04-05,19:00,N,35.36,2050.0,25281.0,0.4899706618474018
2025-04-06T01:00:00Z,2025-04-05,20,20:00:00,2025-04-05,20:00,N,35.37,317.0,26359.0,0.5020134708905537
2025-04-06T02:00:00Z,2025-04-05,21,21:00:00,2025-04-05,21:00,N,34.99,1.0,26964.0,0.5073030004551933
2025-04-06T03:00:00Z,2025-04-05,22,22:00:00,2025-04-05,22:00,N,31.92,0.0,27392.0,0.47843784953563767
2025-04-06T04:00:00Z,2025-04-05,23,23:00:00,2025-04-05,23:00,N,26.5,1.0,27659.0,0.44390929757476333
2025-04-06T05:00:00Z,2025-04-05,24,00:00:00,2025-04-05,24:00,N,23.75,1.0,27564.0,0.41763126177810017
2025-04-06T06:00:00Z,2025-04-06,1,01:00:00,2025-04-06,01:00,N,20.77,0.0,26999.0,0.3927762006703311
2025-04-06T07:00:00Z,2025-04-06,2,02:00:00,2025-04-06,02:00,N,20.0,1.0,25289.0,0.4134289321242066
2025-04-06T08:00:00Z,2025-04-06,3,03:00:00,2025-04-06,03:00,N,19.92,1.0,21816.0,0.4917649237773724
2025-04-06T09:00:00Z,2025-04-06,4,04:00:00,2025-04-06,04:00,N,21.07,1.0,19227.0,0.5813374639404996
2025-04-06T10:00:00Z,2025-04-06,5,05:00:00,2025-04-06,05:00,N,23.49,1.0,17964.0,0.6206278025689219
2025-04-06T11:00:00Z,2025-04-06,6,06:00:00,2025-04-06,06:00,N,29.95,0.0,17659.0,0.6390123123325394
2025-04-06T12:00:00Z,2025-04-06,7,07:00:00,2025-04-06,07:00,N,38.03,0.0,17110.0,0.6497599515745905
2025-04-06T13:00:00Z,2025-04-06,8,08:00:00,2025-04-06,08:00,N,39.37,197.0,17190.0,0.6375040552187926
2025-04-06T14:00:00Z,2025-04-06,9,09:00:00,2025-04-06,09:00,N,31.8,3161.0,17847.0,0.5939786047941275
2025-04-06T15:00:00Z,2025-04-06,10,10:00:00,2025-04-06,10:00,N,25.31,9104.0,19359.0,0.46296616400734353
2025-04-06T16:00:00Z,2025-04-06,11,11:00:00,2025-04-06,11:00,N,17.56,12197.0,19919.0,0.37981725343716644
2025-04-06T17:00:00Z,2025-04-06,12,12:00:00,2025-04-06,12:00,N,15.59,14234.0,20017.0,0.32040267160343544
2025-04-06T18:00:00Z,2025-04-06,13,13:00:00,2025-04-06,13:00,N,13.2,15997.0,19742.0,0.298039412122544
2025-04-06T19:00:00Z,2025-04-06,14,14:00:00,2025-04-06,14:00,N,10.36,17387.0,17953.0,0.30209906363267747
2025-04-06T20:00:00Z,2025-04-06,15,15:00:00,2025-04-06,15:00,N,7.26,17466.0,16485.0,0.3197462571357267
2025-04-06T21:00:00Z,2025-04-06,16,16:00:00,2025-04-06,16:00,N,8.79,16456.0,15975.0,0.34246691623814546
2025-04-06T22:00:00Z,2025-04-06,17,17:00:00,2025-04-06,17:00,N,12.27,15679.0,15791.0,0.34126796753991323
2025-04-06T23:00:00Z,2025-04-06,18,18:00:00,2025-04-06,18:00,N,16.16,14449.0,15066.0,0.3788843765786003
2025-04-07T00:00:00Z,2025-04-06,19,19:00:00,2025-04-06,19:00,N,24.18,11838.0,13737.0,0.4678144727677169
2025-04-07T01:00:00Z,2025-04-06,20,20:00:00,2025-04-06,20:00,N,56.74,3113.0,10407.0,0.7053767169225176
2025-04-07T02:00:00Z,2025-04-06,21,21:00:00,2025-04-06,21:00,N,93.47,15.0,6427.0,0.8227026845586685
2025-04-07T03:00:00Z,2025-04-06,22,22:00:00,2025-04-06,22:00,N,87.07,0.0,4747.0,0.8764965695891824
2025-04-07T04:00:00Z,2025-04-06,23,23:00:00,2025-04-06,23:00,N,69.82,0.0,4241.0,0.9380355540391375
2025-04-07T05:00:00Z,2025-04-06,24,00:00:00,2025-04-06,24:00,N,55.8,0.0,3889.0,0.961107794376837
2025-04-07T06:00:00Z,2025-04-07,1,01:00:00,2025-04-07,01:00,N,44.19,0.0,3975.0,0.9550060496035848
2025-04-07T07:00:00Z,2025-04-07,2,02:00:00,2025-04-07,02:00,N,43.24,0.0,3331.0,0.9712687087893372
2025-04-07T08:00:00Z,2025-04-07,3,03:00:00,2025-04-07,03:00,N,43.85,0.0,3082.0,0.9781944146535192
2025-04-07T09:00:00Z,2025-04-07,4,04:00:00,2025-04-07,04:00,N,43.02,0.0,3479.0,0.9756819358036729
2025-04-07T10:00:00Z,2025-04-07,5,05:00:00,2025-04-07,05:00,N,43.64,0.0,4219.0,0.9621981410109256
2025-04-07T11:00:00Z,2025-04-07,6,06:00:00,2025-04-07,06:00,N,51.63,0.0,4546.0,0.9425408600421212
2025-04-07T12:00:00Z,2025-04-07,7,07:00:00,2025-04-07,07:00,N,93.05,1.0,4728.0,0.9092885482483503
2025-04-07T13:00:00Z,2025-04-07,8,08:00:00,2025-04-07,08:00,N,88.1,1845.0,4977.0,0.874108585944107
2025-04-07T14:00:00Z,2025-04-07,9,09:00:00,2025-04-07,09:00,N,32.25,15346.0,4143.0,0.6578789946511387
2025-04-07T15:00:00Z,2025-04-07,10,10:00:00,2025-04-07,10:00,N,24.3,24707.0,2163.0,0.5169601944126492
2025-04-07T16:00:00Z,2025-04-07,11,11:00:00,2025-04-07,11:00,N,20.51,25373.0,2540.0,0.5110708955437849
2025-04-07T17:00:00Z,2025-04-07,12,12:00:00,2025-04-07,12:00,N,18.56,25502.0,3485.0,0.4804363915766645
2025-04-07T18:00:00Z,2025-04-07,13,13:00:00,2025-04-07,13:00,N,16.22,25885.0,4432.0,0.41528528593733316
2025-04-07T19:00:00Z,2025-04-07,14,14:00:00,2025-04-07,14:00,N,16.5,25887.0,4556.0,0.3848363407182514
2025-04-07T20:00:00Z,2025-04-07,15,15:00:00,2025-04-07,15:00,N,16.24,25765.0,4280.0,0.37841311623748536
2025-04-07T21:00:00Z,2025-04-07,16,16:00:00,2025-04-07,16:00,N,15.09,25313.0,4168.0,0.3640274164635144
2025-04-07T22:00:00Z,2025-04-07,17,17:00:00,2025-04-07,17:00,N,15.64,24091.0,3925.0,0.38030939785240303
2025-04-07T23:00:00Z,2025-04-07,18,18:00:00,2025-04-07,18:00,N,19.59,23687.0,3482.0,0.40100735092121875
2025-04-08T00:00:00Z,2025-04-07,19,19:00:00,2025-04-07,19:00,N,32.08,17076.0,2707.0,0.5750666150323814
2025-04-08T01:00:00Z,2025-04-07,20,20:00:00,2025-04-07,20:00,N,92.49,3444.0,1638.0,0.8664768111592807
2025-04-08T02:00:00Z,2025-04-07,21,21:00:00,2025-04-07,21:00,N,99.87,17.0,1548.0,0.9325192456099833
2025-04-08T03:00:00Z,2025-04-07,22,22:00:00,2025-04-07,22:00,N,71.1,0.0,2839.0,0.9599417988066556
2025-04-08T04:00:00Z,2025-04-07,23,23:00:00,2025-04-07,23:00,N,45.03,0.0,4314.0,0.9582421324450056
2025-04-08T05:00:00Z,2025-04-07,24,00:00:00,2025-04-07,24:00,N,33.01,0.0,6358.0,0.9136581665132227
2025-04-08T06:00:00Z,2025-04-08,1,01:00:00,2025-04-08,01:00,N,36.09,0.0,8541.0,0.8641689446333889
2025-04-08T07:00:00Z,2025-04-08,2,02:00:00,2025-04-08,02:00,N,31.01,0.0,10850.0,0.8127459387314779
2025-04-08T08:00:00Z,2025-04-08,3,03:00:00,2025-04-08,03:00,N,26.73,0.0,11598.0,0.7939637421193081
2025-04-08T09:00:00Z,2025-04-08,4,04:00:00,2025-04-08,04:00,N,26.54,0.0,12555.0,0.7608797695826196
2025-04-08T10:00:00Z,2025-04-08,5,05:00:00,2025-04-08,05:00,N,26.91,0.0,12975.0,0.764409639218994
2025-04-08T11:00:00Z,2025-04-08,6,06:00:00,2025-04-08,06:00,N,39.27,0.0,12949.0,0.7794082687844787
2025-04-08T12:00:00Z,2025-04-08,7,07:00:00,2025-04-08,07:00,N,51.04,0.0,12613.0,0.7512447077019697
2025-04-08T13:00:00Z,2025-04-08,8,08:00:00,2025-04-08,08:00,N,47.76,1739.0,12659.0,0.7308398296682577
2025-04-08T14:00:00Z,2025-04-08,9,09:00:00,2025-04-08,09:00,N,25.9,14615.0,11276.0,0.5212659979059506
2025-04-08T15:00:00Z,2025-04-08,10,10:00:00,2025-04-08,10:00,N,16.73,24886.0,7225.0,0.3607533843351643
2025-04-08T16:00:00Z,2025-04-08,11,11:00:00,2025-04-08,11:00,N,13.02,25693.0,6414.0,0.34487484097541177
2025-04-08T17:00:00Z,2025-04-08,12,12:00:00,2025-04-08,12:00,N,11.72,25986.0,6140.0,0.33950462761059025
2025-04-08T18:00:00Z,2025-04-08,13,13:00:00,2025-04-08,13:00,N,11.55,26288.0,5906.0,0.3334487326824663
2025-04-08T19:00:00Z,2025-04-08,14,14:00:00,2025-04-08,14:00,N,12.9,26330.0,6246.0,0.32126297046127417
2025-04-08T20:00:00Z,2025-04-08,15,15:00:00,2025-04-08,15:00,N,13.94,26282.0,6638.0,0.32633023532991573
2025-04-08T21:00:00Z,2025-04-08,16,16:00:00,2025-04-08,16:00,N,15.73,26227.0,7295.0,0.3203718748235288
2025-04-08T22:00:00Z,2025-04-08,17,17:00:00,2025-04-08,17:00,N,18.86,25638.0,8330.0,0.3119412491904354
2025-04-08T23:00:00Z,2025-04-08,18,18:00:00,2025-04-08,18:00,N,22.41,23463.0,9851.0,0.3231971517502782
2025-04-09T00:00:00Z,2025-04-08,19,19:00:00,2025-04-08,19:00,N,35.07,16385.0,11558.0,0.44398627045126926
2025-04-09T01:00:00Z,2025-04-08,20,20:00:00,2025-04-08,20:00,N,65.23,3334.0,12861.0,0.6441361572668415
2025-04-09T02:00:00Z,2025-04-08,21,21:00:00,2025-04-08,21:00,N,50.68,17.0,17378.0,0.6697155936426268
2025-04-09T03:00:00Z,2025-04-08,22,22:00:00,2025-04-08,22:00,N,30.88,1.0,21927.0,0.6080325334482447
2025-04-09T04:00:00Z,2025-04-08,23,23:00:00,2025-04-08,23:00,N,24.01,24.0,24221.0,0.538927675811904
2025-04-09T05:00:00Z,2025-04-08,24,00:00:00,2025-04-08,24:00,N,19.89,1.0,24850.0,0.49137012924010237
2025-04-09T06:00:00Z,2025-04-09,1,01:00:00,2025-04-09,01:00,N,21.42,0.0,25012.0,0.4695524150262007
2025-04-09T07:00:00Z,2025-04-09,2,02:00:00,2025-04-09,02:00,N,18.7,0.0,24841.0,0.455506017422942
2025-04-09T08:00:00Z,2025-04-09,3,03:00:00,2025-04-09,03:00,N,17.43,0.0,24198.0,0.45635190579519325
2025-04-09T09:00:00Z,2025-04-09,4,04:00:00,2025-04-09,04:00,N,17.21,0.0,23932.0,0.4573727957594677
2025-04-09T10:00:00Z,2025-04-09,5,05:00:00,2025-04-09,05:00,N,19.24,0.0,23769.0,0.463714269306076
2025-04-09T11:00:00Z,2025-04-09,6,06:00:00,2025-04-09,06:00,N,27.08,0.0,24080.0,0.5038395844528435
2025-04-09T12:00:00Z,2025-04-09,7,07:00:00,2025-04-09,07:00,N,25.36,0.0,24549.0,0.5396212308118913
2025-04-09T13:00:00Z,2025-04-09,8,08:00:00,2025-04-09,08:00,N,22.07,1678.0,24689.0,0.5238369894816903
2025-04-09T14:00:00Z,2025-04-09,9,09:00:00,2025-04-09,09:00,N,10.16,10891.0,22488.0,0.35819378834750315
2025-04-09T15:00:00Z,2025-04-09,10,10:00:00,2025-04-09,10:00,N,5.27,15809.0,19964.0,0.28136767101261534
2025-04-09T16:00:00Z,2025-04-09,11,11:00:00,2025-04-09,11:00,N,4.01,16131.0,19128.0,0.27598826263574755
2025-04-09T17:00:00Z,2025-04-09,12,12:00:00,2025-04-09,12:00,N,4.33,17190.0,17380.0,0.2815999799983181
2025-04-09T18:00:00Z,2025-04-09,13,13:00:00,2025-04-09,13:00,N,7.78,20171.0,14871.0,0.2731908946811894
2025-04-09T19:00:00Z,2025-04-09,14,14:00:00,2025-04-09,14:00,N,10.4,22883.0,12501.0,0.27082104941205043
2025-04-09T20:00:00Z,2025-04-09,15,15:00:00,2025-04-09,15:00,N,14.47,25121.0,11021.0,0.2816567237811943
2025-04-09T21:00:00Z,2025-04-09,16,16:00:00,2025-04-09,16:00,N,19.93,25632.0,10511.0,0.3132424187639131
2025-04-09T22:00:00Z,2025-04-09,17,17:00:00,2025-04-09,17:00,N,20.52,24872.0,10515.0,0.35674400762952924
2025-04-09T23:00:00Z,2025-04-09,18,18:00:00,2025-04-09,18:00,N,24.26,23697.0,10954.0,0.38109140709965506
2025-04-10T00:00:00Z,2025-04-09,19,19:00:00,2025-04-09,19:00,N,39.32,16976.0,11053.0,0.5065980894752196
2025-04-10T01:00:00Z,2025-04-09,20,20:00:00,2025-04-09,20:00,N,103.6,3532.0,11471.0,0.711362718392959
2025-04-10T02:00:00Z,2025-04-09,21,21:00:00,2025-04-09,21:00,N,80.4,17.0,14428.0,0.75323918477791
2025-04-10T03:00:00Z,2025-04-09,22,22:00:00,2025-04-09,22:00,N,47.5,1.0,17156.0,0.7364229221085821
2025-04-10T04:00:00Z,2025-04-09,23,23:00:00,2025-04-09,23:00,N,35.31,0.0,17552.0,0.732950463992811
2025-04-10T05:00:00Z,2025-04-09,24,00:00:00,2025-04-09,24:00,N,29.86,0.0,15659.0,0.7572435900205607
2025-04-10T06:00:00Z,2025-04-10,1,01:00:00,2025-04-10,01:00,N,30.56,0.0,13217.0,0.7905687693302336
2025-04-10T07:00:00Z,2025-04-10,2,02:00:00,2025-04-10,02:00,N,27.21,0.0,11202.0,0.8349882403076253
2025-04-10T08:00:00Z,2025-04-10,3,03:00:00,2025-04-10,03:00,N,27.36,0.0,10786.0,0.8516421388715106
2025-04-10T09:00:00Z,2025-04-10,4,04:00:00,2025-04-10,04:00,N,29.2,0.0,10413.0,0.8541336383441286
2025-04-10T10:00:00Z,2025-04-10,5,05:00:00,2025-04-10,05:00,N,34.49,0.0,10598.0,0.8425457783241063
2025-04-10T11:00:00Z,2025-04-10,6,06:00:00,2025-04-10,06:00,N,44.05,0.0,10435.0,0.8543423832274454
2025-04-10T12:00:00Z,2025-04-10,7,07:00:00,2025-04-10,07:00,N,47.02,0.0,9814.0,0.840768186221464
2025-04-10T13:00:00Z,2025-04-10,8,08:00:00,2025-04-10,08:00,N,43.05,1894.0,8904.0,0.81690282493714
2025-04-10T14:00:00Z,2025-04-10,9,09:00:00,2025-04-10,09:00,N,23.66,14936.0,6944.0,0.603038702388337
2025-04-10T15:00:00Z,2025-04-10,10,10:00:00,2025-04-10,10:00,N,13.0,24181.0,4672.0,0.4411896501534793
2025-04-10T16:00:00Z,2025-04-10,11,11:00:00,2025-04-10,11:00,N,16.19,25291.0,4427.0,0.42745946389131784
2025-04-10T17:00:00Z,2025-04-10,12,12:00:00,2025-04-10,12:00,N,17.7,25676.0,5133.0,0.4136875003379433
2025-04-10T18:00:00Z,2025-04-10,13,13:00:00,2025-04-10,13:00,N,20.72,26247.0,6365.0,0.3856459010796155
2025-04-10T19:00:00Z,2025-04-10,14,14:00:00,2025-04-10,14:00,N,24.7,26408.0,7237.0,0.4056944762748927
2025-04-10T20:00:00Z,2025-04-10,15,15:00:00,2025-04-10,15:00,N,30.15,26442.0,7983.0,0.42320452737328434
2025-04-10T21:00:00Z,2025-04-10,16,16:00:00,2025-04-10,16:00,N,33.67,26474.0,8342.0,0.44418596941895827
2025-04-10T22:00:00Z,2025-04-10,17,17:00:00,2025-04-10,17:00,N,31.18,25896.0,8775.0,0.46902787399671547
2025-04-10T23:00:00Z,2025-04-10,18,18:00:00,2025-04-10,18:00,N,34.57,24287.0,9352.0,0.5051973928948446
2025-04-11T00:00:00Z,2025-04-10,19,19:00:00,2025-04-10,19:00,N,46.32,16502.0,10043.0,0.6057255078901616
2025-04-11T01:00:00Z,2025-04-10,20,20:00:00,2025-04-10,20:00,N,110.81,3451.0,10614.0,0.741859249782161
2025-04-11T02:00:00Z,2025-04-10,21,21:00:00,2025-04-10,21:00,N,64.09,86.0,13957.0,0.7775378582979611
2025-04-11T03:00:00Z,2025-04-10,22,22:00:00,2025-04-10,22:00,N,38.39,50.0,17813.0,0.7551416930438792
2025-04-11T04:00:00Z,2025-04-10,23,23:00:00,2025-04-10,23:00,N,36.38,0.0,18875.0,0.7377065846417791
2025-04-11T05:00:00Z,2025-04-10,24,00:00:00,2025-04-10,24:00,N,29.6,0.0,17556.0,0.7485635398109175
2025-04-11T06:00:00Z,2025-04-11,1,01:00:00,2025-04-11,01:00,N,30.8,0.0,15331.0,0.7874704209609663
2025-04-11T07:00:00Z,2025-04-11,2,02:00:00,2025-04-11,02:00,N,25.72,0.0,13323.0,0.8275029497719177
2025-04-11T08:00:00Z,2025-04-11,3,03:00:00,2025-04-11,03:00,N,25.88,0.0,11889.0,0.8567134809945037
2025-04-11T09:00:00Z,2025-04-11,4,04:00:00,2025-04-11,04:00,N,28.41,0.0,11426.0,0.8620487780668158
2025-04-11T10:00:00Z,2025-04-11,5,05:00:00,2025-04-11,05:00,N,29.66,0.0,11186.0,0.8651801598940007
2025-04-11T11:00:00Z,2025-04-11,6,06:00:00,2025-04-11,06:00,N,37.09,0.0,9749.0,0.895598509371306
2025-04-11T12:00:00Z,2025-04-11,7,07:00:00,2025-04-11,07:00,N,45.04,1.0,8605.0,0.8765682236612242
2025-04-11T13:00:00Z,2025-04-11,8,08:00:00,2025-04-11,08:00,N,40.0,1809.0,7814.0,0.8665719606044656
2025-04-11T14:00:00Z,2025-04-11,9,09:00:00,2025-04-11,09:00,N,24.28,14474.0,6068.0,0.6742685378294736
2025-04-11T15:00:00Z,2025-04-11,10,10:00:00,2025-04-11,10:00,N,15.03,24466.0,3843.0,0.48979910592558795
2025-04-11T16:00:00Z,2025-04-11,11,11:00:00,2025-04-11,11:00,N,15.4,26306.0,5376.0,0.44078764028659356
2025-04-11T17:00:00Z,2025-04-11,12,12:00:00,2025-04-11,12:00,N,17.25,26602.0,5461.0,0.4506160363268329
2025-04-11T18:00:00Z,2025-04-11,13,13:00:00,2025-04-11,13:00,N,23.5,26280.0,5233.0,0.4761970878652519
2025-04-11T19:00:00Z,2025-04-11,14,14:00:00,2025-04-11,14:00,N,27.08,26109.0,5408.0,0.5102779778401138
2025-04-11T20:00:00Z,2025-04-11,15,15:00:00,2025-04-11,15:00,N,28.78,26069.0,5565.0,0.5354644889646737
2025-04-11T21:00:00Z,2025-04-11,16,16:00:00,2025-04-11,16:00,N,33.65,25908.0,5263.0,0.5605292670894692
2025-04-11T22:00:00Z,2025-04-11,17,17:00:00,2025-04-11,17:00,N,37.12,25483.0,5072.0,0.5869928273858066
2025-04-11T23:00:00Z,2025-04-11,18,18:00:00,2025-04-11,18:00,N,36.8,23856.0,5608.0,0.607406857620408
2025-04-12T00:00:00Z,2025-04-11,19,19:00:00,2025-04-11,19:00,N,45.07,16176.0,7149.0,0.6848722223582973
2025-04-12T01:00:00Z,2025-04-11,20,20:00:00,2025-04-11,20:00,N,92.48,3422.0,9575.0,0.7916186848174371
2025-04-12T02:00:00Z,2025-04-11,21,21:00:00,2025-04-11,21:00,N,60.04,21.0,13693.0,0.7964647559392992
2025-04-12T03:00:00Z,2025-04-11,22,22:00:00,2025-04-11,22:00,N,35.66,0.0,18938.0,0.7418323640268538
2025-04-12T04:00:00Z,2025-04-11,23,23:00:00,2025-04-11,23:00,N,30.66,1.0,22208.0,0.6458518154939104
2025-04-12T05:00:00Z,2025-04-11,24,00:00:00,2025-04-11,24:00,N,26.52,1.0,23511.0,0.5821533238650495
2025-04-12T06:00:00Z,2025-04-12,1,01:00:00,2025-04-12,01:00,N,25.17,1.0,23856.0,0.5452667455539956
2025-04-12T07:00:00Z,2025-04-12,2,02:00:00,2025-04-12,02:00,N,22.07,0.0,23938.0,0.5183990485287603
2025-04-12T08:00:00Z,2025-04-12,3,03:00:00,2025-04-12,03:00,N,19.83,0.0,23337.0,0.5037113694673471
2025-04-12T09:00:00Z,2025-04-12,4,04:00:00,2025-04-12,04:00,N,18.87,0.0,23152.0,0.48616233083545535
2025-04-12T10:00:00Z,2025-04-12,5,05:00:00,2025-04-12,05:00,N,18.65,0.0,23138.0,0.4655056375719336
2025-04-12T11:00:00Z,2025-04-12,6,06:00:00,2025-04-12,06:00,N,20.73,0.0,23048.0,0.4689799838728359
2025-04-12T12:00:00Z,2025-04-12,7,07:00:00,2025-04-12,07:00,N,20.86,1.0,23105.0,0.46567820439712254
2025-04-12T13:00:00Z,2025-04-12,8,08:00:00,2025-04-12,08:00,N,20.86,1973.0,22711.0,0.44875008431873686
2025-04-12T14:00:00Z,2025-04-12,9,09:00:00,2025-04-12,09:00,N,9.57,12026.0,19534.0,0.324463016465799
2025-04-12T15:00:00Z,2025-04-12,10,10:00:00,2025-04-12,10:00,N,9.06,17427.0,16678.0,0.283961501046047
2025-04-12T16:00:00Z,2025-04-12,11,11:00:00,2025-04-12,11:00,N,8.76,17875.0,18276.0,0.26004608806760265
2025-04-12T17:00:00Z,2025-04-12,12,12:00:00,2025-04-12,12:00,N,11.29,17226.0,20063.0,0.25116996806897623
2025-04-12T18:00:00Z,2025-04-12,13,13:00:00,2025-04-12,13:00,N,14.22,16788.0,21577.0,0.25480516284284693
2025-04-12T19:00:00Z,2025-04-12,14,14:00:00,2025-04-12,14:00,N,18.03,16937.0,21846.0,0.2793746263455176
2025-04-12T20:00:00Z,2025-04-12,15,15:00:00,2025-04-12,15:00,N,19.86,17448.0,22044.0,0.30052242808022195
2025-04-12T21:00:00Z,2025-04-12,16,16:00:00,2025-04-12,16:00,N,21.4,17751.0,22063.0,0.32953664436966995
2025-04-12T22:00:00Z,2025-04-12,17,17:00:00,2025-04-12,17:00,N,24.35,17502.0,22814.0,0.3510857136716281
2025-04-12T23:00:00Z,2025-04-12,18,18:00:00,2025-04-12,18:00,N,25.81,16505.0,23328.0,0.37658349453700146
2025-04-13T00:00:00Z,2025-04-12,19,19:00:00,2025-04-12,19:00,N,36.28,12552.0,24354.0,0.4181827757944313
2025-04-13T01:00:00Z,2025-04-12,20,20:00:00,2025-04-12,20:00,N,50.22,3292.0,25232.0,0.5510076279710819
2025-04-13T02:00:00Z,2025-04-12,21,21:00:00,2025-04-12,21:00,N,45.63,24.0,26531.0,0.5618282483721947
2025-04-13T03:00:00Z,2025-04-12,22,22:00:00,2025-04-12,22:00,N,35.37,0.0,26867.0,0.5728221389641768
2025-04-13T04:00:00Z,2025-04-12,23,23:00:00,2025-04-12,23:00,N,30.67,1.0,27175.0,0.5419540908931054
2025-04-13T05:00:00Z,2025-04-12,24,00:00:00,2025-04-12,24:00,N,26.73,1.0,27375.0,0.5049507082535347
2025-04-13T06:00:00Z,2025-04-13,1,01:00:00,2025-04-13,01:00,N,22.3,1.0,27112.0,0.4830757775109388
2025-04-13T07:00:00Z,2025-04-13,2,02:00:00,2025-04-13,02:00,N,20.27,1.0,26913.0,0.46736175281490355
2025-04-13T08:00:00Z,2025-04-13,3,03:00:00,2025-04-13,03:00,N,18.88,1.0,26946.0,0.435138411371825
2025-04-13T09:00:00Z,2025-04-13,4,04:00:00,2025-04-13,04:00,N,17.18,1.0,26808.0,0.413381432166003
2025-04-13T10:00:00Z,2025-04-13,5,05:00:00,2025-04-13,05:00,N,16.64,1.0,26561.0,0.3902455165218143
2025-04-13T11:00:00Z,2025-04-13,6,06:00:00,2025-04-13,06:00,N,17.01,1.0,26572.0,0.3811071127774381
2025-04-13T12:00:00Z,2025-04-13,7,07:00:00,2025-04-13,07:00,N,18.07,1.0,26501.0,0.3724969414171581
2025-04-13T13:00:00Z,2025-04-13,8,08:00:00,2025-04-13,08:00,N,16.45,1795.0,25707.0,0.3480695176256875
2025-04-13T14:00:00Z,2025-04-13,9,09:00:00,2025-04-13,09:00,N,7.63,9100.0,23636.0,0.28984009009314815
2025-04-13T15:00:00Z,2025-04-13,10,10:00:00,2025-04-13,10:00,N,5.5,13044.0,22749.0,0.2642818521068057
2025-04-13T16:00:00Z,2025-04-13,11,11:00:00,2025-04-13,11:00,N,7.31,14342.0,21773.0,0.2745361373734584
2025-04-13T17:00:00Z,2025-04-13,12,12:00:00,2025-04-13,12:00,N,11.82,16554.0,20733.0,0.28128877319936596
2025-04-13T18:00:00Z,2025-04-13,13,13:00:00,2025-04-13,13:00,N,18.64,18214.0,20203.0,0.2961944428094535
2025-04-13T19:00:00Z,2025-04-13,14,14:00:00,2025-04-13,14:00,N,22.52,20581.0,19059.0,0.3156288545618408
2025-04-13T20:00:00Z,2025-04-13,15,15:00:00,2025-04-13,15:00,N,27.3,22527.0,17772.0,0.34593899778509074
2025-04-13T21:00:00Z,2025-04-13,16,16:00:00,2025-04-13,16:00,N,30.42,23022.0,17838.0,0.36740090587739926
2025-04-13T22:00:00Z,2025-04-13,17,17:00:00,2025-04-13,17:00,N,34.33,22625.0,18607.0,0.38346887250902634
2025-04-13T23:00:00Z,2025-04-13,18,18:00:00,2025-04-13,18:00,N,38.85,21333.0,19597.0,0.39525426088662047
2025-04-14T00:00:00Z,2025-04-13,19,19:00:00,2025-04-13,19:00,N,50.04,15661.0,20772.0,0.46698112716792256
2025-04-14T01:00:00Z,2025-04-13,20,20:00:00,2025-04-13,20:00,N,70.55,3072.0,22628.0,0.6001054261550156
2025-04-14T02:00:00Z,2025-04-13,21,21:00:00,2025-04-13,21:00,N,70.57,5.0,25070.0,0.613781431398718
2025-04-14T03:00:00Z,2025-04-13,22,22:00:00,2025-04-13,22:00,N,39.59,0.0,26988.0,0.5988367621886733
2025-04-14T04:00:00Z,2025-04-13,23,23:00:00,2025-04-13,23:00,N,29.06,0.0,27305.0,0.5647457700167013
2025-04-14T05:00:00Z,2025-04-13,24,00:00:00,2025-04-13,24:00,N,24.28,0.0,27334.0,0.5150941449712367
2025-04-14T06:00:00Z,2025-04-14,1,01:00:00,2025-04-14,01:00,N,23.76,1.0,27171.0,0.4840971314106616
2025-04-14T07:00:00Z,2025-04-14,2,02:00:00,2025-04-14,02:00,N,21.06,1.0,26976.0,0.46129972913982115
2025-04-14T08:00:00Z,2025-04-14,3,03:00:00,2025-04-14,03:00,N,18.36,0.0,26347.0,0.4495005227004816
2025-04-14T09:00:00Z,2025-04-14,4,04:00:00,2025-04-14,04:00,N,17.98,0.0,26051.0,0.44536937417207
2025-04-14T10:00:00Z,2025-04-14,5,05:00:00,2025-04-14,05:00,N,19.06,0.0,25701.0,0.4610599503907923
2025-04-14T11:00:00Z,2025-04-14,6,06:00:00,2025-04-14,06:00,N,25.25,0.0,24928.0,0.5034123826899167
2025-04-14T12:00:00Z,2025-04-14,7,07:00:00,2025-04-14,07:00,N,25.37,1.0,24011.0,0.5556198593425622
2025-04-14T13:00:00Z,2025-04-14,8,08:00:00,2025-04-14,08:00,N,29.3,1429.0,23067.0,0.5642982609295912
2025-04-14T14:00:00Z,2025-04-14,9,09:00:00,2025-04-14,09:00,N,16.62,9971.0,20666.0,0.4474478172610581
2025-04-14T15:00:00Z,2025-04-14,10,10:00:00,2025-04-14,10:00,N,12.34,17545.0,19431.0,0.3258227603493787
2025-04-14T16:00:00Z,2025-04-14,11,11:00:00,2025-04-14,11:00,N,14.74,20565.0,17479.0,0.31431095426432887
2025-04-14T17:00:00Z,2025-04-14,12,12:00:00,2025-04-14,12:00,N,18.29,21494.0,16219.0,0.34848940470609413
2025-04-14T18:00:00Z,2025-04-14,13,13:00:00,2025-04-14,13:00,N,22.19,21821.0,15661.0,0.3740848657104586
2025-04-14T19:00:00Z,2025-04-14,14,14:00:00,2025-04-14,14:00,N,30.47,22824.0,15077.0,0.40733132646998205
2025-04-14T20:00:00Z,2025-04-14,15,15:00:00,2025-04-14,15:00,N,34.07,23197.0,15443.0,0.4277237454092717
2025-04-14T21:00:00Z,2025-04-14,16,16:00:00,2025-04-14,16:00,N,38.63,22924.0,14971.0,0.47372546333616594
2025-04-14T22:00:00Z,2025-04-14,17,17:00:00,2025-04-14,17:00,N,47.74,21569.0,15853.0,0.4888964966103333
2025-04-14T23:00:00Z,2025-04-14,18,18:00:00,2025-04-14,18:00,N,52.54,17684.0,17321.0,0.5264470400634857
2025-04-15T00:00:00Z,2025-04-14,19,19:00:00,2025-04-14,19:00,N,61.15,8969.0,18277.0,0.6244114987523679
2025-04-15T01:00:00Z,2025-04-14,20,20:00:00,2025-04-14,20:00,N,109.05,1677.0,18148.0,0.6926393893442014
2025-04-15T02:00:00Z,2025-04-14,21,21:00:00,2025-04-14,21:00,N,82.79,25.0,18335.0,0.7149333707654995
2025-04-15T03:00:00Z,2025-04-14,22,22:00:00,2025-04-14,22:00,N,44.09,0.0,19606.0,0.7330743266576414
2025-04-15T04:00:00Z,2025-04-14,23,23:00:00,2025-04-14,23:00,N,39.69,0.0,20583.0,0.7065831749315806
2025-04-15T05:00:00Z,2025-04-14,24,00:00:00,2025-04-14,24:00,N,28.29,0.0,20744.0,0.6774404042528475
2025-04-15T06:00:00Z,2025-04-15,1,01:00:00,2025-04-15,01:00,N,25.37,0.0,21482.0,0.6028656587954515
2025-04-15T07:00:00Z,2025-04-15,2,02:00:00,2025-04-15,02:00,N,22.59,0.0,21321.0,0.5714583758599889
2025-04-15T08:00:00Z,2025-04-15,3,03:00:00,2025-04-15,03:00,N,21.77,0.0,20824.0,0.5489732904607182
2025-04-15T09:00:00Z,2025-04-15,4,04:00:00,2025-04-15,04:00,N,20.54,0.0,19542.0,0.559592314818607
2025-04-15T10:00:00Z,2025-04-15,5,05:00:00,2025-04-15,05:00,N,21.65,0.0,18356.0,0.5791370373190178
2025-04-15T11:00:00Z,2025-04-15,6,06:00:00,2025-04-15,06:00,N,27.65,0.0,16733.0,0.6353743594296074
2025-04-15T12:00:00Z,2025-04-15,7,07:00:00,2025-04-15,07:00,N,36.75,1.0,14345.0,0.7149734906050532
2025-04-15T13:00:00Z,2025-04-15,8,08:00:00,2025-04-15,08:00,N,41.03,1417.0,12747.0,0.709989206940267
2025-04-15T14:00:00Z,2025-04-15,9,09:00:00,2025-04-15,09:00,N,24.02,10840.0,11474.0,0.5826367967891292
2025-04-15T15:00:00Z,2025-04-15,10,10:00:00,2025-04-15,10:00,N,18.18,18211.0,12381.0,0.43037715843231933
2025-04-15T16:00:00Z,2025-04-15,11,11:00:00,2025-04-15,11:00,N,17.7,20635.0,13232.0,0.37001910566406193
2025-04-15T17:00:00Z,2025-04-15,12,12:00:00,2025-04-15,12:00,N,20.12,21565.0,11831.0,0.39296411007773757
2025-04-15T18:00:00Z,2025-04-15,13,13:00:00,2025-04-15,13:00,N,23.54,21664.0,10898.0,0.4362445343682493
2025-04-15T19:00:00Z,2025-04-15,14,14:00:00,2025-04-15,14:00,N,30.06,22669.0,9871.0,0.45625960170512275
2025-04-15T20:00:00Z,2025-04-15,15,15:00:00,2025-04-15,15:00,N,35.64,23120.0,9216.0,0.47288791322030543
2025-04-15T21:00:00Z,2025-04-15,16,16:00:00,2025-04-15,16:00,N,36.23,22319.0,8835.0,0.49872314669510037
2025-04-15T22:00:00Z,2025-04-15,17,17:00:00,2025-04-15,17:00,N,37.77,22077.0,8513.0,0.5172960625903169
2025-04-15T23:00:00Z,2025-04-15,18,18:00:00,2025-04-15,18:00,N,37.94,20015.0,9098.0,0.5452299892420378
2025-04-16T00:00:00Z,2025-04-15,19,19:00:00,2025-04-15,19:00,N,35.91,13992.0,10168.0,0.6084561822364747
2025-04-16T01:00:00Z,2025-04-15,20,20:00:00,2025-04-15,20:00,N,75.17,3437.0,10951.0,0.7060722242973211
2025-04-16T02:00:00Z,2025-04-15,21,21:00:00,2025-04-15,21:00,N,89.31,46.0,11665.0,0.7434757586391633
2025-04-16T03:00:00Z,2025-04-15,22,22:00:00,2025-04-15,22:00,N,50.3,0.0,14811.0,0.7437927262729479
2025-04-16T04:00:00Z,2025-04-15,23,23:00:00,2025-04-15,23:00,N,35.88,0.0,17559.0,0.7099835855461333
2025-04-16T05:00:00Z,2025-04-15,24,00:00:00,2025-04-15,24:00,N,28.29,0.0,19250.0,0.6663108800357189
2025-04-16T06:00:00Z,2025-04-16,1,01:00:00,2025-04-16,01:00,N,29.91,0.0,20091.0,0.5990732941281687
2025-04-16T07:00:00Z,2025-04-16,2,02:00:00,2025-04-16,02:00,N,26.8,0.0,20528.0,0.566193343738294
2025-04-16T08:00:00Z,2025-04-16,3,03:00:00,2025-04-16,03:00,N,24.01,0.0,20072.0,0.5450045071406816
2025-04-16T09:00:00Z,2025-04-16,4,04:00:00,2025-04-16,04:00,N,23.27,0.0,19595.0,0.5381800086322333
2025-04-16T10:00:00Z,2025-04-16,5,05:00:00,2025-04-16,05:00,N,23.85,0.0,19446.0,0.5366861265031305
2025-04-16T11:00:00Z,2025-04-16,6,06:00:00,2025-04-16,06:00,N,32.89,0.0,20024.0,0.5512948705451638
2025-04-16T12:00:00Z,2025-04-16,7,07:00:00,2025-04-16,07:00,N,32.89,2.0,20791.0,0.5662417797607486
2025-04-16T13:00:00Z,2025-04-16,8,08:00:00,2025-04-16,08:00,N,32.06,1462.0,20395.0,0.5401744252338012
2025-04-16T14:00:00Z,2025-04-16,9,09:00:00,2025-04-16,09:00,N,20.8,10412.0,17893.0,0.4386392037385993
2025-04-16T15:00:00Z,2025-04-16,10,10:00:00,2025-04-16,10:00,N,14.14,15954.0,17967.0,0.3464205390531227
2025-04-16T16:00:00Z,2025-04-16,11,11:00:00,2025-04-16,11:00,N,15.13,16448.0,19748.0,0.3139440294136261
2025-04-16T17:00:00Z,2025-04-16,12,12:00:00,2025-04-16,12:00,N,18.86,17578.0,19617.0,0.3051874345547194
2025-04-16T18:00:00Z,2025-04-16,13,13:00:00,2025-04-16,13:00,N,21.34,17842.0,19498.0,0.3170053432247517
2025-04-16T19:00:00Z,2025-04-16,14,14:00:00,2025-04-16,14:00,N,26.19,18345.0,19617.0,0.3414903512527025
2025-04-16T20:00:00Z,2025-04-16,15,15:00:00,2025-04-16,15:00,N,31.66,18798.0,19785.0,0.36953443342853776
2025-04-16T21:00:00Z,2025-04-16,16,16:00:00,2025-04-16,16:00,N,35.66,18811.0,21185.0,0.3681567235468912
2025-04-16T22:00:00Z,2025-04-16,17,17:00:00,2025-04-16,17:00,N,38.97,17576.0,22103.0,0.3798025735966228
2025-04-16T23:00:00Z,2025-04-16,18,18:00:00,2025-04-16,18:00,N,39.91,15276.0,23160.0,0.4221193638192961
2025-04-17T00:00:00Z,2025-04-16,19,19:00:00,2025-04-16,19:00,N,42.39,12292.0,23699.0,0.45147375826832176
2025-04-17T01:00:00Z,2025-04-16,20,20:00:00,2025-04-16,20:00,N,51.48,3301.0,24683.0,0.5343151777256087
2025-04-17T02:00:00Z,2025-04-16,21,21:00:00,2025-04-16,21:00,N,44.92,31.0,25962.0,0.5621018061010441
2025-04-17T03:00:00Z,2025-04-16,22,22:00:00,2025-04-16,22:00,N,35.35,0.0,26284.0,0.5827277907028918
2025-04-17T04:00:00Z,2025-04-16,23,23:00:00,2025-04-16,23:00,N,33.41,0.0,26566.0,0.5724504102999005
2025-04-17T05:00:00Z,2025-04-16,24,00:00:00,2025-04-16,24:00,N,24.53,1.0,26676.0,0.5271133444104498
2025-04-17T06:00:00Z,2025-04-17,1,01:00:00,2025-04-17,01:00,N,21.63,1.0,26442.0,0.5003460228758109
2025-04-17T07:00:00Z,2025-04-17,2,02:00:00,2025-04-17,02:00,N,19.22,1.0,26286.0,0.4896925072210595
2025-04-17T08:00:00Z,2025-04-17,3,03:00:00,2025-04-17,03:00,N,18.01,1.0,26098.0,0.4756349236646613
2025-04-17T09:00:00Z,2025-04-17,4,04:00:00,2025-04-17,04:00,N,17.14,0.0,26065.0,0.4619708407082049
2025-04-17T10:00:00Z,2025-04-17,5,05:00:00,2025-04-17,05:00,N,18.2,0.0,25353.0,0.473243079460147
2025-04-17T11:00:00Z,2025-04-17,6,06:00:00,2025-04-17,06:00,N,25.71,1.0,25154.0,0.4911218166343117
2025-04-17T12:00:00Z,2025-04-17,7,07:00:00,2025-04-17,07:00,N,24.16,2.0,24185.0,0.5177588790485422
2025-04-17T13:00:00Z,2025-04-17,8,08:00:00,2025-04-17,08:00,N,24.48,1670.0,22753.0,0.5386397530415387
2025-04-17T14:00:00Z,2025-04-17,9,09:00:00,2025-04-17,09:00,N,18.48,9964.0,20756.0,0.44920589951337636
2025-04-17T15:00:00Z,2025-04-17,10,10:00:00,2025-04-17,10:00,N,16.76,15815.0,19670.0,0.36174505485166075
2025-04-17T16:00:00Z,2025-04-17,11,11:00:00,2025-04-17,11:00,N,19.55,19557.0,18391.0,0.314997982740235
2025-04-17T17:00:00Z,2025-04-17,12,12:00:00,2025-04-17,12:00,N,25.87,21820.0,17090.0,0.29797797431252426
2025-04-17T18:00:00Z,2025-04-17,13,13:00:00,2025-04-17,13:00,N,34.48,22541.0,16563.0,0.3144580797713404
2025-04-17T19:00:00Z,2025-04-17,14,14:00:00,2025-04-17,14:00,N,38.51,22595.0,17243.0,0.3345326707850882
2025-04-17T20:00:00Z,2025-04-17,15,15:00:00,2025-04-17,15:00,N,42.67,22348.0,18965.0,0.3423674522556857
2025-04-17T21:00:00Z,2025-04-17,16,16:00:00,2025-04-17,16:00,N,42.58,20952.0,19839.0,0.37887642761493273
2025-04-17T22:00:00Z,2025-04-17,17,17:00:00,2025-04-17,17:00,N,49.17,18451.0,20547.0,0.42441707150402647
2025-04-17T23:00:00Z,2025-04-17,18,18:00:00,2025-04-17,18:00,N,46.64,15945.0,21153.0,0.44772088540166116
2025-04-18T00:00:00Z,2025-04-17,19,19:00:00,2025-04-17,19:00,N,47.36,10135.0,23020.0,0.4989824665525495
2025-04-18T01:00:00Z,2025-04-17,20,20:00:00,2025-04-17,20:00,N,47.1,2473.0,24877.0,0.5664854662705228
2025-04-18T02:00:00Z,2025-04-17,21,21:00:00,2025-04-17,21:00,N,45.26,27.0,26127.0,0.5708537241389645
2025-04-18T03:00:00Z,2025-04-17,22,22:00:00,2025-04-17,22:00,N,34.0,1.0,26572.0,0.5794268776217155
2025-04-18T04:00:00Z,2025-04-17,23,23:00:00,2025-04-17,23:00,N,29.66,0.0,26580.0,0.5631511409342462
2025-04-18T05:00:00Z,2025-04-17,24,00:00:00,2025-04-17,24:00,N,23.93,1.0,26649.0,0.5164801956994393
2025-04-18T06:00:00Z,2025-04-18,1,01:00:00,2025-04-18,01:00,N,24.95,1.0,26397.0,0.479023054819315
2025-04-18T07:00:00Z,2025-04-18,2,02:00:00,2025-04-18,02:00,N,20.57,1.0,26282.0,0.45993854860409117
2025-04-18T08:00:00Z,2025-04-18,3,03:00:00,2025-04-18,03:00,N,18.92,1.0,26188.0,0.4363679040349838
2025-04-18T09:00:00Z,2025-04-18,4,04:00:00,2025-04-18,04:00,N,18.26,1.0,25894.0,0.4213833849298217
2025-04-18T10:00:00Z,2025-04-18,5,05:00:00,2025-04-18,05:00,N,19.06,0.0,25310.0,0.43586603259600615
2025-04-18T11:00:00Z,2025-04-18,6,06:00:00,2025-04-18,06:00,N,23.87,0.0,24933.0,0.451174426821801
2025-04-18T12:00:00Z,2025-04-18,7,07:00:00,2025-04-18,07:00,N,26.57,4.0,24000.0,0.4884396461558845
2025-04-18T13:00:00Z,2025-04-18,8,08:00:00,2025-04-18,08:00,N,29.54,1145.0,23411.0,0.48498212000383745
2025-04-18T14:00:00Z,2025-04-18,9,09:00:00,2025-04-18,09:00,N,25.66,5910.0,22601.0,0.4166003460662659
2025-04-18T15:00:00Z,2025-04-18,10,10:00:00,2025-04-18,10:00,N,22.99,10975.0,22623.0,0.3600289815828197
2025-04-18T16:00:00Z,2025-04-18,11,11:00:00,2025-04-18,11:00,N,26.22,14022.0,22175.0,0.33418637459622297
2025-04-18T17:00:00Z,2025-04-18,12,12:00:00,2025-04-18,12:00,N,27.89,16344.0,21147.0,0.3335201505000994
2025-04-18T18:00:00Z,2025-04-18,13,13:00:00,2025-04-18,13:00,N,30.48,17408.0,19878.0,0.36469098981411546
2025-04-18T19:00:00Z,2025-04-18,14,14:00:00,2025-04-18,14:00,N,35.52,17880.0,18235.0,0.40177296413429736
2025-04-18T20:00:00Z,2025-04-18,15,15:00:00,2025-04-18,15:00,N,40.44,17326.0,17002.0,0.47011191169629546
2025-04-18T21:00:00Z,2025-04-18,16,16:00:00,2025-04-18,16:00,N,43.67,13816.0,17099.0,0.5517550753739854
2025-04-18T22:00:00Z,2025-04-18,17,17:00:00,2025-04-18,17:00,N,46.66,10682.0,17788.0,0.6029680592186414
2025-04-18T23:00:00Z,2025-04-18,18,18:00:00,2025-04-18,18:00,N,50.65,6950.0,18613.0,0.6340925738624006
2025-04-19T00:00:00Z,2025-04-18,19,19:00:00,2025-04-18,19:00,N,54.02,3033.0,18288.0,0.6785476236697966
2025-04-19T01:00:00Z,2025-04-18,20,20:00:00,2025-04-18,20:00,N,48.19,562.0,18903.0,0.7081062282729426
2025-04-19T02:00:00Z,2025-04-18,21,21:00:00,2025-04-18,21:00,N,46.8,4.0,20291.0,0.6922836257611457
2025-04-19T03:00:00Z,2025-04-18,22,22:00:00,2025-04-18,22:00,N,39.17,0.0,21388.0,0.6662181123071492
2025-04-19T04:00:00Z,2025-04-18,23,23:00:00,2025-04-18,23:00,N,35.91,0.0,22446.0,0.6231470653599386
2025-04-19T05:00:00Z,2025-04-18,24,00:00:00,2025-04-18,24:00,N,28.23,0.0,23076.0,0.5786605985230691
2025-04-19T06:00:00Z,2025-04-19,1,01:00:00,2025-04-19,01:00,N,25.2,0.0,22466.0,0.5686353109602343
2025-04-19T07:00:00Z,2025-04-19,2,02:00:00,2025-04-19,02:00,N,22.44,0.0,22725.0,0.5454427204241825
2025-04-19T08:00:00Z,2025-04-19,3,03:00:00,2025-04-19,03:00,N,21.57,0.0,20980.0,0.5681718951534387
2025-04-19T09:00:00Z,2025-04-19,4,04:00:00,2025-04-19,04:00,N,19.84,0.0,20000.0,0.5789153146198862
2025-04-19T10:00:00Z,2025-04-19,5,05:00:00,2025-04-19,05:00,N,19.85,0.0,20300.0,0.565068065313101
2025-04-19T11:00:00Z,2025-04-19,6,06:00:00,2025-04-19,06:00,N,21.34,0.0,19541.0,0.5665853706426964
2025-04-19T12:00:00Z,2025-04-19,7,07:00:00,2025-04-19,07:00,N,23.85,1.0,16842.0,0.6298281990482144
2025-04-19T13:00:00Z,2025-04-19,8,08:00:00,2025-04-19,08:00,N,25.47,492.0,16412.0,0.6226048507647574
2025-04-19T14:00:00Z,2025-04-19,9,09:00:00,2025-04-19,09:00,N,23.42,4319.0,17363.0,0.5458768419543628
2025-04-19T15:00:00Z,2025-04-19,10,10:00:00,2025-04-19,10:00,N,22.71,9564.0,18097.0,0.4518875423890467
2025-04-19T16:00:00Z,2025-04-19,11,11:00:00,2025-04-19,11:00,N,23.12,11718.0,16486.0,0.4484106874376171
2025-04-19T17:00:00Z,2025-04-19,12,12:00:00,2025-04-19,12:00,N,24.28,12848.0,14552.0,0.4801397730875996
2025-04-19T18:00:00Z,2025-04-19,13,13:00:00,2025-04-19,13:00,N,27.1,14478.0,15096.0,0.45150313092545885
2025-04-19T19:00:00Z,2025-04-19,14,14:00:00,2025-04-19,14:00,N,26.99,13935.0,16756.0,0.43565449572274434
2025-04-19T20:00:00Z,2025-04-19,15,15:00:00,2025-04-19,15:00,N,27.58,12603.0,17659.0,0.4474091903123609
2025-04-19T21:00:00Z,2025-04-19,16,16:00:00,2025-04-19,16:00,N,26.02,11705.0,18114.0,0.4712854938332089
2025-04-19T22:00:00Z,2025-04-19,17,17:00:00,2025-04-19,17:00,N,28.36,11094.0,19216.0,0.4646360401652468
2025-04-19T23:00:00Z,2025-04-19,18,18:00:00,2025-04-19,18:00,N,27.33,7922.0,20122.0,0.5060274093798578
2025-04-20T00:00:00Z,2025-04-19,19,19:00:00,2025-04-19,19:00,N,29.05,4071.0,20120.0,0.5822448170114279
2025-04-20T01:00:00Z,2025-04-19,20,20:00:00,2025-04-19,20:00,N,38.66,1068.0,19124.0,0.6520582096368807
2025-04-20T02:00:00Z,2025-04-19,21,21:00:00,2025-04-19,21:00,N,45.7,13.0,18064.0,0.6874706674144152
2025-04-20T03:00:00Z,2025-04-19,22,22:00:00,2025-04-19,22:00,N,40.06,0.0,18529.0,0.7011380174794808
2025-04-20T04:00:00Z,2025-04-19,23,23:00:00,2025-04-19,23:00,N,31.21,0.0,19240.0,0.6860314136270987
2025-04-20T05:00:00Z,2025-04-19,24,00:00:00,2025-04-19,24:00,N,26.11,0.0,20363.0,0.6332658116874643
2025-04-20T06:00:00Z,2025-04-20,1,01:00:00,2025-04-20,01:00,N,21.74,0.0,22255.0,0.5500428279323465
2025-04-20T07:00:00Z,2025-04-20,2,02:00:00,2025-04-20,02:00,N,22.13,0.0,21032.0,0.5437776498534351
2025-04-20T08:00:00Z,2025-04-20,3,03:00:00,2025-04-20,03:00,N,23.92,0.0,17405.0,0.6129949013821309
2025-04-20T09:00:00Z,2025-04-20,4,04:00:00,2025-04-20,04:00,N,25.61,0.0,12637.0,0.7466234004335051
2025-04-20T10:00:00Z,2025-04-20,5,05:00:00,2025-04-20,05:00,N,26.83,0.0,10489.0,0.8137414879800966
2025-04-20T11:00:00Z,2025-04-20,6,06:00:00,2025-04-20,06:00,N,26.06,0.0,10015.0,0.830527464178127
2025-04-20T12:00:00Z,2025-04-20,7,07:00:00,2025-04-20,07:00,N,26.51,1.0,11346.0,0.7852628661691903
2025-04-20T13:00:00Z,2025-04-20,8,08:00:00,2025-04-20,08:00,N,25.32,926.0,11971.0,0.7230914960582439
2025-04-20T14:00:00Z,2025-04-20,9,09:00:00,2025-04-20,09:00,N,20.22,7650.0,13799.0,0.5498378910944086
2025-04-20T15:00:00Z,2025-04-20,10,10:00:00,2025-04-20,10:00,N,17.37,12786.0,15521.0,0.4382549694122736
2025-04-20T16:00:00Z,2025-04-20,11,11:00:00,2025-04-20,11:00,N,16.82,15280.0,16621.0,0.39337596352799725
2025-04-20T17:00:00Z,2025-04-20,12,12:00:00,2025-04-20,12:00,N,16.65,16594.0,15922.0,0.386697627932734
2025-04-20T18:00:00Z,2025-04-20,13,13:00:00,2025-04-20,13:00,N,18.6,17240.0,15418.0,0.39372047184122505
2025-04-20T19:00:00Z,2025-04-20,14,14:00:00,2025-04-20,14:00,N,20.14,18741.0,14204.0,0.40289364317444
2025-04-20T20:00:00Z,2025-04-20,15,15:00:00,2025-04-20,15:00,N,18.94,20884.0,11001.0,0.4295335801723313
2025-04-20T21:00:00Z,2025-04-20,16,16:00:00,2025-04-20,16:00,N,20.9,21644.0,8015.0,0.4812760061474898
2025-04-20T22:00:00Z,2025-04-20,17,17:00:00,2025-04-20,17:00,N,22.49,20998.0,5551.0,0.5526419849667921
2025-04-20T23:00:00Z,2025-04-20,18,18:00:00,2025-04-20,18:00,N,30.33,20025.0,3782.0,0.6109891367103916
2025-04-21T00:00:00Z,2025-04-20,19,19:00:00,2025-04-20,19:00,N,50.45,15510.0,2416.0,0.7307927152919611
2025-04-21T01:00:00Z,2025-04-20,20,20:00:00,2025-04-20,20:00,N,168.03,4765.0,1275.0,0.9132201699737144
2025-04-21T02:00:00Z,2025-04-20,21,21:00:00,2025-04-20,21:00,N,218.05,69.0,1256.0,0.9572492624720061
2025-04-21T03:00:00Z,2025-04-20,22,22:00:00,2025-04-20,22:00,N,166.53,0.0,1745.0,0.9926082285371914
2025-04-21T04:00:00Z,2025-04-20,23,23:00:00,2025-04-20,23:00,N,80.06,0.0,3090.0,1.0184357925225962
2025-04-21T05:00:00Z,2025-04-20,24,00:00:00,2025-04-20,24:00,N,47.86,0.0,5930.0,0.9692602993424925
2025-04-21T06:00:00Z,2025-04-21,1,01:00:00,2025-04-21,01:00,N,41.37,0.0,9170.0,0.9028550746182238
2025-04-21T07:00:00Z,2025-04-21,2,02:00:00,2025-04-21,02:00,N,33.33,0.0,11201.0,0.8288168853023166
2025-04-21T08:00:00Z,2025-04-21,3,03:00:00,2025-04-21,03:00,N,30.07,0.0,11753.0,0.7766508934768211
2025-04-21T09:00:00Z,2025-04-21,4,04:00:00,2025-04-21,04:00,N,28.34,0.0,11328.0,0.7624503956191212
2025-04-21T10:00:00Z,2025-04-21,5,05:00:00,2025-04-21,05:00,N,34.42,0.0,10794.0,0.7759867698120464
2025-04-21T11:00:00Z,2025-04-21,6,06:00:00,2025-04-21,06:00,N,39.74,0.0,10485.0,0.8054595267302813
2025-04-21T12:00:00Z,2025-04-21,7,07:00:00,2025-04-21,07:00,N,49.69,4.0,10311.0,0.8220259691872996
2025-04-21T13:00:00Z,2025-04-21,8,08:00:00,2025-04-21,08:00,N,38.22,3150.0,9926.0,0.7704837558374302
2025-04-21T14:00:00Z,2025-04-21,9,09:00:00,2025-04-21,09:00,N,19.44,15782.0,7899.0,0.5373946966379033
2025-04-21T15:00:00Z,2025-04-21,10,10:00:00,2025-04-21,10:00,N,18.69,22226.0,4912.0,0.4735326947468076
2025-04-21T16:00:00Z,2025-04-21,11,11:00:00,2025-04-21,11:00,N,19.18,22703.0,5976.0,0.4441835955796851
2025-04-21T17:00:00Z,2025-04-21,12,12:00:00,2025-04-21,12:00,N,18.76,22575.0,7289.0,0.42796888359853774
2025-04-21T18:00:00Z,2025-04-21,13,13:00:00,2025-04-21,13:00,N,18.54,24060.0,7197.0,0.419175408131334
2025-04-21T19:00:00Z,2025-04-21,14,14:00:00,2025-04-21,14:00,N,22.64,24650.0,6714.0,0.45051414113755744
2025-04-21T20:00:00Z,2025-04-21,15,15:00:00,2025-04-21,15:00,N,26.53,24660.0,7062.0,0.47031038724463786
2025-04-21T21:00:00Z,2025-04-21,16,16:00:00,2025-04-21,16:00,N,30.15,25372.0,8117.0,0.47271876147255454
2025-04-21T22:00:00Z,2025-04-21,17,17:00:00,2025-04-21,17:00,N,30.8,25471.0,10493.0,0.45290571470002267
2025-04-21T23:00:00Z,2025-04-21,18,18:00:00,2025-04-21,18:00,N,27.25,24207.0,12221.0,0.45049135522250205
2025-04-22T00:00:00Z,2025-04-21,19,19:00:00,2025-04-21,19:00,N,32.69,18026.0,12848.0,0.5345008767232117
2025-04-22T01:00:00Z,2025-04-21,20,20:00:00,2025-04-21,20:00,N,94.95,4775.0,12627.0,0.6979950951708831
2025-04-22T02:00:00Z,2025-04-21,21,21:00:00,2025-04-21,21:00,N,78.03,54.0,14356.0,0.7494187988277916
2025-04-22T03:00:00Z,2025-04-21,22,22:00:00,2025-04-21,22:00,N,38.09,1.0,18533.0,0.7189316238950092
2025-04-22T04:00:00Z,2025-04-21,23,23:00:00,2025-04-21,23:00,N,25.33,0.0,21508.0,0.643591641903911
2025-04-22T05:00:00Z,2025-04-21,24,00:00:00,2025-04-21,24:00,N,23.3,0.0,22039.0,0.5687762468924944
2025-04-22T06:00:00Z,2025-04-22,1,01:00:00,2025-04-22,01:00,N,22.04,0.0,22259.0,0.5289740818043343
2025-04-22T07:00:00Z,2025-04-22,2,02:00:00,2025-04-22,02:00,N,18.58,0.0,21737.0,0.5266479522987155
2025-04-22T08:00:00Z,2025-04-22,3,03:00:00,2025-04-22,03:00,N,17.5,0.0,21213.0,0.5268264877283488
2025-04-22T09:00:00Z,2025-04-22,4,04:00:00,2025-04-22,04:00,N,16.86,0.0,20917.0,0.5224757843725242
2025-04-22T10:00:00Z,2025-04-22,5,05:00:00,2025-04-22,05:00,N,17.1,0.0,20575.0,0.5283082820896317
2025-04-22T11:00:00Z,2025-04-22,6,06:00:00,2025-04-22,06:00,N,21.19,0.0,20214.0,0.5568986117528857
2025-04-22T12:00:00Z,2025-04-22,7,07:00:00,2025-04-22,07:00,N,24.13,12.0,19853.0,0.6023913388663508
2025-04-22T13:00:00Z,2025-04-22,8,08:00:00,2025-04-22,08:00,N,25.08,2371.0,19198.0,0.5910416301684134
2025-04-22T14:00:00Z,2025-04-22,9,09:00:00,2025-04-22,09:00,N,20.04,11172.0,15836.0,0.49664803281014874
2025-04-22T15:00:00Z,2025-04-22,10,10:00:00,2025-04-22,10:00,N,20.72,17262.0,14501.0,0.43485992464788453
2025-04-22T16:00:00Z,2025-04-22,11,11:00:00,2025-04-22,11:00,N,20.39,19095.0,15714.0,0.40962242795113574
2025-04-22T17:00:00Z,2025-04-22,12,12:00:00,2025-04-22,12:00,N,22.22,20148.0,15346.0,0.4304940561143372
2025-04-22T18:00:00Z,2025-04-22,13,13:00:00,2025-04-22,13:00,N,26.75,21377.0,14830.0,0.4397364895658232
2025-04-22T19:00:00Z,2025-04-22,14,14:00:00,2025-04-22,14:00,N,30.94,21616.0,15212.0,0.4595352205675225
2025-04-22T20:00:00Z,2025-04-22,15,15:00:00,2025-04-22,15:00,N,33.46,19952.0,17335.0,0.4736086681865915
2025-04-22T21:00:00Z,2025-04-22,16,16:00:00,2025-04-22,16:00,N,39.86,17946.0,19064.0,0.4894337898516385
2025-04-22T22:00:00Z,2025-04-22,17,17:00:00,2025-04-22,17:00,N,41.97,16660.0,20194.0,0.499888486443577
2025-04-22T23:00:00Z,2025-04-22,18,18:00:00,2025-04-22,18:00,N,40.49,15209.0,20646.0,0.5080193853873357
2025-04-23T00:00:00Z,2025-04-22,19,19:00:00,2025-04-22,19:00,N,40.05,10776.0,20401.0,0.5525942446535991
2025-04-23T01:00:00Z,2025-04-22,20,20:00:00,2025-04-22,20:00,N,74.28,2521.0,19476.0,0.6563556337099928
2025-04-23T02:00:00Z,2025-04-22,21,21:00:00,2025-04-22,21:00,N,93.49,40.0,19152.0,0.6941662824249585
2025-04-23T03:00:00Z,2025-04-22,22,22:00:00,2025-04-22,22:00,N,70.53,2.0,20096.0,0.7056138245575674
2025-04-23T04:00:00Z,2025-04-22,23,23:00:00,2025-04-22,23:00,N,48.5,0.0,20581.0,0.703303884678949
2025-04-23T05:00:00Z,2025-04-22,24,00:00:00,2025-04-22,24:00,N,36.07,0.0,20188.0,0.6943092433488288
2025-04-23T06:00:00Z,2025-04-23,1,01:00:00,2025-04-23,01:00,N,33.6,0.0,18540.0,0.7019653355637215
2025-04-23T07:00:00Z,2025-04-23,2,02:00:00,2025-04-23,02:00,N,30.88,0.0,17754.0,0.7088197590399806
2025-04-23T08:00:00Z,2025-04-23,3,03:00:00,2025-04-23,03:00,N,30.85,0.0,16002.0,0.7387962528652215
2025-04-23T09:00:00Z,2025-04-23,4,04:00:00,2025-04-23,04:00,N,30.69,0.0,15301.0,0.7547767914609121
2025-04-23T10:00:00Z,2025-04-23,5,05:00:00,2025-04-23,05:00,N,32.35,0.0,14722.0,0.7654773472563297
2025-04-23T11:00:00Z,2025-04-23,6,06:00:00,2025-04-23,06:00,N,36.48,0.0,14559.0,0.7556354567458681
2025-04-23T12:00:00Z,2025-04-23,7,07:00:00,2025-04-23,07:00,N,44.07,0.0,13221.0,0.7631710627116826
2025-04-23T13:00:00Z,2025-04-23,8,08:00:00,2025-04-23,08:00,N,45.78,547.0,13254.0,0.7513438983327191
2025-04-23T14:00:00Z,2025-04-23,9,09:00:00,2025-04-23,09:00,N,37.67,5542.0,12167.0,0.7008888233494591
2025-04-23T15:00:00Z,2025-04-23,10,10:00:00,2025-04-23,10:00,N,29.65,12028.0,11923.0,0.6027529726123667
2025-04-23T16:00:00Z,2025-04-23,11,11:00:00,2025-04-23,11:00,N,26.88,15565.0,12841.0,0.51577836379922
2025-04-23T17:00:00Z,2025-04-23,12,12:00:00,2025-04-23,12:00,N,27.43,18124.0,13401.0,0.447732013304123
2025-04-23T18:00:00Z,2025-04-23,13,13:00:00,2025-04-23,13:00,N,29.21,20256.0,13141.0,0.41548297046743415
2025-04-23T19:00:00Z,2025-04-23,14,14:00:00,2025-04-23,14:00,N,27.28,20702.0,12815.0,0.4318547890283364
2025-04-23T20:00:00Z,2025-04-23,15,15:00:00,2025-04-23,15:00,N,28.63,20140.0,13228.0,0.45532642389181294
2025-04-23T21:00:00Z,2025-04-23,16,16:00:00,2025-04-23,16:00,N,28.64,19992.0,13719.0,0.4731597634220207
2025-04-23T22:00:00Z,2025-04-23,17,17:00:00,2025-04-23,17:00,N,33.82,17734.0,14251.0,0.5268443166509794
2025-04-23T23:00:00Z,2025-04-23,18,18:00:00,2025-04-23,18:00,N,31.76,14134.0,15412.0,0.5818864721952135
2025-04-24T00:00:00Z,2025-04-23,19,19:00:00,2025-04-23,19:00,N,39.53,8268.0,16811.0,0.6468537549598127
2025-04-24T01:00:00Z,2025-04-23,20,20:00:00,2025-04-23,20:00,N,50.53,1660.0,17947.0,0.705858465171308
2025-04-24T02:00:00Z,2025-04-23,21,21:00:00,2025-04-23,21:00,N,71.36,20.0,18973.0,0.6965027491820317
2025-04-24T03:00:00Z,2025-04-23,22,22:00:00,2025-04-23,22:00,N,46.9,0.0,19923.0,0.7033972027111107
2025-04-24T04:00:00Z,2025-04-23,23,23:00:00,2025-04-23,23:00,N,36.85,0.0,18912.0,0.7225732638442114
2025-04-24T05:00:00Z,2025-04-23,24,00:00:00,2025-04-23,24:00,N,26.67,0.0,19347.0,0.6935058142115169
2025-04-24T06:00:00Z,2025-04-24,1,01:00:00,2025-04-24,01:00,N,25.37,0.0,18584.0,0.6961876194954246
2025-04-24T07:00:00Z,2025-04-24,2,02:00:00,2025-04-24,02:00,N,24.84,0.0,17476.0,0.6927015420580455
2025-04-24T08:00:00Z,2025-04-24,3,03:00:00,2025-04-24,03:00,N,23.85,0.0,17273.0,0.6860894157070151
2025-04-24T09:00:00Z,2025-04-24,4,04:00:00,2025-04-24,04:00,N,25.77,0.0,16267.0,0.6970386652626048
2025-04-24T10:00:00Z,2025-04-24,5,05:00:00,2025-04-24,05:00,N,28.81,0.0,15428.0,0.7323934413404115
2025-04-24T11:00:00Z,2025-04-24,6,06:00:00,2025-04-24,06:00,N,34.58,0.0,14535.0,0.769229832320231
2025-04-24T12:00:00Z,2025-04-24,7,07:00:00,2025-04-24,07:00,N,36.59,2.0,13247.0,0.7730652708062886
2025-04-24T13:00:00Z,2025-04-24,8,08:00:00,2025-04-24,08:00,N,38.49,711.0,13104.0,0.7619284125614739
2025-04-24T14:00:00Z,2025-04-24,9,09:00:00,2025-04-24,09:00,N,28.35,3874.0,12776.0,0.7435023884456249
2025-04-24T15:00:00Z,2025-04-24,10,10:00:00,2025-04-24,10:00,N,24.31,8442.0,12505.0,0.6846112480314555
2025-04-24T16:00:00Z,2025-04-24,11,11:00:00,2025-04-24,11:00,N,25.05,11867.0,12782.0,0.6339601390801792
2025-04-24T17:00:00Z,2025-04-24,12,12:00:00,2025-04-24,12:00,N,26.82,14495.0,14392.0,0.5716622664381384
2025-04-24T18:00:00Z,2025-04-24,13,13:00:00,2025-04-24,13:00,N,32.31,16255.0,15843.0,0.5024832523249536
2025-04-24T19:00:00Z,2025-04-24,14,14:00:00,2025-04-24,14:00,N,30.04,15662.0,15544.0,0.5254248641173148
2025-04-24T20:00:00Z,2025-04-24,15,15:00:00,2025-04-24,15:00,N,32.65,14771.0,14187.0,0.5853027677998163
2025-04-24T21:00:00Z,2025-04-24,16,16:00:00,2025-04-24,16:00,N,35.43,13409.0,12915.0,0.6332956145102608
2025-04-24T22:00:00Z,2025-04-24,17,17:00:00,2025-04-24,17:00,N,38.5,11884.0,13188.0,0.6469546029111982
2025-04-24T23:00:00Z,2025-04-24,18,18:00:00,2025-04-24,18:00,N,37.28,11718.0,14376.0,0.6006964192580089
2025-04-25T00:00:00Z,2025-04-24,19,19:00:00,2025-04-24,19:00,N,42.66,8273.0,14780.0,0.6388723505893036
2025-04-25T01:00:00Z,2025-04-24,20,20:00:00,2025-04-24,20:00,N,79.29,2527.0,15144.0,0.7060112698653687
2025-04-25T02:00:00Z,2025-04-24,21,21:00:00,2025-04-24,21:00,N,86.41,79.0,15401.0,0.7343380997475504
2025-04-25T03:00:00Z,2025-04-24,22,22:00:00,2025-04-24,22:00,N,57.95,0.0,17536.0,0.7223031308065866
2025-04-25T04:00:00Z,2025-04-24,23,23:00:00,2025-04-24,23:00,N,40.63,0.0,18595.0,0.6821610968543457
2025-04-25T05:00:00Z,2025-04-24,24,00:00:00,2025-04-24,24:00,N,31.66,0.0,18991.0,0.6449566689353137
2025-04-25T06:00:00Z,2025-04-25,1,01:00:00,2025-04-25,01:00,N,25.4,0.0,18908.0,0.6181118149933085
2025-04-25T07:00:00Z,2025-04-25,2,02:00:00,2025-04-25,02:00,N,24.57,1.0,18130.0,0.6150498749008649
2025-04-25T08:00:00Z,2025-04-25,3,03:00:00,2025-04-25,03:00,N,24.03,0.0,18094.0,0.604754224619743
2025-04-25T09:00:00Z,2025-04-25,4,04:00:00,2025-04-25,04:00,N,24.17,0.0,17512.0,0.6020457998696073
2025-04-25T10:00:00Z,2025-04-25,5,05:00:00,2025-04-25,05:00,N,29.19,0.0,15627.0,0.6445505596644847
2025-04-25T11:00:00Z,2025-04-25,6,06:00:00,2025-04-25,06:00,N,33.35,0.0,13532.0,0.7272925022381869
2025-04-25T12:00:00Z,2025-04-25,7,07:00:00,2025-04-25,07:00,N,47.5,1.0,11670.0,0.8148355241249343
2025-04-25T13:00:00Z,2025-04-25,8,08:00:00,2025-04-25,08:00,N,42.54,782.0,9603.0,0.8242611499133139
2025-04-25T14:00:00Z,2025-04-25,9,09:00:00,2025-04-25,09:00,N,31.53,5213.0,7314.0,0.8063994804123751
2025-04-25T15:00:00Z,2025-04-25,10,10:00:00,2025-04-25,10:00,N,24.82,10235.0,7203.0,0.7460422967569258
2025-04-25T16:00:00Z,2025-04-25,11,11:00:00,2025-04-25,11:00,N,24.54,13730.0,7523.0,0.6893886545849682
2025-04-25T17:00:00Z,2025-04-25,12,12:00:00,2025-04-25,12:00,N,28.55,16179.0,7670.0,0.6546116929322785
2025-04-25T18:00:00Z,2025-04-25,13,13:00:00,2025-04-25,13:00,N,31.07,18179.0,8254.0,0.6080905429820725
2025-04-25T19:00:00Z,2025-04-25,14,14:00:00,2025-04-25,14:00,N,36.02,18739.0,9252.0,0.5981052614343474
2025-04-25T20:00:00Z,2025-04-25,15,15:00:00,2025-04-25,15:00,N,41.3,19560.0,10780.0,0.5500131779771635
2025-04-25T21:00:00Z,2025-04-25,16,16:00:00,2025-04-25,16:00,N,40.79,17955.0,13018.0,0.5450743428120942
2025-04-25T22:00:00Z,2025-04-25,17,17:00:00,2025-04-25,17:00,N,40.86,17094.0,15771.0,0.5166516597608566
2025-04-25T23:00:00Z,2025-04-25,18,18:00:00,2025-04-25,18:00,N,41.07,15578.0,17883.0,0.49618629686268845
2025-04-26T00:00:00Z,2025-04-25,19,19:00:00,2025-04-25,19:00,N,52.23,9392.0,18409.0,0.5825337615386529
2025-04-26T01:00:00Z,2025-04-25,20,20:00:00,2025-04-25,20:00,N,86.72,1820.0,16690.0,0.7050385132863946
2025-04-26T02:00:00Z,2025-04-25,21,21:00:00,2025-04-25,21:00,N,70.75,24.0,15462.0,0.7417095023919282
2025-04-26T03:00:00Z,2025-04-25,22,22:00:00,2025-04-25,22:00,N,51.62,0.0,16068.0,0.760451365307737
2025-04-26T04:00:00Z,2025-04-25,23,23:00:00,2025-04-25,23:00,N,45.0,0.0,17258.0,0.7477123340426829
2025-04-26T05:00:00Z,2025-04-25,24,00:00:00,2025-04-25,24:00,N,35.93,0.0,17526.0,0.7379681722723718
2025-04-26T06:00:00Z,2025-04-26,1,01:00:00,2025-04-26,01:00,N,26.16,0.0,16592.0,0.7427772534756346
2025-04-26T07:00:00Z,2025-04-26,2,02:00:00,2025-04-26,02:00,N,23.54,0.0,16607.0,0.7085636499876562
2025-04-26T08:00:00Z,2025-04-26,3,03:00:00,2025-04-26,03:00,N,22.06,0.0,17118.0,0.6619543427060325
2025-04-26T09:00:00Z,2025-04-26,4,04:00:00,2025-04-26,04:00,N,21.64,0.0,16392.0,0.6480791693293596
2025-04-26T10:00:00Z,2025-04-26,5,05:00:00,2025-04-26,05:00,N,23.53,1.0,16330.0,0.6372704514164915
2025-04-26T11:00:00Z,2025-04-26,6,06:00:00,2025-04-26,06:00,N,26.77,1.0,15978.0,0.6389201330526051
2025-04-26T12:00:00Z,2025-04-26,7,07:00:00,2025-04-26,07:00,N,30.34,12.0,14995.0,0.6547483025236478
2025-04-26T13:00:00Z,2025-04-26,8,08:00:00,2025-04-26,08:00,N,27.44,2056.0,14589.0,0.6177538758954914
2025-04-26T14:00:00Z,2025-04-26,9,09:00:00,2025-04-26,09:00,N,19.6,8498.0,14474.0,0.5053380815584757
2025-04-26T15:00:00Z,2025-04-26,10,10:00:00,2025-04-26,10:00,N,18.59,13076.0,17137.0,0.3988790399132088
2025-04-26T16:00:00Z,2025-04-26,11,11:00:00,2025-04-26,11:00,N,20.6,14591.0,17490.0,0.38742296640372204
2025-04-26T17:00:00Z,2025-04-26,12,12:00:00,2025-04-26,12:00,N,22.77,15546.0,16844.0,0.40644832129244524
2025-04-26T18:00:00Z,2025-04-26,13,13:00:00,2025-04-26,13:00,N,24.02,16546.0,16733.0,0.42876163302635806
2025-04-26T19:00:00Z,2025-04-26,14,14:00:00,2025-04-26,14:00,N,25.19,17406.0,16419.0,0.44122223990254755
2025-04-26T20:00:00Z,2025-04-26,15,15:00:00,2025-04-26,15:00,N,29.09,18122.0,16733.0,0.4307687308005122
2025-04-26T21:00:00Z,2025-04-26,16,16:00:00,2025-04-26,16:00,N,31.23,17782.0,16793.0,0.45117358883901654
2025-04-26T22:00:00Z,2025-04-26,17,17:00:00,2025-04-26,17:00,N,29.06,16678.0,17275.0,0.46856595903047327
2025-04-26T23:00:00Z,2025-04-26,18,18:00:00,2025-04-26,18:00,N,33.34,12819.0,16599.0,0.5577762796351802
2025-04-27T00:00:00Z,2025-04-26,19,19:00:00,2025-04-26,19:00,N,38.69,6750.0,15692.0,0.6728971356929426
2025-04-27T01:00:00Z,2025-04-26,20,20:00:00,2025-04-26,20:00,N,70.4,1861.0,14980.0,0.7230755886234855
2025-04-27T02:00:00Z,2025-04-26,21,21:00:00,2025-04-26,21:00,N,71.93,102.0,13958.0,0.7500448533507076
2025-04-27T03:00:00Z,2025-04-26,22,22:00:00,2025-04-26,22:00,N,44.92,0.0,14778.0,0.7864473267742881
2025-04-27T04:00:00Z,2025-04-26,23,23:00:00,2025-04-26,23:00,N,31.85,0.0,16224.0,0.769111863291303
2025-04-27T05:00:00Z,2025-04-26,24,00:00:00,2025-04-26,24:00,N,26.97,0.0,16806.0,0.7563438697518342
2025-04-27T06:00:00Z,2025-04-27,1,01:00:00,2025-04-27,01:00,N,22.23,0.0,17269.0,0.7323147023039225
2025-04-27T07:00:00Z,2025-04-27,2,02:00:00,2025-04-27,02:00,N,22.71,0.0,16659.0,0.7248996137141784
2025-04-27T08:00:00Z,2025-04-27,3,03:00:00,2025-04-27,03:00,N,19.64,1.0,18069.0,0.6961150483404933
2025-04-27T09:00:00Z,2025-04-27,4,04:00:00,2025-04-27,04:00,N,19.85,1.0,18475.0,0.6735642523250714
2025-04-27T10:00:00Z,2025-04-27,5,05:00:00,2025-04-27,05:00,N,18.53,0.0,17578.0,0.6919113965000475
2025-04-27T11:00:00Z,2025-04-27,6,06:00:00,2025-04-27,06:00,N,21.01,0.0,16126.0,0.7196356312904473
2025-04-27T12:00:00Z,2025-04-27,7,07:00:00,2025-04-27,07:00,N,22.56,11.0,15445.0,0.7315398621949346
2025-04-27T13:00:00Z,2025-04-27,8,08:00:00,2025-04-27,08:00,N,19.45,1911.0,14707.0,0.6998977745632734
2025-04-27T14:00:00Z,2025-04-27,9,09:00:00,2025-04-27,09:00,N,16.79,8993.0,14523.0,0.5407529418239864
2025-04-27T15:00:00Z,2025-04-27,10,10:00:00,2025-04-27,10:00,N,16.58,13381.0,16789.0,0.4336308385601393
2025-04-27T16:00:00Z,2025-04-27,11,11:00:00,2025-04-27,11:00,N,16.99,16090.0,18781.0,0.3920078146675341
2025-04-27T17:00:00Z,2025-04-27,12,12:00:00,2025-04-27,12:00,N,20.22,16676.0,19458.0,0.4037546391201327
2025-04-27T18:00:00Z,2025-04-27,13,13:00:00,2025-04-27,13:00,N,23.92,16688.0,20032.0,0.42029780277559675
2025-04-27T19:00:00Z,2025-04-27,14,14:00:00,2025-04-27,14:00,N,25.78,16489.0,21068.0,0.42335273396019274
2025-04-27T20:00:00Z,2025-04-27,15,15:00:00,2025-04-27,15:00,N,29.03,16760.0,21852.0,0.42728388473982226
2025-04-27T21:00:00Z,2025-04-27,16,16:00:00,2025-04-27,16:00,N,31.36,15491.0,22435.0,0.44408844834265504
2025-04-27T22:00:00Z,2025-04-27,17,17:00:00,2025-04-27,17:00,N,30.75,14361.0,23188.0,0.46252391541810767
2025-04-27T23:00:00Z,2025-04-27,18,18:00:00,2025-04-27,18:00,N,35.22,13069.0,23738.0,0.46886239959796233
2025-04-28T00:00:00Z,2025-04-27,19,19:00:00,2025-04-27,19:00,N,36.51,8913.0,23792.0,0.5142606276146559
2025-04-28T01:00:00Z,2025-04-27,20,20:00:00,2025-04-27,20:00,N,44.56,2446.0,24640.0,0.5962593209570543
2025-04-28T02:00:00Z,2025-04-27,21,21:00:00,2025-04-27,21:00,N,45.2,49.0,24709.0,0.6236980999598494
2025-04-28T03:00:00Z,2025-04-27,22,22:00:00,2025-04-27,22:00,N,38.05,0.0,25266.0,0.6269447262978394
2025-04-28T04:00:00Z,2025-04-27,23,23:00:00,2025-04-27,23:00,N,28.51,0.0,25662.0,0.5968988856078283
2025-04-28T05:00:00Z,2025-04-27,24,00:00:00,2025-04-27,24:00,N,25.89,0.0,25521.0,0.5649625422487216
2025-04-28T06:00:00Z,2025-04-28,1,01:00:00,2025-04-28,01:00,N,26.51,1.0,25062.0,0.5417109078070675
2025-04-28T07:00:00Z,2025-04-28,2,02:00:00,2025-04-28,02:00,N,22.03,1.0,24428.0,0.5370724811172096
2025-04-28T08:00:00Z,2025-04-28,3,03:00:00,2025-04-28,03:00,N,20.21,1.0,23861.0,0.5386239473693966
2025-04-28T09:00:00Z,2025-04-28,4,04:00:00,2025-04-28,04:00,N,18.97,1.0,24261.0,0.5179124362415889
2025-04-28T10:00:00Z,2025-04-28,5,05:00:00,2025-04-28,05:00,N,19.97,1.0,24265.0,0.5122047893075297
2025-04-28T11:00:00Z,2025-04-28,6,06:00:00,2025-04-28,06:00,N,23.34,1.0,24244.0,0.5299972733769323
2025-04-28T12:00:00Z,2025-04-28,7,07:00:00,2025-04-28,07:00,N,23.8,26.0,23747.0,0.5883712056185767
2025-04-28T13:00:00Z,2025-04-28,8,08:00:00,2025-04-28,08:00,N,27.7,2013.0,22855.0,0.5633373550358265
2025-04-28T14:00:00Z,2025-04-28,9,09:00:00,2025-04-28,09:00,N,25.35,7377.0,21020.0,0.5078900285978034
2025-04-28T15:00:00Z,2025-04-28,10,10:00:00,2025-04-28,10:00,N,25.78,10736.0,20524.0,0.5037799186659807
2025-04-28T16:00:00Z,2025-04-28,11,11:00:00,2025-04-28,11:00,N,26.8,13396.0,20206.0,0.4795416985880334
2025-04-28T17:00:00Z,2025-04-28,12,12:00:00,2025-04-28,12:00,N,34.09,14928.0,19024.0,0.48534728587864234
2025-04-28T18:00:00Z,2025-04-28,13,13:00:00,2025-04-28,13:00,N,41.92,16383.0,18135.0,0.4842134011653118
2025-04-28T19:00:00Z,2025-04-28,14,14:00:00,2025-04-28,14:00,N,40.49,16419.0,18166.0,0.4884797029773862
2025-04-28T20:00:00Z,2025-04-28,15,15:00:00,2025-04-28,15:00,N,43.15,15432.0,18916.0,0.5021320551407338
2025-04-28T21:00:00Z,2025-04-28,16,16:00:00,2025-04-28,16:00,N,45.03,14172.0,19669.0,0.5112669697734011
2025-04-28T22:00:00Z,2025-04-28,17,17:00:00,2025-04-28,17:00,N,55.75,13246.0,19651.0,0.5368482893930652
2025-04-28T23:00:00Z,2025-04-28,18,18:00:00,2025-04-28,18:00,N,66.33,10966.0,19824.0,0.5708330228881245
2025-04-29T00:00:00Z,2025-04-28,19,19:00:00,2025-04-28,19:00,N,63.39,7779.0,18516.0,0.6361322747970531
2025-04-29T01:00:00Z,2025-04-28,20,20:00:00,2025-04-28,20:00,N,72.52,2116.0,19251.0,0.6893104399901983
2025-04-29T02:00:00Z,2025-04-28,21,21:00:00,2025-04-28,21:00,N,72.02,44.0,20561.0,0.693785125309195
2025-04-29T03:00:00Z,2025-04-28,22,22:00:00,2025-04-28,22:00,N,50.24,0.0,21961.0,0.6877855348472923
2025-04-29T04:00:00Z,2025-04-28,23,23:00:00,2025-04-28,23:00,N,35.1,0.0,23219.0,0.6534889863649225
2025-04-29T05:00:00Z,2025-04-28,24,00:00:00,2025-04-28,24:00,N,28.56,0.0,22645.0,0.6279112262079002
2025-04-29T06:00:00Z,2025-04-29,1,01:00:00,2025-04-29,01:00,N,31.31,0.0,21744.0,0.6187716732306273
2025-04-29T07:00:00Z,2025-04-29,2,02:00:00,2025-04-29,02:00,N,27.99,0.0,20975.0,0.605015279142815
2025-04-29T08:00:00Z,2025-04-29,3,03:00:00,2025-04-29,03:00,N,25.47,0.0,19646.0,0.6076739842618303
2025-04-29T09:00:00Z,2025-04-29,4,04:00:00,2025-04-29,04:00,N,24.97,0.0,19065.0,0.6028242959663425
2025-04-29T10:00:00Z,2025-04-29,5,05:00:00,2025-04-29,05:00,N,27.08,0.0,17169.0,0.6595491537404413
2025-04-29T11:00:00Z,2025-04-29,6,06:00:00,2025-04-29,06:00,N,29.1,0.0,16408.0,0.7086709426325718
2025-04-29T12:00:00Z,2025-04-29,7,07:00:00,2025-04-29,07:00,N,36.2,6.0,16826.0,0.7247977668859863
2025-04-29T13:00:00Z,2025-04-29,8,08:00:00,2025-04-29,08:00,N,34.97,1194.0,15241.0,0.7404558278311246
2025-04-29T14:00:00Z,2025-04-29,9,09:00:00,2025-04-29,09:00,N,28.58,6259.0,13879.0,0.6757337261176151
2025-04-29T15:00:00Z,2025-04-29,10,10:00:00,2025-04-29,10:00,N,31.73,10942.0,13953.0,0.5941823720198183
2025-04-29T16:00:00Z,2025-04-29,11,11:00:00,2025-04-29,11:00,N,35.54,12809.0,15213.0,0.5723822889968846
2025-04-29T17:00:00Z,2025-04-29,12,12:00:00,2025-04-29,12:00,N,39.24,14963.0,17462.0,0.49632279059363515
2025-04-29T18:00:00Z,2025-04-29,13,13:00:00,2025-04-29,13:00,N,43.46,16433.0,18973.0,0.43757736851857193
2025-04-29T19:00:00Z,2025-04-29,14,14:00:00,2025-04-29,14:00,N,55.72,16830.0,18544.0,0.4458565337123515
2025-04-29T20:00:00Z,2025-04-29,15,15:00:00,2025-04-29,15:00,N,59.95,16587.0,17901.0,0.47575159186274635
2025-04-29T21:00:00Z,2025-04-29,16,16:00:00,2025-04-29,16:00,N,63.63,16166.0,18377.0,0.4971368622401684
2025-04-29T22:00:00Z,2025-04-29,17,17:00:00,2025-04-29,17:00,N,63.97,15115.0,19353.0,0.49067515642689274
2025-04-29T23:00:00Z,2025-04-29,18,18:00:00,2025-04-29,18:00,N,58.21,13254.0,19156.0,0.5432872213840518
2025-04-30T00:00:00Z,2025-04-29,19,19:00:00,2025-04-29,19:00,N,57.68,9204.0,19184.0,0.5920494731917614
2025-04-30T01:00:00Z,2025-04-29,20,20:00:00,2025-04-29,20:00,N,75.99,1876.0,19296.0,0.6810351796837095
2025-04-30T02:00:00Z,2025-04-29,21,21:00:00,2025-04-29,21:00,N,86.65,35.0,17541.0,0.713498154240292
2025-04-30T03:00:00Z,2025-04-29,22,22:00:00,2025-04-29,22:00,N,74.8,0.0,16551.0,0.7359649153270604
2025-04-30T04:00:00Z,2025-04-29,23,23:00:00,2025-04-29,23:00,N,58.88,0.0,17196.0,0.7511264296548641
2025-04-30T05:00:00Z,2025-04-29,24,00:00:00,2025-04-29,24:00,N,37.96,0.0,17288.0,0.7452817090303581
2025-04-30T06:00:00Z,2025-04-30,1,01:00:00,2025-04-30,01:00,N,31.3,0.0,16825.0,0.740984048232583
2025-04-30T07:00:00Z,2025-04-30,2,02:00:00,2025-04-30,02:00,N,28.86,0.0,16100.0,0.7492636483963361
2025-04-30T08:00:00Z,2025-04-30,3,03:00:00,2025-04-30,03:00,N,25.59,0.0,16842.0,0.729811941698578
2025-04-30T09:00:00Z,2025-04-30,4,04:00:00,2025-04-30,04:00,N,25.23,0.0,17712.0,0.6949626589083979
2025-04-30T10:00:00Z,2025-04-30,5,05:00:00,2025-04-30,05:00,N,27.23,0.0,16672.0,0.6973596781088975
2025-04-30T11:00:00Z,2025-04-30,6,06:00:00,2025-04-30,06:00,N,31.53,0.0,15418.0,0.742415517935542
2025-04-30T12:00:00Z,2025-04-30,7,07:00:00,2025-04-30,07:00,N,43.91,10.0,14874.0,0.7540437373099154
2025-04-30T13:00:00Z,2025-04-30,8,08:00:00,2025-04-30,08:00,N,45.27,1356.0,13383.0,0.7621705381949689
2025-04-30T14:00:00Z,2025-04-30,9,09:00:00,2025-04-30,09:00,N,43.18,6179.0,13305.0,0.6935751814753446
2025-04-30T15:00:00Z,2025-04-30,10,10:00:00,2025-04-30,10:00,N,39.96,9816.0,12525.0,0.6464068189976144
2025-04-30T16:00:00Z,2025-04-30,11,11:00:00,2025-04-30,11:00,N,42.87,11522.0,10918.0,0.6592473674342171
2025-04-30T17:00:00Z,2025-04-30,12,12:00:00,2025-04-30,12:00,N,39.56,14405.0,9265.0,0.6476662472204195
2025-04-30T18:00:00Z,2025-04-30,13,13:00:00,2025-04-30,13:00,N,40.53,15473.0,8882.0,0.6303351723895804
2025-04-30T19:00:00Z,2025-04-30,14,14:00:00,2025-04-30,14:00,N,41.97,14925.0,8742.0,0.6489792253079721
2025-04-30T20:00:00Z,2025-04-30,15,15:00:00,2025-04-30,15:00,N,43.61,15251.0,8901.0,0.647253801665185
2025-04-30T21:00:00Z,2025-04-30,16,16:00:00,2025-04-30,16:00,N,47.4,14497.0,10134.0,0.6376958161374549
2025-04-30T22:00:00Z,2025-04-30,17,17:00:00,2025-04-30,17:00,N,43.88,14358.0,11399.0,0.6248095509984167
2025-04-30T23:00:00Z,2025-04-30,18,18:00:00,2025-04-30,18:00,N,42.38,13396.0,12074.0,0.6371508357217734
2025-05-01T00:00:00Z,2025-04-30,19,19:00:00,2025-04-30,19:00,N,39.47,10322.0,12083.0,0.6809478363117001
2025-05-01T01:00:00Z,2025-04-30,20,20:00:00,2025-04-30,20:00,N,81.47,3736.0,12637.0,0.754721493095169
2025-05-01T02:00:00Z,2025-04-30,21,21:00:00,2025-04-30,21:00,N,97.89,153.0,11019.0,0.799586245435343
2025-05-01T03:00:00Z,2025-04-30,22,22:00:00,2025-04-30,22:00,N,112.49,0.0,9954.0,0.8221690476074774
2025-05-01T04:00:00Z,2025-04-30,23,23:00:00,2025-04-30,23:00,N,85.97,0.0,8273.0,0.8814584598531087
2025-05-01T05:00:00Z,2025-04-30,24,00:00:00,2025-04-30,24:00,N,59.07,0.0,8959.0,0.880860156050914
2025-05-01T06:00:00Z,2025-05-01,1,01:00:00,2025-05-01,01:00,N,51.79,0.0,9243.0,0.872715945885728
2025-05-01T07:00:00Z,2025-05-01,2,02:00:00,2025-05-01,02:00,N,39.38,0.0,9929.0,0.8642740586217174
2025-05-01T08:00:00Z,2025-05-01,3,03:00:00,2025-05-01,03:00,N,34.5,0.0,10564.0,0.8556409397669601
2025-05-01T09:00:00Z,2025-05-01,4,04:00:00,2025-05-01,04:00,N,32.71,0.0,9490.0,0.8762932523918825
2025-05-01T10:00:00Z,2025-05-01,5,05:00:00,2025-05-01,05:00,N,33.59,0.0,7943.0,0.9099041863033358
2025-05-01T11:00:00Z,2025-05-01,6,06:00:00,2025-05-01,06:00,N,38.07,0.0,7668.0,0.9146723850476473
2025-05-01T12:00:00Z,2025-05-01,7,07:00:00,2025-05-01,07:00,N,57.75,11.0,7741.0,0.8924833924218826
2025-05-01T13:00:00Z,2025-05-01,8,08:00:00,2025-05-01,08:00,N,44.11,2570.0,7877.0,0.8486696272989126
2025-05-01T14:00:00Z,2025-05-01,9,09:00:00,2025-05-01,09:00,N,24.48,11010.0,7829.0,0.702976071568947
2025-05-01T15:00:00Z,2025-05-01,10,10:00:00,2025-05-01,10:00,N,25.4,14885.0,7334.0,0.6439149809494704
2025-05-01T16:00:00Z,2025-05-01,11,11:00:00,2025-05-01,11:00,N,26.78,16210.0,6826.0,0.6487970738807382
2025-05-01T17:00:00Z,2025-05-01,12,12:00:00,2025-05-01,12:00,N,32.62,17716.0,6660.0,0.634779367770821
2025-05-01T18:00:00Z,2025-05-01,13,13:00:00,2025-05-01,13:00,N,36.42,19212.0,6341.0,0.613429288792302
2025-05-01T19:00:00Z,2025-05-01,14,14:00:00,2025-05-01,14:00,N,44.77,20328.0,6047.0,0.6121440293214138
2025-05-01T20:00:00Z,2025-05-01,15,15:00:00,2025-05-01,15:00,N,50.57,20312.0,6325.0,0.623688834262388
2025-05-01T21:00:00Z,2025-05-01,16,16:00:00,2025-05-01,16:00,N,59.43,18684.0,6748.0,0.6486633595157436
2025-05-01T22:00:00Z,2025-05-01,17,17:00:00,2025-05-01,17:00,N,63.5,16281.0,6702.0,0.6892779727629211
2025-05-01T23:00:00Z,2025-05-01,18,18:00:00,2025-05-01,18:00,N,68.03,14600.0,6998.0,0.7104478597812669
2025-05-02T00:00:00Z,2025-05-01,19,19:00:00,2025-05-01,19:00,N,95.49,11687.0,7625.0,0.744386660050318
2025-05-02T01:00:00Z,2025-05-01,20,20:00:00,2025-05-01,20:00,N,172.56,4252.0,10709.0,0.7806597916430564
2025-05-02T02:00:00Z,2025-05-01,21,21:00:00,2025-05-01,21:00,N,132.54,139.0,13873.0,0.7861501625231282
2025-05-02T03:00:00Z,2025-05-01,22,22:00:00,2025-05-01,22:00,N,61.05,0.0,17064.0,0.7549963420977805
2025-05-02T04:00:00Z,2025-05-01,23,23:00:00,2025-05-01,23:00,N,34.51,0.0,19227.0,0.7110134202548908
2025-05-02T05:00:00Z,2025-05-01,24,00:00:00,2025-05-01,24:00,N,26.44,0.0,18834.0,0.6858417715110491
2025-05-02T06:00:00Z,2025-05-02,1,01:00:00,2025-05-02,01:00,N,24.31,1.0,18641.0,0.6553749806351301
2025-05-02T07:00:00Z,2025-05-02,2,02:00:00,2025-05-02,02:00,N,23.84,0.0,18579.0,0.6390270071311805
2025-05-02T08:00:00Z,2025-05-02,3,03:00:00,2025-05-02,03:00,N,23.02,0.0,17772.0,0.6457295398844088
2025-05-02T09:00:00Z,2025-05-02,4,04:00:00,2025-05-02,04:00,N,22.48,0.0,16584.0,0.6478649976933848
2025-05-02T10:00:00Z,2025-05-02,5,05:00:00,2025-05-02,05:00,N,24.51,0.0,16576.0,0.6365624116485338
2025-05-02T11:00:00Z,2025-05-02,6,06:00:00,2025-05-02,06:00,N,26.67,0.0,14822.0,0.6975906521203684
2025-05-02T12:00:00Z,2025-05-02,7,07:00:00,2025-05-02,07:00,N,34.78,14.0,13985.0,0.7527232340063471
2025-05-02T13:00:00Z,2025-05-02,8,08:00:00,2025-05-02,08:00,N,33.25,2460.0,13148.0,0.7129564826366906
2025-05-02T14:00:00Z,2025-05-02,9,09:00:00,2025-05-02,09:00,N,30.87,7940.0,14545.0,0.5727381709436125
2025-05-02T15:00:00Z,2025-05-02,10,10:00:00,2025-05-02,10:00,N,30.54,10798.0,16908.0,0.48726111598011135
2025-05-02T16:00:00Z,2025-05-02,11,11:00:00,2025-05-02,11:00,N,43.1,11558.0,17175.0,0.49760967222918157
2025-05-02T17:00:00Z,2025-05-02,12,12:00:00,2025-05-02,12:00,N,48.16,12583.0,18011.0,0.4872716229326077
2025-05-02T18:00:00Z,2025-05-02,13,13:00:00,2025-05-02,13:00,N,59.0,12659.0,18518.0,0.47844665200942244
2025-05-02T19:00:00Z,2025-05-02,14,14:00:00,2025-05-02,14:00,N,62.15,12781.0,19327.0,0.468488844073112
2025-05-02T20:00:00Z,2025-05-02,15,15:00:00,2025-05-02,15:00,N,62.26,12799.0,18900.0,0.46512655593222446
2025-05-02T21:00:00Z,2025-05-02,16,16:00:00,2025-05-02,16:00,N,61.6,11654.0,17714.0,0.5041815876423187
2025-05-02T22:00:00Z,2025-05-02,17,17:00:00,2025-05-02,17:00,N,44.23,11013.0,17559.0,0.5237549449215396
2025-05-02T23:00:00Z,2025-05-02,18,18:00:00,2025-05-02,18:00,N,34.98,10523.0,17253.0,0.5180302654674119
2025-05-03T00:00:00Z,2025-05-02,19,19:00:00,2025-05-02,19:00,N,30.9,8077.0,16484.0,0.5764251802625279
2025-05-03T01:00:00Z,2025-05-02,20,20:00:00,2025-05-02,20:00,N,38.77,3103.0,15586.0,0.6865906863865594
2025-05-03T02:00:00Z,2025-05-02,21,21:00:00,2025-05-02,21:00,N,50.49,149.0,12507.0,0.7990176096033836
2025-05-03T03:00:00Z,2025-05-02,22,22:00:00,2025-05-02,22:00,N,50.62,0.0,10836.0,0.8346532498617949
2025-05-03T04:00:00Z,2025-05-02,23,23:00:00,2025-05-02,23:00,N,37.41,0.0,9970.0,0.8739857635473701
2025-05-03T05:00:00Z,2025-05-02,24,00:00:00,2025-05-02,24:00,N,33.01,0.0,8667.0,0.9038152651501948
2025-05-03T06:00:00Z,2025-05-03,1,01:00:00,2025-05-03,01:00,N,32.76,0.0,8857.0,0.9012499613544633
2025-05-03T07:00:00Z,2025-05-03,2,02:00:00,2025-05-03,02:00,N,35.41,0.0,8469.0,0.9114169487331668
2025-05-03T08:00:00Z,2025-05-03,3,03:00:00,2025-05-03,03:00,N,33.64,0.0,7551.0,0.9263549402051124
2025-05-03T09:00:00Z,2025-05-03,4,04:00:00,2025-05-03,04:00,N,33.48,0.0,6383.0,0.9564149565703189
2025-05-03T10:00:00Z,2025-05-03,5,05:00:00,2025-05-03,05:00,N,37.3,0.0,5396.0,0.9771872695132777
2025-05-03T11:00:00Z,2025-05-03,6,06:00:00,2025-05-03,06:00,N,37.93,0.0,5247.0,0.9736107592416192
2025-05-03T12:00:00Z,2025-05-03,7,07:00:00,2025-05-03,07:00,N,34.56,64.0,5870.0,0.9488132280587819
2025-05-03T13:00:00Z,2025-05-03,8,08:00:00,2025-05-03,08:00,N,28.86,4988.0,6301.0,0.8071609377919201
2025-05-03T14:00:00Z,2025-05-03,9,09:00:00,2025-05-03,09:00,N,22.22,17877.0,6011.0,0.5053548419036167
2025-05-03T15:00:00Z,2025-05-03,10,10:00:00,2025-05-03,10:00,N,20.66,23130.0,5643.0,0.39553713604788227
2025-05-03T16:00:00Z,2025-05-03,11,11:00:00,2025-05-03,11:00,N,19.32,24048.0,5844.0,0.3770765890601679
2025-05-03T17:00:00Z,2025-05-03,12,12:00:00,2025-05-03,12:00,N,17.26,24663.0,5647.0,0.3700555911047417
2025-05-03T18:00:00Z,2025-05-03,13,13:00:00,2025-05-03,13:00,N,18.39,25518.0,5315.0,0.36650433699168455
2025-05-03T19:00:00Z,2025-05-03,14,14:00:00,2025-05-03,14:00,N,19.28,25921.0,5198.0,0.375029248001655
2025-05-03T20:00:00Z,2025-05-03,15,15:00:00,2025-05-03,15:00,N,19.25,26039.0,5293.0,0.3883869577643567
2025-05-03T21:00:00Z,2025-05-03,16,16:00:00,2025-05-03,16:00,N,21.05,25796.0,5278.0,0.42064727863034607
2025-05-03T22:00:00Z,2025-05-03,17,17:00:00,2025-05-03,17:00,N,22.6,25797.0,5267.0,0.43323709174291963
2025-05-03T23:00:00Z,2025-05-03,18,18:00:00,2025-05-03,18:00,N,22.14,24283.0,5605.0,0.45759018281888586
2025-05-04T00:00:00Z,2025-05-03,19,19:00:00,2025-05-03,19:00,N,28.93,18659.0,6100.0,0.5636879634870792
2025-05-04T01:00:00Z,2025-05-03,20,20:00:00,2025-05-03,20:00,N,65.26,6197.0,6282.0,0.7761178321565141
2025-05-04T02:00:00Z,2025-05-03,21,21:00:00,2025-05-03,21:00,N,60.11,151.0,7336.0,0.8553082392897089
2025-05-04T03:00:00Z,2025-05-03,22,22:00:00,2025-05-03,22:00,N,43.01,0.0,9420.0,0.8700115956322957
2025-05-04T04:00:00Z,2025-05-03,23,23:00:00,2025-05-03,23:00,N,33.19,0.0,11144.0,0.8603430366589931
2025-05-04T05:00:00Z,2025-05-03,24,00:00:00,2025-05-03,24:00,N,27.02,0.0,12134.0,0.8235273599869158
2025-05-04T06:00:00Z,2025-05-04,1,01:00:00,2025-05-04,01:00,N,22.96,0.0,13241.0,0.7906333978153884
2025-05-04T07:00:00Z,2025-05-04,2,02:00:00,2025-05-04,02:00,N,21.44,0.0,14477.0,0.7555357253649326
2025-05-04T08:00:00Z,2025-05-04,3,03:00:00,2025-05-04,03:00,N,20.91,0.0,15158.0,0.7305087158325414
2025-05-04T09:00:00Z,2025-05-04,4,04:00:00,2025-05-04,04:00,N,20.06,0.0,15547.0,0.6951853769210457
2025-05-04T10:00:00Z,2025-05-04,5,05:00:00,2025-05-04,05:00,N,19.62,0.0,15771.0,0.6832119486512667
2025-05-04T11:00:00Z,2025-05-04,6,06:00:00,2025-05-04,06:00,N,20.45,0.0,16864.0,0.6487033610077034
2025-05-04T12:00:00Z,2025-05-04,7,07:00:00,2025-05-04,07:00,N,21.51,94.0,17304.0,0.6011855145507545
2025-05-04T13:00:00Z,2025-05-04,8,08:00:00,2025-05-04,08:00,N,19.72,5310.0,16408.0,0.49825645913958977
2025-05-04T14:00:00Z,2025-05-04,9,09:00:00,2025-05-04,09:00,N,9.01,17114.0,12240.0,0.33178217035476376
2025-05-04T15:00:00Z,2025-05-04,10,10:00:00,2025-05-04,10:00,N,7.86,20753.0,11348.0,0.29722860689777797
2025-05-04T16:00:00Z,2025-05-04,11,11:00:00,2025-05-04,11:00,N,7.48,21020.0,11872.0,0.28963587269114865
2025-05-04T17:00:00Z,2025-05-04,12,12:00:00,2025-05-04,12:00,N,8.2,21493.0,12089.0,0.2890120317147779
2025-05-04T18:00:00Z,2025-05-04,13,13:00:00,2025-05-04,13:00,N,11.91,21567.0,12649.0,0.29493596068758277
2025-05-04T19:00:00Z,2025-05-04,14,14:00:00,2025-05-04,14:00,N,14.22,21503.0,13575.0,0.30620903044661213
2025-05-04T20:00:00Z,2025-05-04,15,15:00:00,2025-05-04,15:00,N,14.48,21381.0,14762.0,0.3144555014579179
2025-05-04T21:00:00Z,2025-05-04,16,16:00:00,2025-05-04,16:00,N,16.66,20860.0,16354.0,0.3330560034179968
2025-05-04T22:00:00Z,2025-05-04,17,17:00:00,2025-05-04,17:00,N,19.53,19488.0,18060.0,0.3579781159443518
2025-05-04T23:00:00Z,2025-05-04,18,18:00:00,2025-05-04,18:00,N,23.71,17548.0,19480.0,0.37816610314833776
2025-05-05T00:00:00Z,2025-05-04,19,19:00:00,2025-05-04,19:00,N,29.29,12653.0,21160.0,0.4292503496383562
2025-05-05T01:00:00Z,2025-05-04,20,20:00:00,2025-05-04,20:00,N,44.25,3399.0,21658.0,0.5829830139903923
2025-05-05T02:00:00Z,2025-05-04,21,21:00:00,2025-05-04,21:00,N,41.12,53.0,21565.0,0.66445188402265
2025-05-05T03:00:00Z,2025-05-04,22,22:00:00,2025-05-04,22:00,N,33.78,0.0,22773.0,0.663156619915639
2025-05-05T04:00:00Z,2025-05-04,23,23:00:00,2025-05-04,23:00,N,23.15,0.0,22330.0,0.6451512058934841
2025-05-05T05:00:00Z,2025-05-04,24,00:00:00,2025-05-04,24:00,N,20.84,0.0,21906.0,0.601230634683353
2025-05-05T06:00:00Z,2025-05-05,1,01:00:00,2025-05-05,01:00,N,20.39,0.0,20976.0,0.5923297291328571
2025-05-05T07:00:00Z,2025-05-05,2,02:00:00,2025-05-05,02:00,N,19.62,0.0,20306.0,0.5849545749202059
2025-05-05T08:00:00Z,2025-05-05,3,03:00:00,2025-05-05,03:00,N,18.61,0.0,20272.0,0.5598777207454247
2025-05-05T09:00:00Z,2025-05-05,4,04:00:00,2025-05-05,04:00,N,18.95,0.0,20323.0,0.5496647627381999
2025-05-05T10:00:00Z,2025-05-05,5,05:00:00,2025-05-05,05:00,N,19.91,0.0,19952.0,0.558838900317786
2025-05-05T11:00:00Z,2025-05-05,6,06:00:00,2025-05-05,06:00,N,24.3,1.0,20473.0,0.5647732203651186
2025-05-05T12:00:00Z,2025-05-05,7,07:00:00,2025-05-05,07:00,N,26.09,74.0,21800.0,0.5387808477633764
2025-05-05T13:00:00Z,2025-05-05,8,08:00:00,2025-05-05,08:00,N,24.74,3099.0,21818.0,0.49501811912180793
2025-05-05T14:00:00Z,2025-05-05,9,09:00:00,2025-05-05,09:00,N,18.52,10075.0,20314.0,0.3924574307409813
2025-05-05T15:00:00Z,2025-05-05,10,10:00:00,2025-05-05,10:00,N,18.42,13535.0,19258.0,0.3602704639163771
2025-05-05T16:00:00Z,2025-05-05,11,11:00:00,2025-05-05,11:00,N,26.74,13656.0,18309.0,0.3930870150444239
2025-05-05T17:00:00Z,2025-05-05,12,12:00:00,2025-05-05,12:00,N,29.3,13170.0,18093.0,0.4665525654904118
2025-05-05T18:00:00Z,2025-05-05,13,13:00:00,2025-05-05,13:00,N,34.0,12555.0,19087.0,0.46088492945635157
2025-05-05T19:00:00Z,2025-05-05,14,14:00:00,2025-05-05,14:00,N,45.9,10606.0,19660.0,0.508432509506234
2025-05-05T20:00:00Z,2025-05-05,15,15:00:00,2025-05-05,15:00,N,47.28,8831.0,21591.0,0.5209313737767471
2025-05-05T21:00:00Z,2025-05-05,16,16:00:00,2025-05-05,16:00,N,51.04,6991.0,22540.0,0.5250229113306745
2025-05-05T22:00:00Z,2025-05-05,17,17:00:00,2025-05-05,17:00,N,40.32,6667.0,23371.0,0.5091431837326027
2025-05-05T23:00:00Z,2025-05-05,18,18:00:00,2025-05-05,18:00,N,36.34,5916.0,24302.0,0.4940668993548479
2025-05-06T00:00:00Z,2025-05-05,19,19:00:00,2025-05-05,19:00,N,32.49,4178.0,24381.0,0.515031049851487
2025-05-06T01:00:00Z,2025-05-05,20,20:00:00,2025-05-05,20:00,N,38.61,1492.0,24821.0,0.5523947081106646
2025-05-06T02:00:00Z,2025-05-05,21,21:00:00,2025-05-05,21:00,N,43.38,16.0,24171.0,0.588431299058879
2025-05-06T03:00:00Z,2025-05-05,22,22:00:00,2025-05-05,22:00,N,38.15,0.0,23388.0,0.605740556988212
2025-05-06T04:00:00Z,2025-05-05,23,23:00:00,2025-05-05,23:00,N,26.32,0.0,22784.0,0.5910202965723025
2025-05-06T05:00:00Z,2025-05-05,24,00:00:00,2025-05-05,24:00,N,24.74,0.0,22484.0,0.5513824123475489
2025-05-06T06:00:00Z,2025-05-06,1,01:00:00,2025-05-06,01:00,N,21.23,0.0,22466.0,0.5219328340622218
2025-05-06T07:00:00Z,2025-05-06,2,02:00:00,2025-05-06,02:00,N,20.63,0.0,21906.0,0.5300962659196152
2025-05-06T08:00:00Z,2025-05-06,3,03:00:00,2025-05-06,03:00,N,20.78,0.0,21081.0,0.5442719134095249
2025-05-06T09:00:00Z,2025-05-06,4,04:00:00,2025-05-06,04:00,N,21.16,1.0,20736.0,0.5483928940264905
2025-05-06T10:00:00Z,2025-05-06,5,05:00:00,2025-05-06,05:00,N,23.79,1.0,19638.0,0.5885486858423876
2025-05-06T11:00:00Z,2025-05-06,6,06:00:00,2025-05-06,06:00,N,27.28,1.0,18664.0,0.6312471963420904
2025-05-06T12:00:00Z,2025-05-06,7,07:00:00,2025-05-06,07:00,N,39.27,4.0,16041.0,0.7377081312725695
2025-05-06T13:00:00Z,2025-05-06,8,08:00:00,2025-05-06,08:00,N,44.2,541.0,13453.0,0.8144004975294434
2025-05-06T14:00:00Z,2025-05-06,9,09:00:00,2025-05-06,09:00,N,35.13,3606.0,13820.0,0.7496664050846682
2025-05-06T15:00:00Z,2025-05-06,10,10:00:00,2025-05-06,10:00,N,35.63,7118.0,12815.0,0.7206960922509079
2025-05-06T16:00:00Z,2025-05-06,11,11:00:00,2025-05-06,11:00,N,38.15,9535.0,12031.0,0.6887828460561105
2025-05-06T17:00:00Z,2025-05-06,12,12:00:00,2025-05-06,12:00,N,35.99,10938.0,11818.0,0.6615699631488516
2025-05-06T18:00:00Z,2025-05-06,13,13:00:00,2025-05-06,13:00,N,40.83,11863.0,11913.0,0.6423433300732407
2025-05-06T19:00:00Z,2025-05-06,14,14:00:00,2025-05-06,14:00,N,50.5,13511.0,11234.0,0.6305335978511699
2025-05-06T20:00:00Z,2025-05-06,15,15:00:00,2025-05-06,15:00,N,38.1,16096.0,10607.0,0.5840615835737331
2025-05-06T21:00:00Z,2025-05-06,16,16:00:00,2025-05-06,16:00,N,38.17,16747.0,9123.0,0.5905223166686956
2025-05-06T22:00:00Z,2025-05-06,17,17:00:00,2025-05-06,17:00,N,36.25,17774.0,7247.0,0.6113234140174406
2025-05-06T23:00:00Z,2025-05-06,18,18:00:00,2025-05-06,18:00,N,29.7,17088.0,6024.0,0.6573216684140135
2025-05-07T00:00:00Z,2025-05-06,19,19:00:00,2025-05-06,19:00,N,34.31,12757.0,5127.0,0.7489021783608205
2025-05-07T01:00:00Z,2025-05-06,20,20:00:00,2025-05-06,20:00,N,70.0,3882.0,4280.0,0.8726275684474168
2025-05-07T02:00:00Z,2025-05-06,21,21:00:00,2025-05-06,21:00,N,92.59,105.0,4364.0,0.92611452995311
2025-05-07T03:00:00Z,2025-05-06,22,22:00:00,2025-05-06,22:00,N,93.11,0.0,4092.0,0.9354773104648256
2025-05-07T04:00:00Z,2025-05-06,23,23:00:00,2025-05-06,23:00,N,75.42,0.0,4715.0,0.9724631024043477
2025-05-07T05:00:00Z,2025-05-06,24,00:00:00,2025-05-06,24:00,N,49.88,0.0,5273.0,0.9717562264687672
2025-05-07T06:00:00Z,2025-05-07,1,01:00:00,2025-05-07,01:00,N,41.55,0.0,4154.0,0.9950042796495874
2025-05-07T07:00:00Z,2025-05-07,2,02:00:00,2025-05-07,02:00,N,35.79,0.0,4035.0,0.9967135229290813
2025-05-07T08:00:00Z,2025-05-07,3,03:00:00,2025-05-07,03:00,N,32.72,0.0,4196.0,0.9946747842577913
2025-05-07T09:00:00Z,2025-05-07,4,04:00:00,2025-05-07,04:00,N,32.5,0.0,4378.0,1.0014342175324067
2025-05-07T10:00:00Z,2025-05-07,5,05:00:00,2025-05-07,05:00,N,32.91,0.0,5081.0,0.9843317621986665
2025-05-07T11:00:00Z,2025-05-07,6,06:00:00,2025-05-07,06:00,N,37.76,0.0,5380.0,0.9783533185044669
2025-05-07T12:00:00Z,2025-05-07,7,07:00:00,2025-05-07,07:00,N,48.38,11.0,5671.0,0.9697578224378806
2025-05-07T13:00:00Z,2025-05-07,8,08:00:00,2025-05-07,08:00,N,37.34,1991.0,6021.0,0.9170098206894584
2025-05-07T14:00:00Z,2025-05-07,9,09:00:00,2025-05-07,09:00,N,27.01,9264.0,5310.0,0.7557161259823025
2025-05-07T15:00:00Z,2025-05-07,10,10:00:00,2025-05-07,10:00,N,23.28,15853.0,4874.0,0.6133623890747409
2025-05-07T16:00:00Z,2025-05-07,11,11:00:00,2025-05-07,11:00,N,23.66,18265.0,4505.0,0.5856421658727186
2025-05-07T17:00:00Z,2025-05-07,12,12:00:00,2025-05-07,12:00,N,23.49,20611.0,4221.0,0.5586997119354525
2025-05-07T18:00:00Z,2025-05-07,13,13:00:00,2025-05-07,13:00,N,27.35,22442.0,4708.0,0.5234560049631981
2025-05-07T19:00:00Z,2025-05-07,14,14:00:00,2025-05-07,14:00,N,31.91,24088.0,5625.0,0.4945376618830464
2025-05-07T20:00:00Z,2025-05-07,15,15:00:00,2025-05-07,15:00,N,33.29,24851.0,5860.0,0.5007912557449855
2025-05-07T21:00:00Z,2025-05-07,16,16:00:00,2025-05-07,16:00,N,33.63,24925.0,6222.0,0.5187517634099807
2025-05-07T22:00:00Z,2025-05-07,17,17:00:00,2025-05-07,17:00,N,34.11,24719.0,6364.0,0.5413655885352933
2025-05-07T23:00:00Z,2025-05-07,18,18:00:00,2025-05-07,18:00,N,30.63,23344.0,6337.0,0.5714909249250054
2025-05-08T00:00:00Z,2025-05-07,19,19:00:00,2025-05-07,19:00,N,41.97,18721.0,6590.0,0.6471378581662612
2025-05-08T01:00:00Z,2025-05-07,20,20:00:00,2025-05-07,20:00,N,80.4,6603.0,6426.0,0.8294170392211758
2025-05-08T02:00:00Z,2025-05-07,21,21:00:00,2025-05-07,21:00,N,92.32,221.0,6503.0,0.9056019186955868
2025-05-08T03:00:00Z,2025-05-07,22,22:00:00,2025-05-07,22:00,N,70.52,0.0,7293.0,0.9210645976507018
2025-05-08T04:00:00Z,2025-05-07,23,23:00:00,2025-05-07,23:00,N,44.24,0.0,8519.0,0.9216061648932599
2025-05-08T05:00:00Z,2025-05-07,24,00:00:00,2025-05-07,24:00,N,32.25,0.0,9280.0,0.9003213122985256
2025-05-08T06:00:00Z,2025-05-08,1,01:00:00,2025-05-08,01:00,N,30.33,0.0,9405.0,0.8889076471033279
2025-05-08T07:00:00Z,2025-05-08,2,02:00:00,2025-05-08,02:00,N,28.71,0.0,8446.0,0.9013120821856639
2025-05-08T08:00:00Z,2025-05-08,3,03:00:00,2025-05-08,03:00,N,26.68,0.0,7060.0,0.9400102107853036
2025-05-08T09:00:00Z,2025-05-08,4,04:00:00,2025-05-08,04:00,N,26.0,0.0,6234.0,0.9623388092240043
2025-05-08T10:00:00Z,2025-05-08,5,05:00:00,2025-05-08,05:00,N,26.1,0.0,5437.0,0.9847684466374516
2025-05-08T11:00:00Z,2025-05-08,6,06:00:00,2025-05-08,06:00,N,27.99,0.0,5543.0,0.9863074444176502
2025-05-08T12:00:00Z,2025-05-08,7,07:00:00,2025-05-08,07:00,N,33.31,117.0,5969.0,0.9637105706407842
2025-05-08T13:00:00Z,2025-05-08,8,08:00:00,2025-05-08,08:00,N,26.5,4980.0,6544.0,0.8489938004454796
2025-05-08T14:00:00Z,2025-05-08,9,09:00:00,2025-05-08,09:00,N,19.99,14285.0,5732.0,0.664498216272487
2025-05-08T15:00:00Z,2025-05-08,10,10:00:00,2025-05-08,10:00,N,20.41,19453.0,4791.0,0.594311955081453
2025-05-08T16:00:00Z,2025-05-08,11,11:00:00,2025-05-08,11:00,N,22.48,20814.0,5059.0,0.5938841750583903
2025-05-08T17:00:00Z,2025-05-08,12,12:00:00,2025-05-08,12:00,N,24.4,20424.0,5399.0,0.6238595766488293
2025-05-08T18:00:00Z,2025-05-08,13,13:00:00,2025-05-08,13:00,N,26.25,19979.0,4686.0,0.6651087248010653
2025-05-08T19:00:00Z,2025-05-08,14,14:00:00,2025-05-08,14:00,N,34.04,19433.0,4114.0,0.6899331244023156
2025-05-08T20:00:00Z,2025-05-08,15,15:00:00,2025-05-08,15:00,N,33.36,17825.0,4770.0,0.7060504298348463
2025-05-08T21:00:00Z,2025-05-08,16,16:00:00,2025-05-08,16:00,N,38.41,14764.0,6020.0,0.7393331504809904
2025-05-08T22:00:00Z,2025-05-08,17,17:00:00,2025-05-08,17:00,N,41.76,13501.0,6153.0,0.7546648406148407
2025-05-08T23:00:00Z,2025-05-08,18,18:00:00,2025-05-08,18:00,N,40.79,9984.0,5564.0,0.802883839495818
2025-05-09T00:00:00Z,2025-05-08,19,19:00:00,2025-05-08,19:00,N,48.35,7397.0,5165.0,0.8444534927997782
2025-05-09T01:00:00Z,2025-05-08,20,20:00:00,2025-05-08,20:00,N,66.99,2985.0,4188.0,0.9180707756181651
2025-05-09T02:00:00Z,2025-05-08,21,21:00:00,2025-05-08,21:00,N,91.06,158.0,3454.0,0.9518518151953821
2025-05-09T03:00:00Z,2025-05-08,22,22:00:00,2025-05-08,22:00,N,73.18,0.0,3484.0,0.9958404876715292
2025-05-09T04:00:00Z,2025-05-08,23,23:00:00,2025-05-08,23:00,N,54.82,1.0,3446.0,1.0173688786786654
2025-05-09T05:00:00Z,2025-05-08,24,00:00:00,2025-05-08,24:00,N,42.17,0.0,3723.0,1.0134246026966764
2025-05-09T06:00:00Z,2025-05-09,1,01:00:00,2025-05-09,01:00,N,40.11,0.0,3704.0,1.0109946289955092
2025-05-09T07:00:00Z,2025-05-09,2,02:00:00,2025-05-09,02:00,N,35.33,0.0,3197.0,1.0262475997363099
2025-05-09T08:00:00Z,2025-05-09,3,03:00:00,2025-05-09,03:00,N,30.44,0.0,3499.0,1.02205200483084
2025-05-09T09:00:00Z,2025-05-09,4,04:00:00,2025-05-09,04:00,N,27.7,0.0,4945.0,0.9918507345044617
2025-05-09T10:00:00Z,2025-05-09,5,05:00:00,2025-05-09,05:00,N,26.82,0.0,6982.0,0.9418566341904974
2025-05-09T11:00:00Z,2025-05-09,6,06:00:00,2025-05-09,06:00,N,28.01,0.0,8735.0,0.8914433868616858
2025-05-09T12:00:00Z,2025-05-09,7,07:00:00,2025-05-09,07:00,N,29.96,58.0,9120.0,0.8872161925500274
2025-05-09T13:00:00Z,2025-05-09,8,08:00:00,2025-05-09,08:00,N,24.82,4598.0,8920.0,0.7940110927242126
2025-05-09T14:00:00Z,2025-05-09,9,09:00:00,2025-05-09,09:00,N,20.8,16318.0,7012.0,0.5774193142966724
2025-05-09T15:00:00Z,2025-05-09,10,10:00:00,2025-05-09,10:00,N,16.99,23167.0,6254.0,0.4594185346678855
2025-05-09T16:00:00Z,2025-05-09,11,11:00:00,2025-05-09,11:00,N,16.98,24480.0,9302.0,0.38212827470783656
2025-05-09T17:00:00Z,2025-05-09,12,12:00:00,2025-05-09,12:00,N,16.26,22786.0,12544.0,0.3583708486909696
2025-05-09T18:00:00Z,2025-05-09,13,13:00:00,2025-05-09,13:00,N,16.35,21465.0,14332.0,0.3661455372397022
2025-05-09T19:00:00Z,2025-05-09,14,14:00:00,2025-05-09,14:00,N,19.43,20782.0,15280.0,0.3738137374326481
2025-05-09T20:00:00Z,2025-05-09,15,15:00:00,2025-05-09,15:00,N,22.78,20076.0,15537.0,0.4121506562692712
2025-05-09T21:00:00Z,2025-05-09,16,16:00:00,2025-05-09,16:00,N,25.64,19404.0,15393.0,0.44434459221596967
2025-05-09T22:00:00Z,2025-05-09,17,17:00:00,2025-05-09,17:00,N,26.0,18015.0,15069.0,0.47765438067356597
2025-05-09T23:00:00Z,2025-05-09,18,18:00:00,2025-05-09,18:00,N,26.54,15572.0,14779.0,0.5129872868479189
2025-05-10T00:00:00Z,2025-05-09,19,19:00:00,2025-05-09,19:00,N,27.29,13598.0,13409.0,0.5571130304957123
2025-05-10T01:00:00Z,2025-05-09,20,20:00:00,2025-05-09,20:00,N,48.11,5373.0,9759.0,0.7637105527961973
2025-05-10T02:00:00Z,2025-05-09,21,21:00:00,2025-05-09,21:00,N,58.92,345.0,7550.0,0.8743797933349208
2025-05-10T03:00:00Z,2025-05-09,22,22:00:00,2025-05-09,22:00,N,53.73,105.0,6515.0,0.9027780564599261
2025-05-10T04:00:00Z,2025-05-09,23,23:00:00,2025-05-09,23:00,N,44.09,0.0,5788.0,0.953032565388499
2025-05-10T05:00:00Z,2025-05-09,24,00:00:00,2025-05-09,24:00,N,38.46,0.0,5729.0,0.9750851785304822
2025-05-10T06:00:00Z,2025-05-10,1,01:00:00,2025-05-10,01:00,N,40.0,0.0,5788.0,0.9742843890912528
2025-05-10T07:00:00Z,2025-05-10,2,02:00:00,2025-05-10,02:00,N,35.96,0.0,5873.0,0.9717652961833658
2025-05-10T08:00:00Z,2025-05-10,3,03:00:00,2025-05-10,03:00,N,31.03,0.0,6039.0,0.9699842518240155
2025-05-10T09:00:00Z,2025-05-10,4,04:00:00,2025-05-10,04:00,N,26.49,0.0,6681.0,0.955273366140631
2025-05-10T10:00:00Z,2025-05-10,5,05:00:00,2025-05-10,05:00,N,25.11,0.0,7577.0,0.9340866984538374
2025-05-10T11:00:00Z,2025-05-10,6,06:00:00,2025-05-10,06:00,N,25.08,0.0,8375.0,0.918004483788527
2025-05-10T12:00:00Z,2025-05-10,7,07:00:00,2025-05-10,07:00,N,24.62,94.0,8974.0,0.8952722546128568
2025-05-10T13:00:00Z,2025-05-10,8,08:00:00,2025-05-10,08:00,N,22.23,5602.0,9015.0,0.752861417230652
2025-05-10T14:00:00Z,2025-05-10,9,09:00:00,2025-05-10,09:00,N,13.72,18212.0,6255.0,0.5321391492770513
2025-05-10T15:00:00Z,2025-05-10,10,10:00:00,2025-05-10,10:00,N,14.32,23314.0,3972.0,0.49726922121209594
2025-05-10T16:00:00Z,2025-05-10,11,11:00:00,2025-05-10,11:00,N,14.09,24900.0,5613.0,0.4524481302238156
2025-05-10T17:00:00Z,2025-05-10,12,12:00:00,2025-05-10,12:00,N,13.23,24169.0,10216.0,0.3921193233467699
2025-05-10T18:00:00Z,2025-05-10,13,13:00:00,2025-05-10,13:00,N,14.38,23766.0,13332.0,0.3620506925583214
2025-05-10T19:00:00Z,2025-05-10,14,14:00:00,2025-05-10,14:00,N,17.58,23601.0,12861.0,0.3902847087682981
2025-05-10T20:00:00Z,2025-05-10,15,15:00:00,2025-05-10,15:00,N,17.79,23636.0,12278.0,0.4207345911565111
2025-05-10T21:00:00Z,2025-05-10,16,16:00:00,2025-05-10,16:00,N,18.55,22642.0,11805.0,0.4516227835625604
2025-05-10T22:00:00Z,2025-05-10,17,17:00:00,2025-05-10,17:00,N,21.49,20556.0,12109.0,0.47978741873927594
2025-05-10T23:00:00Z,2025-05-10,18,18:00:00,2025-05-10,18:00,N,22.46,17645.0,12615.0,0.5017285898814461
2025-05-11T00:00:00Z,2025-05-10,19,19:00:00,2025-05-10,19:00,N,20.29,14610.0,12812.0,0.5323394299136673
2025-05-11T01:00:00Z,2025-05-10,20,20:00:00,2025-05-10,20:00,N,33.78,5722.0,10609.0,0.7420447838577717
2025-05-11T02:00:00Z,2025-05-10,21,21:00:00,2025-05-10,21:00,N,48.72,265.0,8572.0,0.8640186154598221
2025-05-11T03:00:00Z,2025-05-10,22,22:00:00,2025-05-10,22:00,N,45.17,0.0,8709.0,0.8814642530979765
2025-05-11T04:00:00Z,2025-05-10,23,23:00:00,2025-05-10,23:00,N,46.36,0.0,8506.0,0.9049985627727339
2025-05-11T05:00:00Z,2025-05-10,24,00:00:00,2025-05-10,24:00,N,38.07,0.0,7321.0,0.936372986885328
2025-05-11T06:00:00Z,2025-05-11,1,01:00:00,2025-05-11,01:00,N,33.07,0.0,5853.0,0.9704570958748603
2025-05-11T07:00:00Z,2025-05-11,2,02:00:00,2025-05-11,02:00,N,33.29,0.0,4440.0,1.0016488503410206
2025-05-11T08:00:00Z,2025-05-11,3,03:00:00,2025-05-11,03:00,N,33.07,0.0,3198.0,1.0293818406262247
2025-05-11T09:00:00Z,2025-05-11,4,04:00:00,2025-05-11,04:00,N,32.38,0.0,2597.0,1.0447089059488206
2025-05-11T10:00:00Z,2025-05-11,5,05:00:00,2025-05-11,05:00,N,32.11,0.0,2119.0,1.060610924403465
2025-05-11T11:00:00Z,2025-05-11,6,06:00:00,2025-05-11,06:00,N,29.82,0.0,1984.0,1.0604174715471928
2025-05-11T12:00:00Z,2025-05-11,7,07:00:00,2025-05-11,07:00,N,28.03,75.0,2362.0,1.0386645132858006
2025-05-11T13:00:00Z,2025-05-11,8,08:00:00,2025-05-11,08:00,N,24.15,4767.0,2625.0,0.9114505760725204
2025-05-11T14:00:00Z,2025-05-11,9,09:00:00,2025-05-11,09:00,N,19.76,17961.0,1782.0,0.6138478008207566
2025-05-11T15:00:00Z,2025-05-11,10,10:00:00,2025-05-11,10:00,N,18.69,24605.0,1239.0,0.4706019825430406
2025-05-11T16:00:00Z,2025-05-11,11,11:00:00,2025-05-11,11:00,N,17.17,24511.0,3650.0,0.4274069696400825
2025-05-11T17:00:00Z,2025-05-11,12,12:00:00,2025-05-11,12:00,N,16.27,24370.0,5055.0,0.4130400481597817
2025-05-11T18:00:00Z,2025-05-11,13,13:00:00,2025-05-11,13:00,N,16.27,25257.0,5657.0,0.402562751902311
2025-05-11T19:00:00Z,2025-05-11,14,14:00:00,2025-05-11,14:00,N,19.34,25578.0,6513.0,0.39779802061976144
2025-05-11T20:00:00Z,2025-05-11,15,15:00:00,2025-05-11,15:00,N,21.63,25099.0,6655.0,0.41711490580743366
2025-05-11T21:00:00Z,2025-05-11,16,16:00:00,2025-05-11,16:00,N,21.92,24461.0,6166.0,0.445701654961147
2025-05-11T22:00:00Z,2025-05-11,17,17:00:00,2025-05-11,17:00,N,22.0,22930.0,5645.0,0.5010347138346577
2025-05-11T23:00:00Z,2025-05-11,18,18:00:00,2025-05-11,18:00,N,24.36,21657.0,5417.0,0.5304266474732835
2025-05-12T00:00:00Z,2025-05-11,19,19:00:00,2025-05-11,19:00,N,29.37,17347.0,4967.0,0.6330796714844813
2025-05-12T01:00:00Z,2025-05-11,20,20:00:00,2025-05-11,20:00,N,62.2,6686.0,3756.0,0.8384666803437482
2025-05-12T02:00:00Z,2025-05-11,21,21:00:00,2025-05-11,21:00,N,73.4,278.0,3711.0,0.9263330989810716
2025-05-12T03:00:00Z,2025-05-11,22,22:00:00,2025-05-11,22:00,N,62.63,0.0,4196.0,0.9475815953725897
2025-05-12T04:00:00Z,2025-05-11,23,23:00:00,2025-05-11,23:00,N,45.51,0.0,4826.0,0.9814430552528888
2025-05-12T05:00:00Z,2025-05-11,24,00:00:00,2025-05-11,24:00,N,35.41,0.0,5638.0,0.97966094548644
2025-05-12T06:00:00Z,2025-05-12,1,01:00:00,2025-05-12,01:00,N,29.78,0.0,6696.0,0.9601040406482949
2025-05-12T07:00:00Z,2025-05-12,2,02:00:00,2025-05-12,02:00,N,27.85,0.0,7091.0,0.9511544174766858
2025-05-12T08:00:00Z,2025-05-12,3,03:00:00,2025-05-12,03:00,N,26.67,0.0,7348.0,0.9405524123547961
2025-05-12T09:00:00Z,2025-05-12,4,04:00:00,2025-05-12,04:00,N,26.53,0.0,6904.0,0.9485847016350385
2025-05-12T10:00:00Z,2025-05-12,5,05:00:00,2025-05-12,05:00,N,26.96,0.0,6499.0,0.9598763072600873
2025-05-12T11:00:00Z,2025-05-12,6,06:00:00,2025-05-12,06:00,N,31.79,0.0,5992.0,0.9720248026174979
2025-05-12T12:00:00Z,2025-05-12,7,07:00:00,2025-05-12,07:00,N,33.27,142.0,6207.0,0.9391829371243927
2025-05-12T13:00:00Z,2025-05-12,8,08:00:00,2025-05-12,08:00,N,25.6,7043.0,6749.0,0.7909173958550539
2025-05-12T14:00:00Z,2025-05-12,9,09:00:00,2025-05-12,09:00,N,17.51,20987.0,5463.0,0.5147348220252382
2025-05-12T15:00:00Z,2025-05-12,10,10:00:00,2025-05-12,10:00,N,17.2,26076.0,4143.0,0.43418823391393263
2025-05-12T16:00:00Z,2025-05-12,11,11:00:00,2025-05-12,11:00,N,18.87,26798.0,4933.0,0.40686515071164336
2025-05-12T17:00:00Z,2025-05-12,12,12:00:00,2025-05-12,12:00,N,20.44,26527.0,5021.0,0.42575890638662817
2025-05-12T18:00:00Z,2025-05-12,13,13:00:00,2025-05-12,13:00,N,20.56,26108.0,4889.0,0.4691653505669464
2025-05-12T19:00:00Z,2025-05-12,14,14:00:00,2025-05-12,14:00,N,24.0,25858.0,4855.0,0.5091930938287011
2025-05-12T20:00:00Z,2025-05-12,15,15:00:00,2025-05-12,15:00,N,25.42,25418.0,4970.0,0.5429500278676337
2025-05-12T21:00:00Z,2025-05-12,16,16:00:00,2025-05-12,16:00,N,32.15,24686.0,5174.0,0.5892828728551494
2025-05-12T22:00:00Z,2025-05-12,17,17:00:00,2025-05-12,17:00,N,33.49,24147.0,6011.0,0.6041940086871406
2025-05-12T23:00:00Z,2025-05-12,18,18:00:00,2025-05-12,18:00,N,35.67,23226.0,6376.0,0.6081037549744435
2025-05-13T00:00:00Z,2025-05-12,19,19:00:00,2025-05-12,19:00,N,50.91,17176.0,7097.0,0.6837142783610084
2025-05-13T01:00:00Z,2025-05-12,20,20:00:00,2025-05-12,20:00,N,84.98,5957.0,9003.0,0.7794325047719318
2025-05-13T02:00:00Z,2025-05-12,21,21:00:00,2025-05-12,21:00,N,84.26,227.0,13374.0,0.8084580781987816
2025-05-13T03:00:00Z,2025-05-12,22,22:00:00,2025-05-12,22:00,N,36.87,0.0,19431.0,0.7371391480630962
2025-05-13T04:00:00Z,2025-05-12,23,23:00:00,2025-05-12,23:00,N,27.78,0.0,23744.0,0.634213460368101
2025-05-13T05:00:00Z,2025-05-12,24,00:00:00,2025-05-12,24:00,N,25.0,1.0,25271.0,0.5622163513715275
2025-05-13T06:00:00Z,2025-05-13,1,01:00:00,2025-05-13,01:00,N,20.45,1.0,25668.0,0.5167011873502209
2025-05-13T07:00:00Z,2025-05-13,2,02:00:00,2025-05-13,02:00,N,16.26,1.0,25832.0,0.4888976471006853
2025-05-13T08:00:00Z,2025-05-13,3,03:00:00,2025-05-13,03:00,N,15.02,1.0,25359.0,0.4678410891139303
2025-05-13T09:00:00Z,2025-05-13,4,04:00:00,2025-05-13,04:00,N,14.2,1.0,24872.0,0.4673322356299338
2025-05-13T10:00:00Z,2025-05-13,5,05:00:00,2025-05-13,05:00,N,16.09,1.0,24277.0,0.47010181865954903
2025-05-13T11:00:00Z,2025-05-13,6,06:00:00,2025-05-13,06:00,N,17.52,1.0,24871.0,0.4759589598911153
2025-05-13T12:00:00Z,2025-05-13,7,07:00:00,2025-05-13,07:00,N,18.67,151.0,24634.0,0.5158643196826779
2025-05-13T13:00:00Z,2025-05-13,8,08:00:00,2025-05-13,08:00,N,16.65,5522.0,22784.0,0.46303929306707026
2025-05-13T14:00:00Z,2025-05-13,9,09:00:00,2025-05-13,09:00,N,12.44,14741.0,18553.0,0.37827092394011236
2025-05-13T15:00:00Z,2025-05-13,10,10:00:00,2025-05-13,10:00,N,17.0,19334.0,16002.0,0.3700003028678942
2025-05-13T16:00:00Z,2025-05-13,11,11:00:00,2025-05-13,11:00,N,21.75,21442.0,14973.0,0.3906011271322026
2025-05-13T17:00:00Z,2025-05-13,12,12:00:00,2025-05-13,12:00,N,27.53,21782.0,15406.0,0.4113673619532511
2025-05-13T18:00:00Z,2025-05-13,13,13:00:00,2025-05-13,13:00,N,39.91,21224.0,16822.0,0.4401983819718414
2025-05-13T19:00:00Z,2025-05-13,14,14:00:00,2025-05-13,14:00,N,43.7,22138.0,16365.0,0.4723453296196775
2025-05-13T20:00:00Z,2025-05-13,15,15:00:00,2025-05-13,15:00,N,49.87,22821.0,15973.0,0.49606754790249064
2025-05-13T21:00:00Z,2025-05-13,16,16:00:00,2025-05-13,16:00,N,59.99,22524.0,16208.0,0.5249089168590033
2025-05-13T22:00:00Z,2025-05-13,17,17:00:00,2025-05-13,17:00,N,76.96,20743.0,17475.0,0.5527187840175126
2025-05-13T23:00:00Z,2025-05-13,18,18:00:00,2025-05-13,18:00,N,79.29,19117.0,18328.0,0.5797789019727756
2025-05-14T00:00:00Z,2025-05-13,19,19:00:00,2025-05-13,19:00,N,83.91,15174.0,18102.0,0.6372001109388171
2025-05-14T01:00:00Z,2025-05-13,20,20:00:00,2025-05-13,20:00,N,111.68,4598.0,17830.0,0.7581592873346689
2025-05-14T02:00:00Z,2025-05-13,21,21:00:00,2025-05-13,21:00,N,130.71,140.0,17856.0,0.7988099708047482
2025-05-14T03:00:00Z,2025-05-13,22,22:00:00,2025-05-13,22:00,N,79.62,0.0,18567.0,0.8031747565125104
2025-05-14T04:00:00Z,2025-05-13,23,23:00:00,2025-05-13,23:00,N,49.7,0.0,19938.0,0.7641102890119649
2025-05-14T05:00:00Z,2025-05-13,24,00:00:00,2025-05-13,24:00,N,29.27,0.0,21259.0,0.7028275217948318
2025-05-14T06:00:00Z,2025-05-14,1,01:00:00,2025-05-14,01:00,N,24.81,0.0,21608.0,0.679390035906312
2025-05-14T07:00:00Z,2025-05-14,2,02:00:00,2025-05-14,02:00,N,21.69,1.0,21939.0,0.6480148631289587
2025-05-14T08:00:00Z,2025-05-14,3,03:00:00,2025-05-14,03:00,N,20.64,1.0,21479.0,0.6402554239955472
2025-05-14T09:00:00Z,2025-05-14,4,04:00:00,2025-05-14,04:00,N,20.78,0.0,21663.0,0.6180849575252134
2025-05-14T10:00:00Z,2025-05-14,5,05:00:00,2025-05-14,05:00,N,19.93,0.0,21660.0,0.6059566196789581
2025-05-14T11:00:00Z,2025-05-14,6,06:00:00,2025-05-14,06:00,N,21.6,1.0,21848.0,0.6201426774931607
2025-05-14T12:00:00Z,2025-05-14,7,07:00:00,2025-05-14,07:00,N,22.21,82.0,21745.0,0.6576500652081677
2025-05-14T13:00:00Z,2025-05-14,8,08:00:00,2025-05-14,08:00,N,20.24,3099.0,20273.0,0.6517497268097949
2025-05-14T14:00:00Z,2025-05-14,9,09:00:00,2025-05-14,09:00,N,20.2,11190.0,17538.0,0.5423444888304577
2025-05-14T15:00:00Z,2025-05-14,10,10:00:00,2025-05-14,10:00,N,22.47,18116.0,14064.0,0.4915960255338859
2025-05-14T16:00:00Z,2025-05-14,11,11:00:00,2025-05-14,11:00,N,29.76,20478.0,12243.0,0.509474163029101
2025-05-14T17:00:00Z,2025-05-14,12,12:00:00,2025-05-14,12:00,N,41.1,20905.0,12800.0,0.5318381998185691
2025-05-14T18:00:00Z,2025-05-14,13,13:00:00,2025-05-14,13:00,N,52.88,22367.0,13466.0,0.5309833958661246
2025-05-14T19:00:00Z,2025-05-14,14,14:00:00,2025-05-14,14:00,N,71.72,22236.0,13649.0,0.5672660219310124
2025-05-14T20:00:00Z,2025-05-14,15,15:00:00,2025-05-14,15:00,N,99.92,21388.0,15110.0,0.5799039977059534
2025-05-14T21:00:00Z,2025-05-14,16,16:00:00,2025-05-14,16:00,N,130.27,20466.0,15945.0,0.5870751578801077
2025-05-14T22:00:00Z,2025-05-14,17,17:00:00,2025-05-14,17:00,N,131.37,19651.0,17161.0,0.5952231269091363
2025-05-14T23:00:00Z,2025-05-14,18,18:00:00,2025-05-14,18:00,N,148.5,17382.0,18067.0,0.6114936213093205
2025-05-15T00:00:00Z,2025-05-14,19,19:00:00,2025-05-14,19:00,N,130.33,12016.0,17704.0,0.6829923925930889
2025-05-15T01:00:00Z,2025-05-14,20,20:00:00,2025-05-14,20:00,N,159.0,3300.0,17389.0,0.7752197167992051
2025-05-15T02:00:00Z,2025-05-14,21,21:00:00,2025-05-14,21:00,N,150.03,148.0,17865.0,0.8034691364189919
2025-05-15T03:00:00Z,2025-05-14,22,22:00:00,2025-05-14,22:00,N,85.69,1.0,17334.0,0.8223070547788004
2025-05-15T04:00:00Z,2025-05-14,23,23:00:00,2025-05-14,23:00,N,54.12,1.0,16724.0,0.8313892592719951
2025-05-15T05:00:00Z,2025-05-14,24,00:00:00,2025-05-14,24:00,N,36.65,1.0,17021.0,0.8125016454278371
2025-05-15T06:00:00Z,2025-05-15,1,01:00:00,2025-05-15,01:00,N,30.24,1.0,17481.0,0.7724475425464313
2025-05-15T07:00:00Z,2025-05-15,2,02:00:00,2025-05-15,02:00,N,25.95,1.0,18356.0,0.7228053342059536
2025-05-15T08:00:00Z,2025-05-15,3,03:00:00,2025-05-15,03:00,N,23.59,0.0,19389.0,0.667092582741538
2025-05-15T09:00:00Z,2025-05-15,4,04:00:00,2025-05-15,04:00,N,23.33,1.0,18532.0,0.6670183837942435
2025-05-15T10:00:00Z,2025-05-15,5,05:00:00,2025-05-15,05:00,N,23.54,1.0,18151.0,0.6721571590544866
2025-05-15T11:00:00Z,2025-05-15,6,06:00:00,2025-05-15,06:00,N,24.38,0.0,20745.0,0.6263949269413368
2025-05-15T12:00:00Z,2025-05-15,7,07:00:00,2025-05-15,07:00,N,24.42,60.0,21321.0,0.6240939972122155
2025-05-15T13:00:00Z,2025-05-15,8,08:00:00,2025-05-15,08:00,N,22.92,3038.0,19213.0,0.6149711847173426
2025-05-15T14:00:00Z,2025-05-15,9,09:00:00,2025-05-15,09:00,N,22.02,10023.0,15498.0,0.5681352450801298
2025-05-15T15:00:00Z,2025-05-15,10,10:00:00,2025-05-15,10:00,N,25.15,15802.0,12246.0,0.5485400112894206
2025-05-15T16:00:00Z,2025-05-15,11,11:00:00,2025-05-15,11:00,N,29.85,19277.0,10502.0,0.5469925286798003
2025-05-15T17:00:00Z,2025-05-15,12,12:00:00,2025-05-15,12:00,N,37.39,21319.0,8260.0,0.5904165285656608
2025-05-15T18:00:00Z,2025-05-15,13,13:00:00,2025-05-15,13:00,N,50.98,21694.0,7118.0,0.637342354841403
2025-05-15T19:00:00Z,2025-05-15,14,14:00:00,2025-05-15,14:00,N,65.12,21584.0,6492.0,0.6642102664472624
2025-05-15T20:00:00Z,2025-05-15,15,15:00:00,2025-05-15,15:00,N,77.96,22274.0,6289.0,0.6684785012071724
2025-05-15T21:00:00Z,2025-05-15,16,16:00:00,2025-05-15,16:00,N,104.28,20870.0,6908.0,0.6847983703417494
2025-05-15T22:00:00Z,2025-05-15,17,17:00:00,2025-05-15,17:00,N,115.08,17095.0,7506.0,0.7349731378566887
2025-05-15T23:00:00Z,2025-05-15,18,18:00:00,2025-05-15,18:00,N,111.86,14853.0,7967.0,0.7610468453630623
2025-05-16T00:00:00Z,2025-05-15,19,19:00:00,2025-05-15,19:00,N,127.91,10010.0,9094.0,0.8007576836816052
2025-05-16T01:00:00Z,2025-05-15,20,20:00:00,2025-05-15,20:00,N,209.63,3884.0,9723.0,0.8477938501255252
2025-05-16T02:00:00Z,2025-05-15,21,21:00:00,2025-05-15,21:00,N,187.83,251.0,10135.0,0.876073586101973
2025-05-16T03:00:00Z,2025-05-15,22,22:00:00,2025-05-15,22:00,N,106.56,0.0,11764.0,0.8786396625409769
2025-05-16T04:00:00Z,2025-05-15,23,23:00:00,2025-05-15,23:00,N,63.24,0.0,14737.0,0.844831006740413
2025-05-16T05:00:00Z,2025-05-15,24,00:00:00,2025-05-15,24:00,N,35.61,0.0,17109.0,0.7794450684350653
2025-05-16T06:00:00Z,2025-05-16,1,01:00:00,2025-05-16,01:00,N,23.0,0.0,19358.0,0.6960373468935446
2025-05-16T07:00:00Z,2025-05-16,2,02:00:00,2025-05-16,02:00,N,21.02,1.0,20350.0,0.638939492780425
2025-05-16T08:00:00Z,2025-05-16,3,03:00:00,2025-05-16,03:00,N,20.38,1.0,20680.0,0.6014621054578022
2025-05-16T09:00:00Z,2025-05-16,4,04:00:00,2025-05-16,04:00,N,20.39,0.0,19588.0,0.6153812051716953
2025-05-16T10:00:00Z,2025-05-16,5,05:00:00,2025-05-16,05:00,N,21.31,0.0,18395.0,0.6555174120068243
2025-05-16T11:00:00Z,2025-05-16,6,06:00:00,2025-05-16,06:00,N,24.43,0.0,16661.0,0.7073352421494961
2025-05-16T12:00:00Z,2025-05-16,7,07:00:00,2025-05-16,07:00,N,24.65,64.0,14665.0,0.7731461666792969
2025-05-16T13:00:00Z,2025-05-16,8,08:00:00,2025-05-16,08:00,N,23.72,2375.0,12931.0,0.7664414705928794
2025-05-16T14:00:00Z,2025-05-16,9,09:00:00,2025-05-16,09:00,N,20.58,8673.0,12011.0,0.679672801100509
2025-05-16T15:00:00Z,2025-05-16,10,10:00:00,2025-05-16,10:00,N,21.57,14707.0,9930.0,0.6385128110804181
2025-05-16T16:00:00Z,2025-05-16,11,11:00:00,2025-05-16,11:00,N,25.09,17955.0,9682.0,0.6209952001138153
2025-05-16T17:00:00Z,2025-05-16,12,12:00:00,2025-05-16,12:00,N,27.75,20485.0,8904.0,0.6053719100593126
2025-05-16T18:00:00Z,2025-05-16,13,13:00:00,2025-05-16,13:00,N,34.22,21683.0,7524.0,0.623839388882965
2025-05-16T19:00:00Z,2025-05-16,14,14:00:00,2025-05-16,14:00,N,38.92,22418.0,6441.0,0.6376361257046761
2025-05-16T20:00:00Z,2025-05-16,15,15:00:00,2025-05-16,15:00,N,47.62,22607.0,4727.0,0.6651121136263188
2025-05-16T21:00:00Z,2025-05-16,16,16:00:00,2025-05-16,16:00,N,60.63,22374.0,4353.0,0.6821520117432899
2025-05-16T22:00:00Z,2025-05-16,17,17:00:00,2025-05-16,17:00,N,68.46,20381.0,4249.0,0.7184116961508699
2025-05-16T23:00:00Z,2025-05-16,18,18:00:00,2025-05-16,18:00,N,75.48,17151.0,4701.0,0.7535838155728205
2025-05-17T00:00:00Z,2025-05-16,19,19:00:00,2025-05-16,19:00,N,94.74,10235.0,5104.0,0.8174716798245278
2025-05-17T01:00:00Z,2025-05-16,20,20:00:00,2025-05-16,20:00,N,183.87,3074.0,4823.0,0.8948287296470793
2025-05-17T02:00:00Z,2025-05-16,21,21:00:00,2025-05-16,21:00,N,163.58,174.0,5550.0,0.9417605014708812
2025-05-17T03:00:00Z,2025-05-16,22,22:00:00,2025-05-16,22:00,N,91.77,0.0,8195.0,0.9191673587385918
2025-05-17T04:00:00Z,2025-05-16,23,23:00:00,2025-05-16,23:00,N,72.59,1.0,10219.0,0.8888468682058035
2025-05-17T05:00:00Z,2025-05-16,24,00:00:00,2025-05-16,24:00,N,39.74,0.0,12139.0,0.8484705212890429
2025-05-17T06:00:00Z,2025-05-17,1,01:00:00,2025-05-17,01:00,N,28.41,1.0,14295.0,0.8028832104816145
2025-05-17T07:00:00Z,2025-05-17,2,02:00:00,2025-05-17,02:00,N,24.47,1.0,17005.0,0.7560466692573877
2025-05-17T08:00:00Z,2025-05-17,3,03:00:00,2025-05-17,03:00,N,23.37,1.0,18019.0,0.7161721221013015
2025-05-17T09:00:00Z,2025-05-17,4,04:00:00,2025-05-17,04:00,N,22.98,1.0,17840.0,0.7130206335402941
2025-05-17T10:00:00Z,2025-05-17,5,05:00:00,2025-05-17,05:00,N,21.44,1.0,16601.0,0.7338308950020533
2025-05-17T11:00:00Z,2025-05-17,6,06:00:00,2025-05-17,06:00,N,22.46,1.0,14866.0,0.775966413308561
2025-05-17T12:00:00Z,2025-05-17,7,07:00:00,2025-05-17,07:00,N,23.0,75.0,13876.0,0.7939033661634121
2025-05-17T13:00:00Z,2025-05-17,8,08:00:00,2025-05-17,08:00,N,21.09,2306.0,13602.0,0.7389998233325418
2025-05-17T14:00:00Z,2025-05-17,9,09:00:00,2025-05-17,09:00,N,20.63,7017.0,12652.0,0.6886276871611472
2025-05-17T15:00:00Z,2025-05-17,10,10:00:00,2025-05-17,10:00,N,19.93,11617.0,11935.0,0.6474379066964736
2025-05-17T16:00:00Z,2025-05-17,11,11:00:00,2025-05-17,11:00,N,23.02,14929.0,10746.0,0.6537711908665024
2025-05-17T17:00:00Z,2025-05-17,12,12:00:00,2025-05-17,12:00,N,27.5,17313.0,10313.0,0.639953348485174
2025-05-17T18:00:00Z,2025-05-17,13,13:00:00,2025-05-17,13:00,N,35.51,20719.0,10221.0,0.6009616149362909
2025-05-17T19:00:00Z,2025-05-17,14,14:00:00,2025-05-17,14:00,N,42.78,22404.0,11280.0,0.5728374014906304
2025-05-17T20:00:00Z,2025-05-17,15,15:00:00,2025-05-17,15:00,N,44.28,22553.0,13261.0,0.5558672084519789
2025-05-17T21:00:00Z,2025-05-17,16,16:00:00,2025-05-17,16:00,N,54.97,21428.0,14275.0,0.5650587483016748
2025-05-17T22:00:00Z,2025-05-17,17,17:00:00,2025-05-17,17:00,N,53.0,18104.0,16528.0,0.5846246439214258
2025-05-17T23:00:00Z,2025-05-17,18,18:00:00,2025-05-17,18:00,N,50.68,13760.0,18290.0,0.6099936352269899
2025-05-18T00:00:00Z,2025-05-17,19,19:00:00,2025-05-17,19:00,N,37.32,9205.0,17481.0,0.6640912307014164
2025-05-18T01:00:00Z,2025-05-17,20,20:00:00,2025-05-17,20:00,N,46.54,3847.0,15269.0,0.7215336321820817
2025-05-18T02:00:00Z,2025-05-17,21,21:00:00,2025-05-17,21:00,N,46.51,261.0,15790.0,0.765078127635044
2025-05-18T03:00:00Z,2025-05-17,22,22:00:00,2025-05-17,22:00,N,35.31,0.0,17970.0,0.7675005824553073
2025-05-18T04:00:00Z,2025-05-17,23,23:00:00,2025-05-17,23:00,N,29.92,1.0,19500.0,0.7436639976602744
2025-05-18T05:00:00Z,2025-05-17,24,00:00:00,2025-05-17,24:00,N,24.89,1.0,20827.0,0.7004409345126532
2025-05-18T06:00:00Z,2025-05-18,1,01:00:00,2025-05-18,01:00,N,22.97,1.0,20404.0,0.6805260564205923
2025-05-18T07:00:00Z,2025-05-18,2,02:00:00,2025-05-18,02:00,N,21.83,1.0,20208.0,0.6989904682015634
2025-05-18T08:00:00Z,2025-05-18,3,03:00:00,2025-05-18,03:00,N,22.04,1.0,20008.0,0.6956715100958856
2025-05-18T09:00:00Z,2025-05-18,4,04:00:00,2025-05-18,04:00,N,21.79,1.0,19505.0,0.7005223726230073
2025-05-18T10:00:00Z,2025-05-18,5,05:00:00,2025-05-18,05:00,N,21.12,1.0,19864.0,0.6910461717516034
2025-05-18T11:00:00Z,2025-05-18,6,06:00:00,2025-05-18,06:00,N,22.09,1.0,20655.0,0.6560597979128505
2025-05-18T12:00:00Z,2025-05-18,7,07:00:00,2025-05-18,07:00,N,19.5,61.0,20947.0,0.6390996457799171
2025-05-18T13:00:00Z,2025-05-18,8,08:00:00,2025-05-18,08:00,N,18.55,1885.0,20279.0,0.6245785466316661
2025-05-18T14:00:00Z,2025-05-18,9,09:00:00,2025-05-18,09:00,N,17.17,6928.0,19398.0,0.5683746683911309
2025-05-18T15:00:00Z,2025-05-18,10,10:00:00,2025-05-18,10:00,N,18.35,11898.0,19990.0,0.4841217855557736
2025-05-18T16:00:00Z,2025-05-18,11,11:00:00,2025-05-18,11:00,N,23.63,16144.0,20905.0,0.42385388743700214
2025-05-18T17:00:00Z,2025-05-18,12,12:00:00,2025-05-18,12:00,N,27.23,18740.0,20144.0,0.4265653474435441
2025-05-18T18:00:00Z,2025-05-18,13,13:00:00,2025-05-18,13:00,N,37.81,17571.0,20596.0,0.4618574203757331
2025-05-18T19:00:00Z,2025-05-18,14,14:00:00,2025-05-18,14:00,N,39.89,17777.0,21020.0,0.47383591047887386
2025-05-18T20:00:00Z,2025-05-18,15,15:00:00,2025-05-18,15:00,N,45.26,16624.0,21602.0,0.48760158132644693
2025-05-18T21:00:00Z,2025-05-18,16,16:00:00,2025-05-18,16:00,N,56.95,16704.0,21824.0,0.49712207701385663
2025-05-18T22:00:00Z,2025-05-18,17,17:00:00,2025-05-18,17:00,N,60.38,15197.0,22145.0,0.5069995970078618
2025-05-18T23:00:00Z,2025-05-18,18,18:00:00,2025-05-18,18:00,N,43.95,13044.0,22830.0,0.5139131464308164
2025-05-19T00:00:00Z,2025-05-18,19,19:00:00,2025-05-18,19:00,N,41.41,8990.0,22825.0,0.5702415727267428
2025-05-19T01:00:00Z,2025-05-18,20,20:00:00,2025-05-18,20:00,N,40.09,4525.0,23603.0,0.620695172444724
2025-05-19T02:00:00Z,2025-05-18,21,21:00:00,2025-05-18,21:00,N,41.82,332.0,24418.0,0.6538379350303593
2025-05-19T03:00:00Z,2025-05-18,22,22:00:00,2025-05-18,22:00,N,31.7,1.0,25341.0,0.6466952144381511
2025-05-19T04:00:00Z,2025-05-18,23,23:00:00,2025-05-18,23:00,N,27.13,1.0,26081.0,0.6222990852115534
2025-05-19T05:00:00Z,2025-05-18,24,00:00:00,2025-05-18,24:00,N,25.22,1.0,26461.0,0.573430356589116
2025-05-19T06:00:00Z,2025-05-19,1,01:00:00,2025-05-19,01:00,N,23.32,1.0,26380.0,0.5368386036779991
2025-05-19T07:00:00Z,2025-05-19,2,02:00:00,2025-05-19,02:00,N,21.91,1.0,25674.0,0.5294226812006553
2025-05-19T08:00:00Z,2025-05-19,3,03:00:00,2025-05-19,03:00,N,21.28,1.0,23985.0,0.5424467853228124
2025-05-19T09:00:00Z,2025-05-19,4,04:00:00,2025-05-19,04:00,N,21.56,1.0,21217.0,0.5963981402722122
2025-05-19T10:00:00Z,2025-05-19,5,05:00:00,2025-05-19,05:00,N,23.52,1.0,18906.0,0.6741102940571378
2025-05-19T11:00:00Z,2025-05-19,6,06:00:00,2025-05-19,06:00,N,26.86,1.0,18088.0,0.700592301578499
2025-05-19T12:00:00Z,2025-05-19,7,07:00:00,2025-05-19,07:00,N,29.43,133.0,17494.0,0.7253176406435268
2025-05-19T13:00:00Z,2025-05-19,8,08:00:00,2025-05-19,08:00,N,26.53,3505.0,17709.0,0.671318469709551
2025-05-19T14:00:00Z,2025-05-19,9,09:00:00,2025-05-19,09:00,N,23.83,10858.0,16749.0,0.5489713477612921
2025-05-19T15:00:00Z,2025-05-19,10,10:00:00,2025-05-19,10:00,N,25.75,14517.0,16523.0,0.5308478899359955
2025-05-19T16:00:00Z,2025-05-19,11,11:00:00,2025-05-19,11:00,N,29.73,15590.0,16755.0,0.5350557580873915
2025-05-19T17:00:00Z,2025-05-19,12,12:00:00,2025-05-19,12:00,N,33.75,16565.0,15749.0,0.5518321225696924
2025-05-19T18:00:00Z,2025-05-19,13,13:00:00,2025-05-19,13:00,N,38.9,17931.0,16073.0,0.5467011665125296
2025-05-19T19:00:00Z,2025-05-19,14,14:00:00,2025-05-19,14:00,N,42.74,17820.0,17544.0,0.525109064081325
2025-05-19T20:00:00Z,2025-05-19,15,15:00:00,2025-05-19,15:00,N,52.79,17026.0,18770.0,0.5143606351052097
2025-05-19T21:00:00Z,2025-05-19,16,16:00:00,2025-05-19,16:00,N,59.13,15148.0,20362.0,0.5396077847821926
2025-05-19T22:00:00Z,2025-05-19,17,17:00:00,2025-05-19,17:00,N,57.77,13165.0,21795.0,0.5589544721429519
2025-05-19T23:00:00Z,2025-05-19,18,18:00:00,2025-05-19,18:00,N,56.69,11721.0,22327.0,0.5644867622057187
2025-05-20T00:00:00Z,2025-05-19,19,19:00:00,2025-05-19,19:00,N,50.97,8890.0,22939.0,0.5883842150120089
2025-05-20T01:00:00Z,2025-05-19,20,20:00:00,2025-05-19,20:00,N,44.53,4163.0,24511.0,0.6259232356203667
2025-05-20T02:00:00Z,2025-05-19,21,21:00:00,2025-05-19,21:00,N,45.79,279.0,24291.0,0.6700632121215468
2025-05-20T03:00:00Z,2025-05-19,22,22:00:00,2025-05-19,22:00,N,46.62,0.0,20498.0,0.7109721514311342
2025-05-20T04:00:00Z,2025-05-19,23,23:00:00,2025-05-19,23:00,N,43.71,0.0,18014.0,0.7497631011525685
2025-05-20T05:00:00Z,2025-05-19,24,00:00:00,2025-05-19,24:00,N,32.15,0.0,17310.0,0.7696225967527386
2025-05-20T06:00:00Z,2025-05-20,1,01:00:00,2025-05-20,01:00,N,27.19,1.0,18609.0,0.716752212071268
2025-05-20T07:00:00Z,2025-05-20,2,02:00:00,2025-05-20,02:00,N,24.56,0.0,19423.0,0.6674811094470774
2025-05-20T08:00:00Z,2025-05-20,3,03:00:00,2025-05-20,03:00,N,21.7,1.0,20476.0,0.6304994888855053
2025-05-20T09:00:00Z,2025-05-20,4,04:00:00,2025-05-20,04:00,N,20.03,1.0,20628.0,0.602324577006692
2025-05-20T10:00:00Z,2025-05-20,5,05:00:00,2025-05-20,05:00,N,20.04,1.0,20127.0,0.6114170864544779
2025-05-20T11:00:00Z,2025-05-20,6,06:00:00,2025-05-20,06:00,N,22.01,1.0,18309.0,0.6660414165660627
2025-05-20T12:00:00Z,2025-05-20,7,07:00:00,2025-05-20,07:00,N,30.77,114.0,15617.0,0.7408200932815378
2025-05-20T13:00:00Z,2025-05-20,8,08:00:00,2025-05-20,08:00,N,23.37,4094.0,12106.0,0.7521194772160035
2025-05-20T14:00:00Z,2025-05-20,9,09:00:00,2025-05-20,09:00,N,22.47,14128.0,8915.0,0.6250163817774376
2025-05-20T15:00:00Z,2025-05-20,10,10:00:00,2025-05-20,10:00,N,26.18,19694.0,8336.0,0.5302703270349961
2025-05-20T16:00:00Z,2025-05-20,11,11:00:00,2025-05-20,11:00,N,30.09,22412.0,6195.0,0.5250373662442535
2025-05-20T17:00:00Z,2025-05-20,12,12:00:00,2025-05-20,12:00,N,34.73,24293.0,4352.0,0.5490775258869109
2025-05-20T18:00:00Z,2025-05-20,13,13:00:00,2025-05-20,13:00,N,43.55,25151.0,3057.0,0.5902864901525747
2025-05-20T19:00:00Z,2025-05-20,14,14:00:00,2025-05-20,14:00,N,65.81,25601.0,2527.0,0.607002817202033
2025-05-20T20:00:00Z,2025-05-20,15,15:00:00,2025-05-20,15:00,N,72.43,26534.0,2345.0,0.5988059724335834
2025-05-20T21:00:00Z,2025-05-20,16,16:00:00,2025-05-20,16:00,N,80.81,26674.0,2494.0,0.6055874844347012
2025-05-20T22:00:00Z,2025-05-20,17,17:00:00,2025-05-20,17:00,N,96.47,25588.0,2497.0,0.6342546534043084
2025-05-20T23:00:00Z,2025-05-20,18,18:00:00,2025-05-20,18:00,N,92.84,23801.0,2064.0,0.6798125689032545
2025-05-21T00:00:00Z,2025-05-20,19,19:00:00,2025-05-20,19:00,N,167.47,19531.0,1908.0,0.735150189330119
2025-05-21T01:00:00Z,2025-05-20,20,20:00:00,2025-05-20,20:00,N,537.08,8045.0,1947.0,0.8579858264244153
2025-05-21T02:00:00Z,2025-05-20,21,21:00:00,2025-05-20,21:00,N,526.72,485.0,3035.0,0.9268984167512349
2025-05-21T03:00:00Z,2025-05-20,22,22:00:00,2025-05-20,22:00,N,188.41,0.0,6827.0,0.888071554394178
2025-05-21T04:00:00Z,2025-05-20,23,23:00:00,2025-05-20,23:00,N,56.82,0.0,10202.0,0.8653715468891783
2025-05-21T05:00:00Z,2025-05-20,24,00:00:00,2025-05-20,24:00,N,27.21,1.0,13253.0,0.8062109223220777
2025-05-21T06:00:00Z,2025-05-21,1,01:00:00,2025-05-21,01:00,N,22.14,1.0,16429.0,0.7313991743599132
2025-05-21T07:00:00Z,2025-05-21,2,02:00:00,2025-05-21,02:00,N,20.55,1.0,17634.0,0.6802720042089668
2025-05-21T08:00:00Z,2025-05-21,3,03:00:00,2025-05-21,03:00,N,19.36,1.0,17954.0,0.655401398157289
2025-05-21T09:00:00Z,2025-05-21,4,04:00:00,2025-05-21,04:00,N,17.67,1.0,18439.0,0.6288957607719315
2025-05-21T10:00:00Z,2025-05-21,5,05:00:00,2025-05-21,05:00,N,18.23,1.0,18373.0,0.6310875044455475
2025-05-21T11:00:00Z,2025-05-21,6,06:00:00,2025-05-21,06:00,N,19.55,1.0,17938.0,0.6575206800668898
2025-05-21T12:00:00Z,2025-05-21,7,07:00:00,2025-05-21,07:00,N,23.84,261.0,18992.0,0.6462923990032281
2025-05-21T13:00:00Z,2025-05-21,8,08:00:00,2025-05-21,08:00,N,20.4,5534.0,18666.0,0.5297327838368685
2025-05-21T14:00:00Z,2025-05-21,9,09:00:00,2025-05-21,09:00,N,16.46,13751.0,15187.0,0.440714185078264
2025-05-21T15:00:00Z,2025-05-21,10,10:00:00,2025-05-21,10:00,N,17.47,18767.0,13888.0,0.3927984844857215
2025-05-21T16:00:00Z,2025-05-21,11,11:00:00,2025-05-21,11:00,N,18.54,19441.0,13668.0,0.3941175715091778
2025-05-21T17:00:00Z,2025-05-21,12,12:00:00,2025-05-21,12:00,N,24.75,21029.0,13209.0,0.4117610373783044
2025-05-21T18:00:00Z,2025-05-21,13,13:00:00,2025-05-21,13:00,N,30.36,22477.0,12945.0,0.4232536594000316
2025-05-21T19:00:00Z,2025-05-21,14,14:00:00,2025-05-21,14:00,N,39.0,23301.0,11873.0,0.4674464121486544
2025-05-21T20:00:00Z,2025-05-21,15,15:00:00,2025-05-21,15:00,N,43.91,24905.0,10339.0,0.4989198722598124
2025-05-21T21:00:00Z,2025-05-21,16,16:00:00,2025-05-21,16:00,N,49.76,25125.0,8538.0,0.5332394183044727
2025-05-21T22:00:00Z,2025-05-21,17,17:00:00,2025-05-21,17:00,N,54.05,24214.0,7423.0,0.5669258567806016
2025-05-21T23:00:00Z,2025-05-21,18,18:00:00,2025-05-21,18:00,N,52.53,21685.0,6849.0,0.6144170216103251
2025-05-22T00:00:00Z,2025-05-21,19,19:00:00,2025-05-21,19:00,N,64.86,16658.0,6913.0,0.6863761011431104
2025-05-22T01:00:00Z,2025-05-21,20,20:00:00,2025-05-21,20:00,N,100.33,7067.0,7415.0,0.773519281827276
2025-05-22T02:00:00Z,2025-05-21,21,21:00:00,2025-05-21,21:00,N,101.13,470.0,10272.0,0.8094486281314663
2025-05-22T03:00:00Z,2025-05-21,22,22:00:00,2025-05-21,22:00,N,44.14,0.0,14517.0,0.7909952410793453
2025-05-22T04:00:00Z,2025-05-21,23,23:00:00,2025-05-21,23:00,N,29.36,1.0,17106.0,0.7398195607245713
2025-05-22T05:00:00Z,2025-05-21,24,00:00:00,2025-05-21,24:00,N,24.4,1.0,19963.0,0.6723648495888591
2025-05-22T06:00:00Z,2025-05-22,1,01:00:00,2025-05-22,01:00,N,21.47,1.0,21526.0,0.6206722653889695
2025-05-22T07:00:00Z,2025-05-22,2,02:00:00,2025-05-22,02:00,N,19.5,1.0,22810.0,0.5667734601973624
2025-05-22T08:00:00Z,2025-05-22,3,03:00:00,2025-05-22,03:00,N,18.16,1.0,21870.0,0.5669387131539648
2025-05-22T09:00:00Z,2025-05-22,4,04:00:00,2025-05-22,04:00,N,18.27,1.0,20821.0,0.5841978777179182
2025-05-22T10:00:00Z,2025-05-22,5,05:00:00,2025-05-22,05:00,N,19.25,1.0,19149.0,0.6225972439731583
2025-05-22T11:00:00Z,2025-05-22,6,06:00:00,2025-05-22,06:00,N,21.89,1.0,17463.0,0.6912430086654445
2025-05-22T12:00:00Z,2025-05-22,7,07:00:00,2025-05-22,07:00,N,25.65,151.0,16283.0,0.7244292510073859
2025-05-22T13:00:00Z,2025-05-22,8,08:00:00,2025-05-22,08:00,N,23.2,4184.0,13622.0,0.7169980664876041
2025-05-22T14:00:00Z,2025-05-22,9,09:00:00,2025-05-22,09:00,N,18.62,14136.0,10571.0,0.5923609594863549
2025-05-22T15:00:00Z,2025-05-22,10,10:00:00,2025-05-22,10:00,N,18.44,21122.0,10585.0,0.5000057330897738
2025-05-22T16:00:00Z,2025-05-22,11,11:00:00,2025-05-22,11:00,N,23.25,24156.0,10782.0,0.45281336169939906
2025-05-22T17:00:00Z,2025-05-22,12,12:00:00,2025-05-22,12:00,N,29.31,24577.0,9108.0,0.5064374048190802
2025-05-22T18:00:00Z,2025-05-22,13,13:00:00,2025-05-22,13:00,N,33.5,23757.0,7770.0,0.5781434553849393
2025-05-22T19:00:00Z,2025-05-22,14,14:00:00,2025-05-22,14:00,N,40.5,23455.0,7401.0,0.6105589149175676
2025-05-22T20:00:00Z,2025-05-22,15,15:00:00,2025-05-22,15:00,N,43.7,23039.0,7783.0,0.6180495407521924
2025-05-22T21:00:00Z,2025-05-22,16,16:00:00,2025-05-22,16:00,N,49.38,22198.0,9662.0,0.6121087205029306
2025-05-22T22:00:00Z,2025-05-22,17,17:00:00,2025-05-22,17:00,N,47.44,19809.0,12097.0,0.6121783266879628
2025-05-22T23:00:00Z,2025-05-22,18,18:00:00,2025-05-22,18:00,N,45.69,18037.0,14370.0,0.6019041137457563
2025-05-23T00:00:00Z,2025-05-22,19,19:00:00,2025-05-22,19:00,N,46.96,13971.0,16668.0,0.5963374927253515
2025-05-23T01:00:00Z,2025-05-22,20,20:00:00,2025-05-22,20:00,N,57.97,5343.0,18110.0,0.6735377642660063
2025-05-23T02:00:00Z,2025-05-22,21,21:00:00,2025-05-22,21:00,N,56.6,331.0,19709.0,0.7101052833421221
2025-05-23T03:00:00Z,2025-05-22,22,22:00:00,2025-05-22,22:00,N,42.69,0.0,19613.0,0.7128332770074182
2025-05-23T04:00:00Z,2025-05-22,23,23:00:00,2025-05-22,23:00,N,29.68,0.0,18822.0,0.7292894197814473
2025-05-23T05:00:00Z,2025-05-22,24,00:00:00,2025-05-22,24:00,N,26.12,1.0,20431.0,0.6919164943004473
2025-05-23T06:00:00Z,2025-05-23,1,01:00:00,2025-05-23,01:00,N,26.52,0.0,19851.0,0.6811315064191581
2025-05-23T07:00:00Z,2025-05-23,2,02:00:00,2025-05-23,02:00,N,24.73,0.0,19859.0,0.6504448761623135
2025-05-23T08:00:00Z,2025-05-23,3,03:00:00,2025-05-23,03:00,N,23.61,0.0,19061.0,0.6424255597211043
2025-05-23T09:00:00Z,2025-05-23,4,04:00:00,2025-05-23,04:00,N,23.04,0.0,18030.0,0.6452077752754559
2025-05-23T10:00:00Z,2025-05-23,5,05:00:00,2025-05-23,05:00,N,23.3,0.0,16030.0,0.7026852828549187
2025-05-23T11:00:00Z,2025-05-23,6,06:00:00,2025-05-23,06:00,N,26.74,0.0,16164.0,0.7039304934933092
2025-05-23T12:00:00Z,2025-05-23,7,07:00:00,2025-05-23,07:00,N,28.35,144.0,15003.0,0.7351894770500765
2025-05-23T13:00:00Z,2025-05-23,8,08:00:00,2025-05-23,08:00,N,23.26,4634.0,13497.0,0.6868064911469784
2025-05-23T14:00:00Z,2025-05-23,9,09:00:00,2025-05-23,09:00,N,17.93,15305.0,11464.0,0.5488632246346119
2025-05-23T15:00:00Z,2025-05-23,10,10:00:00,2025-05-23,10:00,N,17.27,19786.0,11182.0,0.4995559879356273
2025-05-23T16:00:00Z,2025-05-23,11,11:00:00,2025-05-23,11:00,N,21.89,20189.0,12751.0,0.5008234416831023
2025-05-23T17:00:00Z,2025-05-23,12,12:00:00,2025-05-23,12:00,N,26.61,21748.0,13205.0,0.504705222338692
2025-05-23T18:00:00Z,2025-05-23,13,13:00:00,2025-05-23,13:00,N,32.12,23165.0,12407.0,0.5180879789159154
2025-05-23T19:00:00Z,2025-05-23,14,14:00:00,2025-05-23,14:00,N,38.0,24295.0,11400.0,0.5375185375296057
2025-05-23T20:00:00Z,2025-05-23,15,15:00:00,2025-05-23,15:00,N,41.68,25726.0,11144.0,0.5420316433918941
2025-05-23T21:00:00Z,2025-05-23,16,16:00:00,2025-05-23,16:00,N,44.75,24464.0,12828.0,0.5477395561470854
2025-05-23T22:00:00Z,2025-05-23,17,17:00:00,2025-05-23,17:00,N,46.34,21574.0,15828.0,0.5570000266704719
2025-05-23T23:00:00Z,2025-05-23,18,18:00:00,2025-05-23,18:00,N,39.8,18586.0,19234.0,0.5493940602738036
2025-05-24T00:00:00Z,2025-05-23,19,19:00:00,2025-05-23,19:00,N,36.31,13270.0,21938.0,0.5635066497986216
2025-05-24T01:00:00Z,2025-05-23,20,20:00:00,2025-05-23,20:00,N,56.11,3916.0,22971.0,0.6360140552990436
2025-05-24T02:00:00Z,2025-05-23,21,21:00:00,2025-05-23,21:00,N,53.86,119.0,24084.0,0.6591704591085488
2025-05-24T03:00:00Z,2025-05-23,22,22:00:00,2025-05-23,22:00,N,39.92,0.0,25604.0,0.6488294322004302
2025-05-24T04:00:00Z,2025-05-23,23,23:00:00,2025-05-23,23:00,N,29.79,0.0,26443.0,0.6374585649261008
2025-05-24T05:00:00Z,2025-05-23,24,00:00:00,2025-05-23,24:00,N,26.59,1.0,26367.0,0.6226855173698206
2025-05-24T06:00:00Z,2025-05-24,1,01:00:00,2025-05-24,01:00,N,25.04,1.0,26294.0,0.6062938876819415
2025-05-24T07:00:00Z,2025-05-24,2,02:00:00,2025-05-24,02:00,N,23.35,1.0,26261.0,0.5791224558728304
2025-05-24T08:00:00Z,2025-05-24,3,03:00:00,2025-05-24,03:00,N,22.05,0.0,25950.0,0.5645718380394283
2025-05-24T09:00:00Z,2025-05-24,4,04:00:00,2025-05-24,04:00,N,21.55,1.0,25415.0,0.5630971907318594
2025-05-24T10:00:00Z,2025-05-24,5,05:00:00,2025-05-24,05:00,N,21.86,1.0,25022.0,0.5578048955440602
2025-05-24T11:00:00Z,2025-05-24,6,06:00:00,2025-05-24,06:00,N,22.45,1.0,24647.0,0.5532536566253002
2025-05-24T12:00:00Z,2025-05-24,7,07:00:00,2025-05-24,07:00,N,23.2,115.0,24273.0,0.5558014636408031
2025-05-24T13:00:00Z,2025-05-24,8,08:00:00,2025-05-24,08:00,N,20.16,4319.0,23066.0,0.4964022788594874
2025-05-24T14:00:00Z,2025-05-24,9,09:00:00,2025-05-24,09:00,N,16.94,10991.0,22423.0,0.40987616944335353
2025-05-24T15:00:00Z,2025-05-24,10,10:00:00,2025-05-24,10:00,N,17.76,15283.0,23155.0,0.35437692022728734
2025-05-24T16:00:00Z,2025-05-24,11,11:00:00,2025-05-24,11:00,N,25.91,17703.0,22399.0,0.36298714583363983
2025-05-24T17:00:00Z,2025-05-24,12,12:00:00,2025-05-24,12:00,N,33.77,19442.0,20748.0,0.39874805771853933
2025-05-24T18:00:00Z,2025-05-24,13,13:00:00,2025-05-24,13:00,N,36.9,22504.0,18982.0,0.4135086453189718
2025-05-24T19:00:00Z,2025-05-24,14,14:00:00,2025-05-24,14:00,N,43.18,24301.0,16918.0,0.43413265643102245
2025-05-24T20:00:00Z,2025-05-24,15,15:00:00,2025-05-24,15:00,N,47.61,24435.0,15387.0,0.47431119019255724
2025-05-24T21:00:00Z,2025-05-24,16,16:00:00,2025-05-24,16:00,N,50.85,24019.0,15593.0,0.495231387460013
2025-05-24T22:00:00Z,2025-05-24,17,17:00:00,2025-05-24,17:00,N,51.77,22808.0,17135.0,0.49612860146990273
2025-05-24T23:00:00Z,2025-05-24,18,18:00:00,2025-05-24,18:00,N,47.28,20113.0,19222.0,0.5038127483892165
2025-05-25T00:00:00Z,2025-05-24,19,19:00:00,2025-05-24,19:00,N,48.49,15256.0,21725.0,0.5261747496924017
2025-05-25T01:00:00Z,2025-05-24,20,20:00:00,2025-05-24,20:00,N,69.15,5165.0,23735.0,0.6159181665088769
2025-05-25T02:00:00Z,2025-05-24,21,21:00:00,2025-05-24,21:00,N,56.72,173.0,24781.0,0.6513472771578371
2025-05-25T03:00:00Z,2025-05-24,22,22:00:00,2025-05-24,22:00,N,42.07,1.0,25309.0,0.652664080726637
2025-05-25T04:00:00Z,2025-05-24,23,23:00:00,2025-05-24,23:00,N,35.5,0.0,25027.0,0.6546681371672503
2025-05-25T05:00:00Z,2025-05-24,24,00:00:00,2025-05-24,24:00,N,26.39,0.0,22897.0,0.66810758749953
2025-05-25T06:00:00Z,2025-05-25,1,01:00:00,2025-05-25,01:00,N,28.29,0.0,20328.0,0.6875274758771865
2025-05-25T07:00:00Z,2025-05-25,2,02:00:00,2025-05-25,02:00,N,26.65,0.0,18178.0,0.7100481206442968
2025-05-25T08:00:00Z,2025-05-25,3,03:00:00,2025-05-25,03:00,N,26.39,0.0,17238.0,0.7232380998124515
2025-05-25T09:00:00Z,2025-05-25,4,04:00:00,2025-05-25,04:00,N,23.37,0.0,17398.0,0.7263958835810177
2025-05-25T10:00:00Z,2025-05-25,5,05:00:00,2025-05-25,05:00,N,21.94,0.0,17311.0,0.7234176689083002
2025-05-25T11:00:00Z,2025-05-25,6,06:00:00,2025-05-25,06:00,N,21.84,0.0,17817.0,0.7112203382275486
2025-05-25T12:00:00Z,2025-05-25,7,07:00:00,2025-05-25,07:00,N,22.71,83.0,19888.0,0.6287686680347238
2025-05-25T13:00:00Z,2025-05-25,8,08:00:00,2025-05-25,08:00,N,21.11,4507.0,21071.0,0.5100705394856152
2025-05-25T14:00:00Z,2025-05-25,9,09:00:00,2025-05-25,09:00,N,18.86,13261.0,21991.0,0.36095548804754773
2025-05-25T15:00:00Z,2025-05-25,10,10:00:00,2025-05-25,10:00,N,20.64,15052.0,23181.0,0.33567454857493634
2025-05-25T16:00:00Z,2025-05-25,11,11:00:00,2025-05-25,11:00,N,26.1,17411.0,22765.0,0.34463964660766305
2025-05-25T17:00:00Z,2025-05-25,12,12:00:00,2025-05-25,12:00,N,33.8,19157.0,21488.0,0.3742110621025611
2025-05-25T18:00:00Z,2025-05-25,13,13:00:00,2025-05-25,13:00,N,39.93,21290.0,19906.0,0.39892096156074647
2025-05-25T19:00:00Z,2025-05-25,14,14:00:00,2025-05-25,14:00,N,47.99,22563.0,18376.0,0.42580434680869583
2025-05-25T20:00:00Z,2025-05-25,15,15:00:00,2025-05-25,15:00,N,52.27,22983.0,16475.0,0.4727863276005385
2025-05-25T21:00:00Z,2025-05-25,16,16:00:00,2025-05-25,16:00,N,56.57,22352.0,16399.0,0.5050645127525089
2025-05-25T22:00:00Z,2025-05-25,17,17:00:00,2025-05-25,17:00,N,59.05,21720.0,17806.0,0.5064910401654985
2025-05-25T23:00:00Z,2025-05-25,18,18:00:00,2025-05-25,18:00,N,57.22,18893.0,19630.0,0.5144049219086753
2025-05-26T00:00:00Z,2025-05-25,19,19:00:00,2025-05-25,19:00,N,59.19,13962.0,20580.0,0.5643239225022372
2025-05-26T01:00:00Z,2025-05-25,20,20:00:00,2025-05-25,20:00,N,62.78,4901.0,20764.0,0.6493191758555982
2025-05-26T02:00:00Z,2025-05-25,21,21:00:00,2025-05-25,21:00,N,67.26,292.0,22316.0,0.6791497109157509
2025-05-26T03:00:00Z,2025-05-25,22,22:00:00,2025-05-25,22:00,N,45.08,0.0,23986.0,0.6754351057055846
2025-05-26T04:00:00Z,2025-05-25,23,23:00:00,2025-05-25,23:00,N,33.01,0.0,22630.0,0.6935844900920725
2025-05-26T05:00:00Z,2025-05-25,24,00:00:00,2025-05-25,24:00,N,26.6,0.0,21484.0,0.6986870599563219
2025-05-26T06:00:00Z,2025-05-26,1,01:00:00,2025-05-26,01:00,N,31.62,0.0,19754.0,0.7145536505445973
2025-05-26T07:00:00Z,2025-05-26,2,02:00:00,2025-05-26,02:00,N,29.6,0.0,19709.0,0.7033448976941549
2025-05-26T08:00:00Z,2025-05-26,3,03:00:00,2025-05-26,03:00,N,28.7,0.0,17913.0,0.7155975878877121
2025-05-26T09:00:00Z,2025-05-26,4,04:00:00,2025-05-26,04:00,N,29.44,0.0,14389.0,0.7709340647363696
2025-05-26T10:00:00Z,2025-05-26,5,05:00:00,2025-05-26,05:00,N,29.68,0.0,13211.0,0.7940646424732757
2025-05-26T11:00:00Z,2025-05-26,6,06:00:00,2025-05-26,06:00,N,30.8,0.0,13285.0,0.7925613177072764
2025-05-26T12:00:00Z,2025-05-26,7,07:00:00,2025-05-26,07:00,N,31.19,57.0,13087.0,0.7812587459110995
2025-05-26T13:00:00Z,2025-05-26,8,08:00:00,2025-05-26,08:00,N,29.25,2380.0,12035.0,0.7644490183846331
2025-05-26T14:00:00Z,2025-05-26,9,09:00:00,2025-05-26,09:00,N,26.51,7253.0,10778.0,0.7088066795507845
2025-05-26T15:00:00Z,2025-05-26,10,10:00:00,2025-05-26,10:00,N,26.24,10167.0,10139.0,0.6835851782295871
2025-05-26T16:00:00Z,2025-05-26,11,11:00:00,2025-05-26,11:00,N,30.2,12306.0,9155.0,0.6696709581774151
2025-05-26T17:00:00Z,2025-05-26,12,12:00:00,2025-05-26,12:00,N,34.33,13271.0,8857.0,0.6592351538005584
2025-05-26T18:00:00Z,2025-05-26,13,13:00:00,2025-05-26,13:00,N,39.29,16199.0,8621.0,0.6054844657038974
2025-05-26T19:00:00Z,2025-05-26,14,14:00:00,2025-05-26,14:00,N,44.46,16909.0,8065.0,0.5805819734519082
2025-05-26T20:00:00Z,2025-05-26,15,15:00:00,2025-05-26,15:00,N,50.48,16292.0,7411.0,0.6278022767531481
2025-05-26T21:00:00Z,2025-05-26,16,16:00:00,2025-05-26,16:00,N,50.41,17034.0,7816.0,0.6008063581468376
2025-05-26T22:00:00Z,2025-05-26,17,17:00:00,2025-05-26,17:00,N,53.36,16025.0,9706.0,0.5916087530715355
2025-05-26T23:00:00Z,2025-05-26,18,18:00:00,2025-05-26,18:00,N,47.45,13701.0,11668.0,0.608370360345821
2025-05-27T00:00:00Z,2025-05-26,19,19:00:00,2025-05-26,19:00,N,43.61,9384.0,12586.0,0.6854257644936749
2025-05-27T01:00:00Z,2025-05-26,20,20:00:00,2025-05-26,20:00,N,57.85,3965.0,12845.0,0.7390310882235095
2025-05-27T02:00:00Z,2025-05-26,21,21:00:00,2025-05-26,21:00,N,54.94,318.0,11296.0,0.7862516307671865
2025-05-27T03:00:00Z,2025-05-26,22,22:00:00,2025-05-26,22:00,N,47.27,0.0,9902.0,0.8287000998266434
2025-05-27T04:00:00Z,2025-05-26,23,23:00:00,2025-05-26,23:00,N,35.6,0.0,10876.0,0.8354010988544154
2025-05-27T05:00:00Z,2025-05-26,24,00:00:00,2025-05-26,24:00,N,30.57,0.0,11957.0,0.8052787820146385
2025-05-27T06:00:00Z,2025-05-27,1,01:00:00,2025-05-27,01:00,N,36.03,0.0,11760.0,0.8011587275668159
2025-05-27T07:00:00Z,2025-05-27,2,02:00:00,2025-05-27,02:00,N,30.66,0.0,10989.0,0.8077486933783831
2025-05-27T08:00:00Z,2025-05-27,3,03:00:00,2025-05-27,03:00,N,30.0,0.0,9393.0,0.8324034874782581
2025-05-27T09:00:00Z,2025-05-27,4,04:00:00,2025-05-27,04:00,N,30.25,0.0,8435.0,0.8513473210845607
2025-05-27T10:00:00Z,2025-05-27,5,05:00:00,2025-05-27,05:00,N,31.4,0.0,7130.0,0.8777334313096105
2025-05-27T11:00:00Z,2025-05-27,6,06:00:00,2025-05-27,06:00,N,32.99,0.0,6411.0,0.8917286802921717
2025-05-27T12:00:00Z,2025-05-27,7,07:00:00,2025-05-27,07:00,N,39.88,61.0,6250.0,0.8879352089995527
2025-05-27T13:00:00Z,2025-05-27,8,08:00:00,2025-05-27,08:00,N,31.66,2545.0,5876.0,0.8517786524409747
2025-05-27T14:00:00Z,2025-05-27,9,09:00:00,2025-05-27,09:00,N,27.53,10190.0,4750.0,0.7386979541730079
2025-05-27T15:00:00Z,2025-05-27,10,10:00:00,2025-05-27,10:00,N,25.8,15857.0,4376.0,0.6259776447446331
2025-05-27T16:00:00Z,2025-05-27,11,11:00:00,2025-05-27,11:00,N,27.73,19834.0,4813.0,0.5537564853072603
2025-05-27T17:00:00Z,2025-05-27,12,12:00:00,2025-05-27,12:00,N,29.24,21909.0,4599.0,0.5468568324661829
2025-05-27T18:00:00Z,2025-05-27,13,13:00:00,2025-05-27,13:00,N,32.5,23485.0,4431.0,0.5673668660236983
2025-05-27T19:00:00Z,2025-05-27,14,14:00:00,2025-05-27,14:00,N,36.0,24065.0,4203.0,0.58493329128376
2025-05-27T20:00:00Z,2025-05-27,15,15:00:00,2025-05-27,15:00,N,38.91,23003.0,3834.0,0.6203584296785505
2025-05-27T21:00:00Z,2025-05-27,16,16:00:00,2025-05-27,16:00,N,41.67,22032.0,3463.0,0.6495777150639674
2025-05-27T22:00:00Z,2025-05-27,17,17:00:00,2025-05-27,17:00,N,43.97,21161.0,4142.0,0.6609577550098676
2025-05-27T23:00:00Z,2025-05-27,18,18:00:00,2025-05-27,18:00,N,43.34,17575.0,5602.0,0.6807499545885158
2025-05-28T00:00:00Z,2025-05-27,19,19:00:00,2025-05-27,19:00,N,56.38,13035.0,7122.0,0.7142725123242757
2025-05-28T01:00:00Z,2025-05-27,20,20:00:00,2025-05-27,20:00,N,78.03,4077.0,8324.0,0.7827917575790988
2025-05-28T02:00:00Z,2025-05-27,21,21:00:00,2025-05-27,21:00,N,74.65,194.0,8283.0,0.8264704747239161
2025-05-28T03:00:00Z,2025-05-27,22,22:00:00,2025-05-27,22:00,N,64.88,0.0,8689.0,0.8479339152196201
2025-05-28T04:00:00Z,2025-05-27,23,23:00:00,2025-05-27,23:00,N,49.84,0.0,10873.0,0.8329935250241194
2025-05-28T05:00:00Z,2025-05-27,24,00:00:00,2025-05-27,24:00,N,38.31,0.0,11866.0,0.8157254207300675
2025-05-28T06:00:00Z,2025-05-28,1,01:00:00,2025-05-28,01:00,N,39.03,0.0,11772.0,0.8117244062431358
2025-05-28T07:00:00Z,2025-05-28,2,02:00:00,2025-05-28,02:00,N,32.27,0.0,10562.0,0.830094265167015
2025-05-28T08:00:00Z,2025-05-28,3,03:00:00,2025-05-28,03:00,N,30.19,0.0,9114.0,0.85363981993983
2025-05-28T09:00:00Z,2025-05-28,4,04:00:00,2025-05-28,04:00,N,30.1,0.0,7685.0,0.8778480920492442
2025-05-28T10:00:00Z,2025-05-28,5,05:00:00,2025-05-28,05:00,N,31.72,0.0,6519.0,0.8980571969021447
2025-05-28T11:00:00Z,2025-05-28,6,06:00:00,2025-05-28,06:00,N,36.16,0.0,5291.0,0.9187276901887802
2025-05-28T12:00:00Z,2025-05-28,7,07:00:00,2025-05-28,07:00,N,42.89,57.0,5701.0,0.889875233910944
2025-05-28T13:00:00Z,2025-05-28,8,08:00:00,2025-05-28,08:00,N,40.22,1720.0,7672.0,0.8303570921952089
2025-05-28T14:00:00Z,2025-05-28,9,09:00:00,2025-05-28,09:00,N,41.81,6150.0,7618.0,0.757933848240368
2025-05-28T15:00:00Z,2025-05-28,10,10:00:00,2025-05-28,10:00,N,33.42,10189.0,6855.0,0.709623760064904
2025-05-28T16:00:00Z,2025-05-28,11,11:00:00,2025-05-28,11:00,N,30.82,13274.0,6486.0,0.6382043475740334
2025-05-28T17:00:00Z,2025-05-28,12,12:00:00,2025-05-28,12:00,N,30.2,15776.0,6707.0,0.5968654770075092
2025-05-28T18:00:00Z,2025-05-28,13,13:00:00,2025-05-28,13:00,N,30.06,18142.0,6299.0,0.5672833590437465
2025-05-28T19:00:00Z,2025-05-28,14,14:00:00,2025-05-28,14:00,N,32.03,18745.0,5419.0,0.5716747524202903
2025-05-28T20:00:00Z,2025-05-28,15,15:00:00,2025-05-28,15:00,N,31.78,20214.0,5539.0,0.5536784247901622
2025-05-28T21:00:00Z,2025-05-28,16,16:00:00,2025-05-28,16:00,N,32.3,20667.0,6086.0,0.5626170953499707
2025-05-28T22:00:00Z,2025-05-28,17,17:00:00,2025-05-28,17:00,N,31.88,21079.0,6870.0,0.5603180588341099
2025-05-28T23:00:00Z,2025-05-28,18,18:00:00,2025-05-28,18:00,N,35.55,17738.0,7746.0,0.6021772319282062
2025-05-29T00:00:00Z,2025-05-28,19,19:00:00,2025-05-28,19:00,N,39.32,15153.0,9113.0,0.6212843247105685
2025-05-29T01:00:00Z,2025-05-28,20,20:00:00,2025-05-28,20:00,N,45.06,6516.0,11147.0,0.6921297264998569
2025-05-29T02:00:00Z,2025-05-28,21,21:00:00,2025-05-28,21:00,N,51.38,514.0,12199.0,0.7510530925838097
2025-05-29T03:00:00Z,2025-05-28,22,22:00:00,2025-05-28,22:00,N,43.35,0.0,13801.0,0.76035386787368
2025-05-29T04:00:00Z,2025-05-28,23,23:00:00,2025-05-28,23:00,N,30.41,0.0,14300.0,0.7580795365699156
2025-05-29T05:00:00Z,2025-05-28,24,00:00:00,2025-05-28,24:00,N,26.56,0.0,14613.0,0.7295311992045317
2025-05-29T06:00:00Z,2025-05-29,1,01:00:00,2025-05-29,01:00,N,21.44,0.0,14874.0,0.6957732773799712
2025-05-29T07:00:00Z,2025-05-29,2,02:00:00,2025-05-29,02:00,N,21.09,0.0,14539.0,0.6876407840418751
2025-05-29T08:00:00Z,2025-05-29,3,03:00:00,2025-05-29,03:00,N,21.1,0.0,14901.0,0.6609782243678104
2025-05-29T09:00:00Z,2025-05-29,4,04:00:00,2025-05-29,04:00,N,21.79,1.0,12295.0,0.7013410399334878
2025-05-29T10:00:00Z,2025-05-29,5,05:00:00,2025-05-29,05:00,N,23.13,1.0,10337.0,0.7537186589662439
2025-05-29T11:00:00Z,2025-05-29,6,06:00:00,2025-05-29,06:00,N,26.61,1.0,8651.0,0.820315714834879
2025-05-29T12:00:00Z,2025-05-29,7,07:00:00,2025-05-29,07:00,N,36.24,111.0,6865.0,0.8635711986495328
2025-05-29T13:00:00Z,2025-05-29,8,08:00:00,2025-05-29,08:00,N,32.65,3431.0,5587.0,0.8435191876500323
2025-05-29T14:00:00Z,2025-05-29,9,09:00:00,2025-05-29,09:00,N,25.56,10835.0,4164.0,0.7312739039376277
2025-05-29T15:00:00Z,2025-05-29,10,10:00:00,2025-05-29,10:00,N,25.76,15854.0,4560.0,0.6231395464133312
2025-05-29T16:00:00Z,2025-05-29,11,11:00:00,2025-05-29,11:00,N,26.56,18748.0,5002.0,0.5772751433784926
2025-05-29T17:00:00Z,2025-05-29,12,12:00:00,2025-05-29,12:00,N,30.32,20324.0,4918.0,0.5928852436995415
2025-05-29T18:00:00Z,2025-05-29,13,13:00:00,2025-05-29,13:00,N,32.93,21902.0,5258.0,0.5728773628419354
2025-05-29T19:00:00Z,2025-05-29,14,14:00:00,2025-05-29,14:00,N,38.45,22715.0,6025.0,0.571343765280706
2025-05-29T20:00:00Z,2025-05-29,15,15:00:00,2025-05-29,15:00,N,40.52,23295.0,7071.0,0.5664331473754447
2025-05-29T21:00:00Z,2025-05-29,16,16:00:00,2025-05-29,16:00,N,43.16,22055.0,9075.0,0.5657160448103696
2025-05-29T22:00:00Z,2025-05-29,17,17:00:00,2025-05-29,17:00,N,42.56,19813.0,11241.0,0.5793578060265422
2025-05-29T23:00:00Z,2025-05-29,18,18:00:00,2025-05-29,18:00,N,39.66,16266.0,14477.0,0.5900057996733992
2025-05-30T00:00:00Z,2025-05-29,19,19:00:00,2025-05-29,19:00,N,44.76,10557.0,16277.0,0.6281132707509116
2025-05-30T01:00:00Z,2025-05-29,20,20:00:00,2025-05-29,20:00,N,69.98,2960.0,15689.0,0.7119279910827271
2025-05-30T02:00:00Z,2025-05-29,21,21:00:00,2025-05-29,21:00,N,58.31,89.0,15541.0,0.7448186018068129
2025-05-30T03:00:00Z,2025-05-29,22,22:00:00,2025-05-29,22:00,N,44.4,0.0,15544.0,0.7607692160771873
2025-05-30T04:00:00Z,2025-05-29,23,23:00:00,2025-05-29,23:00,N,35.62,0.0,13881.0,0.7886278869580641
2025-05-30T05:00:00Z,2025-05-29,24,00:00:00,2025-05-29,24:00,N,34.26,0.0,13660.0,0.7883783831951202
2025-05-30T06:00:00Z,2025-05-30,1,01:00:00,2025-05-30,01:00,N,32.85,0.0,11319.0,0.7996528881050071
2025-05-30T07:00:00Z,2025-05-30,2,02:00:00,2025-05-30,02:00,N,31.18,1.0,8654.0,0.8489840066053802
2025-05-30T08:00:00Z,2025-05-30,3,03:00:00,2025-05-30,03:00,N,28.9,1.0,7513.0,0.8691473024164119
2025-05-30T09:00:00Z,2025-05-30,4,04:00:00,2025-05-30,04:00,N,27.75,1.0,7552.0,0.8674012646208139
2025-05-30T10:00:00Z,2025-05-30,5,05:00:00,2025-05-30,05:00,N,28.74,1.0,7556.0,0.8732453815116354
2025-05-30T11:00:00Z,2025-05-30,6,06:00:00,2025-05-30,06:00,N,31.04,1.0,7178.0,0.884349285402665
2025-05-30T12:00:00Z,2025-05-30,7,07:00:00,2025-05-30,07:00,N,37.12,49.0,6708.0,0.8891479300904906
2025-05-30T13:00:00Z,2025-05-30,8,08:00:00,2025-05-30,08:00,N,34.86,1381.0,6360.0,0.8665912122788334
2025-05-30T14:00:00Z,2025-05-30,9,09:00:00,2025-05-30,09:00,N,32.88,4363.0,5379.0,0.8364260234377658
2025-05-30T15:00:00Z,2025-05-30,10,10:00:00,2025-05-30,10:00,N,30.17,8288.0,5319.0,0.7826334046922445
2025-05-30T16:00:00Z,2025-05-30,11,11:00:00,2025-05-30,11:00,N,31.11,11546.0,3922.0,0.7547789369807453
2025-05-30T17:00:00Z,2025-05-30,12,12:00:00,2025-05-30,12:00,N,35.63,14076.0,2967.0,0.7217009908806393
2025-05-30T18:00:00Z,2025-05-30,13,13:00:00,2025-05-30,13:00,N,38.59,17554.0,2825.0,0.6612071921598269
2025-05-30T19:00:00Z,2025-05-30,14,14:00:00,2025-05-30,14:00,N,43.35,20096.0,2864.0,0.611781824329593
2025-05-30T20:00:00Z,2025-05-30,15,15:00:00,2025-05-30,15:00,N,44.63,20284.0,2344.0,0.6519885074156259
2025-05-30T21:00:00Z,2025-05-30,16,16:00:00,2025-05-30,16:00,N,47.51,20627.0,1685.0,0.6772664972244257
2025-05-30T22:00:00Z,2025-05-30,17,17:00:00,2025-05-30,17:00,N,47.85,20280.0,1261.0,0.6918493218509837
2025-05-30T23:00:00Z,2025-05-30,18,18:00:00,2025-05-30,18:00,N,56.35,17142.0,952.0,0.7444959863597775
2025-05-31T00:00:00Z,2025-05-30,19,19:00:00,2025-05-30,19:00,N,68.71,13019.0,823.0,0.7956507842496936
2025-05-31T01:00:00Z,2025-05-30,20,20:00:00,2025-05-30,20:00,N,90.46,5822.0,1019.0,0.8548798342060745
2025-05-31T02:00:00Z,2025-05-30,21,21:00:00,2025-05-30,21:00,N,88.39,432.0,1433.0,0.9020624584431618
2025-05-31T03:00:00Z,2025-05-30,22,22:00:00,2025-05-30,22:00,N,73.93,0.0,2153.0,0.9431736659581126
2025-05-31T04:00:00Z,2025-05-30,23,23:00:00,2025-05-30,23:00,N,55.5,1.0,2547.0,0.9621036000483907
2025-05-31T05:00:00Z,2025-05-30,24,00:00:00,2025-05-30,24:00,N,41.52,0.0,2544.0,0.9703390421947208
2025-05-31T06:00:00Z,2025-05-31,1,01:00:00,2025-05-31,01:00,N,33.97,0.0,2796.0,0.9682913439082054
2025-05-31T07:00:00Z,2025-05-31,2,02:00:00,2025-05-31,02:00,N,30.61,1.0,2862.0,0.9666802046631079
2025-05-31T08:00:00Z,2025-05-31,3,03:00:00,2025-05-31,03:00,N,29.53,1.0,2752.0,0.9694829757045713
2025-05-31T09:00:00Z,2025-05-31,4,04:00:00,2025-05-31,04:00,N,28.06,1.0,2622.0,0.969760708679774
2025-05-31T10:00:00Z,2025-05-31,5,05:00:00,2025-05-31,05:00,N,26.81,1.0,2712.0,0.9691533821045265
2025-05-31T11:00:00Z,2025-05-31,6,06:00:00,2025-05-31,06:00,N,25.14,1.0,2646.0,0.971148754456285
2025-05-31T12:00:00Z,2025-05-31,7,07:00:00,2025-05-31,07:00,N,27.23,296.0,3064.0,0.9568139806139757
2025-05-31T13:00:00Z,2025-05-31,8,08:00:00,2025-05-31,08:00,N,22.62,5178.0,3733.0,0.8270302345278585
2025-05-31T14:00:00Z,2025-05-31,9,09:00:00,2025-05-31,09:00,N,19.35,15565.0,2792.0,0.633930784379173
2025-05-31T15:00:00Z,2025-05-31,10,10:00:00,2025-05-31,10:00,N,18.48,21643.0,2243.0,0.5518829009780615
2025-05-31T16:00:00Z,2025-05-31,11,11:00:00,2025-05-31,11:00,N,19.82,24483.0,2663.0,0.503703149345867
2025-05-31T17:00:00Z,2025-05-31,12,12:00:00,2025-05-31,12:00,N,21.22,25459.0,2318.0,0.5086707661159269
2025-05-31T18:00:00Z,2025-05-31,13,13:00:00,2025-05-31,13:00,N,24.0,25730.0,1743.0,0.5371969055218688
2025-05-31T19:00:00Z,2025-05-31,14,14:00:00,2025-05-31,14:00,N,27.84,25536.0,1560.0,0.5710734695088049
2025-05-31T20:00:00Z,2025-05-31,15,15:00:00,2025-05-31,15:00,N,31.53,25352.0,1606.0,0.6003395133223509
2025-05-31T21:00:00Z,2025-05-31,16,16:00:00,2025-05-31,16:00,N,35.33,25028.0,1536.0,0.6218720766555826
2025-05-31T22:00:00Z,2025-05-31,17,17:00:00,2025-05-31,17:00,N,37.13,24549.0,1614.0,0.6362847602203624
2025-05-31T23:00:00Z,2025-05-31,18,18:00:00,2025-05-31,18:00,N,39.68,21722.0,1632.0,0.6737741685571346
2025-06-01T00:00:00Z,2025-05-31,19,19:00:00,2025-05-31,19:00,N,56.92,15876.0,2210.0,0.7360950073076419
2025-06-01T01:00:00Z,2025-05-31,20,20:00:00,2025-05-31,20:00,N,87.8,6207.0,3446.0,0.814832521394893
2025-06-01T02:00:00Z,2025-05-31,21,21:00:00,2025-05-31,21:00,N,96.63,469.0,5284.0,0.8623617903667703
2025-06-01T03:00:00Z,2025-05-31,22,22:00:00,2025-05-31,22:00,N,58.2,0.0,8460.0,0.8563203110647255
2025-06-01T04:00:00Z,2025-05-31,23,23:00:00,2025-05-31,23:00,N,34.07,0.0,10526.0,0.8372573073352856
2025-06-01T05:00:00Z,2025-05-31,24,00:00:00,2025-05-31,24:00,N,27.37,0.0,11802.0,0.8182277454658434
2025-06-01T06:00:00Z,2025-06-01,1,01:00:00,2025-06-01,01:00,N,24.77,0.0,12050.0,0.807648748712399
2025-06-01T07:00:00Z,2025-06-01,2,02:00:00,2025-06-01,02:00,N,22.82,0.0,11195.0,0.8186916310388224
2025-06-01T08:00:00Z,2025-06-01,3,03:00:00,2025-06-01,03:00,N,21.53,1.0,11059.0,0.7983613543059569
2025-06-01T09:00:00Z,2025-06-01,4,04:00:00,2025-06-01,04:00,N,21.27,1.0,10985.0,0.7886957500831054
2025-06-01T10:00:00Z,2025-06-01,5,05:00:00,2025-06-01,05:00,N,21.23,1.0,12020.0,0.7518487717134643
2025-06-01T11:00:00Z,2025-06-01,6,06:00:00,2025-06-01,06:00,N,21.44,1.0,11588.0,0.7528518579887307
2025-06-01T12:00:00Z,2025-06-01,7,07:00:00,2025-06-01,07:00,N,22.83,257.0,9986.0,0.7873910113984492
2025-06-01T13:00:00Z,2025-06-01,8,08:00:00,2025-06-01,08:00,N,19.79,5870.0,8870.0,0.6929793579392918
2025-06-01T14:00:00Z,2025-06-01,9,09:00:00,2025-06-01,09:00,N,15.8,16321.0,5832.0,0.5636422469070177
2025-06-01T15:00:00Z,2025-06-01,10,10:00:00,2025-06-01,10:00,N,16.05,20982.0,4281.0,0.5319920847061348
2025-06-01T16:00:00Z,2025-06-01,11,11:00:00,2025-06-01,11:00,N,18.74,23406.0,3605.0,0.517720111107407
2025-06-01T17:00:00Z,2025-06-01,12,12:00:00,2025-06-01,12:00,N,23.75,24601.0,3294.0,0.5277132235836495
2025-06-01T18:00:00Z,2025-06-01,13,13:00:00,2025-06-01,13:00,N,27.7,24785.0,3340.0,0.5558485977009219
2025-06-01T19:00:00Z,2025-06-01,14,14:00:00,2025-06-01,14:00,N,31.95,25610.0,3917.0,0.5628320412933822
2025-06-01T20:00:00Z,2025-06-01,15,15:00:00,2025-06-01,15:00,N,36.68,25506.0,4328.0,0.5900582072219364
2025-06-01T21:00:00Z,2025-06-01,16,16:00:00,2025-06-01,16:00,N,40.0,24833.0,4969.0,0.619998992323618
2025-06-01T22:00:00Z,2025-06-01,17,17:00:00,2025-06-01,17:00,N,44.1,23770.0,5716.0,0.6381305236558323
2025-06-01T23:00:00Z,2025-06-01,18,18:00:00,2025-06-01,18:00,N,46.55,21458.0,7429.0,0.6422323061260352
2025-06-02T00:00:00Z,2025-06-01,19,19:00:00,2025-06-01,19:00,N,51.27,15713.0,9055.0,0.6908873724188571
2025-06-02T01:00:00Z,2025-06-01,20,20:00:00,2025-06-01,20:00,N,87.2,6955.0,10621.0,0.7541496651117361
2025-06-02T02:00:00Z,2025-06-01,21,21:00:00,2025-06-01,21:00,N,80.79,521.0,12069.0,0.8073302323753321
2025-06-02T03:00:00Z,2025-06-01,22,22:00:00,2025-06-01,22:00,N,48.57,0.0,15730.0,0.8047535463916651
2025-06-02T04:00:00Z,2025-06-01,23,23:00:00,2025-06-01,23:00,N,33.69,0.0,18856.0,0.7580951266386301
2025-06-02T05:00:00Z,2025-06-01,24,00:00:00,2025-06-01,24:00,N,27.81,1.0,18524.0,0.7321921240241105
2025-06-02T06:00:00Z,2025-06-02,1,01:00:00,2025-06-02,01:00,N,23.57,0.0,17665.0,0.7347340191051726
2025-06-02T07:00:00Z,2025-06-02,2,02:00:00,2025-06-02,02:00,N,21.21,0.0,16668.0,0.7492373971300768
2025-06-02T08:00:00Z,2025-06-02,3,03:00:00,2025-06-02,03:00,N,21.05,0.0,15934.0,0.7347777425571508
2025-06-02T09:00:00Z,2025-06-02,4,04:00:00,2025-06-02,04:00,N,20.58,1.0,15848.0,0.6968132869060504
2025-06-02T10:00:00Z,2025-06-02,5,05:00:00,2025-06-02,05:00,N,20.71,1.0,14995.0,0.7290447690272647
2025-06-02T11:00:00Z,2025-06-02,6,06:00:00,2025-06-02,06:00,N,22.79,1.0,14565.0,0.7588734908490972
2025-06-02T12:00:00Z,2025-06-02,7,07:00:00,2025-06-02,07:00,N,23.28,192.0,13846.0,0.7812574506870436
2025-06-02T13:00:00Z,2025-06-02,8,08:00:00,2025-06-02,08:00,N,20.72,5409.0,12354.0,0.7079554032734271
2025-06-02T14:00:00Z,2025-06-02,9,09:00:00,2025-06-02,09:00,N,17.17,15120.0,9915.0,0.5743590437763207
2025-06-02T15:00:00Z,2025-06-02,10,10:00:00,2025-06-02,10:00,N,18.78,20032.0,11477.0,0.4929501765861946
2025-06-02T16:00:00Z,2025-06-02,11,11:00:00,2025-06-02,11:00,N,22.73,22648.0,13384.0,0.4571354287474547
2025-06-02T17:00:00Z,2025-06-02,12,12:00:00,2025-06-02,12:00,N,26.96,23212.0,15512.0,0.45023902681912575
2025-06-02T18:00:00Z,2025-06-02,13,13:00:00,2025-06-02,13:00,N,34.35,23274.0,18045.0,0.4472068142987673
2025-06-02T19:00:00Z,2025-06-02,14,14:00:00,2025-06-02,14:00,N,45.62,23166.0,19250.0,0.45829554847357584
2025-06-02T20:00:00Z,2025-06-02,15,15:00:00,2025-06-02,15:00,N,50.16,21544.0,20518.0,0.47835745662540097
2025-06-02T21:00:00Z,2025-06-02,16,16:00:00,2025-06-02,16:00,N,56.08,20497.0,21662.0,0.48324326359275577
2025-06-02T22:00:00Z,2025-06-02,17,17:00:00,2025-06-02,17:00,N,50.13,18492.0,22246.0,0.4979260903523951
2025-06-02T23:00:00Z,2025-06-02,18,18:00:00,2025-06-02,18:00,N,43.05,16734.0,21510.0,0.5337445960452197
2025-06-03T00:00:00Z,2025-06-02,19,19:00:00,2025-06-02,19:00,N,38.0,11733.0,21370.0,0.6048541276837546
2025-06-03T01:00:00Z,2025-06-02,20,20:00:00,2025-06-02,20:00,N,52.34,4743.0,22227.0,0.6855805703923772
2025-06-03T02:00:00Z,2025-06-02,21,21:00:00,2025-06-02,21:00,N,64.04,377.0,20571.0,0.7352415059957986
2025-06-03T03:00:00Z,2025-06-02,22,22:00:00,2025-06-02,22:00,N,48.26,0.0,20570.0,0.7576498433939414
2025-06-03T04:00:00Z,2025-06-02,23,23:00:00,2025-06-02,23:00,N,33.35,1.0,21731.0,0.7428135893601937
2025-06-03T05:00:00Z,2025-06-02,24,00:00:00,2025-06-02,24:00,N,26.75,0.0,21779.0,0.6958165652509256
2025-06-03T06:00:00Z,2025-06-03,1,01:00:00,2025-06-03,01:00,N,30.26,0.0,22109.0,0.6754524054292281
2025-06-03T07:00:00Z,2025-06-03,2,02:00:00,2025-06-03,02:00,N,28.65,0.0,21583.0,0.6664923828423964
2025-06-03T08:00:00Z,2025-06-03,3,03:00:00,2025-06-03,03:00,N,26.53,0.0,20855.0,0.6593524509772867
2025-06-03T09:00:00Z,2025-06-03,4,04:00:00,2025-06-03,04:00,N,26.53,1.0,18325.0,0.7025095865503732
2025-06-03T10:00:00Z,2025-06-03,5,05:00:00,2025-06-03,05:00,N,25.58,1.0,17223.0,0.7322127261948544
2025-06-03T11:00:00Z,2025-06-03,6,06:00:00,2025-06-03,06:00,N,27.99,1.0,17207.0,0.7359385298585107
2025-06-03T12:00:00Z,2025-06-03,7,07:00:00,2025-06-03,07:00,N,27.16,235.0,17748.0,0.7297317041932198
2025-06-03T13:00:00Z,2025-06-03,8,08:00:00,2025-06-03,08:00,N,22.02,5383.0,17647.0,0.6450159904429925
2025-06-03T14:00:00Z,2025-06-03,9,09:00:00,2025-06-03,09:00,N,19.09,13673.0,17791.0,0.5076812559438793
2025-06-03T15:00:00Z,2025-06-03,10,10:00:00,2025-06-03,10:00,N,19.29,16086.0,19683.0,0.45091910637812727
2025-06-03T16:00:00Z,2025-06-03,11,11:00:00,2025-06-03,11:00,N,27.27,16500.0,19805.0,0.457462714065503
2025-06-03T17:00:00Z,2025-06-03,12,12:00:00,2025-06-03,12:00,N,29.97,18199.0,18272.0,0.47258014385471253
2025-06-03T18:00:00Z,2025-06-03,13,13:00:00,2025-06-03,13:00,N,36.54,21398.0,16862.0,0.47262311200282403
2025-06-03T19:00:00Z,2025-06-03,14,14:00:00,2025-06-03,14:00,N,47.35,21534.0,17113.0,0.49144485206548744
2025-06-03T20:00:00Z,2025-06-03,15,15:00:00,2025-06-03,15:00,N,45.82,22184.0,17084.0,0.49939013562436735
2025-06-03T21:00:00Z,2025-06-03,16,16:00:00,2025-06-03,16:00,N,45.78,22620.0,17220.0,0.49618018325711677
2025-06-03T22:00:00Z,2025-06-03,17,17:00:00,2025-06-03,17:00,N,44.23,22243.0,17586.0,0.5146938322440562
2025-06-03T23:00:00Z,2025-06-03,18,18:00:00,2025-06-03,18:00,N,38.03,20605.0,18152.0,0.5231711080764274
2025-06-04T00:00:00Z,2025-06-03,19,19:00:00,2025-06-03,19:00,N,36.85,15086.0,17444.0,0.5938490095546379
2025-06-04T01:00:00Z,2025-06-03,20,20:00:00,2025-06-03,20:00,N,59.58,6811.0,16857.0,0.6949158252943286
2025-06-04T02:00:00Z,2025-06-03,21,21:00:00,2025-06-03,21:00,N,66.04,691.0,16960.0,0.748156038759399
2025-06-04T03:00:00Z,2025-06-03,22,22:00:00,2025-06-03,22:00,N,46.86,0.0,21765.0,0.7306447797564825
2025-06-04T04:00:00Z,2025-06-03,23,23:00:00,2025-06-03,23:00,N,39.78,0.0,23515.0,0.6918375333758053
2025-06-04T05:00:00Z,2025-06-03,24,00:00:00,2025-06-03,24:00,N,34.58,0.0,23534.0,0.65980716042079
2025-06-04T06:00:00Z,2025-06-04,1,01:00:00,2025-06-04,01:00,N,23.98,0.0,22497.0,0.6478178384947669
2025-06-04T07:00:00Z,2025-06-04,2,02:00:00,2025-06-04,02:00,N,21.33,0.0,20057.0,0.6727203851855448
2025-06-04T08:00:00Z,2025-06-04,3,03:00:00,2025-06-04,03:00,N,20.73,0.0,17816.0,0.7058308984321403
2025-06-04T09:00:00Z,2025-06-04,4,04:00:00,2025-06-04,04:00,N,22.16,0.0,17367.0,0.7022498501190317
2025-06-04T10:00:00Z,2025-06-04,5,05:00:00,2025-06-04,05:00,N,23.47,0.0,15072.0,0.7533179641790866
2025-06-04T11:00:00Z,2025-06-04,6,06:00:00,2025-06-04,06:00,N,25.63,0.0,12890.0,0.8294404166698947
2025-06-04T12:00:00Z,2025-06-04,7,07:00:00,2025-06-04,07:00,N,28.69,94.0,11533.0,0.8625795965343493
2025-06-04T13:00:00Z,2025-06-04,8,08:00:00,2025-06-04,08:00,N,29.58,2108.0,9713.0,0.861663675282315
2025-06-04T14:00:00Z,2025-06-04,9,09:00:00,2025-06-04,09:00,N,27.99,6173.0,9030.0,0.8039038021193747
2025-06-04T15:00:00Z,2025-06-04,10,10:00:00,2025-06-04,10:00,N,27.32,8834.0,9784.0,0.7332091126662468
2025-06-04T16:00:00Z,2025-06-04,11,11:00:00,2025-06-04,11:00,N,32.67,12069.0,7819.0,0.7223436474371029
2025-06-04T17:00:00Z,2025-06-04,12,12:00:00,2025-06-04,12:00,N,36.2,15152.0,5934.0,0.719281288226198
2025-06-04T18:00:00Z,2025-06-04,13,13:00:00,2025-06-04,13:00,N,40.4,18806.0,4114.0,0.693932536693867
2025-06-04T19:00:00Z,2025-06-04,14,14:00:00,2025-06-04,14:00,N,42.92,21281.0,3497.0,0.6699523804015548
2025-06-04T20:00:00Z,2025-06-04,15,15:00:00,2025-06-04,15:00,N,47.0,21064.0,3726.0,0.675408767719448
2025-06-04T21:00:00Z,2025-06-04,16,16:00:00,2025-06-04,16:00,N,54.74,21005.0,4165.0,0.6792558019803283
2025-06-04T22:00:00Z,2025-06-04,17,17:00:00,2025-06-04,17:00,N,55.41,21849.0,4504.0,0.6548891966629508
2025-06-04T23:00:00Z,2025-06-04,18,18:00:00,2025-06-04,18:00,N,58.81,21146.0,5412.0,0.6637803327061012
2025-06-05T00:00:00Z,2025-06-04,19,19:00:00,2025-06-04,19:00,N,61.62,17289.0,7028.0,0.704174795661295
2025-06-05T01:00:00Z,2025-06-04,20,20:00:00,2025-06-04,20:00,N,69.1,7298.0,9594.0,0.7920088829646048
2025-06-05T02:00:00Z,2025-06-04,21,21:00:00,2025-06-04,21:00,N,75.36,616.0,11197.0,0.8372169063839737
2025-06-05T03:00:00Z,2025-06-04,22,22:00:00,2025-06-04,22:00,N,57.43,0.0,12100.0,0.8531987276610049
2025-06-05T04:00:00Z,2025-06-04,23,23:00:00,2025-06-04,23:00,N,39.56,0.0,13520.0,0.854592592076004
2025-06-05T05:00:00Z,2025-06-04,24,00:00:00,2025-06-04,24:00,N,31.14,0.0,13599.0,0.8471127067285291
2025-06-05T06:00:00Z,2025-06-05,1,01:00:00,2025-06-05,01:00,N,27.28,0.0,13172.0,0.842710406319199
2025-06-05T07:00:00Z,2025-06-05,2,02:00:00,2025-06-05,02:00,N,25.59,0.0,12593.0,0.8363190796348696
2025-06-05T08:00:00Z,2025-06-05,3,03:00:00,2025-06-05,03:00,N,24.62,0.0,12470.0,0.8252275839104323
2025-06-05T09:00:00Z,2025-06-05,4,04:00:00,2025-06-05,04:00,N,24.61,0.0,12126.0,0.8356527571209409
2025-06-05T10:00:00Z,2025-06-05,5,05:00:00,2025-06-05,05:00,N,25.53,0.0,11008.0,0.8622912606084607
2025-06-05T11:00:00Z,2025-06-05,6,06:00:00,2025-06-05,06:00,N,28.04,0.0,10617.0,0.8695375540746746
2025-06-05T12:00:00Z,2025-06-05,7,07:00:00,2025-06-05,07:00,N,30.02,130.0,9971.0,0.8775264500933142
2025-06-05T13:00:00Z,2025-06-05,8,08:00:00,2025-06-05,08:00,N,24.9,3347.0,9825.0,0.8329756473716707
2025-06-05T14:00:00Z,2025-06-05,9,09:00:00,2025-06-05,09:00,N,20.4,10066.0,10252.0,0.7109189849850376
2025-06-05T15:00:00Z,2025-06-05,10,10:00:00,2025-06-05,10:00,N,19.91,14086.0,10857.0,0.6445158193557156
2025-06-05T16:00:00Z,2025-06-05,11,11:00:00,2025-06-05,11:00,N,24.21,16722.0,9932.0,0.632636836248877
2025-06-05T17:00:00Z,2025-06-05,12,12:00:00,2025-06-05,12:00,N,29.43,18323.0,9871.0,0.6286365170183474
2025-06-05T18:00:00Z,2025-06-05,13,13:00:00,2025-06-05,13:00,N,34.07,19291.0,11123.0,0.6049479359078083
2025-06-05T19:00:00Z,2025-06-05,14,14:00:00,2025-06-05,14:00,N,41.43,21435.0,13333.0,0.5621665390718967
2025-06-05T20:00:00Z,2025-06-05,15,15:00:00,2025-06-05,15:00,N,42.64,21671.0,15895.0,0.5404496644681139
2025-06-05T21:00:00Z,2025-06-05,16,16:00:00,2025-06-05,16:00,N,45.09,19666.0,17297.0,0.561158250726131
2025-06-05T22:00:00Z,2025-06-05,17,17:00:00,2025-06-05,17:00,N,47.25,18969.0,17602.0,0.5739855464339333
2025-06-05T23:00:00Z,2025-06-05,18,18:00:00,2025-06-05,18:00,N,42.92,16611.0,17967.0,0.5887803506174879
2025-06-06T00:00:00Z,2025-06-05,19,19:00:00,2025-06-05,19:00,N,42.85,12684.0,17796.0,0.6382347318359345
2025-06-06T01:00:00Z,2025-06-05,20,20:00:00,2025-06-05,20:00,N,55.19,4113.0,16986.0,0.718039018014812
2025-06-06T02:00:00Z,2025-06-05,21,21:00:00,2025-06-05,21:00,N,57.31,295.0,17543.0,0.7511576625162498
2025-06-06T03:00:00Z,2025-06-05,22,22:00:00,2025-06-05,22:00,N,46.13,1.0,17955.0,0.7738248662499088
2025-06-06T04:00:00Z,2025-06-05,23,23:00:00,2025-06-05,23:00,N,33.61,0.0,16950.0,0.7930443434988114
2025-06-06T05:00:00Z,2025-06-05,24,00:00:00,2025-06-05,24:00,N,25.75,1.0,17471.0,0.7785825025146641
2025-06-06T06:00:00Z,2025-06-06,1,01:00:00,2025-06-06,01:00,N,25.7,0.0,18942.0,0.7492950034306042
2025-06-06T07:00:00Z,2025-06-06,2,02:00:00,2025-06-06,02:00,N,24.04,0.0,20369.0,0.7094763638723777
2025-06-06T08:00:00Z,2025-06-06,3,03:00:00,2025-06-06,03:00,N,22.49,0.0,19795.0,0.7055051775967988
2025-06-06T09:00:00Z,2025-06-06,4,04:00:00,2025-06-06,04:00,N,22.13,1.0,17339.0,0.746555802358664
2025-06-06T10:00:00Z,2025-06-06,5,05:00:00,2025-06-06,05:00,N,22.89,1.0,14709.0,0.7916098839999683
2025-06-06T11:00:00Z,2025-06-06,6,06:00:00,2025-06-06,06:00,N,26.41,1.0,13334.0,0.8090137252012011
2025-06-06T12:00:00Z,2025-06-06,7,07:00:00,2025-06-06,07:00,N,28.04,198.0,11759.0,0.8316418981063548
2025-06-06T13:00:00Z,2025-06-06,8,08:00:00,2025-06-06,08:00,N,24.07,4987.0,10316.0,0.7921607779400935
2025-06-06T14:00:00Z,2025-06-06,9,09:00:00,2025-06-06,09:00,N,18.66,13324.0,10045.0,0.6832591197889464
2025-06-06T15:00:00Z,2025-06-06,10,10:00:00,2025-06-06,10:00,N,19.48,18025.0,12340.0,0.5936889398605916
2025-06-06T16:00:00Z,2025-06-06,11,11:00:00,2025-06-06,11:00,N,28.31,21745.0,11157.0,0.5679552412848963
2025-06-06T17:00:00Z,2025-06-06,12,12:00:00,2025-06-06,12:00,N,34.97,24006.0,8901.0,0.5775562346659169
2025-06-06T18:00:00Z,2025-06-06,13,13:00:00,2025-06-06,13:00,N,40.1,25377.0,7304.0,0.5989160556435249
2025-06-06T19:00:00Z,2025-06-06,14,14:00:00,2025-06-06,14:00,N,47.98,25711.0,7128.0,0.6098280086352901
2025-06-06T20:00:00Z,2025-06-06,15,15:00:00,2025-06-06,15:00,N,51.81,25522.0,8395.0,0.6029632023531202
2025-06-06T21:00:00Z,2025-06-06,16,16:00:00,2025-06-06,16:00,N,60.04,25339.0,9991.0,0.5833931454126825
2025-06-06T22:00:00Z,2025-06-06,17,17:00:00,2025-06-06,17:00,N,58.09,24913.0,12021.0,0.5632925444586787
2025-06-06T23:00:00Z,2025-06-06,18,18:00:00,2025-06-06,18:00,N,50.03,22627.0,14476.0,0.5453919588082462
2025-06-07T00:00:00Z,2025-06-06,19,19:00:00,2025-06-06,19:00,N,50.39,16038.0,18070.0,0.5789762794042921
2025-06-07T01:00:00Z,2025-06-06,20,20:00:00,2025-06-06,20:00,N,78.11,5786.0,20360.0,0.671870462461056
2025-06-07T02:00:00Z,2025-06-06,21,21:00:00,2025-06-06,21:00,N,72.53,464.0,20356.0,0.7174414157009845
2025-06-07T03:00:00Z,2025-06-06,22,22:00:00,2025-06-06,22:00,N,52.64,3.0,19169.0,0.7411329399797282
2025-06-07T04:00:00Z,2025-06-06,23,23:00:00,2025-06-06,23:00,N,37.79,0.0,18966.0,0.7587835977568215
2025-06-07T05:00:00Z,2025-06-06,24,00:00:00,2025-06-06,24:00,N,28.71,0.0,20986.0,0.7284589917530014
2025-06-07T06:00:00Z,2025-06-07,1,01:00:00,2025-06-07,01:00,N,35.09,0.0,21832.0,0.6941299362954042
2025-06-07T07:00:00Z,2025-06-07,2,02:00:00,2025-06-07,02:00,N,28.8,0.0,20846.0,0.6830982970766349
2025-06-07T08:00:00Z,2025-06-07,3,03:00:00,2025-06-07,03:00,N,26.63,0.0,20847.0,0.6608311683565501
2025-06-07T09:00:00Z,2025-06-07,4,04:00:00,2025-06-07,04:00,N,25.25,0.0,20792.0,0.6476838122552019
2025-06-07T10:00:00Z,2025-06-07,5,05:00:00,2025-06-07,05:00,N,24.75,0.0,18534.0,0.6839175056187305
2025-06-07T11:00:00Z,2025-06-07,6,06:00:00,2025-06-07,06:00,N,23.72,1.0,15450.0,0.7621659432749093
2025-06-07T12:00:00Z,2025-06-07,7,07:00:00,2025-06-07,07:00,N,24.17,116.0,13884.0,0.7917789144153476
2025-06-07T13:00:00Z,2025-06-07,8,08:00:00,2025-06-07,08:00,N,21.75,5615.0,13403.0,0.7102108939466352
2025-06-07T14:00:00Z,2025-06-07,9,09:00:00,2025-06-07,09:00,N,17.93,15761.0,13628.0,0.5291192272888094
2025-06-07T15:00:00Z,2025-06-07,10,10:00:00,2025-06-07,10:00,N,23.44,19435.0,14165.0,0.4770324565458952
2025-06-07T16:00:00Z,2025-06-07,11,11:00:00,2025-06-07,11:00,N,34.08,21821.0,12431.0,0.4914652216966179
2025-06-07T17:00:00Z,2025-06-07,12,12:00:00,2025-06-07,12:00,N,40.64,24465.0,10464.0,0.5155451562657992
2025-06-07T18:00:00Z,2025-06-07,13,13:00:00,2025-06-07,13:00,N,47.8,25147.0,9077.0,0.5588605083771658
2025-06-07T19:00:00Z,2025-06-07,14,14:00:00,2025-06-07,14:00,N,55.8,24885.0,8530.0,0.5900488368196205
2025-06-07T20:00:00Z,2025-06-07,15,15:00:00,2025-06-07,15:00,N,61.71,24933.0,7986.0,0.608129296901716
2025-06-07T21:00:00Z,2025-06-07,16,16:00:00,2025-06-07,16:00,N,64.83,24617.0,7370.0,0.6240730802186315
2025-06-07T22:00:00Z,2025-06-07,17,17:00:00,2025-06-07,17:00,N,63.34,23901.0,7303.0,0.6380125387849495
2025-06-07T23:00:00Z,2025-06-07,18,18:00:00,2025-06-07,18:00,N,58.84,23212.0,7604.0,0.6407532067607343
2025-06-08T00:00:00Z,2025-06-07,19,19:00:00,2025-06-07,19:00,N,73.77,19048.0,8568.0,0.6823269547936374
2025-06-08T01:00:00Z,2025-06-07,20,20:00:00,2025-06-07,20:00,N,159.05,8720.0,10097.0,0.7716728450513408
2025-06-08T02:00:00Z,2025-06-07,21,21:00:00,2025-06-07,21:00,N,181.49,762.0,11862.0,0.8200321571731565
2025-06-08T03:00:00Z,2025-06-07,22,22:00:00,2025-06-07,22:00,N,112.02,0.0,13301.0,0.8344928366745878
2025-06-08T04:00:00Z,2025-06-07,23,23:00:00,2025-06-07,23:00,N,64.22,0.0,14568.0,0.8436058176467023
2025-06-08T05:00:00Z,2025-06-07,24,00:00:00,2025-06-07,24:00,N,47.45,1.0,15188.0,0.8289425494883936
2025-06-08T06:00:00Z,2025-06-08,1,01:00:00,2025-06-08,01:00,N,36.76,0.0,13951.0,0.8439952638550123
2025-06-08T07:00:00Z,2025-06-08,2,02:00:00,2025-06-08,02:00,N,32.02,1.0,13119.0,0.8576720861395131
2025-06-08T08:00:00Z,2025-06-08,3,03:00:00,2025-06-08,03:00,N,29.27,1.0,12962.0,0.8486524248060917
2025-06-08T09:00:00Z,2025-06-08,4,04:00:00,2025-06-08,04:00,N,28.07,1.0,13229.0,0.8320290131126519
2025-06-08T10:00:00Z,2025-06-08,5,05:00:00,2025-06-08,05:00,N,27.78,1.0,12604.0,0.8199363534349372
2025-06-08T11:00:00Z,2025-06-08,6,06:00:00,2025-06-08,06:00,N,26.78,1.0,11635.0,0.8295033860634523
2025-06-08T12:00:00Z,2025-06-08,7,07:00:00,2025-06-08,07:00,N,28.21,206.0,11318.0,0.8310951025923919
2025-06-08T13:00:00Z,2025-06-08,8,08:00:00,2025-06-08,08:00,N,23.12,5950.0,11734.0,0.7013447905212317
2025-06-08T14:00:00Z,2025-06-08,9,09:00:00,2025-06-08,09:00,N,18.51,17152.0,10896.0,0.5313486495624176
2025-06-08T15:00:00Z,2025-06-08,10,10:00:00,2025-06-08,10:00,N,20.63,22441.0,10223.0,0.46510435862707805
2025-06-08T16:00:00Z,2025-06-08,11,11:00:00,2025-06-08,11:00,N,27.95,24925.0,9154.0,0.4552616743049208
2025-06-08T17:00:00Z,2025-06-08,12,12:00:00,2025-06-08,12:00,N,37.09,25965.0,9681.0,0.46299491800683173
2025-06-08T18:00:00Z,2025-06-08,13,13:00:00,2025-06-08,13:00,N,46.82,26449.0,11013.0,0.4719308266856219
2025-06-08T19:00:00Z,2025-06-08,14,14:00:00,2025-06-08,14:00,N,52.91,25626.0,13383.0,0.4903449786327262
2025-06-08T20:00:00Z,2025-06-08,15,15:00:00,2025-06-08,15:00,N,63.11,24552.0,14845.0,0.5158532174255401
2025-06-08T21:00:00Z,2025-06-08,16,16:00:00,2025-06-08,16:00,N,62.42,22371.0,16235.0,0.5366221728245897
2025-06-08T22:00:00Z,2025-06-08,17,17:00:00,2025-06-08,17:00,N,62.47,21015.0,16887.0,0.5481332227901744
2025-06-08T23:00:00Z,2025-06-08,18,18:00:00,2025-06-08,18:00,N,52.95,18462.0,18408.0,0.5651116608699825
2025-06-09T00:00:00Z,2025-06-08,19,19:00:00,2025-06-08,19:00,N,46.07,12255.0,21082.0,0.6133941072227012
2025-06-09T01:00:00Z,2025-06-08,20,20:00:00,2025-06-08,20:00,N,78.44,5369.0,22783.0,0.6863464302112733
2025-06-09T02:00:00Z,2025-06-08,21,21:00:00,2025-06-08,21:00,N,84.67,603.0,22795.0,0.7304653859063217
2025-06-09T03:00:00Z,2025-06-08,22,22:00:00,2025-06-08,22:00,N,58.75,0.0,23404.0,0.7318217154390828
2025-06-09T04:00:00Z,2025-06-08,23,23:00:00,2025-06-08,23:00,N,34.9,0.0,22606.0,0.7215473205740611
2025-06-09T05:00:00Z,2025-06-08,24,00:00:00,2025-06-08,24:00,N,28.35,0.0,22034.0,0.6937636309548296
2025-06-09T06:00:00Z,2025-06-09,1,01:00:00,2025-06-09,01:00,N,28.07,0.0,23315.0,0.6335473594590704
2025-06-09T07:00:00Z,2025-06-09,2,02:00:00,2025-06-09,02:00,N,25.81,0.0,22167.0,0.6208568286687199
2025-06-09T08:00:00Z,2025-06-09,3,03:00:00,2025-06-09,03:00,N,26.73,1.0,17850.0,0.6958919683159547
2025-06-09T09:00:00Z,2025-06-09,4,04:00:00,2025-06-09,04:00,N,26.28,1.0,14102.0,0.7733075741563119
2025-06-09T10:00:00Z,2025-06-09,5,05:00:00,2025-06-09,05:00,N,26.0,1.0,13172.0,0.8021919018213347
2025-06-09T11:00:00Z,2025-06-09,6,06:00:00,2025-06-09,06:00,N,28.42,1.0,12060.0,0.8361351595468733
2025-06-09T12:00:00Z,2025-06-09,7,07:00:00,2025-06-09,07:00,N,29.2,66.0,11639.0,0.8515166166379449
2025-06-09T13:00:00Z,2025-06-09,8,08:00:00,2025-06-09,08:00,N,25.1,3738.0,10610.0,0.7958830388574845
2025-06-09T14:00:00Z,2025-06-09,9,09:00:00,2025-06-09,09:00,N,20.81,13035.0,9474.0,0.637365028506355
2025-06-09T15:00:00Z,2025-06-09,10,10:00:00,2025-06-09,10:00,N,23.0,19834.0,7950.0,0.5346708314748823
2025-06-09T16:00:00Z,2025-06-09,11,11:00:00,2025-06-09,11:00,N,29.26,21890.0,8629.0,0.507706291247577
2025-06-09T17:00:00Z,2025-06-09,12,12:00:00,2025-06-09,12:00,N,36.64,22895.0,7949.0,0.5450112478866982
2025-06-09T18:00:00Z,2025-06-09,13,13:00:00,2025-06-09,13:00,N,46.87,25243.0,7410.0,0.554410973598605
2025-06-09T19:00:00Z,2025-06-09,14,14:00:00,2025-06-09,14:00,N,51.98,26742.0,6600.0,0.5877676254175941
2025-06-09T20:00:00Z,2025-06-09,15,15:00:00,2025-06-09,15:00,N,56.29,26339.0,6200.0,0.6401165241622381
2025-06-09T21:00:00Z,2025-06-09,16,16:00:00,2025-06-09,16:00,N,52.77,26468.0,6165.0,0.6402057807776292
2025-06-09T22:00:00Z,2025-06-09,17,17:00:00,2025-06-09,17:00,N,54.33,25943.0,6387.0,0.645369283458118
2025-06-09T23:00:00Z,2025-06-09,18,18:00:00,2025-06-09,18:00,N,51.65,23670.0,7081.0,0.6497479085534313
2025-06-10T00:00:00Z,2025-06-09,19,19:00:00,2025-06-09,19:00,N,51.86,18482.0,8621.0,0.7058024110905302
2025-06-10T01:00:00Z,2025-06-09,20,20:00:00,2025-06-09,20:00,N,94.36,7654.0,10276.0,0.7966046450424722
2025-06-10T02:00:00Z,2025-06-09,21,21:00:00,2025-06-09,21:00,N,97.31,764.0,9938.0,0.8525815508040309
2025-06-10T03:00:00Z,2025-06-09,22,22:00:00,2025-06-09,22:00,N,100.76,231.0,9714.0,0.8911556889149211
2025-06-10T04:00:00Z,2025-06-09,23,23:00:00,2025-06-09,23:00,N,71.45,0.0,10176.0,0.9100830442888538
2025-06-10T05:00:00Z,2025-06-09,24,00:00:00,2025-06-09,24:00,N,55.2,0.0,11260.0,0.9034438405146155
2025-06-10T06:00:00Z,2025-06-10,1,01:00:00,2025-06-10,01:00,N,38.88,0.0,10871.0,0.9086397834415556
2025-06-10T07:00:00Z,2025-06-10,2,02:00:00,2025-06-10,02:00,N,32.88,1.0,9313.0,0.9307665017809966
2025-06-10T08:00:00Z,2025-06-10,3,03:00:00,2025-06-10,03:00,N,30.4,1.0,7930.0,0.9563072152236142
2025-06-10T09:00:00Z,2025-06-10,4,04:00:00,2025-06-10,04:00,N,29.62,1.0,8726.0,0.9369925244412831
2025-06-10T10:00:00Z,2025-06-10,5,05:00:00,2025-06-10,05:00,N,31.7,0.0,11316.0,0.8600672281598211
2025-06-10T11:00:00Z,2025-06-10,6,06:00:00,2025-06-10,06:00,N,37.93,1.0,11618.0,0.8457830680043001
2025-06-10T12:00:00Z,2025-06-10,7,07:00:00,2025-06-10,07:00,N,35.54,279.0,9185.0,0.9056690241011179
2025-06-10T13:00:00Z,2025-06-10,8,08:00:00,2025-06-10,08:00,N,28.89,4608.0,8396.0,0.8510492202850034
2025-06-10T14:00:00Z,2025-06-10,9,09:00:00,2025-06-10,09:00,N,22.29,9636.0,7272.0,0.7859498302444422
2025-06-10T15:00:00Z,2025-06-10,10,10:00:00,2025-06-10,10:00,N,21.76,11717.0,6363.0,0.7866499342202977
2025-06-10T16:00:00Z,2025-06-10,11,11:00:00,2025-06-10,11:00,N,23.81,12935.0,5580.0,0.7813419740837444
2025-06-10T17:00:00Z,2025-06-10,12,12:00:00,2025-06-10,12:00,N,27.79,14900.0,5235.0,0.76042903696438
2025-06-10T18:00:00Z,2025-06-10,13,13:00:00,2025-06-10,13:00,N,31.45,16733.0,4503.0,0.7518336483557111
2025-06-10T19:00:00Z,2025-06-10,14,14:00:00,2025-06-10,14:00,N,34.37,17294.0,4433.0,0.7545487614358722
2025-06-10T20:00:00Z,2025-06-10,15,15:00:00,2025-06-10,15:00,N,35.18,17136.0,4518.0,0.7646802536839795
2025-06-10T21:00:00Z,2025-06-10,16,16:00:00,2025-06-10,16:00,N,35.13,16026.0,4204.0,0.7820208195977
2025-06-10T22:00:00Z,2025-06-10,17,17:00:00,2025-06-10,17:00,N,36.5,16220.0,4399.0,0.7803003032770454
2025-06-10T23:00:00Z,2025-06-10,18,18:00:00,2025-06-10,18:00,N,38.91,15998.0,5666.0,0.7695905118589489
2025-06-11T00:00:00Z,2025-06-10,19,19:00:00,2025-06-10,19:00,N,50.6,11309.0,7795.0,0.7988019820856546
2025-06-11T01:00:00Z,2025-06-10,20,20:00:00,2025-06-10,20:00,N,72.0,3787.0,9498.0,0.8640150300312522
2025-06-11T02:00:00Z,2025-06-10,21,21:00:00,2025-06-10,21:00,N,69.84,266.0,10136.0,0.8846590322996525
2025-06-11T03:00:00Z,2025-06-10,22,22:00:00,2025-06-10,22:00,N,52.85,37.0,9537.0,0.9028034587192657
2025-06-11T04:00:00Z,2025-06-10,23,23:00:00,2025-06-10,23:00,N,45.35,2.0,8583.0,0.9200018181305745
2025-06-11T05:00:00Z,2025-06-10,24,00:00:00,2025-06-10,24:00,N,34.5,0.0,8938.0,0.920465838460079
2025-06-11T06:00:00Z,2025-06-11,1,01:00:00,2025-06-11,01:00,N,35.58,0.0,9406.0,0.9065577261449395
2025-06-11T07:00:00Z,2025-06-11,2,02:00:00,2025-06-11,02:00,N,32.11,0.0,8843.0,0.9118697936398932
2025-06-11T08:00:00Z,2025-06-11,3,03:00:00,2025-06-11,03:00,N,29.31,1.0,7413.0,0.9404385931746094
2025-06-11T09:00:00Z,2025-06-11,4,04:00:00,2025-06-11,04:00,N,29.92,0.0,6394.0,0.9601980306786092
2025-06-11T10:00:00Z,2025-06-11,5,05:00:00,2025-06-11,05:00,N,31.67,0.0,5603.0,0.9756015679002324
2025-06-11T11:00:00Z,2025-06-11,6,06:00:00,2025-06-11,06:00,N,36.31,1.0,4631.0,0.9851697071008414
2025-06-11T12:00:00Z,2025-06-11,7,07:00:00,2025-06-11,07:00,N,37.6,73.0,4521.0,0.9796228903093978
2025-06-11T13:00:00Z,2025-06-11,8,08:00:00,2025-06-11,08:00,N,33.78,1289.0,3839.0,0.9661259820872965
2025-06-11T14:00:00Z,2025-06-11,9,09:00:00,2025-06-11,09:00,N,31.84,4758.0,4115.0,0.9179712273726288
2025-06-11T15:00:00Z,2025-06-11,10,10:00:00,2025-06-11,10:00,N,30.18,8507.0,3271.0,0.8736432566132518
2025-06-11T16:00:00Z,2025-06-11,11,11:00:00,2025-06-11,11:00,N,27.95,10795.0,2279.0,0.8527407399966904
2025-06-11T17:00:00Z,2025-06-11,12,12:00:00,2025-06-11,12:00,N,27.93,13631.0,2192.0,0.812941270679754
2025-06-11T18:00:00Z,2025-06-11,13,13:00:00,2025-06-11,13:00,N,28.12,14296.0,1818.0,0.8086188334257597
2025-06-11T19:00:00Z,2025-06-11,14,14:00:00,2025-06-11,14:00,N,29.58,15882.0,2655.0,0.7760496126200136
2025-06-11T20:00:00Z,2025-06-11,15,15:00:00,2025-06-11,15:00,N,30.79,16477.0,3316.0,0.7585893536938874
2025-06-11T21:00:00Z,2025-06-11,16,16:00:00,2025-06-11,16:00,N,31.46,16148.0,3553.0,0.7593111957225233
2025-06-11T22:00:00Z,2025-06-11,17,17:00:00,2025-06-11,17:00,N,29.63,14367.0,3311.0,0.7879970539657222
2025-06-11T23:00:00Z,2025-06-11,18,18:00:00,2025-06-11,18:00,N,33.16,14578.0,3483.0,0.7911911897301642
2025-06-12T00:00:00Z,2025-06-11,19,19:00:00,2025-06-11,19:00,N,40.26,13260.0,4469.0,0.7925599737135902
2025-06-12T01:00:00Z,2025-06-11,20,20:00:00,2025-06-11,20:00,N,48.33,7033.0,5295.0,0.841001532644072
2025-06-12T02:00:00Z,2025-06-11,21,21:00:00,2025-06-11,21:00,N,58.37,747.0,5906.0,0.8786232971975089
2025-06-12T03:00:00Z,2025-06-11,22,22:00:00,2025-06-11,22:00,N,48.13,0.0,7179.0,0.9044454397188607
2025-06-12T04:00:00Z,2025-06-11,23,23:00:00,2025-06-11,23:00,N,37.01,0.0,8014.0,0.9282218984341501
2025-06-12T05:00:00Z,2025-06-11,24,00:00:00,2025-06-11,24:00,N,29.61,0.0,8513.0,0.9264896058477019
2025-06-12T06:00:00Z,2025-06-12,1,01:00:00,2025-06-12,01:00,N,33.37,0.0,8343.0,0.930758722866696
2025-06-12T07:00:00Z,2025-06-12,2,02:00:00,2025-06-12,02:00,N,32.51,1.0,8348.0,0.9320149507058327
2025-06-12T08:00:00Z,2025-06-12,3,03:00:00,2025-06-12,03:00,N,30.79,0.0,8249.0,0.9314432683806789
2025-06-12T09:00:00Z,2025-06-12,4,04:00:00,2025-06-12,04:00,N,31.73,0.0,8134.0,0.929334052674332
2025-06-12T10:00:00Z,2025-06-12,5,05:00:00,2025-06-12,05:00,N,33.1,1.0,6922.0,0.9505816428431592
2025-06-12T11:00:00Z,2025-06-12,6,06:00:00,2025-06-12,06:00,N,37.0,1.0,6210.0,0.9594796325468179
2025-06-12T12:00:00Z,2025-06-12,7,07:00:00,2025-06-12,07:00,N,41.27,28.0,5683.0,0.9497883031452098
2025-06-12T13:00:00Z,2025-06-12,8,08:00:00,2025-06-12,08:00,N,38.45,2317.0,5639.0,0.90463092955902
2025-06-12T14:00:00Z,2025-06-12,9,09:00:00,2025-06-12,09:00,N,31.4,7473.0,5744.0,0.8110033955418592
2025-06-12T15:00:00Z,2025-06-12,10,10:00:00,2025-06-12,10:00,N,28.17,10970.0,5822.0,0.7386859851770821
2025-06-12T16:00:00Z,2025-06-12,11,11:00:00,2025-06-12,11:00,N,25.29,12653.0,5607.0,0.7141057160966366
2025-06-12T17:00:00Z,2025-06-12,12,12:00:00,2025-06-12,12:00,N,25.57,13808.0,5634.0,0.6977837139609231
2025-06-12T18:00:00Z,2025-06-12,13,13:00:00,2025-06-12,13:00,N,27.19,15297.0,5683.0,0.6745943395544337
2025-06-12T19:00:00Z,2025-06-12,14,14:00:00,2025-06-12,14:00,N,28.11,16782.0,5239.0,0.6639626801970971
2025-06-12T20:00:00Z,2025-06-12,15,15:00:00,2025-06-12,15:00,N,28.65,17459.0,4933.0,0.6645790380467177
2025-06-12T21:00:00Z,2025-06-12,16,16:00:00,2025-06-12,16:00,N,30.36,17736.0,4475.0,0.6657504033389071
2025-06-12T22:00:00Z,2025-06-12,17,17:00:00,2025-06-12,17:00,N,35.27,18586.0,4375.0,0.6473703851631902
2025-06-12T23:00:00Z,2025-06-12,18,18:00:00,2025-06-12,18:00,N,35.05,16548.0,5163.0,0.6863157544996384
2025-06-13T00:00:00Z,2025-06-12,19,19:00:00,2025-06-12,19:00,N,39.19,14945.0,6328.0,0.6929865430145096
2025-06-13T01:00:00Z,2025-06-12,20,20:00:00,2025-06-12,20:00,N,61.61,7279.0,8391.0,0.7500749131650569
2025-06-13T02:00:00Z,2025-06-12,21,21:00:00,2025-06-12,21:00,N,63.25,624.0,9688.0,0.8011259446132649
2025-06-13T03:00:00Z,2025-06-12,22,22:00:00,2025-06-12,22:00,N,44.25,0.0,12173.0,0.7968734864510436
2025-06-13T04:00:00Z,2025-06-12,23,23:00:00,2025-06-12,23:00,N,35.9,0.0,14853.0,0.7643784871961392
2025-06-13T05:00:00Z,2025-06-12,24,00:00:00,2025-06-12,24:00,N,30.06,0.0,16769.0,0.7051568268022308
2025-06-13T06:00:00Z,2025-06-13,1,01:00:00,2025-06-13,01:00,N,24.94,1.0,18454.0,0.6427874728244931
2025-06-13T07:00:00Z,2025-06-13,2,02:00:00,2025-06-13,02:00,N,22.83,1.0,19451.0,0.6070196317054857
2025-06-13T08:00:00Z,2025-06-13,3,03:00:00,2025-06-13,03:00,N,21.28,1.0,18776.0,0.6108491812660876
2025-06-13T09:00:00Z,2025-06-13,4,04:00:00,2025-06-13,04:00,N,20.61,0.0,18321.0,0.6130345728874104
2025-06-13T10:00:00Z,2025-06-13,5,05:00:00,2025-06-13,05:00,N,21.88,0.0,18187.0,0.6093208509529582
2025-06-13T11:00:00Z,2025-06-13,6,06:00:00,2025-06-13,06:00,N,24.77,0.0,17003.0,0.6385155089121853
2025-06-13T12:00:00Z,2025-06-13,7,07:00:00,2025-06-13,07:00,N,29.61,196.0,15929.0,0.6645952501649254
2025-06-13T13:00:00Z,2025-06-13,8,08:00:00,2025-06-13,08:00,N,26.44,4119.0,14810.0,0.6205707894843354
2025-06-13T14:00:00Z,2025-06-13,9,09:00:00,2025-06-13,09:00,N,19.92,14483.0,12049.0,0.5177533385779403
2025-06-13T15:00:00Z,2025-06-13,10,10:00:00,2025-06-13,10:00,N,20.59,21616.0,12701.0,0.4159220676539402
2025-06-13T16:00:00Z,2025-06-13,11,11:00:00,2025-06-13,11:00,N,22.82,23858.0,12894.0,0.3912643751288989
2025-06-13T17:00:00Z,2025-06-13,12,12:00:00,2025-06-13,12:00,N,27.72,24833.0,11959.0,0.43346889355774876
2025-06-13T18:00:00Z,2025-06-13,13,13:00:00,2025-06-13,13:00,N,31.48,25399.0,12214.0,0.46839414608606544
2025-06-13T19:00:00Z,2025-06-13,14,14:00:00,2025-06-13,14:00,N,34.03,26134.0,12717.0,0.4731072188943261
2025-06-13T20:00:00Z,2025-06-13,15,15:00:00,2025-06-13,15:00,N,36.32,25888.0,13272.0,0.4854461132090946
2025-06-13T21:00:00Z,2025-06-13,16,16:00:00,2025-06-13,16:00,N,37.29,25557.0,13014.0,0.5116468697275255
2025-06-13T22:00:00Z,2025-06-13,17,17:00:00,2025-06-13,17:00,N,38.44,24801.0,12765.0,0.5290229444470709
2025-06-13T23:00:00Z,2025-06-13,18,18:00:00,2025-06-13,18:00,N,38.86,22987.0,13101.0,0.5471897416077477
2025-06-14T00:00:00Z,2025-06-13,19,19:00:00,2025-06-13,19:00,N,39.45,17833.0,14983.0,0.5877761595477725
2025-06-14T01:00:00Z,2025-06-13,20,20:00:00,2025-06-13,20:00,N,62.77,7719.0,18296.0,0.6391420197064359
2025-06-14T02:00:00Z,2025-06-13,21,21:00:00,2025-06-13,21:00,N,66.4,674.0,19793.0,0.6801442673563549
2025-06-14T03:00:00Z,2025-06-13,22,22:00:00,2025-06-13,22:00,N,50.64,0.0,20719.0,0.6992134018825459
2025-06-14T04:00:00Z,2025-06-13,23,23:00:00,2025-06-13,23:00,N,36.08,0.0,21629.0,0.6886625877351736
2025-06-14T05:00:00Z,2025-06-13,24,00:00:00,2025-06-13,24:00,N,28.42,0.0,21234.0,0.6898555059986883
2025-06-14T06:00:00Z,2025-06-14,1,01:00:00,2025-06-14,01:00,N,27.85,0.0,19511.0,0.689552139605879
2025-06-14T07:00:00Z,2025-06-14,2,02:00:00,2025-06-14,02:00,N,26.12,0.0,17554.0,0.70765573260005
2025-06-14T08:00:00Z,2025-06-14,3,03:00:00,2025-06-14,03:00,N,25.05,1.0,16025.0,0.7234623653773409
2025-06-14T09:00:00Z,2025-06-14,4,04:00:00,2025-06-14,04:00,N,23.19,0.0,17205.0,0.6903251442895153
2025-06-14T10:00:00Z,2025-06-14,5,05:00:00,2025-06-14,05:00,N,21.78,1.0,18996.0,0.6396800238227027
2025-06-14T11:00:00Z,2025-06-14,6,06:00:00,2025-06-14,06:00,N,23.29,1.0,18876.0,0.6322365156070323
2025-06-14T12:00:00Z,2025-06-14,7,07:00:00,2025-06-14,07:00,N,24.15,185.0,17646.0,0.6499550484042856
2025-06-14T13:00:00Z,2025-06-14,8,08:00:00,2025-06-14,08:00,N,21.72,4242.0,16277.0,0.6140210300461095
2025-06-14T14:00:00Z,2025-06-14,9,09:00:00,2025-06-14,09:00,N,17.48,12275.0,15439.0,0.5042476927711544
2025-06-14T15:00:00Z,2025-06-14,10,10:00:00,2025-06-14,10:00,N,16.18,16798.0,17439.0,0.4191791965856676
2025-06-14T16:00:00Z,2025-06-14,11,11:00:00,2025-06-14,11:00,N,18.58,18701.0,16446.0,0.4283911453442404
2025-06-14T17:00:00Z,2025-06-14,12,12:00:00,2025-06-14,12:00,N,21.57,20281.0,13873.0,0.4824195036183695
2025-06-14T18:00:00Z,2025-06-14,13,13:00:00,2025-06-14,13:00,N,26.88,21681.0,11697.0,0.5253435688294219
2025-06-14T19:00:00Z,2025-06-14,14,14:00:00,2025-06-14,14:00,N,29.3,21985.0,10936.0,0.5708290393922079
2025-06-14T20:00:00Z,2025-06-14,15,15:00:00,2025-06-14,15:00,N,30.2,21440.0,11665.0,0.5892169038431085
2025-06-14T21:00:00Z,2025-06-14,16,16:00:00,2025-06-14,16:00,N,28.8,21387.0,13244.0,0.5736644483156309
2025-06-14T22:00:00Z,2025-06-14,17,17:00:00,2025-06-14,17:00,N,29.69,21519.0,15084.0,0.5315717116003813
2025-06-14T23:00:00Z,2025-06-14,18,18:00:00,2025-06-14,18:00,N,29.64,20056.0,16672.0,0.5270650923214407
2025-06-15T00:00:00Z,2025-06-14,19,19:00:00,2025-06-14,19:00,N,33.48,16594.0,18539.0,0.5521947852526878
2025-06-15T01:00:00Z,2025-06-14,20,20:00:00,2025-06-14,20:00,N,50.33,8046.0,19960.0,0.6316576251479574
2025-06-15T02:00:00Z,2025-06-14,21,21:00:00,2025-06-14,21:00,N,60.08,721.0,19752.0,0.7142866810121277
2025-06-15T03:00:00Z,2025-06-14,22,22:00:00,2025-06-14,22:00,N,48.28,0.0,19436.0,0.7312130643476917
2025-06-15T04:00:00Z,2025-06-14,23,23:00:00,2025-06-14,23:00,N,33.76,1.0,20332.0,0.7273205184935069
2025-06-15T05:00:00Z,2025-06-14,24,00:00:00,2025-06-14,24:00,N,25.67,0.0,20641.0,0.7044141956590161
2025-06-15T06:00:00Z,2025-06-15,1,01:00:00,2025-06-15,01:00,N,24.81,0.0,21895.0,0.6528955666317522
2025-06-15T07:00:00Z,2025-06-15,2,02:00:00,2025-06-15,02:00,N,22.27,0.0,22419.0,0.6196388341086521
2025-06-15T08:00:00Z,2025-06-15,3,03:00:00,2025-06-15,03:00,N,21.11,0.0,22253.0,0.5965604595653222
2025-06-15T09:00:00Z,2025-06-15,4,04:00:00,2025-06-15,04:00,N,20.51,0.0,22158.0,0.5877479414001341
2025-06-15T10:00:00Z,2025-06-15,5,05:00:00,2025-06-15,05:00,N,21.17,0.0,21422.0,0.5877126654945011
2025-06-15T11:00:00Z,2025-06-15,6,06:00:00,2025-06-15,06:00,N,22.03,0.0,20574.0,0.6006502838306906
2025-06-15T12:00:00Z,2025-06-15,7,07:00:00,2025-06-15,07:00,N,20.93,140.0,19316.0,0.6227138152302878
2025-06-15T13:00:00Z,2025-06-15,8,08:00:00,2025-06-15,08:00,N,19.38,4327.0,17340.0,0.5908876374358127
2025-06-15T14:00:00Z,2025-06-15,9,09:00:00,2025-06-15,09:00,N,14.97,12453.0,18399.0,0.45861771752989017
2025-06-15T15:00:00Z,2025-06-15,10,10:00:00,2025-06-15,10:00,N,13.89,15516.0,19750.0,0.40391892577666055
2025-06-15T16:00:00Z,2025-06-15,11,11:00:00,2025-06-15,11:00,N,17.2,18211.0,16960.0,0.4206635393462212
2025-06-15T17:00:00Z,2025-06-15,12,12:00:00,2025-06-15,12:00,N,20.38,19933.0,17061.0,0.4150820249042159
2025-06-15T18:00:00Z,2025-06-15,13,13:00:00,2025-06-15,13:00,N,20.3,20542.0,18067.0,0.40976733268919513
2025-06-15T19:00:00Z,2025-06-15,14,14:00:00,2025-06-15,14:00,N,25.07,19538.0,18330.0,0.4342183233359807
2025-06-15T20:00:00Z,2025-06-15,15,15:00:00,2025-06-15,15:00,N,23.96,18397.0,16276.0,0.49971702583701316
2025-06-15T21:00:00Z,2025-06-15,16,16:00:00,2025-06-15,16:00,N,26.06,19237.0,14619.0,0.4928178674615817
2025-06-15T22:00:00Z,2025-06-15,17,17:00:00,2025-06-15,17:00,N,27.16,16950.0,13611.0,0.5408415255966924
2025-06-15T23:00:00Z,2025-06-15,18,18:00:00,2025-06-15,18:00,N,30.72,14595.0,12644.0,0.5870418214949809
2025-06-16T00:00:00Z,2025-06-15,19,19:00:00,2025-06-15,19:00,N,37.01,11174.0,11010.0,0.6675578913325972
2025-06-16T01:00:00Z,2025-06-15,20,20:00:00,2025-06-15,20:00,N,60.3,4744.0,9038.0,0.7950405378415477
2025-06-16T02:00:00Z,2025-06-15,21,21:00:00,2025-06-15,21:00,N,66.43,441.0,7872.0,0.8694052890185614
2025-06-16T03:00:00Z,2025-06-15,22,22:00:00,2025-06-15,22:00,N,45.05,0.0,8356.0,0.8823129757867192
2025-06-16T04:00:00Z,2025-06-15,23,23:00:00,2025-06-15,23:00,N,31.77,0.0,9843.0,0.8853512456738235
2025-06-16T05:00:00Z,2025-06-15,24,00:00:00,2025-06-15,24:00,N,25.1,0.0,11587.0,0.8503195607734781
2025-06-16T06:00:00Z,2025-06-16,1,01:00:00,2025-06-16,01:00,N,30.92,0.0,11466.0,0.8281624033220444
2025-06-16T07:00:00Z,2025-06-16,2,02:00:00,2025-06-16,02:00,N,27.9,1.0,11581.0,0.811260269629329
2025-06-16T08:00:00Z,2025-06-16,3,03:00:00,2025-06-16,03:00,N,25.72,1.0,11190.0,0.8051929275892873
2025-06-16T09:00:00Z,2025-06-16,4,04:00:00,2025-06-16,04:00,N,24.69,1.0,11169.0,0.8019377256760916
2025-06-16T10:00:00Z,2025-06-16,5,05:00:00,2025-06-16,05:00,N,27.92,1.0,10007.0,0.8362623802391134
2025-06-16T11:00:00Z,2025-06-16,6,06:00:00,2025-06-16,06:00,N,34.33,1.0,7961.0,0.9095996596485566
2025-06-16T12:00:00Z,2025-06-16,7,07:00:00,2025-06-16,07:00,N,31.03,202.0,6634.0,0.9324246470232996
2025-06-16T13:00:00Z,2025-06-16,8,08:00:00,2025-06-16,08:00,N,26.46,5138.0,5775.0,0.8662756670101851
2025-06-16T14:00:00Z,2025-06-16,9,09:00:00,2025-06-16,09:00,N,18.96,15359.0,5035.0,0.6674574236716186
2025-06-16T15:00:00Z,2025-06-16,10,10:00:00,2025-06-16,10:00,N,17.6,21755.0,5278.0,0.5639572219729694
2025-06-16T16:00:00Z,2025-06-16,11,11:00:00,2025-06-16,11:00,N,21.27,24596.0,5014.0,0.5470725426716269
2025-06-16T17:00:00Z,2025-06-16,12,12:00:00,2025-06-16,12:00,N,25.33,26003.0,5174.0,0.5532119191345104
2025-06-16T18:00:00Z,2025-06-16,13,13:00:00,2025-06-16,13:00,N,28.83,26541.0,5209.0,0.5789733825461362
2025-06-16T19:00:00Z,2025-06-16,14,14:00:00,2025-06-16,14:00,N,33.17,26222.0,6322.0,0.6000594715729615
2025-06-16T20:00:00Z,2025-06-16,15,15:00:00,2025-06-16,15:00,N,35.46,25766.0,7435.0,0.6060954733826875
2025-06-16T21:00:00Z,2025-06-16,16,16:00:00,2025-06-16,16:00,N,36.83,25315.0,8218.0,0.5999836350252796
2025-06-16T22:00:00Z,2025-06-16,17,17:00:00,2025-06-16,17:00,N,35.69,24567.0,9093.0,0.5943458246335358
2025-06-16T23:00:00Z,2025-06-16,18,18:00:00,2025-06-16,18:00,N,35.78,23413.0,9705.0,0.5904572245637473
2025-06-17T00:00:00Z,2025-06-16,19,19:00:00,2025-06-16,19:00,N,37.28,19584.0,11390.0,0.6241180160904789
2025-06-17T01:00:00Z,2025-06-16,20,20:00:00,2025-06-16,20:00,N,58.4,9610.0,13172.0,0.6878146554133404
2025-06-17T02:00:00Z,2025-06-16,21,21:00:00,2025-06-16,21:00,N,62.79,944.0,15073.0,0.7562822283038506
2025-06-17T03:00:00Z,2025-06-16,22,22:00:00,2025-06-16,22:00,N,43.68,0.0,19128.0,0.7506365634331216
2025-06-17T04:00:00Z,2025-06-16,23,23:00:00,2025-06-16,23:00,N,32.25,0.0,22421.0,0.6957403869729601
2025-06-17T05:00:00Z,2025-06-16,24,00:00:00,2025-06-16,24:00,N,24.24,0.0,23522.0,0.6404879324172904
2025-06-17T06:00:00Z,2025-06-17,1,01:00:00,2025-06-17,01:00,N,22.69,0.0,24368.0,0.6114742844032719
2025-06-17T07:00:00Z,2025-06-17,2,02:00:00,2025-06-17,02:00,N,20.22,0.0,24789.0,0.5941086934468646
2025-06-17T08:00:00Z,2025-06-17,3,03:00:00,2025-06-17,03:00,N,19.16,0.0,25138.0,0.5706721545406702
2025-06-17T09:00:00Z,2025-06-17,4,04:00:00,2025-06-17,04:00,N,18.28,0.0,24953.0,0.5556082111450217
2025-06-17T10:00:00Z,2025-06-17,5,05:00:00,2025-06-17,05:00,N,18.14,0.0,24473.0,0.5564111027875289
2025-06-17T11:00:00Z,2025-06-17,6,06:00:00,2025-06-17,06:00,N,19.88,0.0,24116.0,0.5683885766620365
2025-06-17T12:00:00Z,2025-06-17,7,07:00:00,2025-06-17,07:00,N,20.13,288.0,24501.0,0.566579012614574
2025-06-17T13:00:00Z,2025-06-17,8,08:00:00,2025-06-17,08:00,N,19.03,6763.0,23702.0,0.48092256750750445
2025-06-17T14:00:00Z,2025-06-17,9,09:00:00,2025-06-17,09:00,N,13.69,16899.0,21779.0,0.3716433131958556
2025-06-17T15:00:00Z,2025-06-17,10,10:00:00,2025-06-17,10:00,N,13.8,21464.0,21666.0,0.3327420518887597
2025-06-17T16:00:00Z,2025-06-17,11,11:00:00,2025-06-17,11:00,N,19.95,22708.0,21664.0,0.34574327362863116
2025-06-17T17:00:00Z,2025-06-17,12,12:00:00,2025-06-17,12:00,N,26.42,22714.0,22108.0,0.38585845217633036
2025-06-17T18:00:00Z,2025-06-17,13,13:00:00,2025-06-17,13:00,N,30.53,22868.0,22395.0,0.4209221828711472
2025-06-17T19:00:00Z,2025-06-17,14,14:00:00,2025-06-17,14:00,N,33.43,22865.0,22860.0,0.45974339128662356
2025-06-17T20:00:00Z,2025-06-17,15,15:00:00,2025-06-17,15:00,N,34.79,21134.0,23207.0,0.4780547626269097
2025-06-17T21:00:00Z,2025-06-17,16,16:00:00,2025-06-17,16:00,N,39.83,18961.0,23466.0,0.49247710658328187
2025-06-17T22:00:00Z,2025-06-17,17,17:00:00,2025-06-17,17:00,N,37.8,19283.0,23091.0,0.4914429548130507
2025-06-17T23:00:00Z,2025-06-17,18,18:00:00,2025-06-17,18:00,N,33.38,18677.0,22998.0,0.5024261135579309
2025-06-18T00:00:00Z,2025-06-17,19,19:00:00,2025-06-17,19:00,N,34.32,16115.0,23021.0,0.5407283506149343
2025-06-18T01:00:00Z,2025-06-17,20,20:00:00,2025-06-17,20:00,N,39.79,7281.0,23979.0,0.636018637804858
2025-06-18T02:00:00Z,2025-06-17,21,21:00:00,2025-06-17,21:00,N,45.85,687.0,25825.0,0.691419347709879
2025-06-18T03:00:00Z,2025-06-17,22,22:00:00,2025-06-17,22:00,N,39.03,0.0,26572.0,0.6938448999840777
2025-06-18T04:00:00Z,2025-06-17,23,23:00:00,2025-06-17,23:00,N,30.35,0.0,26012.0,0.6957587246580886
2025-06-18T05:00:00Z,2025-06-17,24,00:00:00,2025-06-17,24:00,N,24.62,0.0,24261.0,0.7105516161348903
2025-06-18T06:00:00Z,2025-06-18,1,01:00:00,2025-06-18,01:00,N,23.78,0.0,23437.0,0.7091653904071862
2025-06-18T07:00:00Z,2025-06-18,2,02:00:00,2025-06-18,02:00,N,21.47,0.0,22582.0,0.6853161286046042
2025-06-18T08:00:00Z,2025-06-18,3,03:00:00,2025-06-18,03:00,N,18.64,1.0,20886.0,0.7104590862091098
2025-06-18T09:00:00Z,2025-06-18,4,04:00:00,2025-06-18,04:00,N,19.1,1.0,20732.0,0.6957481624581291
2025-06-18T10:00:00Z,2025-06-18,5,05:00:00,2025-06-18,05:00,N,20.26,1.0,20268.0,0.6887138245198096
2025-06-18T11:00:00Z,2025-06-18,6,06:00:00,2025-06-18,06:00,N,23.37,1.0,19714.0,0.7083992340753512
2025-06-18T12:00:00Z,2025-06-18,7,07:00:00,2025-06-18,07:00,N,26.39,143.0,17118.0,0.775993983754655
2025-06-18T13:00:00Z,2025-06-18,8,08:00:00,2025-06-18,08:00,N,23.64,4904.0,15219.0,0.7443619882373695
2025-06-18T14:00:00Z,2025-06-18,9,09:00:00,2025-06-18,09:00,N,19.01,14728.0,14429.0,0.5777290007470943
2025-06-18T15:00:00Z,2025-06-18,10,10:00:00,2025-06-18,10:00,N,20.4,18900.0,15353.0,0.5292240310417579
2025-06-18T16:00:00Z,2025-06-18,11,11:00:00,2025-06-18,11:00,N,25.89,22311.0,14592.0,0.4984101486619929
2025-06-18T17:00:00Z,2025-06-18,12,12:00:00,2025-06-18,12:00,N,33.0,23819.0,13516.0,0.5137786825753726
2025-06-18T18:00:00Z,2025-06-18,13,13:00:00,2025-06-18,13:00,N,38.8,24757.0,12754.0,0.5389939345387437
2025-06-18T19:00:00Z,2025-06-18,14,14:00:00,2025-06-18,14:00,N,42.59,25057.0,12591.0,0.5621591134231945
2025-06-18T20:00:00Z,2025-06-18,15,15:00:00,2025-06-18,15:00,N,42.71,25009.0,12763.0,0.5698825083595362
2025-06-18T21:00:00Z,2025-06-18,16,16:00:00,2025-06-18,16:00,N,41.57,24722.0,13137.0,0.565175574990595
2025-06-18T22:00:00Z,2025-06-18,17,17:00:00,2025-06-18,17:00,N,40.25,24213.0,13266.0,0.5680101445881682
2025-06-18T23:00:00Z,2025-06-18,18,18:00:00,2025-06-18,18:00,N,38.11,22652.0,13883.0,0.5760858259305232
2025-06-19T00:00:00Z,2025-06-18,19,19:00:00,2025-06-18,19:00,N,40.42,18358.0,15561.0,0.603332617999191
2025-06-19T01:00:00Z,2025-06-18,20,20:00:00,2025-06-18,20:00,N,104.48,8526.0,16235.0,0.7138140698465314
2025-06-19T02:00:00Z,2025-06-18,21,21:00:00,2025-06-18,21:00,N,119.81,798.0,16037.0,0.7853329380042985
2025-06-19T03:00:00Z,2025-06-18,22,22:00:00,2025-06-18,22:00,N,76.21,12.0,16663.0,0.801833257593346
2025-06-19T04:00:00Z,2025-06-18,23,23:00:00,2025-06-18,23:00,N,52.17,11.0,18475.0,0.8008712349934826
2025-06-19T05:00:00Z,2025-06-18,24,00:00:00,2025-06-18,24:00,N,34.1,1.0,19077.0,0.785551367206193
2025-06-19T06:00:00Z,2025-06-19,1,01:00:00,2025-06-19,01:00,N,30.75,0.0,17900.0,0.7949224523867982
2025-06-19T07:00:00Z,2025-06-19,2,02:00:00,2025-06-19,02:00,N,26.48,0.0,16838.0,0.8050877902528081
2025-06-19T08:00:00Z,2025-06-19,3,03:00:00,2025-06-19,03:00,N,23.97,1.0,16452.0,0.8049142813665896
2025-06-19T09:00:00Z,2025-06-19,4,04:00:00,2025-06-19,04:00,N,23.22,1.0,15751.0,0.8077066262783362
2025-06-19T10:00:00Z,2025-06-19,5,05:00:00,2025-06-19,05:00,N,25.28,1.0,14932.0,0.8171479778430693
2025-06-19T11:00:00Z,2025-06-19,6,06:00:00,2025-06-19,06:00,N,28.75,1.0,14603.0,0.8197542421041084
2025-06-19T12:00:00Z,2025-06-19,7,07:00:00,2025-06-19,07:00,N,31.48,223.0,13968.0,0.8320357926471093
2025-06-19T13:00:00Z,2025-06-19,8,08:00:00,2025-06-19,08:00,N,26.9,5777.0,12297.0,0.7556451366906043
2025-06-19T14:00:00Z,2025-06-19,9,09:00:00,2025-06-19,09:00,N,21.08,16013.0,11604.0,0.5883796310672249
2025-06-19T15:00:00Z,2025-06-19,10,10:00:00,2025-06-19,10:00,N,22.98,20076.0,13561.0,0.5137459582130808
2025-06-19T16:00:00Z,2025-06-19,11,11:00:00,2025-06-19,11:00,N,28.62,23373.0,12077.0,0.512291435889659
2025-06-19T17:00:00Z,2025-06-19,12,12:00:00,2025-06-19,12:00,N,35.67,24900.0,10117.0,0.5631187657988371
2025-06-19T18:00:00Z,2025-06-19,13,13:00:00,2025-06-19,13:00,N,44.21,24721.0,8589.0,0.6210427662198407
2025-06-19T19:00:00Z,2025-06-19,14,14:00:00,2025-06-19,14:00,N,50.49,24114.0,8531.0,0.6462955394710449
2025-06-19T20:00:00Z,2025-06-19,15,15:00:00,2025-06-19,15:00,N,49.19,23788.0,9518.0,0.6437632606632624
2025-06-19T21:00:00Z,2025-06-19,16,16:00:00,2025-06-19,16:00,N,47.12,23964.0,11411.0,0.6167308421494757
2025-06-19T22:00:00Z,2025-06-19,17,17:00:00,2025-06-19,17:00,N,46.76,22995.0,12826.0,0.6119836218371244
2025-06-19T23:00:00Z,2025-06-19,18,18:00:00,2025-06-19,18:00,N,42.03,21868.0,13871.0,0.608123086573586
2025-06-20T00:00:00Z,2025-06-19,19,19:00:00,2025-06-19,19:00,N,39.82,18215.0,14353.0,0.6439418249002418
2025-06-20T01:00:00Z,2025-06-19,20,20:00:00,2025-06-19,20:00,N,66.72,8515.0,14860.0,0.7338416078974611
2025-06-20T02:00:00Z,2025-06-19,21,21:00:00,2025-06-19,21:00,N,84.22,791.0,15490.0,0.7852059375701389
2025-06-20T03:00:00Z,2025-06-19,22,22:00:00,2025-06-19,22:00,N,62.41,0.0,17016.0,0.807162146242958
2025-06-20T04:00:00Z,2025-06-19,23,23:00:00,2025-06-19,23:00,N,38.9,0.0,18693.0,0.8013055185194542
2025-06-20T05:00:00Z,2025-06-19,24,00:00:00,2025-06-19,24:00,N,29.42,0.0,20588.0,0.7731401123515692
2025-06-20T06:00:00Z,2025-06-20,1,01:00:00,2025-06-20,01:00,N,26.3,0.0,22074.0,0.7405193216025177
2025-06-20T07:00:00Z,2025-06-20,2,02:00:00,2025-06-20,02:00,N,25.33,0.0,23029.0,0.7047618976988148
2025-06-20T08:00:00Z,2025-06-20,3,03:00:00,2025-06-20,03:00,N,24.87,0.0,23028.0,0.6941862692012931
2025-06-20T09:00:00Z,2025-06-20,4,04:00:00,2025-06-20,04:00,N,24.06,0.0,22432.0,0.6971619321571059
2025-06-20T10:00:00Z,2025-06-20,5,05:00:00,2025-06-20,05:00,N,24.91,0.0,22318.0,0.6904150943090516
2025-06-20T11:00:00Z,2025-06-20,6,06:00:00,2025-06-20,06:00,N,26.25,0.0,21206.0,0.7085499423800893
2025-06-20T12:00:00Z,2025-06-20,7,07:00:00,2025-06-20,07:00,N,24.22,222.0,19394.0,0.7356244675926469
2025-06-20T13:00:00Z,2025-06-20,8,08:00:00,2025-06-20,08:00,N,22.49,5907.0,17467.0,0.6841162951987859
2025-06-20T14:00:00Z,2025-06-20,9,09:00:00,2025-06-20,09:00,N,18.1,15721.0,17846.0,0.5168249367633606
2025-06-20T15:00:00Z,2025-06-20,10,10:00:00,2025-06-20,10:00,N,19.47,19044.0,19156.0,0.4861483035181339
2025-06-20T16:00:00Z,2025-06-20,11,11:00:00,2025-06-20,11:00,N,24.31,21253.0,19548.0,0.48978863647670384
2025-06-20T17:00:00Z,2025-06-20,12,12:00:00,2025-06-20,12:00,N,36.48,21820.0,20277.0,0.4869175979406184
2025-06-20T18:00:00Z,2025-06-20,13,13:00:00,2025-06-20,13:00,N,41.98,21856.0,21005.0,0.5020324249259522
2025-06-20T19:00:00Z,2025-06-20,14,14:00:00,2025-06-20,14:00,N,46.97,21379.0,21662.0,0.5138179030429475
2025-06-20T20:00:00Z,2025-06-20,15,15:00:00,2025-06-20,15:00,N,44.92,21014.0,21401.0,0.5212784441935452
2025-06-20T21:00:00Z,2025-06-20,16,16:00:00,2025-06-20,16:00,N,46.0,20847.0,22361.0,0.5151230434294649
2025-06-20T22:00:00Z,2025-06-20,17,17:00:00,2025-06-20,17:00,N,43.9,20423.0,23170.0,0.5061960545847938
2025-06-20T23:00:00Z,2025-06-20,18,18:00:00,2025-06-20,18:00,N,39.49,18717.0,23453.0,0.519154915567749
2025-06-21T00:00:00Z,2025-06-20,19,19:00:00,2025-06-20,19:00,N,36.06,15787.0,23404.0,0.5535474343416936
2025-06-21T01:00:00Z,2025-06-20,20,20:00:00,2025-06-20,20:00,N,45.77,7844.0,22946.0,0.630622040109671
2025-06-21T02:00:00Z,2025-06-20,21,21:00:00,2025-06-20,21:00,N,43.25,998.0,23617.0,0.6911278524617251
2025-06-21T03:00:00Z,2025-06-20,22,22:00:00,2025-06-20,22:00,N,38.54,0.0,24201.0,0.7024784599359828
2025-06-21T04:00:00Z,2025-06-20,23,23:00:00,2025-06-20,23:00,N,36.7,0.0,25051.0,0.6957068982785146
2025-06-21T05:00:00Z,2025-06-20,24,00:00:00,2025-06-20,24:00,N,27.77,0.0,24861.0,0.6963454242466142
2025-06-21T06:00:00Z,2025-06-21,1,01:00:00,2025-06-21,01:00,N,27.11,0.0,24987.0,0.6863876337118294
2025-06-21T07:00:00Z,2025-06-21,2,02:00:00,2025-06-21,02:00,N,25.11,0.0,24750.0,0.6731330461606119
2025-06-21T08:00:00Z,2025-06-21,3,03:00:00,2025-06-21,03:00,N,23.89,0.0,24268.0,0.6455914691680351
2025-06-21T09:00:00Z,2025-06-21,4,04:00:00,2025-06-21,04:00,N,22.85,0.0,23613.0,0.6306320085650174
2025-06-21T10:00:00Z,2025-06-21,5,05:00:00,2025-06-21,05:00,N,23.47,0.0,23514.0,0.6162907995825722
2025-06-21T11:00:00Z,2025-06-21,6,06:00:00,2025-06-21,06:00,N,23.53,0.0,23522.0,0.5947880771409795
2025-06-21T12:00:00Z,2025-06-21,7,07:00:00,2025-06-21,07:00,N,22.22,249.0,23445.0,0.5913546106250206
2025-06-21T13:00:00Z,2025-06-21,8,08:00:00,2025-06-21,08:00,N,20.12,6146.0,22312.0,0.5185423048480443
2025-06-21T14:00:00Z,2025-06-21,9,09:00:00,2025-06-21,09:00,N,16.61,14613.0,21780.0,0.40122837773874376
2025-06-21T15:00:00Z,2025-06-21,10,10:00:00,2025-06-21,10:00,N,18.42,18100.0,23538.0,0.3565148925989673
2025-06-21T16:00:00Z,2025-06-21,11,11:00:00,2025-06-21,11:00,N,24.48,20044.0,24739.0,0.34451276186043434
2025-06-21T17:00:00Z,2025-06-21,12,12:00:00,2025-06-21,12:00,N,35.01,21124.0,24759.0,0.36893315628406276
2025-06-21T18:00:00Z,2025-06-21,13,13:00:00,2025-06-21,13:00,N,43.07,21312.0,24804.0,0.40535527350887296
2025-06-21T19:00:00Z,2025-06-21,14,14:00:00,2025-06-21,14:00,N,53.04,21062.0,24917.0,0.42559452667799264
2025-06-21T20:00:00Z,2025-06-21,15,15:00:00,2025-06-21,15:00,N,43.26,20526.0,24640.0,0.42892374492995733
2025-06-21T21:00:00Z,2025-06-21,16,16:00:00,2025-06-21,16:00,N,45.46,21174.0,23891.0,0.45619895315738007
2025-06-21T22:00:00Z,2025-06-21,17,17:00:00,2025-06-21,17:00,N,38.7,20340.0,23165.0,0.4916669617715728
2025-06-21T23:00:00Z,2025-06-21,18,18:00:00,2025-06-21,18:00,N,34.83,19322.0,22613.0,0.5088629472719047
2025-06-22T00:00:00Z,2025-06-21,19,19:00:00,2025-06-21,19:00,N,30.97,15674.0,22297.0,0.5587920671751977
2025-06-22T01:00:00Z,2025-06-21,20,20:00:00,2025-06-21,20:00,N,35.72,7092.0,23307.0,0.6358704234732858
2025-06-22T02:00:00Z,2025-06-21,21,21:00:00,2025-06-21,21:00,N,37.31,643.0,25078.0,0.6783415578565745
2025-06-22T03:00:00Z,2025-06-21,22,22:00:00,2025-06-21,22:00,N,37.6,0.0,25693.0,0.6821439402347359
2025-06-22T04:00:00Z,2025-06-21,23,23:00:00,2025-06-21,23:00,N,32.32,0.0,26239.0,0.6752152673616971
2025-06-22T05:00:00Z,2025-06-21,24,00:00:00,2025-06-21,24:00,N,27.58,0.0,26506.0,0.6357826556940083
2025-06-22T06:00:00Z,2025-06-22,1,01:00:00,2025-06-22,01:00,N,27.65,0.0,26540.0,0.6107731550456121
2025-06-22T07:00:00Z,2025-06-22,2,02:00:00,2025-06-22,02:00,N,25.53,0.0,26249.0,0.5995275469250496
2025-06-22T08:00:00Z,2025-06-22,3,03:00:00,2025-06-22,03:00,N,23.88,0.0,25996.0,0.5892530311261062
2025-06-22T09:00:00Z,2025-06-22,4,04:00:00,2025-06-22,04:00,N,22.84,0.0,25274.0,0.5722523729456547
2025-06-22T10:00:00Z,2025-06-22,5,05:00:00,2025-06-22,05:00,N,22.59,0.0,24932.0,0.5478252484373198
2025-06-22T11:00:00Z,2025-06-22,6,06:00:00,2025-06-22,06:00,N,21.86,0.0,24790.0,0.5446576930792927
2025-06-22T12:00:00Z,2025-06-22,7,07:00:00,2025-06-22,07:00,N,21.68,236.0,24514.0,0.5389241046212487
2025-06-22T13:00:00Z,2025-06-22,8,08:00:00,2025-06-22,08:00,N,18.3,5370.0,23627.0,0.46754810007286496
2025-06-22T14:00:00Z,2025-06-22,9,09:00:00,2025-06-22,09:00,N,16.75,13721.0,22870.0,0.38352922265395234
2025-06-22T15:00:00Z,2025-06-22,10,10:00:00,2025-06-22,10:00,N,16.91,16235.0,23786.0,0.35199813470620017
2025-06-22T16:00:00Z,2025-06-22,11,11:00:00,2025-06-22,11:00,N,21.89,18804.0,23965.0,0.34042102044563294
2025-06-22T17:00:00Z,2025-06-22,12,12:00:00,2025-06-22,12:00,N,30.08,20546.0,23544.0,0.35536155707747785
2025-06-22T18:00:00Z,2025-06-22,13,13:00:00,2025-06-22,13:00,N,36.85,20900.0,23499.0,0.3809892642828406
2025-06-22T19:00:00Z,2025-06-22,14,14:00:00,2025-06-22,14:00,N,37.97,21372.0,24065.0,0.3909021318241419
2025-06-22T20:00:00Z,2025-06-22,15,15:00:00,2025-06-22,15:00,N,38.76,20977.0,24544.0,0.4181094996151594
2025-06-22T21:00:00Z,2025-06-22,16,16:00:00,2025-06-22,16:00,N,39.64,20268.0,24747.0,0.45454438353714455
2025-06-22T22:00:00Z,2025-06-22,17,17:00:00,2025-06-22,17:00,N,39.43,20021.0,24779.0,0.4654364385447302
2025-06-22T23:00:00Z,2025-06-22,18,18:00:00,2025-06-22,18:00,N,34.24,19113.0,25234.0,0.4676127893446023
2025-06-23T00:00:00Z,2025-06-22,19,19:00:00,2025-06-22,19:00,N,35.48,15752.0,25925.0,0.500102534335472
2025-06-23T01:00:00Z,2025-06-22,20,20:00:00,2025-06-22,20:00,N,45.88,7445.0,26325.0,0.6060315255664366
2025-06-23T02:00:00Z,2025-06-22,21,21:00:00,2025-06-22,21:00,N,48.97,708.0,26110.0,0.6727444093092052
2025-06-23T03:00:00Z,2025-06-22,22,22:00:00,2025-06-22,22:00,N,42.72,0.0,25671.0,0.6898882756696162
2025-06-23T04:00:00Z,2025-06-22,23,23:00:00,2025-06-22,23:00,N,35.68,0.0,25430.0,0.7005140480477616
2025-06-23T05:00:00Z,2025-06-22,24,00:00:00,2025-06-22,24:00,N,27.7,0.0,23950.0,0.7054377932000203
2025-06-23T06:00:00Z,2025-06-23,1,01:00:00,2025-06-23,01:00,N,23.1,0.0,23196.0,0.7058837624188102
2025-06-23T07:00:00Z,2025-06-23,2,02:00:00,2025-06-23,02:00,N,22.69,0.0,22836.0,0.706389544566828
2025-06-23T08:00:00Z,2025-06-23,3,03:00:00,2025-06-23,03:00,N,21.79,0.0,22139.0,0.7134229528985633
2025-06-23T09:00:00Z,2025-06-23,4,04:00:00,2025-06-23,04:00,N,21.3,0.0,21420.0,0.7087412427327856
2025-06-23T10:00:00Z,2025-06-23,5,05:00:00,2025-06-23,05:00,N,23.22,0.0,21252.0,0.6988159004536029
2025-06-23T11:00:00Z,2025-06-23,6,06:00:00,2025-06-23,06:00,N,25.99,0.0,20799.0,0.7161916128685251
2025-06-23T12:00:00Z,2025-06-23,7,07:00:00,2025-06-23,07:00,N,27.84,234.0,20161.0,0.7393931345378858
2025-06-23T13:00:00Z,2025-06-23,8,08:00:00,2025-06-23,08:00,N,22.97,5194.0,19636.0,0.6522533893917786
2025-06-23T14:00:00Z,2025-06-23,9,09:00:00,2025-06-23,09:00,N,18.63,13132.0,20174.0,0.5093802936854527
2025-06-23T15:00:00Z,2025-06-23,10,10:00:00,2025-06-23,10:00,N,18.74,16711.0,21417.0,0.450529885131856
2025-06-23T16:00:00Z,2025-06-23,11,11:00:00,2025-06-23,11:00,N,22.78,20190.0,21144.0,0.4336776270610876
2025-06-23T17:00:00Z,2025-06-23,12,12:00:00,2025-06-23,12:00,N,27.28,21996.0,20279.0,0.45281101444766836
2025-06-23T18:00:00Z,2025-06-23,13,13:00:00,2025-06-23,13:00,N,37.66,22607.0,20019.0,0.48825960055299994
2025-06-23T19:00:00Z,2025-06-23,14,14:00:00,2025-06-23,14:00,N,40.27,23090.0,20190.0,0.5091601107322292
2025-06-23T20:00:00Z,2025-06-23,15,15:00:00,2025-06-23,15:00,N,40.65,22282.0,20846.0,0.517185427923622
2025-06-23T21:00:00Z,2025-06-23,16,16:00:00,2025-06-23,16:00,N,41.64,20656.0,22126.0,0.4924824156417573
2025-06-23T22:00:00Z,2025-06-23,17,17:00:00,2025-06-23,17:00,N,38.27,19017.0,22566.0,0.5118216583805116
2025-06-23T23:00:00Z,2025-06-23,18,18:00:00,2025-06-23,18:00,N,35.73,17225.0,23140.0,0.5350566107581817
2025-06-24T00:00:00Z,2025-06-23,19,19:00:00,2025-06-23,19:00,N,36.16,14470.0,23388.0,0.5622222106722382
2025-06-24T01:00:00Z,2025-06-23,20,20:00:00,2025-06-23,20:00,N,54.61,6351.0,22487.0,0.674065648304346
2025-06-24T02:00:00Z,2025-06-23,21,21:00:00,2025-06-23,21:00,N,59.06,431.0,21113.0,0.7411246259626785
2025-06-24T03:00:00Z,2025-06-23,22,22:00:00,2025-06-23,22:00,N,54.21,0.0,20366.0,0.765735118078686
2025-06-24T04:00:00Z,2025-06-23,23,23:00:00,2025-06-23,23:00,N,43.56,0.0,20691.0,0.7724678185964513
2025-06-24T05:00:00Z,2025-06-23,24,00:00:00,2025-06-23,24:00,N,34.82,0.0,20904.0,0.7637297613205404
2025-06-24T06:00:00Z,2025-06-24,1,01:00:00,2025-06-24,01:00,N,26.15,0.0,20812.0,0.7525666020748182
2025-06-24T07:00:00Z,2025-06-24,2,02:00:00,2025-06-24,02:00,N,23.48,0.0,20686.0,0.737665319973519
2025-06-24T08:00:00Z,2025-06-24,3,03:00:00,2025-06-24,03:00,N,22.17,0.0,19508.0,0.7315268829674905
2025-06-24T09:00:00Z,2025-06-24,4,04:00:00,2025-06-24,04:00,N,22.62,0.0,17595.0,0.7635753908758277
2025-06-24T10:00:00Z,2025-06-24,5,05:00:00,2025-06-24,05:00,N,23.36,0.0,16521.0,0.7772006799172909
2025-06-24T11:00:00Z,2025-06-24,6,06:00:00,2025-06-24,06:00,N,27.86,0.0,15500.0,0.802786861475795
2025-06-24T12:00:00Z,2025-06-24,7,07:00:00,2025-06-24,07:00,N,30.8,258.0,14373.0,0.8333620815404641
2025-06-24T13:00:00Z,2025-06-24,8,08:00:00,2025-06-24,08:00,N,24.81,6923.0,12155.0,0.7500208781869394
2025-06-24T14:00:00Z,2025-06-24,9,09:00:00,2025-06-24,09:00,N,19.51,18681.0,12301.0,0.5437206993091235
2025-06-24T15:00:00Z,2025-06-24,10,10:00:00,2025-06-24,10:00,N,18.03,23051.0,13309.0,0.46339431342502646
2025-06-24T16:00:00Z,2025-06-24,11,11:00:00,2025-06-24,11:00,N,20.4,24739.0,12778.0,0.4787418340620312
2025-06-24T17:00:00Z,2025-06-24,12,12:00:00,2025-06-24,12:00,N,26.42,25043.0,12294.0,0.518109561655383
2025-06-24T18:00:00Z,2025-06-24,13,13:00:00,2025-06-24,13:00,N,33.43,24943.0,13062.0,0.5474310721919595
2025-06-24T19:00:00Z,2025-06-24,14,14:00:00,2025-06-24,14:00,N,35.54,24927.0,14047.0,0.5594650684535118
2025-06-24T20:00:00Z,2025-06-24,15,15:00:00,2025-06-24,15:00,N,37.62,24037.0,15137.0,0.5692045294584482
2025-06-24T21:00:00Z,2025-06-24,16,16:00:00,2025-06-24,16:00,N,35.75,22183.0,16376.0,0.5733166715676603
2025-06-24T22:00:00Z,2025-06-24,17,17:00:00,2025-06-24,17:00,N,33.86,20437.0,17581.0,0.5811220425503393
2025-06-24T23:00:00Z,2025-06-24,18,18:00:00,2025-06-24,18:00,N,34.36,19192.0,18099.0,0.586653068134466
2025-06-25T00:00:00Z,2025-06-24,19,19:00:00,2025-06-24,19:00,N,33.65,16356.0,18113.0,0.6145027043832182
2025-06-25T01:00:00Z,2025-06-24,20,20:00:00,2025-06-24,20:00,N,57.33,7940.0,18882.0,0.6957168988650003
2025-06-25T02:00:00Z,2025-06-24,21,21:00:00,2025-06-24,21:00,N,69.19,706.0,18614.0,0.767205296470087
2025-06-25T03:00:00Z,2025-06-24,22,22:00:00,2025-06-24,22:00,N,59.19,0.0,18619.0,0.7866327260564356
2025-06-25T04:00:00Z,2025-06-24,23,23:00:00,2025-06-24,23:00,N,39.54,0.0,19213.0,0.789638781621893
2025-06-25T05:00:00Z,2025-06-24,24,00:00:00,2025-06-24,24:00,N,29.97,0.0,19289.0,0.7820199016402056
2025-06-25T06:00:00Z,2025-06-25,1,01:00:00,2025-06-25,01:00,N,24.66,0.0,19928.0,0.7384143368376592
2025-06-25T07:00:00Z,2025-06-25,2,02:00:00,2025-06-25,02:00,N,22.18,0.0,19929.0,0.6953680861301649
2025-06-25T08:00:00Z,2025-06-25,3,03:00:00,2025-06-25,03:00,N,21.74,0.0,18774.0,0.694411782748211
2025-06-25T09:00:00Z,2025-06-25,4,04:00:00,2025-06-25,04:00,N,22.49,0.0,17353.0,0.7103221121510045
2025-06-25T10:00:00Z,2025-06-25,5,05:00:00,2025-06-25,05:00,N,23.31,0.0,15856.0,0.7437298643891521
2025-06-25T11:00:00Z,2025-06-25,6,06:00:00,2025-06-25,06:00,N,27.08,0.0,14416.0,0.7876550111753854
2025-06-25T12:00:00Z,2025-06-25,7,07:00:00,2025-06-25,07:00,N,29.7,211.0,12919.0,0.8368206200804023
2025-06-25T13:00:00Z,2025-06-25,8,08:00:00,2025-06-25,08:00,N,24.93,5476.0,10670.0,0.789591304329634
2025-06-25T14:00:00Z,2025-06-25,9,09:00:00,2025-06-25,09:00,N,18.53,15531.0,10569.0,0.5969412200355386
2025-06-25T15:00:00Z,2025-06-25,10,10:00:00,2025-06-25,10:00,N,16.54,19419.0,12378.0,0.5152067931528478
2025-06-25T16:00:00Z,2025-06-25,11,11:00:00,2025-06-25,11:00,N,18.18,20589.0,12350.0,0.5250681593191705
2025-06-25T17:00:00Z,2025-06-25,12,12:00:00,2025-06-25,12:00,N,21.49,22159.0,12094.0,0.5257651688364305
2025-06-25T18:00:00Z,2025-06-25,13,13:00:00,2025-06-25,13:00,N,26.87,22972.0,12529.0,0.5230523714146122
2025-06-25T19:00:00Z,2025-06-25,14,14:00:00,2025-06-25,14:00,N,29.79,21848.0,13117.0,0.5767272809793257
2025-06-25T20:00:00Z,2025-06-25,15,15:00:00,2025-06-25,15:00,N,32.26,20204.0,13813.0,0.6148116115786236
2025-06-25T21:00:00Z,2025-06-25,16,16:00:00,2025-06-25,16:00,N,32.81,17794.0,13864.0,0.6702317679431655
2025-06-25T22:00:00Z,2025-06-25,17,17:00:00,2025-06-25,17:00,N,34.69,16570.0,14851.0,0.6728907746944548
2025-06-25T23:00:00Z,2025-06-25,18,18:00:00,2025-06-25,18:00,N,32.37,14508.0,15508.0,0.6837445911595149
2025-06-26T00:00:00Z,2025-06-25,19,19:00:00,2025-06-25,19:00,N,39.32,10819.0,15844.0,0.7225313095917513
2025-06-26T01:00:00Z,2025-06-25,20,20:00:00,2025-06-25,20:00,N,57.35,5492.0,16786.0,0.7688470664742008
2025-06-26T02:00:00Z,2025-06-25,21,21:00:00,2025-06-25,21:00,N,62.82,559.0,17414.0,0.8001842353091291
2025-06-26T03:00:00Z,2025-06-25,22,22:00:00,2025-06-25,22:00,N,52.09,0.0,18246.0,0.8073803767016214
2025-06-26T04:00:00Z,2025-06-25,23,23:00:00,2025-06-25,23:00,N,37.09,0.0,19431.0,0.7736772593784795
2025-06-26T05:00:00Z,2025-06-25,24,00:00:00,2025-06-25,24:00,N,29.66,0.0,18892.0,0.7409996429473712
2025-06-26T06:00:00Z,2025-06-26,1,01:00:00,2025-06-26,01:00,N,21.29,0.0,17535.0,0.7504028197498875
2025-06-26T07:00:00Z,2025-06-26,2,02:00:00,2025-06-26,02:00,N,20.71,0.0,16882.0,0.7518189598953089
2025-06-26T08:00:00Z,2025-06-26,3,03:00:00,2025-06-26,03:00,N,19.34,0.0,16510.0,0.7415883155168422
2025-06-26T09:00:00Z,2025-06-26,4,04:00:00,2025-06-26,04:00,N,19.4,0.0,15050.0,0.7707800576628497
2025-06-26T10:00:00Z,2025-06-26,5,05:00:00,2025-06-26,05:00,N,20.51,0.0,14407.0,0.781941579429633
2025-06-26T11:00:00Z,2025-06-26,6,06:00:00,2025-06-26,06:00,N,22.67,1.0,13512.0,0.8161193406554395
2025-06-26T12:00:00Z,2025-06-26,7,07:00:00,2025-06-26,07:00,N,23.4,205.0,12641.0,0.8689050849352619
2025-06-26T13:00:00Z,2025-06-26,8,08:00:00,2025-06-26,08:00,N,22.49,5433.0,10814.0,0.7952232775547485
2025-06-26T14:00:00Z,2025-06-26,9,09:00:00,2025-06-26,09:00,N,18.34,15332.0,9187.0,0.6340818966230085
2025-06-26T15:00:00Z,2025-06-26,10,10:00:00,2025-06-26,10:00,N,17.64,20119.0,9296.0,0.5740668587424709
2025-06-26T16:00:00Z,2025-06-26,11,11:00:00,2025-06-26,11:00,N,19.97,21958.0,8370.0,0.5837877956454148
2025-06-26T17:00:00Z,2025-06-26,12,12:00:00,2025-06-26,12:00,N,23.93,23750.0,7115.0,0.6046852550343325
2025-06-26T18:00:00Z,2025-06-26,13,13:00:00,2025-06-26,13:00,N,30.76,23759.0,6228.0,0.6466607940271684
2025-06-26T19:00:00Z,2025-06-26,14,14:00:00,2025-06-26,14:00,N,34.75,23167.0,6047.0,0.6738383176692638
2025-06-26T20:00:00Z,2025-06-26,15,15:00:00,2025-06-26,15:00,N,35.26,22526.0,7298.0,0.677892653133808
2025-06-26T21:00:00Z,2025-06-26,16,16:00:00,2025-06-26,16:00,N,38.22,20997.0,9727.0,0.6646579099670125
2025-06-26T22:00:00Z,2025-06-26,17,17:00:00,2025-06-26,17:00,N,37.87,17935.0,11555.0,0.6778106350408138
2025-06-26T23:00:00Z,2025-06-26,18,18:00:00,2025-06-26,18:00,N,35.72,15646.0,12421.0,0.6999133705074857
2025-06-27T00:00:00Z,2025-06-26,19,19:00:00,2025-06-26,19:00,N,40.27,13548.0,13960.0,0.6955711181125699
2025-06-27T01:00:00Z,2025-06-26,20,20:00:00,2025-06-26,20:00,N,52.46,6913.0,15239.0,0.7486349711287127
2025-06-27T02:00:00Z,2025-06-26,21,21:00:00,2025-06-26,21:00,N,59.83,587.0,15575.0,0.8060020921907691
2025-06-27T03:00:00Z,2025-06-26,22,22:00:00,2025-06-26,22:00,N,52.6,1.0,15407.0,0.8290084395382633
2025-06-27T04:00:00Z,2025-06-26,23,23:00:00,2025-06-26,23:00,N,37.67,0.0,15087.0,0.8532709336300366
2025-06-27T05:00:00Z,2025-06-26,24,00:00:00,2025-06-26,24:00,N,30.05,0.0,15208.0,0.8532757775088604
2025-06-27T06:00:00Z,2025-06-27,1,01:00:00,2025-06-27,01:00,N,25.38,0.0,15028.0,0.8534232511179203
2025-06-27T07:00:00Z,2025-06-27,2,02:00:00,2025-06-27,02:00,N,23.04,0.0,14661.0,0.8502250847772934
2025-06-27T08:00:00Z,2025-06-27,3,03:00:00,2025-06-27,03:00,N,21.78,0.0,12386.0,0.892998051019625
2025-06-27T09:00:00Z,2025-06-27,4,04:00:00,2025-06-27,04:00,N,21.67,0.0,12636.0,0.8747605039759205
2025-06-27T10:00:00Z,2025-06-27,5,05:00:00,2025-06-27,05:00,N,21.94,0.0,12532.0,0.8549681300213744
2025-06-27T11:00:00Z,2025-06-27,6,06:00:00,2025-06-27,06:00,N,22.39,0.0,10530.0,0.9152966200429463
2025-06-27T12:00:00Z,2025-06-27,7,07:00:00,2025-06-27,07:00,N,24.95,193.0,8534.0,0.9553376730973437
2025-06-27T13:00:00Z,2025-06-27,8,08:00:00,2025-06-27,08:00,N,21.36,6220.0,7893.0,0.8584426185207439
2025-06-27T14:00:00Z,2025-06-27,9,09:00:00,2025-06-27,09:00,N,17.28,17192.0,7646.0,0.6450651212318118
2025-06-27T15:00:00Z,2025-06-27,10,10:00:00,2025-06-27,10:00,N,16.8,22026.0,8749.0,0.5662442169121144
2025-06-27T16:00:00Z,2025-06-27,11,11:00:00,2025-06-27,11:00,N,20.36,24570.0,8770.0,0.5436261714411785
2025-06-27T17:00:00Z,2025-06-27,12,12:00:00,2025-06-27,12:00,N,25.38,25767.0,7901.0,0.5659459435491051
2025-06-27T18:00:00Z,2025-06-27,13,13:00:00,2025-06-27,13:00,N,32.27,25688.0,7119.0,0.6169450831958994
2025-06-27T19:00:00Z,2025-06-27,14,14:00:00,2025-06-27,14:00,N,39.34,24855.0,7295.0,0.6477901889937544
2025-06-27T20:00:00Z,2025-06-27,15,15:00:00,2025-06-27,15:00,N,34.2,24052.0,8564.0,0.6462346744484502
2025-06-27T21:00:00Z,2025-06-27,16,16:00:00,2025-06-27,16:00,N,36.29,22988.0,10122.0,0.6446700701090973
2025-06-27T22:00:00Z,2025-06-27,17,17:00:00,2025-06-27,17:00,N,36.19,21841.0,11967.0,0.6372740334329178
2025-06-27T23:00:00Z,2025-06-27,18,18:00:00,2025-06-27,18:00,N,35.45,19445.0,12189.0,0.6632464540979043
2025-06-28T00:00:00Z,2025-06-27,19,19:00:00,2025-06-27,19:00,N,39.68,15063.0,12314.0,0.7091211631945235
2025-06-28T01:00:00Z,2025-06-27,20,20:00:00,2025-06-27,20:00,N,58.61,5865.0,11302.0,0.8105393597107657
2025-06-28T02:00:00Z,2025-06-27,21,21:00:00,2025-06-27,21:00,N,69.21,474.0,11158.0,0.8808125699731466
2025-06-28T03:00:00Z,2025-06-27,22,22:00:00,2025-06-27,22:00,N,52.88,0.0,12771.0,0.8858826159925167
2025-06-28T04:00:00Z,2025-06-27,23,23:00:00,2025-06-27,23:00,N,38.42,0.0,14553.0,0.8760496200148614
2025-06-28T05:00:00Z,2025-06-27,24,00:00:00,2025-06-27,24:00,N,30.1,0.0,15519.0,0.8571337312522941
2025-06-28T06:00:00Z,2025-06-28,1,01:00:00,2025-06-28,01:00,N,27.68,0.0,16167.0,0.8482592448301293
2025-06-28T07:00:00Z,2025-06-28,2,02:00:00,2025-06-28,02:00,N,24.93,0.0,16645.0,0.8255975174084046
2025-06-28T08:00:00Z,2025-06-28,3,03:00:00,2025-06-28,03:00,N,23.25,0.0,17165.0,0.7755153477304729
2025-06-28T09:00:00Z,2025-06-28,4,04:00:00,2025-06-28,04:00,N,21.99,0.0,17305.0,0.755581486241082
2025-06-28T10:00:00Z,2025-06-28,5,05:00:00,2025-06-28,05:00,N,21.46,0.0,16601.0,0.7694680274916323
2025-06-28T11:00:00Z,2025-06-28,6,06:00:00,2025-06-28,06:00,N,21.3,0.0,15786.0,0.7927476634665479
2025-06-28T12:00:00Z,2025-06-28,7,07:00:00,2025-06-28,07:00,N,20.96,207.0,15146.0,0.8115860979250139
2025-06-28T13:00:00Z,2025-06-28,8,08:00:00,2025-06-28,08:00,N,18.33,6318.0,13400.0,0.7183959986201052
2025-06-28T14:00:00Z,2025-06-28,9,09:00:00,2025-06-28,09:00,N,13.72,18319.0,11810.0,0.5641611829536562
2025-06-28T15:00:00Z,2025-06-28,10,10:00:00,2025-06-28,10:00,N,13.51,23968.0,12500.0,0.4866395267930347
2025-06-28T16:00:00Z,2025-06-28,11,11:00:00,2025-06-28,11:00,N,18.14,25527.0,12533.0,0.4681419487809194
2025-06-28T17:00:00Z,2025-06-28,12,12:00:00,2025-06-28,12:00,N,23.09,26128.0,10834.0,0.5130618918547504
2025-06-28T18:00:00Z,2025-06-28,13,13:00:00,2025-06-28,13:00,N,27.98,26628.0,8545.0,0.5697859830768266
2025-06-28T19:00:00Z,2025-06-28,14,14:00:00,2025-06-28,14:00,N,29.97,26329.0,8250.0,0.6140407930864815
2025-06-28T20:00:00Z,2025-06-28,15,15:00:00,2025-06-28,15:00,N,30.58,26068.0,9133.0,0.6191121147496699
2025-06-28T21:00:00Z,2025-06-28,16,16:00:00,2025-06-28,16:00,N,31.57,25232.0,10609.0,0.6173843887980687
2025-06-28T22:00:00Z,2025-06-28,17,17:00:00,2025-06-28,17:00,N,31.61,23666.0,12130.0,0.6205259688258011
2025-06-28T23:00:00Z,2025-06-28,18,18:00:00,2025-06-28,18:00,N,32.6,22064.0,14020.0,0.6037895500950065
2025-06-29T00:00:00Z,2025-06-28,19,19:00:00,2025-06-28,19:00,N,34.75,17218.0,15719.0,0.6460317325726253
2025-06-29T01:00:00Z,2025-06-28,20,20:00:00,2025-06-28,20:00,N,57.71,7203.0,16280.0,0.745572611064212
2025-06-29T02:00:00Z,2025-06-28,21,21:00:00,2025-06-28,21:00,N,67.49,569.0,15475.0,0.8145067339224928
2025-06-29T03:00:00Z,2025-06-28,22,22:00:00,2025-06-28,22:00,N,46.46,0.0,17018.0,0.829482849716186
2025-06-29T04:00:00Z,2025-06-28,23,23:00:00,2025-06-28,23:00,N,32.57,0.0,19149.0,0.8129612192260415
2025-06-29T05:00:00Z,2025-06-28,24,00:00:00,2025-06-28,24:00,N,28.62,0.0,20334.0,0.7853374627169549
2025-06-29T06:00:00Z,2025-06-29,1,01:00:00,2025-06-29,01:00,N,25.44,0.0,19134.0,0.7960202649453982
2025-06-29T07:00:00Z,2025-06-29,2,02:00:00,2025-06-29,02:00,N,22.66,0.0,18208.0,0.8031052585437759
2025-06-29T08:00:00Z,2025-06-29,3,03:00:00,2025-06-29,03:00,N,21.13,0.0,17899.0,0.8001389813550139
2025-06-29T09:00:00Z,2025-06-29,4,04:00:00,2025-06-29,04:00,N,20.96,0.0,17755.0,0.7739153380044239
2025-06-29T10:00:00Z,2025-06-29,5,05:00:00,2025-06-29,05:00,N,20.86,0.0,17995.0,0.748048192855418
2025-06-29T11:00:00Z,2025-06-29,6,06:00:00,2025-06-29,06:00,N,20.71,0.0,17498.0,0.753225190144347
2025-06-29T12:00:00Z,2025-06-29,7,07:00:00,2025-06-29,07:00,N,20.92,242.0,16451.0,0.7660804436615687
2025-06-29T13:00:00Z,2025-06-29,8,08:00:00,2025-06-29,08:00,N,19.07,6654.0,13678.0,0.6981527883618657
2025-06-29T14:00:00Z,2025-06-29,9,09:00:00,2025-06-29,09:00,N,15.24,17671.0,11626.0,0.5493169812848091
2025-06-29T15:00:00Z,2025-06-29,10,10:00:00,2025-06-29,10:00,N,14.55,21653.0,11196.0,0.5150327594841321
2025-06-29T16:00:00Z,2025-06-29,11,11:00:00,2025-06-29,11:00,N,17.79,23709.0,10595.0,0.513916257093406
2025-06-29T17:00:00Z,2025-06-29,12,12:00:00,2025-06-29,12:00,N,21.26,24259.0,9695.0,0.5442907717910905
2025-06-29T18:00:00Z,2025-06-29,13,13:00:00,2025-06-29,13:00,N,23.93,24133.0,8949.0,0.5994388886854265
2025-06-29T19:00:00Z,2025-06-29,14,14:00:00,2025-06-29,14:00,N,25.84,23109.0,9242.0,0.6137421451272752
2025-06-29T20:00:00Z,2025-06-29,15,15:00:00,2025-06-29,15:00,N,26.46,22960.0,9497.0,0.6244241182743424
2025-06-29T21:00:00Z,2025-06-29,16,16:00:00,2025-06-29,16:00,N,26.69,22090.0,9209.0,0.6529264803068966
2025-06-29T22:00:00Z,2025-06-29,17,17:00:00,2025-06-29,17:00,N,27.65,19096.0,8425.0,0.7185867065963442
2025-06-29T23:00:00Z,2025-06-29,18,18:00:00,2025-06-29,18:00,N,29.79,16991.0,10387.0,0.7259531247814924
2025-06-30T00:00:00Z,2025-06-29,19,19:00:00,2025-06-29,19:00,N,35.69,13450.0,14267.0,0.70838270251269
2025-06-30T01:00:00Z,2025-06-29,20,20:00:00,2025-06-29,20:00,N,54.17,6526.0,16802.0,0.7560989670708989
2025-06-30T02:00:00Z,2025-06-29,21,21:00:00,2025-06-29,21:00,N,64.94,539.0,16776.0,0.812221300351703
2025-06-30T03:00:00Z,2025-06-29,22,22:00:00,2025-06-29,22:00,N,50.53,0.0,16636.0,0.8322790263344364
2025-06-30T04:00:00Z,2025-06-29,23,23:00:00,2025-06-29,23:00,N,33.15,0.0,15410.0,0.852522965947215
2025-06-30T05:00:00Z,2025-06-29,24,00:00:00,2025-06-29,24:00,N,27.57,0.0,16037.0,0.8342905645145389
2025-06-30T06:00:00Z,2025-06-30,1,01:00:00,2025-06-30,01:00,N,24.48,0.0,16270.0,0.8143469643994249
2025-06-30T07:00:00Z,2025-06-30,2,02:00:00,2025-06-30,02:00,N,22.55,0.0,14832.0,0.8318316705499234
2025-06-30T08:00:00Z,2025-06-30,3,03:00:00,2025-06-30,03:00,N,21.32,0.0,12881.0,0.8657799816424904
2025-06-30T09:00:00Z,2025-06-30,4,04:00:00,2025-06-30,04:00,N,21.41,0.0,11961.0,0.8837830486896664
2025-06-30T10:00:00Z,2025-06-30,5,05:00:00,2025-06-30,05:00,N,22.27,0.0,11634.0,0.8755658769320585
2025-06-30T11:00:00Z,2025-06-30,6,06:00:00,2025-06-30,06:00,N,24.96,0.0,10864.0,0.9076119917129254
2025-06-30T12:00:00Z,2025-06-30,7,07:00:00,2025-06-30,07:00,N,28.11,218.0,10323.0,0.9274731306486834
2025-06-30T13:00:00Z,2025-06-30,8,08:00:00,2025-06-30,08:00,N,23.95,5757.0,8900.0,0.8386974760287038
2025-06-30T14:00:00Z,2025-06-30,9,09:00:00,2025-06-30,09:00,N,20.04,15944.0,7460.0,0.6842272158281487
2025-06-30T15:00:00Z,2025-06-30,10,10:00:00,2025-06-30,10:00,N,19.97,21007.0,7169.0,0.6097973759400734
2025-06-30T16:00:00Z,2025-06-30,11,11:00:00,2025-06-30,11:00,N,23.33,22001.0,5772.0,0.6483325495846407
2025-06-30T17:00:00Z,2025-06-30,12,12:00:00,2025-06-30,12:00,N,26.94,22929.0,4660.0,0.6922267837061863
2025-06-30T18:00:00Z,2025-06-30,13,13:00:00,2025-06-30,13:00,N,32.7,23615.0,3764.0,0.7144263149073021
2025-06-30T19:00:00Z,2025-06-30,14,14:00:00,2025-06-30,14:00,N,39.68,21485.0,4484.0,0.744404395879928
2025-06-30T20:00:00Z,2025-06-30,15,15:00:00,2025-06-30,15:00,N,37.95,19478.0,4882.0,0.7709105350974794
2025-06-30T21:00:00Z,2025-06-30,16,16:00:00,2025-06-30,16:00,N,38.32,17762.0,6294.0,0.779235911836974
2025-06-30T22:00:00Z,2025-06-30,17,17:00:00,2025-06-30,17:00,N,46.47,16335.0,8921.0,0.7501257446430004
2025-06-30T23:00:00Z,2025-06-30,18,18:00:00,2025-06-30,18:00,N,45.39,13490.0,9701.0,0.7800039264393746
2025-07-01T00:00:00Z,2025-06-30,19,19:00:00,2025-06-30,19:00,N,54.63,9323.0,9364.0,0.8323074177681377
2025-07-01T01:00:00Z,2025-06-30,20,20:00:00,2025-06-30,20:00,N,112.28,3708.0,10319.0,0.8880740076793385
2025-07-01T02:00:00Z,2025-06-30,21,21:00:00,2025-06-30,21:00,N,92.27,255.0,11716.0,0.9112005659500442
2025-07-01T03:00:00Z,2025-06-30,22,22:00:00,2025-06-30,22:00,N,76.42,0.0,10274.0,0.9277377579134033
2025-07-01T04:00:00Z,2025-06-30,23,23:00:00,2025-06-30,23:00,N,55.36,0.0,8101.0,0.964947984418962
2025-07-01T05:00:00Z,2025-06-30,24,00:00:00,2025-06-30,24:00,N,44.49,0.0,6849.0,0.9923352356359464
2025-07-01T06:00:00Z,2025-07-01,1,01:00:00,2025-07-01,01:00,N,35.39,0.0,5223.0,1.0012635608479115
2025-07-01T07:00:00Z,2025-07-01,2,02:00:00,2025-07-01,02:00,N,35.89,0.0,5200.0,1.0170995522099968
2025-07-01T08:00:00Z,2025-07-01,3,03:00:00,2025-07-01,03:00,N,33.1,0.0,5970.0,1.0104590017621622
2025-07-01T09:00:00Z,2025-07-01,4,04:00:00,2025-07-01,04:00,N,29.2,0.0,5874.0,1.0135494335364055
2025-07-01T10:00:00Z,2025-07-01,5,05:00:00,2025-07-01,05:00,N,30.35,0.0,5980.0,1.0090688727224972
2025-07-01T11:00:00Z,2025-07-01,6,06:00:00,2025-07-01,06:00,N,33.17,0.0,5909.0,1.0071332343186081
2025-07-01T12:00:00Z,2025-07-01,7,07:00:00,2025-07-01,07:00,N,36.67,166.0,4455.0,1.0265424883990393
2025-07-01T13:00:00Z,2025-07-01,8,08:00:00,2025-07-01,08:00,N,29.1,3482.0,3156.0,0.9920938622547719
2025-07-01T14:00:00Z,2025-07-01,9,09:00:00,2025-07-01,09:00,N,25.15,9744.0,2273.0,0.8830829265619007
2025-07-01T15:00:00Z,2025-07-01,10,10:00:00,2025-07-01,10:00,N,25.22,14632.0,2546.0,0.7971605610041624
2025-07-01T16:00:00Z,2025-07-01,11,11:00:00,2025-07-01,11:00,N,26.86,17672.0,2736.0,0.7584473482763415
2025-07-01T17:00:00Z,2025-07-01,12,12:00:00,2025-07-01,12:00,N,30.2,19068.0,3149.0,0.7381652909220053
2025-07-01T18:00:00Z,2025-07-01,13,13:00:00,2025-07-01,13:00,N,35.56,20522.0,3474.0,0.7218801967922563
2025-07-01T19:00:00Z,2025-07-01,14,14:00:00,2025-07-01,14:00,N,41.54,20640.0,3835.0,0.7246403470101258
2025-07-01T20:00:00Z,2025-07-01,15,15:00:00,2025-07-01,15:00,N,45.07,19320.0,4146.0,0.7440491211724162
2025-07-01T21:00:00Z,2025-07-01,16,16:00:00,2025-07-01,16:00,N,48.2,18045.0,4529.0,0.7645714191265248
2025-07-01T22:00:00Z,2025-07-01,17,17:00:00,2025-07-01,17:00,N,47.47,16700.0,5294.0,0.7707457540316234
2025-07-01T23:00:00Z,2025-07-01,18,18:00:00,2025-07-01,18:00,N,46.0,13572.0,4781.0,0.8065057065215245
2025-07-02T00:00:00Z,2025-07-01,19,19:00:00,2025-07-01,19:00,N,55.98,9398.0,4838.0,0.8538902595943318
2025-07-02T01:00:00Z,2025-07-01,20,20:00:00,2025-07-01,20:00,N,110.84,3475.0,4355.0,0.9105997717878932
2025-07-02T02:00:00Z,2025-07-01,21,21:00:00,2025-07-01,21:00,N,106.45,256.0,3752.0,0.9597362311579906
2025-07-02T03:00:00Z,2025-07-01,22,22:00:00,2025-07-01,22:00,N,85.95,1.0,3755.0,0.9826572673689391
2025-07-02T04:00:00Z,2025-07-01,23,23:00:00,2025-07-01,23:00,N,61.1,0.0,3406.0,1.016804979023117
2025-07-02T05:00:00Z,2025-07-01,24,00:00:00,2025-07-01,24:00,N,46.91,0.0,3158.0,1.0260963202045037
2025-07-02T06:00:00Z,2025-07-02,1,01:00:00,2025-07-02,01:00,N,38.01,0.0,3150.0,1.0306188832198178
2025-07-02T07:00:00Z,2025-07-02,2,02:00:00,2025-07-02,02:00,N,34.37,0.0,3369.0,1.0294512645257026
2025-07-02T08:00:00Z,2025-07-02,3,03:00:00,2025-07-02,03:00,N,33.26,0.0,3658.0,1.0249733001534107
2025-07-02T09:00:00Z,2025-07-02,4,04:00:00,2025-07-02,04:00,N,30.38,0.0,4047.0,1.018955621160191
2025-07-02T10:00:00Z,2025-07-02,5,05:00:00,2025-07-02,05:00,N,31.64,0.0,4134.0,1.0181104096111764
2025-07-02T11:00:00Z,2025-07-02,6,06:00:00,2025-07-02,06:00,N,32.93,0.0,3838.0,1.0242907314760215
2025-07-02T12:00:00Z,2025-07-02,7,07:00:00,2025-07-02,07:00,N,37.74,111.0,3433.0,1.0296455968780647
2025-07-02T13:00:00Z,2025-07-02,8,08:00:00,2025-07-02,08:00,N,32.94,3159.0,3131.0,0.989171538406352
2025-07-02T14:00:00Z,2025-07-02,9,09:00:00,2025-07-02,09:00,N,30.76,9934.0,2852.0,0.888910381005946
2025-07-02T15:00:00Z,2025-07-02,10,10:00:00,2025-07-02,10:00,N,29.77,14851.0,3307.0,0.8074974443446351
2025-07-02T16:00:00Z,2025-07-02,11,11:00:00,2025-07-02,11:00,N,30.07,18135.0,4377.0,0.7502983965648942
2025-07-02T17:00:00Z,2025-07-02,12,12:00:00,2025-07-02,12:00,N,34.05,19713.0,5615.0,0.7125034249735246
2025-07-02T18:00:00Z,2025-07-02,13,13:00:00,2025-07-02,13:00,N,34.88,20388.0,6708.0,0.7057770009846713
2025-07-02T19:00:00Z,2025-07-02,14,14:00:00,2025-07-02,14:00,N,40.25,21127.0,7316.0,0.6999104717206814
2025-07-02T20:00:00Z,2025-07-02,15,15:00:00,2025-07-02,15:00,N,39.53,19883.0,8930.0,0.6946294476884595
2025-07-02T21:00:00Z,2025-07-02,16,16:00:00,2025-07-02,16:00,N,43.0,18051.0,10091.0,0.697049668849606
2025-07-02T22:00:00Z,2025-07-02,17,17:00:00,2025-07-02,17:00,N,40.53,16355.0,9936.0,0.711206542651894
2025-07-02T23:00:00Z,2025-07-02,18,18:00:00,2025-07-02,18:00,N,41.66,12798.0,10591.0,0.7461023170547121
2025-07-03T00:00:00Z,2025-07-02,19,19:00:00,2025-07-02,19:00,N,48.51,7777.0,11806.0,0.7940670646631275
2025-07-03T01:00:00Z,2025-07-02,20,20:00:00,2025-07-02,20:00,N,62.34,2513.0,10828.0,0.8622751962431535
2025-07-03T02:00:00Z,2025-07-02,21,21:00:00,2025-07-02,21:00,N,63.65,205.0,11188.0,0.8861269385174878
2025-07-03T03:00:00Z,2025-07-02,22,22:00:00,2025-07-02,22:00,N,57.19,0.0,11373.0,0.884787406550704
2025-07-03T04:00:00Z,2025-07-02,23,23:00:00,2025-07-02,23:00,N,41.97,0.0,10907.0,0.9030792405059989
2025-07-03T05:00:00Z,2025-07-02,24,00:00:00,2025-07-02,24:00,N,35.0,0.0,9935.0,0.9211193954338527
2025-07-03T06:00:00Z,2025-07-03,1,01:00:00,2025-07-03,01:00,N,34.24,0.0,9625.0,0.922475488927359
2025-07-03T07:00:00Z,2025-07-03,2,02:00:00,2025-07-03,02:00,N,30.63,0.0,9094.0,0.9303391083523049
2025-07-03T08:00:00Z,2025-07-03,3,03:00:00,2025-07-03,03:00,N,29.16,0.0,8742.0,0.9321456670582225
2025-07-03T09:00:00Z,2025-07-03,4,04:00:00,2025-07-03,04:00,N,28.53,0.0,7988.0,0.9463782334176666
2025-07-03T10:00:00Z,2025-07-03,5,05:00:00,2025-07-03,05:00,N,28.77,0.0,7670.0,0.9594990133244955
2025-07-03T11:00:00Z,2025-07-03,6,06:00:00,2025-07-03,06:00,N,30.48,0.0,8040.0,0.952253516336861
2025-07-03T12:00:00Z,2025-07-03,7,07:00:00,2025-07-03,07:00,N,31.52,37.0,9024.0,0.9292270843697463
2025-07-03T13:00:00Z,2025-07-03,8,08:00:00,2025-07-03,08:00,N,28.14,1276.0,9520.0,0.9068998723214173
2025-07-03T14:00:00Z,2025-07-03,9,09:00:00,2025-07-03,09:00,N,28.49,4375.0,10350.0,0.8451358534327257
2025-07-03T15:00:00Z,2025-07-03,10,10:00:00,2025-07-03,10:00,N,29.84,7642.0,12105.0,0.7667371576366867
2025-07-03T16:00:00Z,2025-07-03,11,11:00:00,2025-07-03,11:00,N,33.23,9942.0,12728.0,0.730832175296383
2025-07-03T17:00:00Z,2025-07-03,12,12:00:00,2025-07-03,12:00,N,36.12,11417.0,13447.0,0.6990635566920471
2025-07-03T18:00:00Z,2025-07-03,13,13:00:00,2025-07-03,13:00,N,42.35,11835.0,13350.0,0.702719829171174
2025-07-03T19:00:00Z,2025-07-03,14,14:00:00,2025-07-03,14:00,N,45.63,12757.0,14183.0,0.6755719755421993
2025-07-03T20:00:00Z,2025-07-03,15,15:00:00,2025-07-03,15:00,N,48.6,11939.0,13766.0,0.6831535681448436
2025-07-03T21:00:00Z,2025-07-03,16,16:00:00,2025-07-03,16:00,N,49.08,10508.0,13018.0,0.7111954102017837
2025-07-03T22:00:00Z,2025-07-03,17,17:00:00,2025-07-03,17:00,N,48.25,9563.0,11655.0,0.7418866593270359
2025-07-03T23:00:00Z,2025-07-03,18,18:00:00,2025-07-03,18:00,N,46.04,8171.0,11512.0,0.7631448028819898
2025-07-04T00:00:00Z,2025-07-03,19,19:00:00,2025-07-03,19:00,N,39.62,4544.0,12016.0,0.8075113808108033
2025-07-04T01:00:00Z,2025-07-03,20,20:00:00,2025-07-03,20:00,N,43.65,2154.0,12752.0,0.8262684924576975
2025-07-04T02:00:00Z,2025-07-03,21,21:00:00,2025-07-03,21:00,N,49.26,324.0,13282.0,0.828271039355584
2025-07-04T03:00:00Z,2025-07-03,22,22:00:00,2025-07-03,22:00,N,41.95,1.0,12882.0,0.8436921691212294
2025-07-04T04:00:00Z,2025-07-03,23,23:00:00,2025-07-03,23:00,N,36.23,0.0,12376.0,0.8647205840787527
2025-07-04T05:00:00Z,2025-07-03,24,00:00:00,2025-07-03,24:00,N,31.26,0.0,12290.0,0.8664576777069558
2025-07-04T06:00:00Z,2025-07-04,1,01:00:00,2025-07-04,01:00,N,29.59,0.0,12002.0,0.8636068536046126
2025-07-04T07:00:00Z,2025-07-04,2,02:00:00,2025-07-04,02:00,N,27.71,0.0,11734.0,0.862922066112874
2025-07-04T08:00:00Z,2025-07-04,3,03:00:00,2025-07-04,03:00,N,26.56,0.0,11779.0,0.8498301830564357
2025-07-04T09:00:00Z,2025-07-04,4,04:00:00,2025-07-04,04:00,N,25.73,0.0,11236.0,0.8548755689154484
2025-07-04T10:00:00Z,2025-07-04,5,05:00:00,2025-07-04,05:00,N,26.15,0.0,10742.0,0.8598591446159372
2025-07-04T11:00:00Z,2025-07-04,6,06:00:00,2025-07-04,06:00,N,26.32,0.0,10838.0,0.8610127841712647
2025-07-04T12:00:00Z,2025-07-04,7,07:00:00,2025-07-04,07:00,N,27.21,27.0,10094.0,0.883397294483302
2025-07-04T13:00:00Z,2025-07-04,8,08:00:00,2025-07-04,08:00,N,25.6,1289.0,8871.0,0.8905194708049847
2025-07-04T14:00:00Z,2025-07-04,9,09:00:00,2025-07-04,09:00,N,25.47,4456.0,8309.0,0.8461934310569467
2025-07-04T15:00:00Z,2025-07-04,10,10:00:00,2025-07-04,10:00,N,25.41,9015.0,8725.0,0.7628314287283324
2025-07-04T16:00:00Z,2025-07-04,11,11:00:00,2025-07-04,11:00,N,25.69,13413.0,8969.0,0.6754811291772387
2025-07-04T17:00:00Z,2025-07-04,12,12:00:00,2025-07-04,12:00,N,28.73,15742.0,9414.0,0.6490190278919818
2025-07-04T18:00:00Z,2025-07-04,13,13:00:00,2025-07-04,13:00,N,31.01,18464.0,9516.0,0.6151196864889462
2025-07-04T19:00:00Z,2025-07-04,14,14:00:00,2025-07-04,14:00,N,30.66,19042.0,9496.0,0.6244099435092678
2025-07-04T20:00:00Z,2025-07-04,15,15:00:00,2025-07-04,15:00,N,32.69,18303.0,9241.0,0.6534221714009264
2025-07-04T21:00:00Z,2025-07-04,16,16:00:00,2025-07-04,16:00,N,31.31,16477.0,9015.0,0.688051773811859
2025-07-04T22:00:00Z,2025-07-04,17,17:00:00,2025-07-04,17:00,N,32.08,14623.0,9000.0,0.7139878983229966
2025-07-04T23:00:00Z,2025-07-04,18,18:00:00,2025-07-04,18:00,N,28.7,12244.0,9532.0,0.741055304561918
2025-07-05T00:00:00Z,2025-07-04,19,19:00:00,2025-07-04,19:00,N,29.61,10153.0,10090.0,0.7589077615226413
2025-07-05T01:00:00Z,2025-07-04,20,20:00:00,2025-07-04,20:00,N,37.19,5924.0,11317.0,0.7941653997033752
2025-07-05T02:00:00Z,2025-07-04,21,21:00:00,2025-07-04,21:00,N,39.89,1025.0,12646.0,0.8292069325027513
2025-07-05T03:00:00Z,2025-07-04,22,22:00:00,2025-07-04,22:00,N,36.93,1.0,14810.0,0.8088682392014829
2025-07-05T04:00:00Z,2025-07-04,23,23:00:00,2025-07-04,23:00,N,29.58,0.0,16283.0,0.7721716517319597
2025-07-05T05:00:00Z,2025-07-04,24,00:00:00,2025-07-04,24:00,N,25.58,0.0,16853.0,0.7361516143654199
2025-07-05T06:00:00Z,2025-07-05,1,01:00:00,2025-07-05,01:00,N,26.08,0.0,16480.0,0.7318598240669881
2025-07-05T07:00:00Z,2025-07-05,2,02:00:00,2025-07-05,02:00,N,23.88,0.0,14981.0,0.7677655668436393
2025-07-05T08:00:00Z,2025-07-05,3,03:00:00,2025-07-05,03:00,N,23.11,0.0,13677.0,0.7899383115445366
2025-07-05T09:00:00Z,2025-07-05,4,04:00:00,2025-07-05,04:00,N,22.35,0.0,11786.0,0.8362214000032546
2025-07-05T10:00:00Z,2025-07-05,5,05:00:00,2025-07-05,05:00,N,23.44,0.0,9591.0,0.8952036702830461
2025-07-05T11:00:00Z,2025-07-05,6,06:00:00,2025-07-05,06:00,N,24.22,0.0,7669.0,0.9284755772297635
2025-07-05T12:00:00Z,2025-07-05,7,07:00:00,2025-07-05,07:00,N,24.86,84.0,6454.0,0.9444121672961451
2025-07-05T13:00:00Z,2025-07-05,8,08:00:00,2025-07-05,08:00,N,22.37,2609.0,5841.0,0.9188660181881033
2025-07-05T14:00:00Z,2025-07-05,9,09:00:00,2025-07-05,09:00,N,20.22,7690.0,5709.0,0.836239052807855
2025-07-05T15:00:00Z,2025-07-05,10,10:00:00,2025-07-05,10:00,N,21.5,10850.0,5773.0,0.791920619797661
2025-07-05T16:00:00Z,2025-07-05,11,11:00:00,2025-07-05,11:00,N,23.44,13347.0,5478.0,0.7704152145818561
2025-07-05T17:00:00Z,2025-07-05,12,12:00:00,2025-07-05,12:00,N,26.64,15529.0,5294.0,0.7476779858684344
2025-07-05T18:00:00Z,2025-07-05,13,13:00:00,2025-07-05,13:00,N,31.78,17203.0,6114.0,0.7132275756883415
2025-07-05T19:00:00Z,2025-07-05,14,14:00:00,2025-07-05,14:00,N,31.72,17774.0,6968.0,0.6894553836374159
2025-07-05T20:00:00Z,2025-07-05,15,15:00:00,2025-07-05,15:00,N,32.45,17634.0,7777.0,0.6820159971237225
2025-07-05T21:00:00Z,2025-07-05,16,16:00:00,2025-07-05,16:00,N,32.67,17376.0,8368.0,0.6800627751632357
2025-07-05T22:00:00Z,2025-07-05,17,17:00:00,2025-07-05,17:00,N,31.66,15925.0,8808.0,0.6924025711456311
2025-07-05T23:00:00Z,2025-07-05,18,18:00:00,2025-07-05,18:00,N,28.69,14236.0,9035.0,0.709491384045023
2025-07-06T00:00:00Z,2025-07-05,19,19:00:00,2025-07-05,19:00,N,31.89,11006.0,9866.0,0.7472560431203737
2025-07-06T01:00:00Z,2025-07-05,20,20:00:00,2025-07-05,20:00,N,44.53,5973.0,10960.0,0.7901663386825368
2025-07-06T02:00:00Z,2025-07-05,21,21:00:00,2025-07-05,21:00,N,51.61,836.0,10229.0,0.8489113382751252
2025-07-06T03:00:00Z,2025-07-05,22,22:00:00,2025-07-05,22:00,N,44.12,0.0,8934.0,0.887916331029517
2025-07-06T04:00:00Z,2025-07-05,23,23:00:00,2025-07-05,23:00,N,40.32,0.0,8232.0,0.9164211208108386
2025-07-06T05:00:00Z,2025-07-05,24,00:00:00,2025-07-05,24:00,N,38.08,0.0,7908.0,0.9298031173302022
2025-07-06T06:00:00Z,2025-07-06,1,01:00:00,2025-07-06,01:00,N,36.99,0.0,8363.0,0.9296617828152982
2025-07-06T07:00:00Z,2025-07-06,2,02:00:00,2025-07-06,02:00,N,34.72,0.0,7232.0,0.9538459945806284
2025-07-06T08:00:00Z,2025-07-06,3,03:00:00,2025-07-06,03:00,N,31.97,0.0,5248.0,0.9956671178404896
2025-07-06T09:00:00Z,2025-07-06,4,04:00:00,2025-07-06,04:00,N,28.81,0.0,4246.0,1.0147119304272079
2025-07-06T10:00:00Z,2025-07-06,5,05:00:00,2025-07-06,05:00,N,29.5,0.0,3765.0,1.0276569203603079
2025-07-06T11:00:00Z,2025-07-06,6,06:00:00,2025-07-06,06:00,N,30.26,0.0,3791.0,1.0274048347026166
2025-07-06T12:00:00Z,2025-07-06,7,07:00:00,2025-07-06,07:00,N,28.55,119.0,4206.0,1.0188062093044454
2025-07-06T13:00:00Z,2025-07-06,8,08:00:00,2025-07-06,08:00,N,25.48,3569.0,3940.0,0.9454316711949082
2025-07-06T14:00:00Z,2025-07-06,9,09:00:00,2025-07-06,09:00,N,21.79,10956.0,3341.0,0.803032468035418
2025-07-06T15:00:00Z,2025-07-06,10,10:00:00,2025-07-06,10:00,N,20.96,14516.0,3531.0,0.7563202630535368
2025-07-06T16:00:00Z,2025-07-06,11,11:00:00,2025-07-06,11:00,N,22.09,17175.0,4084.0,0.7183787413380687
2025-07-06T17:00:00Z,2025-07-06,12,12:00:00,2025-07-06,12:00,N,24.56,19556.0,4822.0,0.6739679357179738
2025-07-06T18:00:00Z,2025-07-06,13,13:00:00,2025-07-06,13:00,N,29.46,21319.0,5246.0,0.6476019192037893
2025-07-06T19:00:00Z,2025-07-06,14,14:00:00,2025-07-06,14:00,N,28.8,22011.0,5761.0,0.6459876727508178
2025-07-06T20:00:00Z,2025-07-06,15,15:00:00,2025-07-06,15:00,N,30.21,22253.0,6637.0,0.6356136822232639
2025-07-06T21:00:00Z,2025-07-06,16,16:00:00,2025-07-06,16:00,N,30.11,21697.0,7599.0,0.647411547741846
2025-07-06T22:00:00Z,2025-07-06,17,17:00:00,2025-07-06,17:00,N,30.13,20644.0,8372.0,0.6484516014264788
2025-07-06T23:00:00Z,2025-07-06,18,18:00:00,2025-07-06,18:00,N,32.89,18713.0,9009.0,0.6724496506789442
2025-07-07T00:00:00Z,2025-07-06,19,19:00:00,2025-07-06,19:00,N,36.6,15278.0,9024.0,0.7191596569602771
2025-07-07T01:00:00Z,2025-07-06,20,20:00:00,2025-07-06,20:00,N,55.44,7765.0,8435.0,0.8130633039673928
2025-07-07T02:00:00Z,2025-07-06,21,21:00:00,2025-07-06,21:00,N,58.49,705.0,7614.0,0.8811187274091574
2025-07-07T03:00:00Z,2025-07-06,22,22:00:00,2025-07-06,22:00,N,48.71,8.0,7559.0,0.9164654469085001
2025-07-07T04:00:00Z,2025-07-06,23,23:00:00,2025-07-06,23:00,N,46.41,9.0,7475.0,0.9509996085276208
2025-07-07T05:00:00Z,2025-07-06,24,00:00:00,2025-07-06,24:00,N,36.02,9.0,8621.0,0.940710631347533
2025-07-07T06:00:00Z,2025-07-07,1,01:00:00,2025-07-07,01:00,N,32.01,9.0,9076.0,0.9350409632491201
2025-07-07T07:00:00Z,2025-07-07,2,02:00:00,2025-07-07,02:00,N,28.36,9.0,8638.0,0.9396992052405163
2025-07-07T08:00:00Z,2025-07-07,3,03:00:00,2025-07-07,03:00,N,26.81,9.0,7488.0,0.9584323976678057
2025-07-07T09:00:00Z,2025-07-07,4,04:00:00,2025-07-07,04:00,N,27.11,9.0,6267.0,0.9815311242407253
2025-07-07T10:00:00Z,2025-07-07,5,05:00:00,2025-07-07,05:00,N,27.84,7.0,5480.0,0.9938128294812397
2025-07-07T11:00:00Z,2025-07-07,6,06:00:00,2025-07-07,06:00,N,30.29,1.0,5043.0,0.9969255184953036
2025-07-07T12:00:00Z,2025-07-07,7,07:00:00,2025-07-07,07:00,N,36.68,110.0,5181.0,0.9915279140461263
2025-07-07T13:00:00Z,2025-07-07,8,08:00:00,2025-07-07,08:00,N,30.16,4128.0,5779.0,0.9174524765393679
2025-07-07T14:00:00Z,2025-07-07,9,09:00:00,2025-07-07,09:00,N,25.92,13525.0,4240.0,0.7757327412652563
2025-07-07T15:00:00Z,2025-07-07,10,10:00:00,2025-07-07,10:00,N,24.25,17493.0,4720.0,0.6997760577448116
2025-07-07T16:00:00Z,2025-07-07,11,11:00:00,2025-07-07,11:00,N,26.99,18891.0,5087.0,0.6809881990005732
2025-07-07T17:00:00Z,2025-07-07,12,12:00:00,2025-07-07,12:00,N,32.83,19960.0,5549.0,0.6768331315110417
2025-07-07T18:00:00Z,2025-07-07,13,13:00:00,2025-07-07,13:00,N,38.14,20181.0,6124.0,0.6813251148160099
2025-07-07T19:00:00Z,2025-07-07,14,14:00:00,2025-07-07,14:00,N,41.26,20239.0,6765.0,0.6914753133673487
2025-07-07T20:00:00Z,2025-07-07,15,15:00:00,2025-07-07,15:00,N,41.34,21346.0,6402.0,0.6901503535772925
2025-07-07T21:00:00Z,2025-07-07,16,16:00:00,2025-07-07,16:00,N,42.65,21867.0,7538.0,0.6683072911842445
2025-07-07T22:00:00Z,2025-07-07,17,17:00:00,2025-07-07,17:00,N,41.43,19201.0,7647.0,0.7047426341301418
2025-07-07T23:00:00Z,2025-07-07,18,18:00:00,2025-07-07,18:00,N,37.77,18004.0,8112.0,0.7114597693392528
2025-07-08T00:00:00Z,2025-07-07,19,19:00:00,2025-07-07,19:00,N,39.05,15729.0,7170.0,0.7552810863263023
2025-07-08T01:00:00Z,2025-07-07,20,20:00:00,2025-07-07,20:00,N,56.0,7808.0,6587.0,0.8286148564869551
2025-07-08T02:00:00Z,2025-07-07,21,21:00:00,2025-07-07,21:00,N,66.09,941.0,8042.0,0.8805666393070076
2025-07-08T03:00:00Z,2025-07-07,22,22:00:00,2025-07-07,22:00,N,48.1,0.0,10473.0,0.8897724390198984
2025-07-08T04:00:00Z,2025-07-07,23,23:00:00,2025-07-07,23:00,N,39.85,0.0,11946.0,0.887352422862023
2025-07-08T05:00:00Z,2025-07-07,24,00:00:00,2025-07-07,24:00,N,31.99,0.0,12666.0,0.8779239833047564
2025-07-08T06:00:00Z,2025-07-08,1,01:00:00,2025-07-08,01:00,N,25.69,0.0,10961.0,0.8969149663060751
2025-07-08T07:00:00Z,2025-07-08,2,02:00:00,2025-07-08,02:00,N,23.21,0.0,9808.0,0.9159268335817791
2025-07-08T08:00:00Z,2025-07-08,3,03:00:00,2025-07-08,03:00,N,23.49,0.0,9438.0,0.9155036759524254
2025-07-08T09:00:00Z,2025-07-08,4,04:00:00,2025-07-08,04:00,N,23.19,0.0,9699.0,0.8948685107947371
2025-07-08T10:00:00Z,2025-07-08,5,05:00:00,2025-07-08,05:00,N,23.73,0.0,9027.0,0.9161426299342925
2025-07-08T11:00:00Z,2025-07-08,6,06:00:00,2025-07-08,06:00,N,26.17,0.0,9392.0,0.9074858219584437
2025-07-08T12:00:00Z,2025-07-08,7,07:00:00,2025-07-08,07:00,N,30.54,53.0,9385.0,0.9097099800163637
2025-07-08T13:00:00Z,2025-07-08,8,08:00:00,2025-07-08,08:00,N,25.56,2959.0,8432.0,0.8840557175874987
2025-07-08T14:00:00Z,2025-07-08,9,09:00:00,2025-07-08,09:00,N,19.88,11417.0,6386.0,0.7797184694395134
2025-07-08T15:00:00Z,2025-07-08,10,10:00:00,2025-07-08,10:00,N,18.91,18027.0,7195.0,0.6615571714884889
2025-07-08T16:00:00Z,2025-07-08,11,11:00:00,2025-07-08,11:00,N,23.86,21388.0,6887.0,0.6227820868593935
2025-07-08T17:00:00Z,2025-07-08,12,12:00:00,2025-07-08,12:00,N,29.58,22759.0,5647.0,0.6430729806794208
2025-07-08T18:00:00Z,2025-07-08,13,13:00:00,2025-07-08,13:00,N,35.51,22856.0,4731.0,0.678907560030131
2025-07-08T19:00:00Z,2025-07-08,14,14:00:00,2025-07-08,14:00,N,43.83,21527.0,4365.0,0.702323288462901
2025-07-08T20:00:00Z,2025-07-08,15,15:00:00,2025-07-08,15:00,N,42.0,20480.0,4197.0,0.7118749503131012
2025-07-08T21:00:00Z,2025-07-08,16,16:00:00,2025-07-08,16:00,N,41.98,18887.0,3818.0,0.7412241132226391
2025-07-08T22:00:00Z,2025-07-08,17,17:00:00,2025-07-08,17:00,N,42.17,15981.0,3825.0,0.769253824975228
2025-07-08T23:00:00Z,2025-07-08,18,18:00:00,2025-07-08,18:00,N,38.41,12891.0,3761.0,0.8054694794433791
2025-07-09T00:00:00Z,2025-07-08,19,19:00:00,2025-07-08,19:00,N,39.39,10014.0,4158.0,0.8384042951668975
2025-07-09T01:00:00Z,2025-07-08,20,20:00:00,2025-07-08,20:00,N,58.34,5931.0,5017.0,0.8652524219567987
2025-07-09T02:00:00Z,2025-07-08,21,21:00:00,2025-07-08,21:00,N,70.33,696.0,6414.0,0.9020198284617971
2025-07-09T03:00:00Z,2025-07-08,22,22:00:00,2025-07-08,22:00,N,46.85,0.0,8291.0,0.9073278445436486
2025-07-09T04:00:00Z,2025-07-08,23,23:00:00,2025-07-08,23:00,N,37.45,0.0,10945.0,0.8795382518804798
2025-07-09T05:00:00Z,2025-07-08,24,00:00:00,2025-07-08,24:00,N,27.89,0.0,12691.0,0.8356786558192884
2025-07-09T06:00:00Z,2025-07-09,1,01:00:00,2025-07-09,01:00,N,23.82,0.0,12543.0,0.8182283294261766
2025-07-09T07:00:00Z,2025-07-09,2,02:00:00,2025-07-09,02:00,N,25.57,0.0,13823.0,0.772962551279898
2025-07-09T08:00:00Z,2025-07-09,3,03:00:00,2025-07-09,03:00,N,24.02,0.0,15333.0,0.7269318661809305
2025-07-09T09:00:00Z,2025-07-09,4,04:00:00,2025-07-09,04:00,N,23.85,0.0,13699.0,0.7490431608476642
2025-07-09T10:00:00Z,2025-07-09,5,05:00:00,2025-07-09,05:00,N,24.83,0.0,10864.0,0.7999681834485258
2025-07-09T11:00:00Z,2025-07-09,6,06:00:00,2025-07-09,06:00,N,27.89,0.0,9723.0,0.8485383828113384
2025-07-09T12:00:00Z,2025-07-09,7,07:00:00,2025-07-09,07:00,N,28.46,85.0,10043.0,0.8514386564409431
2025-07-09T13:00:00Z,2025-07-09,8,08:00:00,2025-07-09,08:00,N,25.15,3150.0,8291.0,0.8377711155619894
2025-07-09T14:00:00Z,2025-07-09,9,09:00:00,2025-07-09,09:00,N,21.42,11130.0,5926.0,0.7512929340913267
2025-07-09T15:00:00Z,2025-07-09,10,10:00:00,2025-07-09,10:00,N,21.85,15369.0,5566.0,0.7043625431721061
2025-07-09T16:00:00Z,2025-07-09,11,11:00:00,2025-07-09,11:00,N,23.27,17898.0,5248.0,0.6853882359365439
2025-07-09T17:00:00Z,2025-07-09,12,12:00:00,2025-07-09,12:00,N,26.17,18556.0,5008.0,0.6926951764936784
2025-07-09T18:00:00Z,2025-07-09,13,13:00:00,2025-07-09,13:00,N,32.61,20612.0,4790.0,0.6861674232638434
2025-07-09T19:00:00Z,2025-07-09,14,14:00:00,2025-07-09,14:00,N,36.04,20836.0,4304.0,0.6895246716142515
2025-07-09T20:00:00Z,2025-07-09,15,15:00:00,2025-07-09,15:00,N,35.04,20958.0,4230.0,0.6930861238687739
2025-07-09T21:00:00Z,2025-07-09,16,16:00:00,2025-07-09,16:00,N,36.9,19366.0,4107.0,0.7205800424159601
2025-07-09T22:00:00Z,2025-07-09,17,17:00:00,2025-07-09,17:00,N,35.03,18695.0,3894.0,0.7400507238426991
2025-07-09T23:00:00Z,2025-07-09,18,18:00:00,2025-07-09,18:00,N,35.29,17813.0,4675.0,0.7463753481951761
2025-07-10T00:00:00Z,2025-07-09,19,19:00:00,2025-07-09,19:00,N,38.06,14879.0,5482.0,0.7740299480979398
2025-07-10T01:00:00Z,2025-07-09,20,20:00:00,2025-07-09,20:00,N,52.6,7912.0,6272.0,0.8171673525439994
2025-07-10T02:00:00Z,2025-07-09,21,21:00:00,2025-07-09,21:00,N,49.72,1209.0,8026.0,0.8584953930560074
2025-07-10T03:00:00Z,2025-07-09,22,22:00:00,2025-07-09,22:00,N,38.27,0.0,10777.0,0.8675709559354242
2025-07-10T04:00:00Z,2025-07-09,23,23:00:00,2025-07-09,23:00,N,31.09,0.0,13089.0,0.851983454125148
2025-07-10T05:00:00Z,2025-07-09,24,00:00:00,2025-07-09,24:00,N,25.51,0.0,13697.0,0.8440384085716364
2025-07-10T06:00:00Z,2025-07-10,1,01:00:00,2025-07-10,01:00,N,24.87,0.0,14578.0,0.8238521567011087
2025-07-10T07:00:00Z,2025-07-10,2,02:00:00,2025-07-10,02:00,N,22.47,0.0,14700.0,0.8036355196160747
2025-07-10T08:00:00Z,2025-07-10,3,03:00:00,2025-07-10,03:00,N,21.71,1.0,14878.0,0.7804691777107058
2025-07-10T09:00:00Z,2025-07-10,4,04:00:00,2025-07-10,04:00,N,21.38,1.0,14756.0,0.763753365669637
2025-07-10T10:00:00Z,2025-07-10,5,05:00:00,2025-07-10,05:00,N,20.95,1.0,14370.0,0.7833853036515821
2025-07-10T11:00:00Z,2025-07-10,6,06:00:00,2025-07-10,06:00,N,22.79,1.0,14499.0,0.7906729906424775
2025-07-10T12:00:00Z,2025-07-10,7,07:00:00,2025-07-10,07:00,N,25.12,102.0,15369.0,0.7704357431378073
2025-07-10T13:00:00Z,2025-07-10,8,08:00:00,2025-07-10,08:00,N,21.52,4836.0,14485.0,0.6894726989165277
2025-07-10T14:00:00Z,2025-07-10,9,09:00:00,2025-07-10,09:00,N,17.08,17299.0,10853.0,0.5579046915810579
2025-07-10T15:00:00Z,2025-07-10,10,10:00:00,2025-07-10,10:00,N,16.35,24273.0,10832.0,0.4600714557230195
2025-07-10T16:00:00Z,2025-07-10,11,11:00:00,2025-07-10,11:00,N,19.66,26647.0,10972.0,0.4303182557248683
2025-07-10T17:00:00Z,2025-07-10,12,12:00:00,2025-07-10,12:00,N,24.6,27556.0,11564.0,0.43819637546935886
2025-07-10T18:00:00Z,2025-07-10,13,13:00:00,2025-07-10,13:00,N,30.6,27789.0,12214.0,0.45952698030656736
2025-07-10T19:00:00Z,2025-07-10,14,14:00:00,2025-07-10,14:00,N,34.55,27321.0,13393.0,0.48910965090939934
2025-07-10T20:00:00Z,2025-07-10,15,15:00:00,2025-07-10,15:00,N,34.6,26425.0,15058.0,0.4850737815001419
2025-07-10T21:00:00Z,2025-07-10,16,16:00:00,2025-07-10,16:00,N,35.67,24941.0,15554.0,0.520729800034783
2025-07-10T22:00:00Z,2025-07-10,17,17:00:00,2025-07-10,17:00,N,36.88,24123.0,16049.0,0.541081244400615
2025-07-10T23:00:00Z,2025-07-10,18,18:00:00,2025-07-10,18:00,N,33.09,23000.0,16275.0,0.5541734245929895
2025-07-11T00:00:00Z,2025-07-10,19,19:00:00,2025-07-10,19:00,N,31.08,20068.0,16716.0,0.5783288435431369
2025-07-11T01:00:00Z,2025-07-10,20,20:00:00,2025-07-10,20:00,N,45.5,9790.0,17116.0,0.6751656751438742
2025-07-11T02:00:00Z,2025-07-10,21,21:00:00,2025-07-10,21:00,N,53.86,959.0,17467.0,0.7574115328461575
2025-07-11T03:00:00Z,2025-07-10,22,22:00:00,2025-07-10,22:00,N,41.93,2.0,21293.0,0.7563742250207042
2025-07-11T04:00:00Z,2025-07-10,23,23:00:00,2025-07-10,23:00,N,31.14,0.0,25092.0,0.7044484493354162
2025-07-11T05:00:00Z,2025-07-10,24,00:00:00,2025-07-10,24:00,N,25.21,0.0,25581.0,0.6465989962670139
2025-07-11T06:00:00Z,2025-07-11,1,01:00:00,2025-07-11,01:00,N,22.67,0.0,24674.0,0.6362327339510467
2025-07-11T07:00:00Z,2025-07-11,2,02:00:00,2025-07-11,02:00,N,20.88,0.0,24141.0,0.6368454121670529
2025-07-11T08:00:00Z,2025-07-11,3,03:00:00,2025-07-11,03:00,N,19.67,0.0,23260.0,0.6330533135514685
2025-07-11T09:00:00Z,2025-07-11,4,04:00:00,2025-07-11,04:00,N,19.06,0.0,21716.0,0.6568517931566927
2025-07-11T10:00:00Z,2025-07-11,5,05:00:00,2025-07-11,05:00,N,19.51,0.0,19857.0,0.7033151240829351
2025-07-11T11:00:00Z,2025-07-11,6,06:00:00,2025-07-11,06:00,N,21.72,0.0,18557.0,0.7360386473273557
2025-07-11T12:00:00Z,2025-07-11,7,07:00:00,2025-07-11,07:00,N,22.54,105.0,18917.0,0.736638201268641
2025-07-11T13:00:00Z,2025-07-11,8,08:00:00,2025-07-11,08:00,N,20.23,4237.0,18741.0,0.6644631751215712
2025-07-11T14:00:00Z,2025-07-11,9,09:00:00,2025-07-11,09:00,N,14.39,13127.0,18328.0,0.5238340964535594
2025-07-11T15:00:00Z,2025-07-11,10,10:00:00,2025-07-11,10:00,N,15.07,18581.0,20970.0,0.4126394759904367
2025-07-11T16:00:00Z,2025-07-11,11,11:00:00,2025-07-11,11:00,N,21.31,20797.0,20278.0,0.403831673909022
2025-07-11T17:00:00Z,2025-07-11,12,12:00:00,2025-07-11,12:00,N,25.17,23118.0,18137.0,0.4378732482382547
2025-07-11T18:00:00Z,2025-07-11,13,13:00:00,2025-07-11,13:00,N,30.0,23321.0,16611.0,0.48861828873295454
2025-07-11T19:00:00Z,2025-07-11,14,14:00:00,2025-07-11,14:00,N,30.54,23581.0,15807.0,0.5160965449255666
2025-07-11T20:00:00Z,2025-07-11,15,15:00:00,2025-07-11,15:00,N,33.33,23929.0,16301.0,0.502025553145727
2025-07-11T21:00:00Z,2025-07-11,16,16:00:00,2025-07-11,16:00,N,33.33,23788.0,16128.0,0.5170321383360027
2025-07-11T22:00:00Z,2025-07-11,17,17:00:00,2025-07-11,17:00,N,31.63,22090.0,15555.0,0.5487521865490974
2025-07-11T23:00:00Z,2025-07-11,18,18:00:00,2025-07-11,18:00,N,31.39,21939.0,15293.0,0.552801829263381
2025-07-12T00:00:00Z,2025-07-11,19,19:00:00,2025-07-11,19:00,N,31.5,18645.0,15657.0,0.5793473995250344
2025-07-12T01:00:00Z,2025-07-11,20,20:00:00,2025-07-11,20:00,N,43.81,8997.0,16209.0,0.6623704142032629
2025-07-12T02:00:00Z,2025-07-11,21,21:00:00,2025-07-11,21:00,N,53.06,905.0,16252.0,0.7212694370303563
2025-07-12T03:00:00Z,2025-07-11,22,22:00:00,2025-07-11,22:00,N,40.69,0.0,17702.0,0.7592978341766148
2025-07-12T04:00:00Z,2025-07-11,23,23:00:00,2025-07-11,23:00,N,35.17,0.0,20129.0,0.7351983394301987
2025-07-12T05:00:00Z,2025-07-11,24,00:00:00,2025-07-11,24:00,N,26.04,0.0,22210.0,0.6995688542249282
2025-07-12T06:00:00Z,2025-07-12,1,01:00:00,2025-07-12,01:00,N,26.61,0.0,21826.0,0.6873005962941914
2025-07-12T07:00:00Z,2025-07-12,2,02:00:00,2025-07-12,02:00,N,24.74,0.0,20507.0,0.6916376864280667
2025-07-12T08:00:00Z,2025-07-12,3,03:00:00,2025-07-12,03:00,N,23.73,0.0,19053.0,0.7107040900502951
2025-07-12T09:00:00Z,2025-07-12,4,04:00:00,2025-07-12,04:00,N,23.39,1.0,17401.0,0.7348402526285637
2025-07-12T10:00:00Z,2025-07-12,5,05:00:00,2025-07-12,05:00,N,24.39,1.0,14598.0,0.7845712456021151
2025-07-12T11:00:00Z,2025-07-12,6,06:00:00,2025-07-12,06:00,N,25.87,1.0,11080.0,0.8418333744446802
2025-07-12T12:00:00Z,2025-07-12,7,07:00:00,2025-07-12,07:00,N,25.21,62.0,11757.0,0.8361350671834877
2025-07-12T13:00:00Z,2025-07-12,8,08:00:00,2025-07-12,08:00,N,23.73,3062.0,11563.0,0.7892054992442515
2025-07-12T14:00:00Z,2025-07-12,9,09:00:00,2025-07-12,09:00,N,20.38,8996.0,9874.0,0.7321089819332957
2025-07-12T15:00:00Z,2025-07-12,10,10:00:00,2025-07-12,10:00,N,20.12,12733.0,10335.0,0.6821596171171757
2025-07-12T16:00:00Z,2025-07-12,11,11:00:00,2025-07-12,11:00,N,22.31,16517.0,9492.0,0.6448390467992866
2025-07-12T17:00:00Z,2025-07-12,12,12:00:00,2025-07-12,12:00,N,25.98,18815.0,8784.0,0.62863036490546
2025-07-12T18:00:00Z,2025-07-12,13,13:00:00,2025-07-12,13:00,N,28.6,20268.0,8958.0,0.6228937752642529
2025-07-12T19:00:00Z,2025-07-12,14,14:00:00,2025-07-12,14:00,N,34.56,20821.0,9197.0,0.618310460128045
2025-07-12T20:00:00Z,2025-07-12,15,15:00:00,2025-07-12,15:00,N,37.83,19625.0,8199.0,0.6387585955142062
2025-07-12T21:00:00Z,2025-07-12,16,16:00:00,2025-07-12,16:00,N,38.43,18716.0,7738.0,0.6663835731375215
2025-07-12T22:00:00Z,2025-07-12,17,17:00:00,2025-07-12,17:00,N,38.64,18018.0,8192.0,0.677267454190996
2025-07-12T23:00:00Z,2025-07-12,18,18:00:00,2025-07-12,18:00,N,40.74,16008.0,7181.0,0.7076468670665881
2025-07-13T00:00:00Z,2025-07-12,19,19:00:00,2025-07-12,19:00,N,45.64,11871.0,6728.0,0.759367474881907
2025-07-13T01:00:00Z,2025-07-12,20,20:00:00,2025-07-12,20:00,N,62.87,5954.0,6791.0,0.8162782014887153
2025-07-13T02:00:00Z,2025-07-12,21,21:00:00,2025-07-12,21:00,N,67.09,741.0,6146.0,0.8743803879795393
2025-07-13T03:00:00Z,2025-07-12,22,22:00:00,2025-07-12,22:00,N,57.41,0.0,6701.0,0.8873552157873071
2025-07-13T04:00:00Z,2025-07-12,23,23:00:00,2025-07-12,23:00,N,42.67,0.0,7300.0,0.9120281785424958
2025-07-13T05:00:00Z,2025-07-12,24,00:00:00,2025-07-12,24:00,N,39.19,1.0,7462.0,0.9105934567731331
2025-07-13T06:00:00Z,2025-07-13,1,01:00:00,2025-07-13,01:00,N,42.76,0.0,7497.0,0.9074242575504796
2025-07-13T07:00:00Z,2025-07-13,2,02:00:00,2025-07-13,02:00,N,35.79,1.0,7440.0,0.910380423644556
2025-07-13T08:00:00Z,2025-07-13,3,03:00:00,2025-07-13,03:00,N,32.74,1.0,6693.0,0.9180138007361935
2025-07-13T09:00:00Z,2025-07-13,4,04:00:00,2025-07-13,04:00,N,30.05,1.0,6627.0,0.9193306602263799
2025-07-13T10:00:00Z,2025-07-13,5,05:00:00,2025-07-13,05:00,N,29.09,1.0,6778.0,0.9186086581686413
2025-07-13T11:00:00Z,2025-07-13,6,06:00:00,2025-07-13,06:00,N,29.46,1.0,6421.0,0.9256175125492325
2025-07-13T12:00:00Z,2025-07-13,7,07:00:00,2025-07-13,07:00,N,28.4,58.0,6367.0,0.9234507546017096
2025-07-13T13:00:00Z,2025-07-13,8,08:00:00,2025-07-13,08:00,N,26.99,3118.0,6164.0,0.8737308282769654
2025-07-13T14:00:00Z,2025-07-13,9,09:00:00,2025-07-13,09:00,N,24.77,10249.0,6860.0,0.7435463968316119
2025-07-13T15:00:00Z,2025-07-13,10,10:00:00,2025-07-13,10:00,N,24.55,15471.0,7508.0,0.6293779428144874
2025-07-13T16:00:00Z,2025-07-13,11,11:00:00,2025-07-13,11:00,N,24.34,19763.0,7189.0,0.5612564396660714
2025-07-13T17:00:00Z,2025-07-13,12,12:00:00,2025-07-13,12:00,N,26.57,20759.0,7077.0,0.5661319332944103
2025-07-13T18:00:00Z,2025-07-13,13,13:00:00,2025-07-13,13:00,N,30.97,21883.0,6442.0,0.5856061685328259
2025-07-13T19:00:00Z,2025-07-13,14,14:00:00,2025-07-13,14:00,N,33.28,19435.0,5789.0,0.6446192079981276
2025-07-13T20:00:00Z,2025-07-13,15,15:00:00,2025-07-13,15:00,N,37.61,16889.0,5525.0,0.6954439188009541
2025-07-13T21:00:00Z,2025-07-13,16,16:00:00,2025-07-13,16:00,N,39.29,16288.0,5369.0,0.7074681156153397
2025-07-13T22:00:00Z,2025-07-13,17,17:00:00,2025-07-13,17:00,N,40.38,14390.0,5349.0,0.7304727902736983
2025-07-13T23:00:00Z,2025-07-13,18,18:00:00,2025-07-13,18:00,N,41.01,13069.0,5295.0,0.7591698022420084
2025-07-14T00:00:00Z,2025-07-13,19,19:00:00,2025-07-13,19:00,N,48.65,11106.0,5622.0,0.7845544795139134
2025-07-14T01:00:00Z,2025-07-13,20,20:00:00,2025-07-13,20:00,N,76.49,5578.0,6723.0,0.8215120733356545
2025-07-14T02:00:00Z,2025-07-13,21,21:00:00,2025-07-13,21:00,N,77.11,673.0,8080.0,0.8454082353417092
2025-07-14T03:00:00Z,2025-07-13,22,22:00:00,2025-07-13,22:00,N,65.84,0.0,9824.0,0.8464949046804189
2025-07-14T04:00:00Z,2025-07-13,23,23:00:00,2025-07-13,23:00,N,49.68,0.0,10604.0,0.8598695958162313
2025-07-14T05:00:00Z,2025-07-13,24,00:00:00,2025-07-13,24:00,N,40.86,0.0,11185.0,0.8578901639707006
2025-07-14T06:00:00Z,2025-07-14,1,01:00:00,2025-07-14,01:00,N,30.61,0.0,11204.0,0.8523409843673752
2025-07-14T07:00:00Z,2025-07-14,2,02:00:00,2025-07-14,02:00,N,30.93,1.0,10299.0,0.8663194962245907
2025-07-14T08:00:00Z,2025-07-14,3,03:00:00,2025-07-14,03:00,N,28.75,1.0,9406.0,0.8755165023876217
2025-07-14T09:00:00Z,2025-07-14,4,04:00:00,2025-07-14,04:00,N,30.44,1.0,8277.0,0.9017710956616726
2025-07-14T10:00:00Z,2025-07-14,5,05:00:00,2025-07-14,05:00,N,32.71,1.0,7021.0,0.9287371235442207
2025-07-14T11:00:00Z,2025-07-14,6,06:00:00,2025-07-14,06:00,N,36.07,1.0,6029.0,0.9412975340499938
2025-07-14T12:00:00Z,2025-07-14,7,07:00:00,2025-07-14,07:00,N,41.17,66.0,5471.0,0.9410808747474679
2025-07-14T13:00:00Z,2025-07-14,8,08:00:00,2025-07-14,08:00,N,38.02,3117.0,4809.0,0.9141539319360837
2025-07-14T14:00:00Z,2025-07-14,9,09:00:00,2025-07-14,09:00,N,30.78,11775.0,4347.0,0.7944855934053092
2025-07-14T15:00:00Z,2025-07-14,10,10:00:00,2025-07-14,10:00,N,28.43,16303.0,4445.0,0.7273113883005826
2025-07-14T16:00:00Z,2025-07-14,11,11:00:00,2025-07-14,11:00,N,29.59,19942.0,4126.0,0.6726781815709266
2025-07-14T17:00:00Z,2025-07-14,12,12:00:00,2025-07-14,12:00,N,33.97,21793.0,4263.0,0.6472694321148169
2025-07-14T18:00:00Z,2025-07-14,13,13:00:00,2025-07-14,13:00,N,43.06,22802.0,5094.0,0.6389196975354174
2025-07-14T19:00:00Z,2025-07-14,14,14:00:00,2025-07-14,14:00,N,44.41,23383.0,6675.0,0.6156511322997833
2025-07-14T20:00:00Z,2025-07-14,15,15:00:00,2025-07-14,15:00,N,45.14,22201.0,8905.0,0.6132697817709298
2025-07-14T21:00:00Z,2025-07-14,16,16:00:00,2025-07-14,16:00,N,48.2,21809.0,11411.0,0.5913965042953494
2025-07-14T22:00:00Z,2025-07-14,17,17:00:00,2025-07-14,17:00,N,48.25,19913.0,12828.0,0.6151652261228066
2025-07-14T23:00:00Z,2025-07-14,18,18:00:00,2025-07-14,18:00,N,52.25,18403.0,11445.0,0.6595478550011638
2025-07-15T00:00:00Z,2025-07-14,19,19:00:00,2025-07-14,19:00,N,57.31,14509.0,10870.0,0.7200919796297305
2025-07-15T01:00:00Z,2025-07-14,20,20:00:00,2025-07-14,20:00,N,74.26,5992.0,10790.0,0.797106598970813
2025-07-15T02:00:00Z,2025-07-14,21,21:00:00,2025-07-14,21:00,N,77.7,467.0,10813.0,0.8400225875341232
2025-07-15T03:00:00Z,2025-07-14,22,22:00:00,2025-07-14,22:00,N,55.1,0.0,11899.0,0.8625100466815798
2025-07-15T04:00:00Z,2025-07-14,23,23:00:00,2025-07-14,23:00,N,41.63,0.0,12727.0,0.872459432384563
2025-07-15T05:00:00Z,2025-07-14,24,00:00:00,2025-07-14,24:00,N,29.96,0.0,12736.0,0.8714003537616847
2025-07-15T06:00:00Z,2025-07-15,1,01:00:00,2025-07-15,01:00,N,28.95,0.0,12582.0,0.87781125838196
2025-07-15T07:00:00Z,2025-07-15,2,02:00:00,2025-07-15,02:00,N,26.38,1.0,13368.0,0.8539360257547834
2025-07-15T08:00:00Z,2025-07-15,3,03:00:00,2025-07-15,03:00,N,24.82,1.0,13277.0,0.8288405706922196
2025-07-15T09:00:00Z,2025-07-15,4,04:00:00,2025-07-15,04:00,N,24.64,1.0,12083.0,0.8493764569544169
2025-07-15T10:00:00Z,2025-07-15,5,05:00:00,2025-07-15,05:00,N,24.25,1.0,12229.0,0.8365699242754362
2025-07-15T11:00:00Z,2025-07-15,6,06:00:00,2025-07-15,06:00,N,25.24,1.0,12160.0,0.8480400141953088
2025-07-15T12:00:00Z,2025-07-15,7,07:00:00,2025-07-15,07:00,N,28.14,92.0,12621.0,0.8544888018183566
2025-07-15T13:00:00Z,2025-07-15,8,08:00:00,2025-07-15,08:00,N,25.0,4044.0,11625.0,0.7881633650422829
2025-07-15T14:00:00Z,2025-07-15,9,09:00:00,2025-07-15,09:00,N,19.43,13084.0,10500.0,0.6565338837920973
2025-07-15T15:00:00Z,2025-07-15,10,10:00:00,2025-07-15,10:00,N,19.29,19336.0,12581.0,0.5512894326805079
2025-07-15T16:00:00Z,2025-07-15,11,11:00:00,2025-07-15,11:00,N,21.76,23067.0,13383.0,0.49586727668895775
2025-07-15T17:00:00Z,2025-07-15,12,12:00:00,2025-07-15,12:00,N,27.66,24782.0,13007.0,0.5092473242076735
2025-07-15T18:00:00Z,2025-07-15,13,13:00:00,2025-07-15,13:00,N,37.28,25185.0,13662.0,0.5231526818757206
2025-07-15T19:00:00Z,2025-07-15,14,14:00:00,2025-07-15,14:00,N,34.64,25382.0,15294.0,0.5191886705614203
2025-07-15T20:00:00Z,2025-07-15,15,15:00:00,2025-07-15,15:00,N,37.81,23771.0,15597.0,0.5390846676143399
2025-07-15T21:00:00Z,2025-07-15,16,16:00:00,2025-07-15,16:00,N,38.89,22609.0,16118.0,0.5506366555263343
2025-07-15T22:00:00Z,2025-07-15,17,17:00:00,2025-07-15,17:00,N,38.79,22347.0,15846.0,0.5677664643465982
2025-07-15T23:00:00Z,2025-07-15,18,18:00:00,2025-07-15,18:00,N,37.24,20990.0,15882.0,0.5866829864511082
2025-07-16T00:00:00Z,2025-07-15,19,19:00:00,2025-07-15,19:00,N,40.29,17395.0,17496.0,0.6147839646490059
2025-07-16T01:00:00Z,2025-07-15,20,20:00:00,2025-07-15,20:00,N,53.4,7818.0,19351.0,0.7019345345297787
2025-07-16T02:00:00Z,2025-07-15,21,21:00:00,2025-07-15,21:00,N,60.77,753.0,18990.0,0.769272231680286
2025-07-16T03:00:00Z,2025-07-15,22,22:00:00,2025-07-15,22:00,N,51.38,0.0,19558.0,0.7811762257175462
2025-07-16T04:00:00Z,2025-07-15,23,23:00:00,2025-07-15,23:00,N,39.16,0.0,20649.0,0.7749180718307176
2025-07-16T05:00:00Z,2025-07-15,24,00:00:00,2025-07-15,24:00,N,29.98,0.0,21448.0,0.7323981138632087
2025-07-16T06:00:00Z,2025-07-16,1,01:00:00,2025-07-16,01:00,N,26.61,0.0,21141.0,0.6983307977484832
2025-07-16T07:00:00Z,2025-07-16,2,02:00:00,2025-07-16,02:00,N,25.4,0.0,20095.0,0.7014565213696331
2025-07-16T08:00:00Z,2025-07-16,3,03:00:00,2025-07-16,03:00,N,23.6,1.0,18672.0,0.7165278865192859
2025-07-16T09:00:00Z,2025-07-16,4,04:00:00,2025-07-16,04:00,N,22.44,1.0,17927.0,0.7255358472211613
2025-07-16T10:00:00Z,2025-07-16,5,05:00:00,2025-07-16,05:00,N,23.2,1.0,17205.0,0.740496967013117
2025-07-16T11:00:00Z,2025-07-16,6,06:00:00,2025-07-16,06:00,N,25.32,1.0,16868.0,0.7537766689932645
2025-07-16T12:00:00Z,2025-07-16,7,07:00:00,2025-07-16,07:00,N,25.74,63.0,16701.0,0.7601565527024619
2025-07-16T13:00:00Z,2025-07-16,8,08:00:00,2025-07-16,08:00,N,22.5,4287.0,15964.0,0.7121836089207414
2025-07-16T14:00:00Z,2025-07-16,9,09:00:00,2025-07-16,09:00,N,17.42,14406.0,15693.0,0.5555939238616988
2025-07-16T15:00:00Z,2025-07-16,10,10:00:00,2025-07-16,10:00,N,17.0,19240.0,17877.0,0.47340209950688206
2025-07-16T16:00:00Z,2025-07-16,11,11:00:00,2025-07-16,11:00,N,20.9,21735.0,18147.0,0.45595231532933495
2025-07-16T17:00:00Z,2025-07-16,12,12:00:00,2025-07-16,12:00,N,28.1,23512.0,16863.0,0.4844674284511164
2025-07-16T18:00:00Z,2025-07-16,13,13:00:00,2025-07-16,13:00,N,34.18,25724.0,14598.0,0.5181774316410585
2025-07-16T19:00:00Z,2025-07-16,14,14:00:00,2025-07-16,14:00,N,40.42,26100.0,13440.0,0.5566950603893717
2025-07-16T20:00:00Z,2025-07-16,15,15:00:00,2025-07-16,15:00,N,40.26,25830.0,13237.0,0.5772056423027999
2025-07-16T21:00:00Z,2025-07-16,16,16:00:00,2025-07-16,16:00,N,43.77,25532.0,13198.0,0.5803712110906066
2025-07-16T22:00:00Z,2025-07-16,17,17:00:00,2025-07-16,17:00,N,44.25,24582.0,13632.0,0.5936221618404006
2025-07-16T23:00:00Z,2025-07-16,18,18:00:00,2025-07-16,18:00,N,41.82,22406.0,15118.0,0.600376339386142
2025-07-17T00:00:00Z,2025-07-16,19,19:00:00,2025-07-16,19:00,N,41.07,17411.0,17154.0,0.6357635400912695
2025-07-17T01:00:00Z,2025-07-16,20,20:00:00,2025-07-16,20:00,N,58.45,7533.0,19352.0,0.7294186390093779
2025-07-17T02:00:00Z,2025-07-16,21,21:00:00,2025-07-16,21:00,N,73.82,695.0,19486.0,0.7764922115782741
2025-07-17T03:00:00Z,2025-07-16,22,22:00:00,2025-07-16,22:00,N,55.32,5.0,20148.0,0.7842034665625053
2025-07-17T04:00:00Z,2025-07-16,23,23:00:00,2025-07-16,23:00,N,42.29,0.0,20403.0,0.7940728606877332
2025-07-17T05:00:00Z,2025-07-16,24,00:00:00,2025-07-16,24:00,N,36.08,0.0,19727.0,0.8020353286043503
2025-07-17T06:00:00Z,2025-07-17,1,01:00:00,2025-07-17,01:00,N,27.63,0.0,19122.0,0.7989554149329379
2025-07-17T07:00:00Z,2025-07-17,2,02:00:00,2025-07-17,02:00,N,25.29,1.0,18357.0,0.7924308372542637
2025-07-17T08:00:00Z,2025-07-17,3,03:00:00,2025-07-17,03:00,N,23.76,1.0,18052.0,0.7657333151718807
2025-07-17T09:00:00Z,2025-07-17,4,04:00:00,2025-07-17,04:00,N,23.11,1.0,17042.0,0.7626645346688877
2025-07-17T10:00:00Z,2025-07-17,5,05:00:00,2025-07-17,05:00,N,23.96,1.0,15517.0,0.794729337431154
2025-07-17T11:00:00Z,2025-07-17,6,06:00:00,2025-07-17,06:00,N,26.5,1.0,14846.0,0.7995623649113761
2025-07-17T12:00:00Z,2025-07-17,7,07:00:00,2025-07-17,07:00,N,30.41,84.0,14457.0,0.8266425523386678
2025-07-17T13:00:00Z,2025-07-17,8,08:00:00,2025-07-17,08:00,N,23.19,4170.0,13308.0,0.772637501682986
2025-07-17T14:00:00Z,2025-07-17,9,09:00:00,2025-07-17,09:00,N,18.57,14889.0,9458.0,0.670621749820964
2025-07-17T15:00:00Z,2025-07-17,10,10:00:00,2025-07-17,10:00,N,18.49,21676.0,7890.0,0.6112853094828343
2025-07-17T16:00:00Z,2025-07-17,11,11:00:00,2025-07-17,11:00,N,21.97,23697.0,5784.0,0.6228148195075809
2025-07-17T17:00:00Z,2025-07-17,12,12:00:00,2025-07-17,12:00,N,27.11,25003.0,4741.0,0.6492322880203545
2025-07-17T18:00:00Z,2025-07-17,13,13:00:00,2025-07-17,13:00,N,36.21,25916.0,4848.0,0.6712331138088744
2025-07-17T19:00:00Z,2025-07-17,14,14:00:00,2025-07-17,14:00,N,40.48,26984.0,5394.0,0.6648044597349448
2025-07-17T20:00:00Z,2025-07-17,15,15:00:00,2025-07-17,15:00,N,41.44,26606.0,6690.0,0.6609286737304279
2025-07-17T21:00:00Z,2025-07-17,16,16:00:00,2025-07-17,16:00,N,49.0,25750.0,9044.0,0.6381058217180319
2025-07-17T22:00:00Z,2025-07-17,17,17:00:00,2025-07-17,17:00,N,51.37,24496.0,11714.0,0.6200149601697597
2025-07-17T23:00:00Z,2025-07-17,18,18:00:00,2025-07-17,18:00,N,43.58,22048.0,13637.0,0.6243721779009852
2025-07-18T00:00:00Z,2025-07-17,19,19:00:00,2025-07-17,19:00,N,43.83,17582.0,14840.0,0.6609955041479749
2025-07-18T01:00:00Z,2025-07-17,20,20:00:00,2025-07-17,20:00,N,69.94,7606.0,15265.0,0.7623992341675859
2025-07-18T02:00:00Z,2025-07-17,21,21:00:00,2025-07-17,21:00,N,90.11,434.0,14452.0,0.818642536330333
2025-07-18T03:00:00Z,2025-07-17,22,22:00:00,2025-07-17,22:00,N,65.41,0.0,14984.0,0.8390407261041268
2025-07-18T04:00:00Z,2025-07-17,23,23:00:00,2025-07-17,23:00,N,38.89,0.0,15944.0,0.8477226050702487
2025-07-18T05:00:00Z,2025-07-17,24,00:00:00,2025-07-17,24:00,N,31.91,0.0,17139.0,0.830773716245071
2025-07-18T06:00:00Z,2025-07-18,1,01:00:00,2025-07-18,01:00,N,30.68,1.0,17198.0,0.8094015567294626
2025-07-18T07:00:00Z,2025-07-18,2,02:00:00,2025-07-18,02:00,N,26.85,1.0,17487.0,0.7846943822355487
2025-07-18T08:00:00Z,2025-07-18,3,03:00:00,2025-07-18,03:00,N,24.35,0.0,17924.0,0.749779470024516
2025-07-18T09:00:00Z,2025-07-18,4,04:00:00,2025-07-18,04:00,N,23.77,1.0,17044.0,0.7535876479850355
2025-07-18T10:00:00Z,2025-07-18,5,05:00:00,2025-07-18,05:00,N,23.35,0.0,15039.0,0.8062209577335622
2025-07-18T11:00:00Z,2025-07-18,6,06:00:00,2025-07-18,06:00,N,24.85,0.0,13301.0,0.8624170583449555
2025-07-18T12:00:00Z,2025-07-18,7,07:00:00,2025-07-18,07:00,N,27.0,68.0,11404.0,0.9226283141895805
2025-07-18T13:00:00Z,2025-07-18,8,08:00:00,2025-07-18,08:00,N,23.76,3786.0,9859.0,0.8877756997214894
2025-07-18T14:00:00Z,2025-07-18,9,09:00:00,2025-07-18,09:00,N,20.02,13475.0,7007.0,0.7689569167633167
2025-07-18T15:00:00Z,2025-07-18,10,10:00:00,2025-07-18,10:00,N,19.33,19722.0,6469.0,0.6860195138199549
2025-07-18T16:00:00Z,2025-07-18,11,11:00:00,2025-07-18,11:00,N,20.82,22925.0,6951.0,0.6300225184808665
2025-07-18T17:00:00Z,2025-07-18,12,12:00:00,2025-07-18,12:00,N,26.9,23361.0,8593.0,0.6137499085659275
2025-07-18T18:00:00Z,2025-07-18,13,13:00:00,2025-07-18,13:00,N,33.24,24956.0,10070.0,0.5921783324739203
2025-07-18T19:00:00Z,2025-07-18,14,14:00:00,2025-07-18,14:00,N,37.37,24627.0,11390.0,0.6122704511762262
2025-07-18T20:00:00Z,2025-07-18,15,15:00:00,2025-07-18,15:00,N,36.42,24309.0,13407.0,0.6106667266091925
2025-07-18T21:00:00Z,2025-07-18,16,16:00:00,2025-07-18,16:00,N,39.81,22793.0,14712.0,0.6179690072813898
2025-07-18T22:00:00Z,2025-07-18,17,17:00:00,2025-07-18,17:00,N,38.56,21894.0,15532.0,0.6157757675053739
2025-07-18T23:00:00Z,2025-07-18,18,18:00:00,2025-07-18,18:00,N,35.47,19688.0,16228.0,0.6246027601541856
2025-07-19T00:00:00Z,2025-07-18,19,19:00:00,2025-07-18,19:00,N,37.6,16328.0,17058.0,0.6487888863866116
2025-07-19T01:00:00Z,2025-07-18,20,20:00:00,2025-07-18,20:00,N,52.24,8846.0,18866.0,0.6957671953509881
2025-07-19T02:00:00Z,2025-07-18,21,21:00:00,2025-07-18,21:00,N,60.85,967.0,19504.0,0.7483400851766709
2025-07-19T03:00:00Z,2025-07-18,22,22:00:00,2025-07-18,22:00,N,45.21,0.0,21682.0,0.7514061160538191
2025-07-19T04:00:00Z,2025-07-18,23,23:00:00,2025-07-18,23:00,N,36.17,0.0,23220.0,0.7504261591499121
2025-07-19T05:00:00Z,2025-07-18,24,00:00:00,2025-07-18,24:00,N,29.76,0.0,23279.0,0.7284686948627799
2025-07-19T06:00:00Z,2025-07-19,1,01:00:00,2025-07-19,01:00,N,25.04,0.0,23510.0,0.7024282757600597
2025-07-19T07:00:00Z,2025-07-19,2,02:00:00,2025-07-19,02:00,N,23.31,0.0,23225.0,0.6866005323757643
2025-07-19T08:00:00Z,2025-07-19,3,03:00:00,2025-07-19,03:00,N,22.31,0.0,22290.0,0.6881157336149576
2025-07-19T09:00:00Z,2025-07-19,4,04:00:00,2025-07-19,04:00,N,21.39,0.0,21802.0,0.6783655425536398
2025-07-19T10:00:00Z,2025-07-19,5,05:00:00,2025-07-19,05:00,N,20.74,1.0,21657.0,0.6689741457829993
2025-07-19T11:00:00Z,2025-07-19,6,06:00:00,2025-07-19,06:00,N,21.19,1.0,20556.0,0.6967767149282139
2025-07-19T12:00:00Z,2025-07-19,7,07:00:00,2025-07-19,07:00,N,20.95,58.0,20020.0,0.7214388082826868
2025-07-19T13:00:00Z,2025-07-19,8,08:00:00,2025-07-19,08:00,N,18.93,3806.0,19014.0,0.6658783018485456
2025-07-19T14:00:00Z,2025-07-19,9,09:00:00,2025-07-19,09:00,N,14.93,14954.0,17299.0,0.5234002817245939
2025-07-19T15:00:00Z,2025-07-19,10,10:00:00,2025-07-19,10:00,N,14.22,19939.0,19748.0,0.42410093660326326
2025-07-19T16:00:00Z,2025-07-19,11,11:00:00,2025-07-19,11:00,N,16.51,22370.0,20330.0,0.3938331411686751
2025-07-19T17:00:00Z,2025-07-19,12,12:00:00,2025-07-19,12:00,N,21.38,23731.0,20398.0,0.40275537378346643
2025-07-19T18:00:00Z,2025-07-19,13,13:00:00,2025-07-19,13:00,N,25.13,24401.0,19361.0,0.445338579745664
2025-07-19T19:00:00Z,2025-07-19,14,14:00:00,2025-07-19,14:00,N,27.87,25567.0,17442.0,0.4933546602831248
2025-07-19T20:00:00Z,2025-07-19,15,15:00:00,2025-07-19,15:00,N,29.63,25837.0,16361.0,0.5287628178645107
2025-07-19T21:00:00Z,2025-07-19,16,16:00:00,2025-07-19,16:00,N,33.02,24696.0,16684.0,0.5500523247584279
2025-07-19T22:00:00Z,2025-07-19,17,17:00:00,2025-07-19,17:00,N,30.87,23733.0,17283.0,0.5565132990499709
2025-07-19T23:00:00Z,2025-07-19,18,18:00:00,2025-07-19,18:00,N,30.65,22017.0,18935.0,0.5422207867141131
2025-07-20T00:00:00Z,2025-07-19,19,19:00:00,2025-07-19,19:00,N,32.86,17600.0,20800.0,0.5717767342149226
2025-07-20T01:00:00Z,2025-07-19,20,20:00:00,2025-07-19,20:00,N,47.46,8667.0,22160.0,0.6688885861295687
2025-07-20T02:00:00Z,2025-07-19,21,21:00:00,2025-07-19,21:00,N,55.73,805.0,22166.0,0.7275870743229921
2025-07-20T03:00:00Z,2025-07-19,22,22:00:00,2025-07-19,22:00,N,46.66,0.0,23766.0,0.7387101415460386
2025-07-20T04:00:00Z,2025-07-19,23,23:00:00,2025-07-19,23:00,N,31.93,0.0,25605.0,0.7196792415440352
2025-07-20T05:00:00Z,2025-07-19,24,00:00:00,2025-07-19,24:00,N,26.78,0.0,26586.0,0.6701600418550984
2025-07-20T06:00:00Z,2025-07-20,1,01:00:00,2025-07-20,01:00,N,25.48,0.0,26358.0,0.6747918308738633
2025-07-20T07:00:00Z,2025-07-20,2,02:00:00,2025-07-20,02:00,N,24.07,0.0,25879.0,0.6605448488151928
2025-07-20T08:00:00Z,2025-07-20,3,03:00:00,2025-07-20,03:00,N,22.49,0.0,25052.0,0.651757557159826
2025-07-20T09:00:00Z,2025-07-20,4,04:00:00,2025-07-20,04:00,N,21.8,0.0,24430.0,0.6441768719550082
2025-07-20T10:00:00Z,2025-07-20,5,05:00:00,2025-07-20,05:00,N,21.5,0.0,23693.0,0.6498215409735177
2025-07-20T11:00:00Z,2025-07-20,6,06:00:00,2025-07-20,06:00,N,20.43,0.0,23104.0,0.6511908400547024
2025-07-20T12:00:00Z,2025-07-20,7,07:00:00,2025-07-20,07:00,N,20.29,59.0,23003.0,0.6460471454182164
2025-07-20T13:00:00Z,2025-07-20,8,08:00:00,2025-07-20,08:00,N,17.53,3644.0,22056.0,0.6060164556977669
2025-07-20T14:00:00Z,2025-07-20,9,09:00:00,2025-07-20,09:00,N,12.27,12904.0,21091.0,0.4873984928674945
2025-07-20T15:00:00Z,2025-07-20,10,10:00:00,2025-07-20,10:00,N,12.1,19154.0,21813.0,0.4069476623455948
2025-07-20T16:00:00Z,2025-07-20,11,11:00:00,2025-07-20,11:00,N,14.81,21733.0,20471.0,0.4083272014710238
2025-07-20T17:00:00Z,2025-07-20,12,12:00:00,2025-07-20,12:00,N,18.98,23726.0,18413.0,0.4336473161827159
2025-07-20T18:00:00Z,2025-07-20,13,13:00:00,2025-07-20,13:00,N,22.99,25354.0,17349.0,0.4549915355778646
2025-07-20T19:00:00Z,2025-07-20,14,14:00:00,2025-07-20,14:00,N,27.15,25222.0,17113.0,0.49623958607945845
2025-07-20T20:00:00Z,2025-07-20,15,15:00:00,2025-07-20,15:00,N,29.04,24864.0,16935.0,0.5232288855236648
2025-07-20T21:00:00Z,2025-07-20,16,16:00:00,2025-07-20,16:00,N,31.73,23452.0,16935.0,0.5534117841250119
2025-07-20T22:00:00Z,2025-07-20,17,17:00:00,2025-07-20,17:00,N,32.33,22349.0,16899.0,0.5823524037165569
2025-07-20T23:00:00Z,2025-07-20,18,18:00:00,2025-07-20,18:00,N,31.66,19955.0,17584.0,0.6062752406249599
2025-07-21T00:00:00Z,2025-07-20,19,19:00:00,2025-07-20,19:00,N,37.38,15383.0,20053.0,0.6293802242270129
2025-07-21T01:00:00Z,2025-07-20,20,20:00:00,2025-07-20,20:00,N,51.9,6390.0,23556.0,0.6682123036864462
2025-07-21T02:00:00Z,2025-07-20,21,21:00:00,2025-07-20,21:00,N,53.2,515.0,25423.0,0.6911451606623644
2025-07-21T03:00:00Z,2025-07-20,22,22:00:00,2025-07-20,22:00,N,46.33,0.0,26216.0,0.6920980642463997
2025-07-21T04:00:00Z,2025-07-20,23,23:00:00,2025-07-20,23:00,N,33.71,0.0,26181.0,0.706369054754974
2025-07-21T05:00:00Z,2025-07-20,24,00:00:00,2025-07-20,24:00,N,27.04,0.0,26123.0,0.6817690100415223
2025-07-21T06:00:00Z,2025-07-21,1,01:00:00,2025-07-21,01:00,N,26.81,0.0,25709.0,0.6770825664032987
2025-07-21T07:00:00Z,2025-07-21,2,02:00:00,2025-07-21,02:00,N,24.17,0.0,24773.0,0.6774519141418952
2025-07-21T08:00:00Z,2025-07-21,3,03:00:00,2025-07-21,03:00,N,21.98,0.0,23495.0,0.6795732279821182
2025-07-21T09:00:00Z,2025-07-21,4,04:00:00,2025-07-21,04:00,N,21.58,0.0,22685.0,0.6824818631251769
2025-07-21T10:00:00Z,2025-07-21,5,05:00:00,2025-07-21,05:00,N,22.17,0.0,21750.0,0.7062992902386257
2025-07-21T11:00:00Z,2025-07-21,6,06:00:00,2025-07-21,06:00,N,24.35,0.0,20935.0,0.7404339878985466
2025-07-21T12:00:00Z,2025-07-21,7,07:00:00,2025-07-21,07:00,N,23.84,93.0,19719.0,0.771742777204457
2025-07-21T13:00:00Z,2025-07-21,8,08:00:00,2025-07-21,08:00,N,22.66,3939.0,18245.0,0.7384005220839546
2025-07-21T14:00:00Z,2025-07-21,9,09:00:00,2025-07-21,09:00,N,16.27,13088.0,17206.0,0.6156445363145772
2025-07-21T15:00:00Z,2025-07-21,10,10:00:00,2025-07-21,10:00,N,14.31,21454.0,18378.0,0.4736098479191927
2025-07-21T16:00:00Z,2025-07-21,11,11:00:00,2025-07-21,11:00,N,17.71,25376.0,18481.0,0.4207285902291328
2025-07-21T17:00:00Z,2025-07-21,12,12:00:00,2025-07-21,12:00,N,24.96,26845.0,16560.0,0.46008424444553936
2025-07-21T18:00:00Z,2025-07-21,13,13:00:00,2025-07-21,13:00,N,31.45,27519.0,15668.0,0.5012071945697001
2025-07-21T19:00:00Z,2025-07-21,14,14:00:00,2025-07-21,14:00,N,37.6,27656.0,15235.0,0.5275386199260279
2025-07-21T20:00:00Z,2025-07-21,15,15:00:00,2025-07-21,15:00,N,42.57,27172.0,15225.0,0.5319196804283407
2025-07-21T21:00:00Z,2025-07-21,16,16:00:00,2025-07-21,16:00,N,39.12,26047.0,16040.0,0.5323173655528971
2025-07-21T22:00:00Z,2025-07-21,17,17:00:00,2025-07-21,17:00,N,38.9,24708.0,17462.0,0.5355246099533498
2025-07-21T23:00:00Z,2025-07-21,18,18:00:00,2025-07-21,18:00,N,37.35,21668.0,19857.0,0.5437262251437441
2025-07-22T00:00:00Z,2025-07-21,19,19:00:00,2025-07-21,19:00,N,40.2,15954.0,22007.0,0.5931980321455708
2025-07-22T01:00:00Z,2025-07-21,20,20:00:00,2025-07-21,20:00,N,60.88,6782.0,23777.0,0.6668849412225405
2025-07-22T02:00:00Z,2025-07-21,21,21:00:00,2025-07-21,21:00,N,68.31,662.0,24476.0,0.7177202645917258
2025-07-22T03:00:00Z,2025-07-21,22,22:00:00,2025-07-21,22:00,N,51.83,0.0,24729.0,0.7306062698096181
2025-07-22T04:00:00Z,2025-07-21,23,23:00:00,2025-07-21,23:00,N,43.96,0.0,24874.0,0.7325781455622972
2025-07-22T05:00:00Z,2025-07-21,24,00:00:00,2025-07-21,24:00,N,31.19,0.0,24258.0,0.7341255753619216
2025-07-22T06:00:00Z,2025-07-22,1,01:00:00,2025-07-22,01:00,N,27.19,0.0,23622.0,0.7289106999686397
2025-07-22T07:00:00Z,2025-07-22,2,02:00:00,2025-07-22,02:00,N,24.33,0.0,23162.0,0.7192502983747207
2025-07-22T08:00:00Z,2025-07-22,3,03:00:00,2025-07-22,03:00,N,23.91,0.0,22882.0,0.6921800905594144
2025-07-22T09:00:00Z,2025-07-22,4,04:00:00,2025-07-22,04:00,N,22.39,0.0,22770.0,0.671229152296647
2025-07-22T10:00:00Z,2025-07-22,5,05:00:00,2025-07-22,05:00,N,22.37,0.0,21864.0,0.6977032859788759
2025-07-22T11:00:00Z,2025-07-22,6,06:00:00,2025-07-22,06:00,N,23.84,0.0,21927.0,0.697966024825771
2025-07-22T12:00:00Z,2025-07-22,7,07:00:00,2025-07-22,07:00,N,25.37,77.0,21664.0,0.7051518732822217
2025-07-22T13:00:00Z,2025-07-22,8,08:00:00,2025-07-22,08:00,N,22.04,4667.0,20831.0,0.6447927215380811
2025-07-22T14:00:00Z,2025-07-22,9,09:00:00,2025-07-22,09:00,N,18.13,16234.0,20241.0,0.48591285722167726
2025-07-22T15:00:00Z,2025-07-22,10,10:00:00,2025-07-22,10:00,N,16.49,22047.0,20966.0,0.39424907820312977
2025-07-22T16:00:00Z,2025-07-22,11,11:00:00,2025-07-22,11:00,N,19.57,24399.0,20125.0,0.3748484983405729
2025-07-22T17:00:00Z,2025-07-22,12,12:00:00,2025-07-22,12:00,N,25.15,26064.0,19084.0,0.4016670303946886
2025-07-22T18:00:00Z,2025-07-22,13,13:00:00,2025-07-22,13:00,N,31.17,27164.0,18128.0,0.4432147708420247
2025-07-22T19:00:00Z,2025-07-22,14,14:00:00,2025-07-22,14:00,N,35.2,26897.0,17384.0,0.4874906755445994
2025-07-22T20:00:00Z,2025-07-22,15,15:00:00,2025-07-22,15:00,N,37.02,26472.0,17630.0,0.49752817557265927
2025-07-22T21:00:00Z,2025-07-22,16,16:00:00,2025-07-22,16:00,N,40.0,24820.0,17483.0,0.5236206240316343
2025-07-22T22:00:00Z,2025-07-22,17,17:00:00,2025-07-22,17:00,N,39.3,23217.0,18482.0,0.534540494575411
2025-07-22T23:00:00Z,2025-07-22,18,18:00:00,2025-07-22,18:00,N,38.19,20225.0,20617.0,0.5487391507273401
2025-07-23T00:00:00Z,2025-07-22,19,19:00:00,2025-07-22,19:00,N,37.93,15121.0,22955.0,0.5867543095621498
2025-07-23T01:00:00Z,2025-07-22,20,20:00:00,2025-07-22,20:00,N,59.05,6600.0,23256.0,0.6844431960444308
2025-07-23T02:00:00Z,2025-07-22,21,21:00:00,2025-07-22,21:00,N,60.86,373.0,21733.0,0.7524615680143363
2025-07-23T03:00:00Z,2025-07-22,22,22:00:00,2025-07-22,22:00,N,55.99,2.0,21158.0,0.7710487654495093
2025-07-23T04:00:00Z,2025-07-22,23,23:00:00,2025-07-22,23:00,N,38.8,0.0,19336.0,0.8154532864520431
2025-07-23T05:00:00Z,2025-07-22,24,00:00:00,2025-07-22,24:00,N,31.74,0.0,18625.0,0.8306238510378204
2025-07-23T06:00:00Z,2025-07-23,1,01:00:00,2025-07-23,01:00,N,28.67,0.0,20026.0,0.7953251742455062
2025-07-23T07:00:00Z,2025-07-23,2,02:00:00,2025-07-23,02:00,N,26.82,0.0,19525.0,0.7746493336524253
2025-07-23T08:00:00Z,2025-07-23,3,03:00:00,2025-07-23,03:00,N,24.78,1.0,18548.0,0.7774230386601558
2025-07-23T09:00:00Z,2025-07-23,4,04:00:00,2025-07-23,04:00,N,23.55,1.0,17048.0,0.8006906598048
2025-07-23T10:00:00Z,2025-07-23,5,05:00:00,2025-07-23,05:00,N,23.19,1.0,15753.0,0.8390306424751935
2025-07-23T11:00:00Z,2025-07-23,6,06:00:00,2025-07-23,06:00,N,24.97,1.0,14691.0,0.866681906828548
2025-07-23T12:00:00Z,2025-07-23,7,07:00:00,2025-07-23,07:00,N,25.69,70.0,13375.0,0.888498824054795
2025-07-23T13:00:00Z,2025-07-23,8,08:00:00,2025-07-23,08:00,N,22.79,4527.0,13063.0,0.8124317506391121
2025-07-23T14:00:00Z,2025-07-23,9,09:00:00,2025-07-23,09:00,N,17.47,15277.0,13310.0,0.6069419225609769
2025-07-23T15:00:00Z,2025-07-23,10,10:00:00,2025-07-23,10:00,N,16.45,20728.0,16582.0,0.48942272709389334
2025-07-23T16:00:00Z,2025-07-23,11,11:00:00,2025-07-23,11:00,N,18.71,23342.0,18601.0,0.43962984852003406
2025-07-23T17:00:00Z,2025-07-23,12,12:00:00,2025-07-23,12:00,N,24.11,25024.0,17042.0,0.4633133665873599
2025-07-23T18:00:00Z,2025-07-23,13,13:00:00,2025-07-23,13:00,N,30.53,26498.0,14655.0,0.5110579558985101
2025-07-23T19:00:00Z,2025-07-23,14,14:00:00,2025-07-23,14:00,N,37.13,27282.0,13225.0,0.5437579022259689
2025-07-23T20:00:00Z,2025-07-23,15,15:00:00,2025-07-23,15:00,N,39.98,27152.0,13169.0,0.5534481676941612
2025-07-23T21:00:00Z,2025-07-23,16,16:00:00,2025-07-23,16:00,N,42.12,25606.0,15398.0,0.5523255865280293
2025-07-23T22:00:00Z,2025-07-23,17,17:00:00,2025-07-23,17:00,N,40.96,24189.0,17548.0,0.546339816879535
2025-07-23T23:00:00Z,2025-07-23,18,18:00:00,2025-07-23,18:00,N,37.89,22272.0,19315.0,0.5477374568039298
2025-07-24T00:00:00Z,2025-07-23,19,19:00:00,2025-07-23,19:00,N,37.41,18338.0,21045.0,0.5699393148843581
2025-07-24T01:00:00Z,2025-07-23,20,20:00:00,2025-07-23,20:00,N,64.18,7399.0,21982.0,0.687024096357871
2025-07-24T02:00:00Z,2025-07-23,21,21:00:00,2025-07-23,21:00,N,76.23,404.0,21251.0,0.7617603528502269
2025-07-24T03:00:00Z,2025-07-23,22,22:00:00,2025-07-23,22:00,N,51.32,0.0,22266.0,0.7719092914318628
2025-07-24T04:00:00Z,2025-07-23,23,23:00:00,2025-07-23,23:00,N,40.35,0.0,23162.0,0.7627528917072365
2025-07-24T05:00:00Z,2025-07-23,24,00:00:00,2025-07-23,24:00,N,30.29,0.0,23037.0,0.7357932167579754
2025-07-24T06:00:00Z,2025-07-24,1,01:00:00,2025-07-24,01:00,N,25.2,0.0,22298.0,0.723875418655692
2025-07-24T07:00:00Z,2025-07-24,2,02:00:00,2025-07-24,02:00,N,22.88,0.0,20097.0,0.7453416047081929
2025-07-24T08:00:00Z,2025-07-24,3,03:00:00,2025-07-24,03:00,N,21.76,0.0,18168.0,0.7728689406360378
2025-07-24T09:00:00Z,2025-07-24,4,04:00:00,2025-07-24,04:00,N,21.36,0.0,18277.0,0.7567142825772579
2025-07-24T10:00:00Z,2025-07-24,5,05:00:00,2025-07-24,05:00,N,20.97,0.0,17896.0,0.750305876014641
2025-07-24T11:00:00Z,2025-07-24,6,06:00:00,2025-07-24,06:00,N,21.44,0.0,17439.0,0.7688385233307226
2025-07-24T12:00:00Z,2025-07-24,7,07:00:00,2025-07-24,07:00,N,23.83,51.0,16857.0,0.7898801983862939
2025-07-24T13:00:00Z,2025-07-24,8,08:00:00,2025-07-24,08:00,N,21.48,4938.0,15562.0,0.7256706339937005
2025-07-24T14:00:00Z,2025-07-24,9,09:00:00,2025-07-24,09:00,N,16.27,18246.0,13500.0,0.5487147349997832
2025-07-24T15:00:00Z,2025-07-24,10,10:00:00,2025-07-24,10:00,N,15.81,24667.0,14290.0,0.4515556894289235
2025-07-24T16:00:00Z,2025-07-24,11,11:00:00,2025-07-24,11:00,N,18.05,26969.0,11780.0,0.4749398101923974
2025-07-24T17:00:00Z,2025-07-24,12,12:00:00,2025-07-24,12:00,N,26.19,28082.0,8349.0,0.5388281526194413
2025-07-24T18:00:00Z,2025-07-24,13,13:00:00,2025-07-24,13:00,N,33.0,28177.0,5995.0,0.6133306217272753
2025-07-24T19:00:00Z,2025-07-24,14,14:00:00,2025-07-24,14:00,N,41.58,28086.0,4502.0,0.6746641432083166
2025-07-24T20:00:00Z,2025-07-24,15,15:00:00,2025-07-24,15:00,N,49.64,27498.0,4740.0,0.6746817101897296
2025-07-24T21:00:00Z,2025-07-24,16,16:00:00,2025-07-24,16:00,N,49.21,25956.0,5765.0,0.6820316868373756
2025-07-24T22:00:00Z,2025-07-24,17,17:00:00,2025-07-24,17:00,N,49.03,24514.0,7433.0,0.6701271978649904
2025-07-24T23:00:00Z,2025-07-24,18,18:00:00,2025-07-24,18:00,N,50.92,21657.0,9791.0,0.6789486296208745
2025-07-25T00:00:00Z,2025-07-24,19,19:00:00,2025-07-24,19:00,N,60.64,17099.0,11635.0,0.7070077077775356
2025-07-25T01:00:00Z,2025-07-24,20,20:00:00,2025-07-24,20:00,N,114.49,7853.0,14302.0,0.7773663512926158
2025-07-25T02:00:00Z,2025-07-24,21,21:00:00,2025-07-24,21:00,N,127.27,440.0,17255.0,0.8112453274021874
2025-07-25T03:00:00Z,2025-07-24,22,22:00:00,2025-07-24,22:00,N,82.74,0.0,19874.0,0.8043211421479113
2025-07-25T04:00:00Z,2025-07-24,23,23:00:00,2025-07-24,23:00,N,47.98,0.0,19521.0,0.8189864879104186
2025-07-25T05:00:00Z,2025-07-24,24,00:00:00,2025-07-24,24:00,N,36.13,0.0,18871.0,0.8116054875841414
2025-07-25T06:00:00Z,2025-07-25,1,01:00:00,2025-07-25,01:00,N,30.27,0.0,15936.0,0.8362031697672851
2025-07-25T07:00:00Z,2025-07-25,2,02:00:00,2025-07-25,02:00,N,28.7,0.0,12899.0,0.8701221445683246
2025-07-25T08:00:00Z,2025-07-25,3,03:00:00,2025-07-25,03:00,N,25.83,0.0,9747.0,0.9466803194955443
2025-07-25T09:00:00Z,2025-07-25,4,04:00:00,2025-07-25,04:00,N,26.2,1.0,6569.0,1.003409982601214
2025-07-25T10:00:00Z,2025-07-25,5,05:00:00,2025-07-25,05:00,N,28.41,1.0,5473.0,1.022113113556297
2025-07-25T11:00:00Z,2025-07-25,6,06:00:00,2025-07-25,06:00,N,32.1,1.0,5253.0,1.0160848521815329
2025-07-25T12:00:00Z,2025-07-25,7,07:00:00,2025-07-25,07:00,N,34.26,25.0,4595.0,1.017588416820113
2025-07-25T13:00:00Z,2025-07-25,8,08:00:00,2025-07-25,08:00,N,29.77,3359.0,4123.0,0.9760341374557908
2025-07-25T14:00:00Z,2025-07-25,9,09:00:00,2025-07-25,09:00,N,23.77,13843.0,2614.0,0.8204996657834536
2025-07-25T15:00:00Z,2025-07-25,10,10:00:00,2025-07-25,10:00,N,22.17,18308.0,2175.0,0.7729306239074247
2025-07-25T16:00:00Z,2025-07-25,11,11:00:00,2025-07-25,11:00,N,25.37,21182.0,1722.0,0.7484274525222421
2025-07-25T17:00:00Z,2025-07-25,12,12:00:00,2025-07-25,12:00,N,30.84,22720.0,1146.0,0.7505635713527319
2025-07-25T18:00:00Z,2025-07-25,13,13:00:00,2025-07-25,13:00,N,38.26,23404.0,767.0,0.7499711978973366
2025-07-25T19:00:00Z,2025-07-25,14,14:00:00,2025-07-25,14:00,N,39.83,22557.0,1320.0,0.7572480361388477
2025-07-25T20:00:00Z,2025-07-25,15,15:00:00,2025-07-25,15:00,N,46.44,21443.0,2111.0,0.7593573525016689
2025-07-25T21:00:00Z,2025-07-25,16,16:00:00,2025-07-25,16:00,N,48.85,19474.0,2991.0,0.7779848342268845
2025-07-25T22:00:00Z,2025-07-25,17,17:00:00,2025-07-25,17:00,N,57.72,18515.0,3998.0,0.7781924400272558
2025-07-25T23:00:00Z,2025-07-25,18,18:00:00,2025-07-25,18:00,N,65.37,14807.0,5207.0,0.8046710423758854
2025-07-26T00:00:00Z,2025-07-25,19,19:00:00,2025-07-25,19:00,N,71.89,11166.0,6299.0,0.8358422981945636
2025-07-26T01:00:00Z,2025-07-25,20,20:00:00,2025-07-25,20:00,N,120.41,6014.0,6792.0,0.8627838637922582
2025-07-26T02:00:00Z,2025-07-25,21,21:00:00,2025-07-25,21:00,N,105.72,593.0,8145.0,0.8909130957294521
2025-07-26T03:00:00Z,2025-07-25,22,22:00:00,2025-07-25,22:00,N,63.48,0.0,9610.0,0.8969852611325166
2025-07-26T04:00:00Z,2025-07-25,23,23:00:00,2025-07-25,23:00,N,47.89,0.0,11542.0,0.8963594661410076
2025-07-26T05:00:00Z,2025-07-25,24,00:00:00,2025-07-25,24:00,N,37.02,0.0,12387.0,0.8827078004154798
2025-07-26T06:00:00Z,2025-07-26,1,01:00:00,2025-07-26,01:00,N,27.96,0.0,12746.0,0.8639337131393268
2025-07-26T07:00:00Z,2025-07-26,2,02:00:00,2025-07-26,02:00,N,25.34,0.0,12658.0,0.8587546309339421
2025-07-26T08:00:00Z,2025-07-26,3,03:00:00,2025-07-26,03:00,N,24.43,0.0,12856.0,0.8440858348628053
2025-07-26T09:00:00Z,2025-07-26,4,04:00:00,2025-07-26,04:00,N,24.45,0.0,13068.0,0.8177153051120531
2025-07-26T10:00:00Z,2025-07-26,5,05:00:00,2025-07-26,05:00,N,24.06,0.0,12801.0,0.7977449616992105
2025-07-26T11:00:00Z,2025-07-26,6,06:00:00,2025-07-26,06:00,N,24.18,0.0,12062.0,0.8213049318467883
2025-07-26T12:00:00Z,2025-07-26,7,07:00:00,2025-07-26,07:00,N,22.25,30.0,11754.0,0.8327490688188753
2025-07-26T13:00:00Z,2025-07-26,8,08:00:00,2025-07-26,08:00,N,20.29,3318.0,11024.0,0.7774503695967849
2025-07-26T14:00:00Z,2025-07-26,9,09:00:00,2025-07-26,09:00,N,18.73,13307.0,8488.0,0.6507427471586852
2025-07-26T15:00:00Z,2025-07-26,10,10:00:00,2025-07-26,10:00,N,18.77,20971.0,8883.0,0.5511075300878571
2025-07-26T16:00:00Z,2025-07-26,11,11:00:00,2025-07-26,11:00,N,20.01,24196.0,9565.0,0.49906034066639293
2025-07-26T17:00:00Z,2025-07-26,12,12:00:00,2025-07-26,12:00,N,24.47,24142.0,9004.0,0.5330887583150822
2025-07-26T18:00:00Z,2025-07-26,13,13:00:00,2025-07-26,13:00,N,30.83,23362.0,7655.0,0.6057482706334172
2025-07-26T19:00:00Z,2025-07-26,14,14:00:00,2025-07-26,14:00,N,35.45,23079.0,6159.0,0.6467193778966954
2025-07-26T20:00:00Z,2025-07-26,15,15:00:00,2025-07-26,15:00,N,35.96,22296.0,5879.0,0.6726241909102326
2025-07-26T21:00:00Z,2025-07-26,16,16:00:00,2025-07-26,16:00,N,39.59,20671.0,6995.0,0.6876167760228246
2025-07-26T22:00:00Z,2025-07-26,17,17:00:00,2025-07-26,17:00,N,39.32,17926.0,9002.0,0.685428415190687
2025-07-26T23:00:00Z,2025-07-26,18,18:00:00,2025-07-26,18:00,N,38.81,17541.0,11256.0,0.6599963066692075
2025-07-27T00:00:00Z,2025-07-26,19,19:00:00,2025-07-26,19:00,N,42.03,14601.0,14727.0,0.6435494163281054
2025-07-27T01:00:00Z,2025-07-26,20,20:00:00,2025-07-26,20:00,N,48.41,6477.0,18171.0,0.6737275343358843
2025-07-27T02:00:00Z,2025-07-26,21,21:00:00,2025-07-26,21:00,N,44.03,544.0,18270.0,0.7153780713132547
2025-07-27T03:00:00Z,2025-07-26,22,22:00:00,2025-07-26,22:00,N,33.56,0.0,18723.0,0.7294264373549392
2025-07-27T04:00:00Z,2025-07-26,23,23:00:00,2025-07-26,23:00,N,27.59,0.0,18964.0,0.7351485318230706
2025-07-27T05:00:00Z,2025-07-26,24,00:00:00,2025-07-26,24:00,N,23.59,0.0,20384.0,0.7137234351416045
2025-07-27T06:00:00Z,2025-07-27,1,01:00:00,2025-07-27,01:00,N,23.36,0.0,21497.0,0.6705455910713577
2025-07-27T07:00:00Z,2025-07-27,2,02:00:00,2025-07-27,02:00,N,22.41,0.0,21803.0,0.6305249586001648
2025-07-27T08:00:00Z,2025-07-27,3,03:00:00,2025-07-27,03:00,N,21.8,0.0,22036.0,0.6102243369190039
2025-07-27T09:00:00Z,2025-07-27,4,04:00:00,2025-07-27,04:00,N,21.05,0.0,21040.0,0.6201003655687904
2025-07-27T10:00:00Z,2025-07-27,5,05:00:00,2025-07-27,05:00,N,21.8,0.0,19586.0,0.642337623953068
2025-07-27T11:00:00Z,2025-07-27,6,06:00:00,2025-07-27,06:00,N,21.68,0.0,16875.0,0.7035070861652426
2025-07-27T12:00:00Z,2025-07-27,7,07:00:00,2025-07-27,07:00,N,19.14,16.0,14866.0,0.764011298191938
2025-07-27T13:00:00Z,2025-07-27,8,08:00:00,2025-07-27,08:00,N,18.22,3250.0,13611.0,0.7250967116266425
2025-07-27T14:00:00Z,2025-07-27,9,09:00:00,2025-07-27,09:00,N,14.58,14415.0,12910.0,0.5536351267823721
2025-07-27T15:00:00Z,2025-07-27,10,10:00:00,2025-07-27,10:00,N,12.29,20350.0,16413.0,0.4294548890031988
2025-07-27T16:00:00Z,2025-07-27,11,11:00:00,2025-07-27,11:00,N,14.55,22021.0,16517.0,0.40644647564186137
2025-07-27T17:00:00Z,2025-07-27,12,12:00:00,2025-07-27,12:00,N,17.18,23399.0,15936.0,0.42480147426093484
2025-07-27T18:00:00Z,2025-07-27,13,13:00:00,2025-07-27,13:00,N,20.91,24121.0,15973.0,0.445684618621248
2025-07-27T19:00:00Z,2025-07-27,14,14:00:00,2025-07-27,14:00,N,21.57,23719.0,16809.0,0.4654738915750454
2025-07-27T20:00:00Z,2025-07-27,15,15:00:00,2025-07-27,15:00,N,21.74,22666.0,17398.0,0.49158188727808255
2025-07-27T21:00:00Z,2025-07-27,16,16:00:00,2025-07-27,16:00,N,23.22,21923.0,17847.0,0.5078560352551003
2025-07-27T22:00:00Z,2025-07-27,17,17:00:00,2025-07-27,17:00,N,24.82,20717.0,18054.0,0.5321591072199513
2025-07-27T23:00:00Z,2025-07-27,18,18:00:00,2025-07-27,18:00,N,26.54,18209.0,19286.0,0.5561309014580285
2025-07-28T00:00:00Z,2025-07-27,19,19:00:00,2025-07-27,19:00,N,31.64,14794.0,20700.0,0.5698842545459103
2025-07-28T01:00:00Z,2025-07-27,20,20:00:00,2025-07-27,20:00,N,45.24,7135.0,21008.0,0.6516496033835236
2025-07-28T02:00:00Z,2025-07-27,21,21:00:00,2025-07-27,21:00,N,51.73,663.0,18904.0,0.71616639269091
2025-07-28T03:00:00Z,2025-07-27,22,22:00:00,2025-07-27,22:00,N,41.86,0.0,17685.0,0.7557187192614668
2025-07-28T04:00:00Z,2025-07-27,23,23:00:00,2025-07-27,23:00,N,31.49,0.0,18225.0,0.7705580157502732
2025-07-28T05:00:00Z,2025-07-27,24,00:00:00,2025-07-27,24:00,N,25.96,0.0,17920.0,0.7673567031440052
2025-07-28T06:00:00Z,2025-07-28,1,01:00:00,2025-07-28,01:00,N,25.84,0.0,17821.0,0.7538346332011691
2025-07-28T07:00:00Z,2025-07-28,2,02:00:00,2025-07-28,02:00,N,24.15,0.0,17308.0,0.7414923035811125
2025-07-28T08:00:00Z,2025-07-28,3,03:00:00,2025-07-28,03:00,N,22.44,0.0,16936.0,0.7348208281844746
2025-07-28T09:00:00Z,2025-07-28,4,04:00:00,2025-07-28,04:00,N,21.88,1.0,16593.0,0.7280377660938091
2025-07-28T10:00:00Z,2025-07-28,5,05:00:00,2025-07-28,05:00,N,22.94,0.0,15949.0,0.7340801667421167
2025-07-28T11:00:00Z,2025-07-28,6,06:00:00,2025-07-28,06:00,N,24.96,0.0,14862.0,0.7711455775544261
2025-07-28T12:00:00Z,2025-07-28,7,07:00:00,2025-07-28,07:00,N,26.93,39.0,13755.0,0.8232170482775922
2025-07-28T13:00:00Z,2025-07-28,8,08:00:00,2025-07-28,08:00,N,25.0,4423.0,12259.0,0.78571944337798
2025-07-28T14:00:00Z,2025-07-28,9,09:00:00,2025-07-28,09:00,N,17.69,17316.0,10750.0,0.6017292935396031
2025-07-28T15:00:00Z,2025-07-28,10,10:00:00,2025-07-28,10:00,N,16.09,24340.0,12950.0,0.4854547482459629
2025-07-28T16:00:00Z,2025-07-28,11,11:00:00,2025-07-28,11:00,N,17.73,26607.0,12409.0,0.4766584743863504
2025-07-28T17:00:00Z,2025-07-28,12,12:00:00,2025-07-28,12:00,N,23.72,27369.0,10955.0,0.5020245847865805
2025-07-28T18:00:00Z,2025-07-28,13,13:00:00,2025-07-28,13:00,N,29.68,27323.0,11016.0,0.5375771373535948
2025-07-28T19:00:00Z,2025-07-28,14,14:00:00,2025-07-28,14:00,N,31.74,27203.0,11862.0,0.5535708573458621
2025-07-28T20:00:00Z,2025-07-28,15,15:00:00,2025-07-28,15:00,N,32.03,26397.0,12632.0,0.5601537559094674
2025-07-28T21:00:00Z,2025-07-28,16,16:00:00,2025-07-28,16:00,N,33.89,24892.0,13046.0,0.5771559010702658
2025-07-28T22:00:00Z,2025-07-28,17,17:00:00,2025-07-28,17:00,N,35.09,24357.0,13101.0,0.5812700064514157
2025-07-28T23:00:00Z,2025-07-28,18,18:00:00,2025-07-28,18:00,N,33.91,23754.0,13690.0,0.580679756938849
2025-07-29T00:00:00Z,2025-07-28,19,19:00:00,2025-07-28,19:00,N,36.75,20418.0,14808.0,0.6081760717691912
2025-07-29T01:00:00Z,2025-07-28,20,20:00:00,2025-07-28,20:00,N,69.55,8907.0,16004.0,0.6989979640802999
2025-07-29T02:00:00Z,2025-07-28,21,21:00:00,2025-07-28,21:00,N,89.24,554.0,15838.0,0.7522866138852674
2025-07-29T03:00:00Z,2025-07-28,22,22:00:00,2025-07-28,22:00,N,56.22,0.0,16362.0,0.7751209412608343
2025-07-29T04:00:00Z,2025-07-28,23,23:00:00,2025-07-28,23:00,N,43.48,0.0,17167.0,0.7903120045523765
2025-07-29T05:00:00Z,2025-07-28,24,00:00:00,2025-07-28,24:00,N,33.09,0.0,17831.0,0.779432544721499
2025-07-29T06:00:00Z,2025-07-29,1,01:00:00,2025-07-29,01:00,N,25.18,0.0,18267.0,0.7594051848564318
2025-07-29T07:00:00Z,2025-07-29,2,02:00:00,2025-07-29,02:00,N,23.23,0.0,17613.0,0.7358977451446589
2025-07-29T08:00:00Z,2025-07-29,3,03:00:00,2025-07-29,03:00,N,21.73,1.0,15592.0,0.7504156782935768
2025-07-29T09:00:00Z,2025-07-29,4,04:00:00,2025-07-29,04:00,N,21.29,1.0,14024.0,0.7791918265957414
2025-07-29T10:00:00Z,2025-07-29,5,05:00:00,2025-07-29,05:00,N,21.64,0.0,12688.0,0.8116078937708141
2025-07-29T11:00:00Z,2025-07-29,6,06:00:00,2025-07-29,06:00,N,22.79,1.0,12252.0,0.8346044159712341
2025-07-29T12:00:00Z,2025-07-29,7,07:00:00,2025-07-29,07:00,N,23.55,38.0,11988.0,0.8398409610161633
2025-07-29T13:00:00Z,2025-07-29,8,08:00:00,2025-07-29,08:00,N,20.44,4264.0,11043.0,0.7793037437842512
2025-07-29T14:00:00Z,2025-07-29,9,09:00:00,2025-07-29,09:00,N,16.25,17190.0,7832.0,0.6194090271040567
2025-07-29T15:00:00Z,2025-07-29,10,10:00:00,2025-07-29,10:00,N,14.73,24940.0,7369.0,0.535752803188737
2025-07-29T16:00:00Z,2025-07-29,11,11:00:00,2025-07-29,11:00,N,18.07,28272.0,6247.0,0.5213523663225482
2025-07-29T17:00:00Z,2025-07-29,12,12:00:00,2025-07-29,12:00,N,24.0,29275.0,5455.0,0.5400336739935031
2025-07-29T18:00:00Z,2025-07-29,13,13:00:00,2025-07-29,13:00,N,30.26,29044.0,6001.0,0.571342304725886
2025-07-29T19:00:00Z,2025-07-29,14,14:00:00,2025-07-29,14:00,N,36.35,28922.0,6671.0,0.5882957306032712
2025-07-29T20:00:00Z,2025-07-29,15,15:00:00,2025-07-29,15:00,N,39.07,28576.0,7246.0,0.5904983450889754
2025-07-29T21:00:00Z,2025-07-29,16,16:00:00,2025-07-29,16:00,N,43.54,28472.0,7212.0,0.5907594879203608
2025-07-29T22:00:00Z,2025-07-29,17,17:00:00,2025-07-29,17:00,N,45.14,27777.0,7389.0,0.5999503605360055
2025-07-29T23:00:00Z,2025-07-29,18,18:00:00,2025-07-29,18:00,N,46.27,26232.0,7631.0,0.615294616556897
2025-07-30T00:00:00Z,2025-07-29,19,19:00:00,2025-07-29,19:00,N,52.31,21694.0,8023.0,0.6627718955921685
2025-07-30T01:00:00Z,2025-07-29,20,20:00:00,2025-07-29,20:00,N,92.13,9214.0,9140.0,0.7633952244742108
2025-07-30T02:00:00Z,2025-07-29,21,21:00:00,2025-07-29,21:00,N,133.48,573.0,10182.0,0.8194584646277628
2025-07-30T03:00:00Z,2025-07-29,22,22:00:00,2025-07-29,22:00,N,82.24,0.0,12355.0,0.826822855344999
2025-07-30T04:00:00Z,2025-07-29,23,23:00:00,2025-07-29,23:00,N,48.65,0.0,14218.0,0.8410645062867997
2025-07-30T05:00:00Z,2025-07-29,24,00:00:00,2025-07-29,24:00,N,36.68,0.0,15318.0,0.8250083733169973
2025-07-30T06:00:00Z,2025-07-30,1,01:00:00,2025-07-30,01:00,N,29.19,0.0,15653.0,0.8086041017651676
2025-07-30T07:00:00Z,2025-07-30,2,02:00:00,2025-07-30,02:00,N,25.95,0.0,15731.0,0.7795673725168056
2025-07-30T08:00:00Z,2025-07-30,3,03:00:00,2025-07-30,03:00,N,23.55,1.0,15013.0,0.7670826067909136
2025-07-30T09:00:00Z,2025-07-30,4,04:00:00,2025-07-30,04:00,N,21.85,1.0,13877.0,0.7815930955277614
2025-07-30T10:00:00Z,2025-07-30,5,05:00:00,2025-07-30,05:00,N,22.03,1.0,13119.0,0.7837479749028489
2025-07-30T11:00:00Z,2025-07-30,6,06:00:00,2025-07-30,06:00,N,24.18,1.0,11823.0,0.8170378476565111
2025-07-30T12:00:00Z,2025-07-30,7,07:00:00,2025-07-30,07:00,N,25.33,28.0,11095.0,0.8375110401169168
2025-07-30T13:00:00Z,2025-07-30,8,08:00:00,2025-07-30,08:00,N,23.07,4113.0,9284.0,0.7948631337825266
2025-07-30T14:00:00Z,2025-07-30,9,09:00:00,2025-07-30,09:00,N,18.77,16417.0,5844.0,0.6472263957789843
2025-07-30T15:00:00Z,2025-07-30,10,10:00:00,2025-07-30,10:00,N,19.46,24338.0,3120.0,0.5793009293352925
2025-07-30T16:00:00Z,2025-07-30,11,11:00:00,2025-07-30,11:00,N,21.61,27922.0,2807.0,0.5508094819132865
2025-07-30T17:00:00Z,2025-07-30,12,12:00:00,2025-07-30,12:00,N,29.16,28259.0,3004.0,0.5664968825594708
2025-07-30T18:00:00Z,2025-07-30,13,13:00:00,2025-07-30,13:00,N,37.69,28653.0,2402.0,0.6170071911197473
2025-07-30T19:00:00Z,2025-07-30,14,14:00:00,2025-07-30,14:00,N,49.2,28148.0,2375.0,0.6534236927377877
2025-07-30T20:00:00Z,2025-07-30,15,15:00:00,2025-07-30,15:00,N,57.44,27798.0,2337.0,0.6700579397023817
2025-07-30T21:00:00Z,2025-07-30,16,16:00:00,2025-07-30,16:00,N,70.2,27669.0,2904.0,0.6690493585086091
2025-07-30T22:00:00Z,2025-07-30,17,17:00:00,2025-07-30,17:00,N,88.73,26951.0,3640.0,0.6652627604959491
2025-07-30T23:00:00Z,2025-07-30,18,18:00:00,2025-07-30,18:00,N,78.35,24304.0,4078.0,0.6940113841646461
2025-07-31T00:00:00Z,2025-07-30,19,19:00:00,2025-07-30,19:00,N,132.76,18812.0,4401.0,0.745340393142382
2025-07-31T01:00:00Z,2025-07-30,20,20:00:00,2025-07-30,20:00,N,460.37,8254.0,5882.0,0.8057937142588897
2025-07-31T02:00:00Z,2025-07-30,21,21:00:00,2025-07-30,21:00,N,463.3,463.0,7229.0,0.8594874996762162
2025-07-31T03:00:00Z,2025-07-30,22,22:00:00,2025-07-30,22:00,N,364.8,0.0,8803.0,0.890200960635635
2025-07-31T04:00:00Z,2025-07-30,23,23:00:00,2025-07-30,23:00,N,81.62,0.0,10453.0,0.8936877115617692
2025-07-31T05:00:00Z,2025-07-30,24,00:00:00,2025-07-30,24:00,N,44.78,0.0,11779.0,0.8694912878798865
2025-07-31T06:00:00Z,2025-07-31,1,01:00:00,2025-07-31,01:00,N,31.53,0.0,13683.0,0.8396781574991072
2025-07-31T07:00:00Z,2025-07-31,2,02:00:00,2025-07-31,02:00,N,27.27,0.0,14407.0,0.8279006809277387
2025-07-31T08:00:00Z,2025-07-31,3,03:00:00,2025-07-31,03:00,N,24.43,0.0,13146.0,0.8406522810676954
2025-07-31T09:00:00Z,2025-07-31,4,04:00:00,2025-07-31,04:00,N,24.19,1.0,11592.0,0.8654595558117327
2025-07-31T10:00:00Z,2025-07-31,5,05:00:00,2025-07-31,05:00,N,24.23,1.0,9970.0,0.8943972088861857
2025-07-31T11:00:00Z,2025-07-31,6,06:00:00,2025-07-31,06:00,N,26.71,1.0,8411.0,0.9161626495997623
2025-07-31T12:00:00Z,2025-07-31,7,07:00:00,2025-07-31,07:00,N,26.18,18.0,7805.0,0.9182290113370963
2025-07-31T13:00:00Z,2025-07-31,8,08:00:00,2025-07-31,08:00,N,25.48,3401.0,6798.0,0.8846806847779358
2025-07-31T14:00:00Z,2025-07-31,9,09:00:00,2025-07-31,09:00,N,20.84,14227.0,4366.0,0.7592543555579336
2025-07-31T15:00:00Z,2025-07-31,10,10:00:00,2025-07-31,10:00,N,19.57,20632.0,3196.0,0.6897925970520065
2025-07-31T16:00:00Z,2025-07-31,11,11:00:00,2025-07-31,11:00,N,22.81,23044.0,2488.0,0.6883133112413109
2025-07-31T17:00:00Z,2025-07-31,12,12:00:00,2025-07-31,12:00,N,28.04,24103.0,2058.0,0.6990876313152169
2025-07-31T18:00:00Z,2025-07-31,13,13:00:00,2025-07-31,13:00,N,36.46,25192.0,1906.0,0.7012702932572039
2025-07-31T19:00:00Z,2025-07-31,14,14:00:00,2025-07-31,14:00,N,44.44,26155.0,1938.0,0.6989028139360302
2025-07-31T20:00:00Z,2025-07-31,15,15:00:00,2025-07-31,15:00,N,50.01,25317.0,2511.0,0.7053945821288224
2025-07-31T21:00:00Z,2025-07-31,16,16:00:00,2025-07-31,16:00,N,57.9,24496.0,3747.0,0.7006796367096575
2025-07-31T22:00:00Z,2025-07-31,17,17:00:00,2025-07-31,17:00,N,68.18,23399.0,5182.0,0.68937511936668
2025-07-31T23:00:00Z,2025-07-31,18,18:00:00,2025-07-31,18:00,N,60.7,21051.0,7408.0,0.6947096026030782
2025-08-01T00:00:00Z,2025-07-31,19,19:00:00,2025-07-31,19:00,N,99.46,16503.0,8714.0,0.7266472799831913
2025-08-01T01:00:00Z,2025-07-31,20,20:00:00,2025-07-31,20:00,N,189.13,6609.0,9554.0,0.7960280028774738
2025-08-01T02:00:00Z,2025-07-31,21,21:00:00,2025-07-31,21:00,N,179.55,563.0,9899.0,0.8311140199687505
2025-08-01T03:00:00Z,2025-07-31,22,22:00:00,2025-07-31,22:00,N,91.95,22.0,10217.0,0.8739286529839773
2025-08-01T04:00:00Z,2025-07-31,23,23:00:00,2025-07-31,23:00,N,64.4,0.0,10426.0,0.9033535563497604
2025-08-01T05:00:00Z,2025-07-31,24,00:00:00,2025-07-31,24:00,N,44.15,0.0,10629.0,0.8954786861479116
2025-08-01T06:00:00Z,2025-08-01,1,01:00:00,2025-08-01,01:00,N,36.58,0.0,9836.0,0.9027607120718771
2025-08-01T07:00:00Z,2025-08-01,2,02:00:00,2025-08-01,02:00,N,34.18,1.0,8900.0,0.9152571267601265
2025-08-01T08:00:00Z,2025-08-01,3,03:00:00,2025-08-01,03:00,N,33.88,1.0,7788.0,0.9232483819884905
2025-08-01T09:00:00Z,2025-08-01,4,04:00:00,2025-08-01,04:00,N,29.44,0.0,6772.0,0.936688041791505
2025-08-01T10:00:00Z,2025-08-01,5,05:00:00,2025-08-01,05:00,N,29.78,1.0,6212.0,0.945060513197466
2025-08-01T11:00:00Z,2025-08-01,6,06:00:00,2025-08-01,06:00,N,33.51,1.0,5698.0,0.952239187913257
2025-08-01T12:00:00Z,2025-08-01,7,07:00:00,2025-08-01,07:00,N,35.73,16.0,5847.0,0.9421305603576234
2025-08-01T13:00:00Z,2025-08-01,8,08:00:00,2025-08-01,08:00,N,30.34,2094.0,5379.0,0.9280383092357242
2025-08-01T14:00:00Z,2025-08-01,9,09:00:00,2025-08-01,09:00,N,24.07,9691.0,3765.0,0.8472271519753879
2025-08-01T15:00:00Z,2025-08-01,10,10:00:00,2025-08-01,10:00,N,22.43,16359.0,3616.0,0.7677515968177856
2025-08-01T16:00:00Z,2025-08-01,11,11:00:00,2025-08-01,11:00,N,25.4,20726.0,3044.0,0.7221558339785538
2025-08-01T17:00:00Z,2025-08-01,12,12:00:00,2025-08-01,12:00,N,30.2,23181.0,2459.0,0.7016806478231953
2025-08-01T18:00:00Z,2025-08-01,13,13:00:00,2025-08-01,13:00,N,35.94,25019.0,2314.0,0.692446195979864
2025-08-01T19:00:00Z,2025-08-01,14,14:00:00,2025-08-01,14:00,N,42.57,26223.0,2082.0,0.6891894805834505
2025-08-01T20:00:00Z,2025-08-01,15,15:00:00,2025-08-01,15:00,N,49.24,24935.0,2592.0,0.7036552903068772
2025-08-01T21:00:00Z,2025-08-01,16,16:00:00,2025-08-01,16:00,N,52.3,23286.0,3568.0,0.7145074332612974
2025-08-01T22:00:00Z,2025-08-01,17,17:00:00,2025-08-01,17:00,N,51.51,20538.0,5368.0,0.7264222828188753
2025-08-01T23:00:00Z,2025-08-01,18,18:00:00,2025-08-01,18:00,N,56.21,17161.0,6497.0,0.74669142666929
2025-08-02T00:00:00Z,2025-08-01,19,19:00:00,2025-08-01,19:00,N,78.63,13693.0,6993.0,0.7660641646941837
2025-08-02T01:00:00Z,2025-08-01,20,20:00:00,2025-08-01,20:00,N,106.63,4932.0,7127.0,0.8304342520393343
2025-08-02T02:00:00Z,2025-08-01,21,21:00:00,2025-08-01,21:00,N,103.69,305.0,7936.0,0.8789556877732866
2025-08-02T03:00:00Z,2025-08-01,22,22:00:00,2025-08-01,22:00,N,73.12,0.0,8621.0,0.9006178562583333
2025-08-02T04:00:00Z,2025-08-01,23,23:00:00,2025-08-01,23:00,N,70.0,0.0,8597.0,0.9208409207977698
2025-08-02T05:00:00Z,2025-08-01,24,00:00:00,2025-08-01,24:00,N,55.11,0.0,8054.0,0.93207923036119
2025-08-02T06:00:00Z,2025-08-02,1,01:00:00,2025-08-02,01:00,N,38.24,0.0,7953.0,0.9258132833809685
2025-08-02T07:00:00Z,2025-08-02,2,02:00:00,2025-08-02,02:00,N,36.59,0.0,7573.0,0.9384915584924611
2025-08-02T08:00:00Z,2025-08-02,3,03:00:00,2025-08-02,03:00,N,35.31,0.0,7220.0,0.9486985618574638
2025-08-02T09:00:00Z,2025-08-02,4,04:00:00,2025-08-02,04:00,N,34.49,0.0,6096.0,0.9675759398383634
2025-08-02T10:00:00Z,2025-08-02,5,05:00:00,2025-08-02,05:00,N,34.45,0.0,5419.0,0.9787545639101883
2025-08-02T11:00:00Z,2025-08-02,6,06:00:00,2025-08-02,06:00,N,34.64,0.0,4800.0,0.99103986798241
2025-08-02T12:00:00Z,2025-08-02,7,07:00:00,2025-08-02,07:00,N,37.02,7.0,3580.0,1.0093836349430476
2025-08-02T13:00:00Z,2025-08-02,8,08:00:00,2025-08-02,08:00,N,33.54,2676.0,2578.0,0.9830473145891602
2025-08-02T14:00:00Z,2025-08-02,9,09:00:00,2025-08-02,09:00,N,25.56,12385.0,1623.0,0.8429459898192436
2025-08-02T15:00:00Z,2025-08-02,10,10:00:00,2025-08-02,10:00,N,24.15,19569.0,1189.0,0.7535562564240181
2025-08-02T16:00:00Z,2025-08-02,11,11:00:00,2025-08-02,11:00,N,25.07,22844.0,1028.0,0.7156076483195519
2025-08-02T17:00:00Z,2025-08-02,12,12:00:00,2025-08-02,12:00,N,28.64,24047.0,1122.0,0.7024578090662668
2025-08-02T18:00:00Z,2025-08-02,13,13:00:00,2025-08-02,13:00,N,32.76,24616.0,1208.0,0.7050485944042953
2025-08-02T19:00:00Z,2025-08-02,14,14:00:00,2025-08-02,14:00,N,39.44,24954.0,1082.0,0.7092115235266737
2025-08-02T20:00:00Z,2025-08-02,15,15:00:00,2025-08-02,15:00,N,43.46,24114.0,1530.0,0.7183956211984575
2025-08-02T21:00:00Z,2025-08-02,16,16:00:00,2025-08-02,16:00,N,44.12,21518.0,3725.0,0.7283983376673387
2025-08-02T22:00:00Z,2025-08-02,17,17:00:00,2025-08-02,17:00,N,41.04,18382.0,5353.0,0.7474354247992199
2025-08-02T23:00:00Z,2025-08-02,18,18:00:00,2025-08-02,18:00,N,41.52,14967.0,6397.0,0.7712444607629931
2025-08-03T00:00:00Z,2025-08-02,19,19:00:00,2025-08-02,19:00,N,57.56,11503.0,7014.0,0.8082493345965294
2025-08-03T01:00:00Z,2025-08-02,20,20:00:00,2025-08-02,20:00,N,78.04,5485.0,8512.0,0.8437171732190099
2025-08-03T02:00:00Z,2025-08-02,21,21:00:00,2025-08-02,21:00,N,68.73,430.0,10207.0,0.8672802192117943
2025-08-03T03:00:00Z,2025-08-02,22,22:00:00,2025-08-02,22:00,N,56.73,0.0,10601.0,0.8718867557757852
2025-08-03T04:00:00Z,2025-08-02,23,23:00:00,2025-08-02,23:00,N,39.39,0.0,10412.0,0.8995102337318568
2025-08-03T05:00:00Z,2025-08-02,24,00:00:00,2025-08-02,24:00,N,31.35,0.0,10665.0,0.9019729016459289
2025-08-03T06:00:00Z,2025-08-03,1,01:00:00,2025-08-03,01:00,N,26.18,0.0,11419.0,0.8736809285155454
2025-08-03T07:00:00Z,2025-08-03,2,02:00:00,2025-08-03,02:00,N,25.5,0.0,11559.0,0.8723030237164937
2025-08-03T08:00:00Z,2025-08-03,3,03:00:00,2025-08-03,03:00,N,24.29,0.0,11197.0,0.8820490038200708
2025-08-03T09:00:00Z,2025-08-03,4,04:00:00,2025-08-03,04:00,N,24.15,0.0,10600.0,0.8877548769117787
2025-08-03T10:00:00Z,2025-08-03,5,05:00:00,2025-08-03,05:00,N,22.13,0.0,10134.0,0.8964720900831088
2025-08-03T11:00:00Z,2025-08-03,6,06:00:00,2025-08-03,06:00,N,23.38,0.0,9612.0,0.8942974061064223
2025-08-03T12:00:00Z,2025-08-03,7,07:00:00,2025-08-03,07:00,N,24.16,14.0,9052.0,0.9111352321396871
2025-08-03T13:00:00Z,2025-08-03,8,08:00:00,2025-08-03,08:00,N,21.59,3267.0,10630.0,0.7914981523792577
2025-08-03T14:00:00Z,2025-08-03,9,09:00:00,2025-08-03,09:00,N,17.45,14461.0,9811.0,0.6099886919515107
2025-08-03T15:00:00Z,2025-08-03,10,10:00:00,2025-08-03,10:00,N,16.69,20847.0,9210.0,0.5274515686849843
2025-08-03T16:00:00Z,2025-08-03,11,11:00:00,2025-08-03,11:00,N,18.09,22847.0,9789.0,0.514100162346722
2025-08-03T17:00:00Z,2025-08-03,12,12:00:00,2025-08-03,12:00,N,21.45,24164.0,12025.0,0.49020930604202767
2025-08-03T18:00:00Z,2025-08-03,13,13:00:00,2025-08-03,13:00,N,27.21,24607.0,13062.0,0.5000215573472606
2025-08-03T19:00:00Z,2025-08-03,14,14:00:00,2025-08-03,14:00,N,32.79,24692.0,10993.0,0.5542966079614546
2025-08-03T20:00:00Z,2025-08-03,15,15:00:00,2025-08-03,15:00,N,37.3,22816.0,8388.0,0.6265337134132082
2025-08-03T21:00:00Z,2025-08-03,16,16:00:00,2025-08-03,16:00,N,38.78,20395.0,9352.0,0.6588699343845892
2025-08-03T22:00:00Z,2025-08-03,17,17:00:00,2025-08-03,17:00,N,46.47,20635.0,9768.0,0.6563869796740893
2025-08-03T23:00:00Z,2025-08-03,18,18:00:00,2025-08-03,18:00,N,48.15,20438.0,8640.0,0.6748509332893529
2025-08-04T00:00:00Z,2025-08-03,19,19:00:00,2025-08-03,19:00,N,62.75,15772.0,7766.0,0.7427185443289299
2025-08-04T01:00:00Z,2025-08-03,20,20:00:00,2025-08-03,20:00,N,82.57,6584.0,8283.0,0.8041360742876474
2025-08-04T02:00:00Z,2025-08-03,21,21:00:00,2025-08-03,21:00,N,82.88,372.0,10080.0,0.8502620466535453
2025-08-04T03:00:00Z,2025-08-03,22,22:00:00,2025-08-03,22:00,N,45.21,0.0,13352.0,0.8603781936642909
2025-08-04T04:00:00Z,2025-08-03,23,23:00:00,2025-08-03,23:00,N,38.27,0.0,15083.0,0.8466597889143784
2025-08-04T05:00:00Z,2025-08-03,24,00:00:00,2025-08-03,24:00,N,32.22,0.0,15093.0,0.8446616783803677
2025-08-04T06:00:00Z,2025-08-04,1,01:00:00,2025-08-04,01:00,N,24.37,0.0,15236.0,0.8334461738001956
2025-08-04T07:00:00Z,2025-08-04,2,02:00:00,2025-08-04,02:00,N,24.08,0.0,15205.0,0.8148978205893677
2025-08-04T08:00:00Z,2025-08-04,3,03:00:00,2025-08-04,03:00,N,23.27,0.0,13593.0,0.8371419700023826
2025-08-04T09:00:00Z,2025-08-04,4,04:00:00,2025-08-04,04:00,N,24.09,1.0,11288.0,0.887002841990297
2025-08-04T10:00:00Z,2025-08-04,5,05:00:00,2025-08-04,05:00,N,26.09,1.0,10637.0,0.9016155285262626
2025-08-04T11:00:00Z,2025-08-04,6,06:00:00,2025-08-04,06:00,N,29.4,1.0,10058.0,0.9104942682731174
2025-08-04T12:00:00Z,2025-08-04,7,07:00:00,2025-08-04,07:00,N,32.56,16.0,9076.0,0.9249348459449213
2025-08-04T13:00:00Z,2025-08-04,8,08:00:00,2025-08-04,08:00,N,30.32,2123.0,8069.0,0.9054370950578979
2025-08-04T14:00:00Z,2025-08-04,9,09:00:00,2025-08-04,09:00,N,21.79,11256.0,5563.0,0.7970434278170815
2025-08-04T15:00:00Z,2025-08-04,10,10:00:00,2025-08-04,10:00,N,19.38,17081.0,5191.0,0.695677370653949
2025-08-04T16:00:00Z,2025-08-04,11,11:00:00,2025-08-04,11:00,N,20.56,19323.0,5075.0,0.6779445224239607
2025-08-04T17:00:00Z,2025-08-04,12,12:00:00,2025-08-04,12:00,N,24.33,20535.0,4430.0,0.6680171182411364
2025-08-04T18:00:00Z,2025-08-04,13,13:00:00,2025-08-04,13:00,N,31.13,22812.0,3978.0,0.6299036711554394
2025-08-04T19:00:00Z,2025-08-04,14,14:00:00,2025-08-04,14:00,N,35.31,23794.0,4280.0,0.6196578847151987
2025-08-04T20:00:00Z,2025-08-04,15,15:00:00,2025-08-04,15:00,N,35.3,24346.0,5867.0,0.6031887344494345
2025-08-04T21:00:00Z,2025-08-04,16,16:00:00,2025-08-04,16:00,N,36.25,23476.0,6498.0,0.6270357721732078
2025-08-04T22:00:00Z,2025-08-04,17,17:00:00,2025-08-04,17:00,N,37.57,23841.0,7607.0,0.6174934566816164
2025-08-04T23:00:00Z,2025-08-04,18,18:00:00,2025-08-04,18:00,N,39.25,20996.0,9408.0,0.6541902010866948
2025-08-05T00:00:00Z,2025-08-04,19,19:00:00,2025-08-04,19:00,N,45.59,15141.0,10829.0,0.7107608566283763
2025-08-05T01:00:00Z,2025-08-04,20,20:00:00,2025-08-04,20:00,N,58.37,6186.0,12457.0,0.7681282297384702
2025-08-05T02:00:00Z,2025-08-04,21,21:00:00,2025-08-04,21:00,N,51.21,343.0,13766.0,0.8010676868478155
2025-08-05T03:00:00Z,2025-08-04,22,22:00:00,2025-08-04,22:00,N,39.97,0.0,16057.0,0.7966081964540684
2025-08-05T04:00:00Z,2025-08-04,23,23:00:00,2025-08-04,23:00,N,32.05,0.0,17838.0,0.7783049202639513
2025-08-05T05:00:00Z,2025-08-04,24,00:00:00,2025-08-04,24:00,N,24.01,0.0,17391.0,0.7556796988879925
2025-08-05T06:00:00Z,2025-08-05,1,01:00:00,2025-08-05,01:00,N,23.23,0.0,16361.0,0.7534577398468024
2025-08-05T07:00:00Z,2025-08-05,2,02:00:00,2025-08-05,02:00,N,21.17,0.0,15632.0,0.7564207773783218
2025-08-05T08:00:00Z,2025-08-05,3,03:00:00,2025-08-05,03:00,N,20.76,0.0,14931.0,0.7532066937643906
2025-08-05T09:00:00Z,2025-08-05,4,04:00:00,2025-08-05,04:00,N,20.78,0.0,14117.0,0.7607793068358781
2025-08-05T10:00:00Z,2025-08-05,5,05:00:00,2025-08-05,05:00,N,21.16,0.0,13593.0,0.7669758925735962
2025-08-05T11:00:00Z,2025-08-05,6,06:00:00,2025-08-05,06:00,N,23.32,1.0,13348.0,0.7840157263870781
2025-08-05T12:00:00Z,2025-08-05,7,07:00:00,2025-08-05,07:00,N,23.39,17.0,12753.0,0.8047287505161612
2025-08-05T13:00:00Z,2025-08-05,8,08:00:00,2025-08-05,08:00,N,20.55,3450.0,11806.0,0.7635803903600593
2025-08-05T14:00:00Z,2025-08-05,9,09:00:00,2025-08-05,09:00,N,16.72,15750.0,9301.0,0.6080929268456281
2025-08-05T15:00:00Z,2025-08-05,10,10:00:00,2025-08-05,10:00,N,13.99,22414.0,9881.0,0.5292799523156512
2025-08-05T16:00:00Z,2025-08-05,11,11:00:00,2025-08-05,11:00,N,15.56,25818.0,10056.0,0.4940759276164248
2025-08-05T17:00:00Z,2025-08-05,12,12:00:00,2025-08-05,12:00,N,18.18,27193.0,9007.0,0.5039071350997786
2025-08-05T18:00:00Z,2025-08-05,13,13:00:00,2025-08-05,13:00,N,25.03,26999.0,8414.0,0.5507129427591568
2025-08-05T19:00:00Z,2025-08-05,14,14:00:00,2025-08-05,14:00,N,31.0,26654.0,8092.0,0.597381219109233
2025-08-05T20:00:00Z,2025-08-05,15,15:00:00,2025-08-05,15:00,N,35.36,26146.0,8516.0,0.6187911630055811
2025-08-05T21:00:00Z,2025-08-05,16,16:00:00,2025-08-05,16:00,N,38.84,26102.0,9522.0,0.6181055153186584
2025-08-05T22:00:00Z,2025-08-05,17,17:00:00,2025-08-05,17:00,N,38.38,25803.0,10487.0,0.6044735855464681
2025-08-05T23:00:00Z,2025-08-05,18,18:00:00,2025-08-05,18:00,N,36.0,24633.0,12045.0,0.5908632291591087
2025-08-06T00:00:00Z,2025-08-05,19,19:00:00,2025-08-05,19:00,N,38.67,19593.0,13894.0,0.6230647265626265
2025-08-06T01:00:00Z,2025-08-05,20,20:00:00,2025-08-05,20:00,N,54.7,7699.0,15116.0,0.7188377272509221
2025-08-06T02:00:00Z,2025-08-05,21,21:00:00,2025-08-05,21:00,N,52.42,615.0,16834.0,0.764163394456841
2025-08-06T03:00:00Z,2025-08-05,22,22:00:00,2025-08-05,22:00,N,37.04,7.0,19866.0,0.7727591948030249
2025-08-06T04:00:00Z,2025-08-05,23,23:00:00,2025-08-05,23:00,N,28.65,0.0,21501.0,0.7473430801125197
2025-08-06T05:00:00Z,2025-08-05,24,00:00:00,2025-08-05,24:00,N,23.32,0.0,21919.0,0.7158077893883853
2025-08-06T06:00:00Z,2025-08-06,1,01:00:00,2025-08-06,01:00,N,21.39,1.0,22445.0,0.671416638161354
2025-08-06T07:00:00Z,2025-08-06,2,02:00:00,2025-08-06,02:00,N,19.63,1.0,22216.0,0.6502010391777002
2025-08-06T08:00:00Z,2025-08-06,3,03:00:00,2025-08-06,03:00,N,18.47,1.0,21747.0,0.6389971839959455
2025-08-06T09:00:00Z,2025-08-06,4,04:00:00,2025-08-06,04:00,N,18.03,1.0,21335.0,0.6351695206777404
2025-08-06T10:00:00Z,2025-08-06,5,05:00:00,2025-08-06,05:00,N,18.38,97.0,20556.0,0.6431546273924905
2025-08-06T11:00:00Z,2025-08-06,6,06:00:00,2025-08-06,06:00,N,19.88,38.0,18703.0,0.6869964132313391
2025-08-06T12:00:00Z,2025-08-06,7,07:00:00,2025-08-06,07:00,N,20.38,12.0,17368.0,0.7433843583069439
2025-08-06T13:00:00Z,2025-08-06,8,08:00:00,2025-08-06,08:00,N,19.23,3527.0,15608.0,0.7226880311799851
2025-08-06T14:00:00Z,2025-08-06,9,09:00:00,2025-08-06,09:00,N,15.41,16878.0,11507.0,0.5687681115616248
2025-08-06T15:00:00Z,2025-08-06,10,10:00:00,2025-08-06,10:00,N,11.2,24623.0,12823.0,0.47108577314996525
2025-08-06T16:00:00Z,2025-08-06,11,11:00:00,2025-08-06,11:00,N,13.89,25910.0,13907.0,0.46293073130102275
2025-08-06T17:00:00Z,2025-08-06,12,12:00:00,2025-08-06,12:00,N,18.15,27172.0,10629.0,0.5169179849399865
2025-08-06T18:00:00Z,2025-08-06,13,13:00:00,2025-08-06,13:00,N,25.65,27551.0,8388.0,0.5787576392041293
2025-08-06T19:00:00Z,2025-08-06,14,14:00:00,2025-08-06,14:00,N,30.24,27965.0,8124.0,0.6045866131412773
2025-08-06T20:00:00Z,2025-08-06,15,15:00:00,2025-08-06,15:00,N,31.96,27818.0,8903.0,0.607044495018613
2025-08-06T21:00:00Z,2025-08-06,16,16:00:00,2025-08-06,16:00,N,33.53,27110.0,10206.0,0.5961733309374502
2025-08-06T22:00:00Z,2025-08-06,17,17:00:00,2025-08-06,17:00,N,34.82,26233.0,11585.0,0.5830133374594504
2025-08-06T23:00:00Z,2025-08-06,18,18:00:00,2025-08-06,18:00,N,34.65,24359.0,13681.0,0.5610456378486436
2025-08-07T00:00:00Z,2025-08-06,19,19:00:00,2025-08-06,19:00,N,34.58,19432.0,15577.0,0.5913179055018681
2025-08-07T01:00:00Z,2025-08-06,20,20:00:00,2025-08-06,20:00,N,48.21,7710.0,17003.0,0.6840095117936736
2025-08-07T02:00:00Z,2025-08-06,21,21:00:00,2025-08-06,21:00,N,52.71,395.0,17644.0,0.7412813729111344
2025-08-07T03:00:00Z,2025-08-06,22,22:00:00,2025-08-06,22:00,N,39.38,1.0,19647.0,0.7702979074310548
2025-08-07T04:00:00Z,2025-08-06,23,23:00:00,2025-08-06,23:00,N,32.11,24.0,21466.0,0.7597452410832946
2025-08-07T05:00:00Z,2025-08-06,24,00:00:00,2025-08-06,24:00,N,23.98,1.0,21690.0,0.7475624293636803
2025-08-07T06:00:00Z,2025-08-07,1,01:00:00,2025-08-07,01:00,N,23.8,1.0,21697.0,0.7323647437532126
2025-08-07T07:00:00Z,2025-08-07,2,02:00:00,2025-08-07,02:00,N,21.83,1.0,20498.0,0.7308012799148359
2025-08-07T08:00:00Z,2025-08-07,3,03:00:00,2025-08-07,03:00,N,20.24,1.0,18964.0,0.7383817600481871
2025-08-07T09:00:00Z,2025-08-07,4,04:00:00,2025-08-07,04:00,N,20.11,1.0,18011.0,0.7371647419435026
2025-08-07T10:00:00Z,2025-08-07,5,05:00:00,2025-08-07,05:00,N,20.4,1.0,16524.0,0.763591927338147
2025-08-07T11:00:00Z,2025-08-07,6,06:00:00,2025-08-07,06:00,N,22.46,1.0,14722.0,0.8211881332360624
2025-08-07T12:00:00Z,2025-08-07,7,07:00:00,2025-08-07,07:00,N,25.94,8.0,13621.0,0.8493660514980714
2025-08-07T13:00:00Z,2025-08-07,8,08:00:00,2025-08-07,08:00,N,23.56,2962.0,12854.0,0.8188770990193244
2025-08-07T14:00:00Z,2025-08-07,9,09:00:00,2025-08-07,09:00,N,17.76,15737.0,9882.0,0.6405497644464795
2025-08-07T15:00:00Z,2025-08-07,10,10:00:00,2025-08-07,10:00,N,15.28,23438.0,9310.0,0.5528254224771528
2025-08-07T16:00:00Z,2025-08-07,11,11:00:00,2025-08-07,11:00,N,16.83,26669.0,9793.0,0.5313260005365978
2025-08-07T17:00:00Z,2025-08-07,12,12:00:00,2025-08-07,12:00,N,22.09,27603.0,9452.0,0.5554156642499076
2025-08-07T18:00:00Z,2025-08-07,13,13:00:00,2025-08-07,13:00,N,29.37,27946.0,9562.0,0.5752625360731828
2025-08-07T19:00:00Z,2025-08-07,14,14:00:00,2025-08-07,14:00,N,35.27,27876.0,11159.0,0.5659928687643819
2025-08-07T20:00:00Z,2025-08-07,15,15:00:00,2025-08-07,15:00,N,38.23,26845.0,12562.0,0.5590428016150727
2025-08-07T21:00:00Z,2025-08-07,16,16:00:00,2025-08-07,16:00,N,38.9,25147.0,13120.0,0.5750610787864829
2025-08-07T22:00:00Z,2025-08-07,17,17:00:00,2025-08-07,17:00,N,39.55,24657.0,13275.0,0.578944730195937
2025-08-07T23:00:00Z,2025-08-07,18,18:00:00,2025-08-07,18:00,N,39.14,23691.0,13253.0,0.5916882080396985
2025-08-08T00:00:00Z,2025-08-07,19,19:00:00,2025-08-07,19:00,N,46.15,18919.0,13702.0,0.6565291493452439
2025-08-08T01:00:00Z,2025-08-07,20,20:00:00,2025-08-07,20:00,N,76.6,7300.0,14117.0,0.7520120293574385
2025-08-08T02:00:00Z,2025-08-07,21,21:00:00,2025-08-07,21:00,N,83.19,335.0,14696.0,0.8154626672474361
2025-08-08T03:00:00Z,2025-08-07,22,22:00:00,2025-08-07,22:00,N,66.42,1.0,17459.0,0.8245753440153901
2025-08-08T04:00:00Z,2025-08-07,23,23:00:00,2025-08-07,23:00,N,38.68,1.0,19144.0,0.817320360830303
2025-08-08T05:00:00Z,2025-08-07,24,00:00:00,2025-08-07,24:00,N,29.44,1.0,20768.0,0.7853138281784023
2025-08-08T06:00:00Z,2025-08-08,1,01:00:00,2025-08-08,01:00,N,26.31,1.0,21792.0,0.7437854076166899
2025-08-08T07:00:00Z,2025-08-08,2,02:00:00,2025-08-08,02:00,N,24.42,1.0,21727.0,0.7170018435623651
2025-08-08T08:00:00Z,2025-08-08,3,03:00:00,2025-08-08,03:00,N,22.65,1.0,21360.0,0.69611666871044
2025-08-08T09:00:00Z,2025-08-08,4,04:00:00,2025-08-08,04:00,N,21.96,1.0,21327.0,0.6807427442839039
2025-08-08T10:00:00Z,2025-08-08,5,05:00:00,2025-08-08,05:00,N,21.96,54.0,20633.0,0.6836290870904935
2025-08-08T11:00:00Z,2025-08-08,6,06:00:00,2025-08-08,06:00,N,22.41,1.0,19832.0,0.7032242936567039
2025-08-08T12:00:00Z,2025-08-08,7,07:00:00,2025-08-08,07:00,N,23.97,11.0,18586.0,0.748429856465822
2025-08-08T13:00:00Z,2025-08-08,8,08:00:00,2025-08-08,08:00,N,22.54,3271.0,17798.0,0.7152724989805725
2025-08-08T14:00:00Z,2025-08-08,9,09:00:00,2025-08-08,09:00,N,17.52,16353.0,14485.0,0.5612767078522581
2025-08-08T15:00:00Z,2025-08-08,10,10:00:00,2025-08-08,10:00,N,16.51,24323.0,13139.0,0.4931847837354507
2025-08-08T16:00:00Z,2025-08-08,11,11:00:00,2025-08-08,11:00,N,19.1,26919.0,13288.0,0.48441780060119555
2025-08-08T17:00:00Z,2025-08-08,12,12:00:00,2025-08-08,12:00,N,25.63,27850.0,13014.0,0.4982852435976343
2025-08-08T18:00:00Z,2025-08-08,13,13:00:00,2025-08-08,13:00,N,31.96,27749.0,12282.0,0.5287362501732108
2025-08-08T19:00:00Z,2025-08-08,14,14:00:00,2025-08-08,14:00,N,35.6,27514.0,13147.0,0.5462406590608772
2025-08-08T20:00:00Z,2025-08-08,15,15:00:00,2025-08-08,15:00,N,38.08,26473.0,14111.0,0.5528140072084481
2025-08-08T21:00:00Z,2025-08-08,16,16:00:00,2025-08-08,16:00,N,40.66,25569.0,14530.0,0.5648249061008511
2025-08-08T22:00:00Z,2025-08-08,17,17:00:00,2025-08-08,17:00,N,41.97,25504.0,14546.0,0.5640924066522616
2025-08-08T23:00:00Z,2025-08-08,18,18:00:00,2025-08-08,18:00,N,39.06,23509.0,15503.0,0.572942812244969
2025-08-09T00:00:00Z,2025-08-08,19,19:00:00,2025-08-08,19:00,N,41.39,18735.0,16651.0,0.617684903222123
2025-08-09T01:00:00Z,2025-08-08,20,20:00:00,2025-08-08,20:00,N,66.43,6921.0,18110.0,0.7159380334901094
2025-08-09T02:00:00Z,2025-08-08,21,21:00:00,2025-08-08,21:00,N,70.34,292.0,18717.0,0.7717587770481259
2025-08-09T03:00:00Z,2025-08-08,22,22:00:00,2025-08-08,22:00,N,50.45,1.0,20973.0,0.7745560039115164
2025-08-09T04:00:00Z,2025-08-08,23,23:00:00,2025-08-08,23:00,N,33.66,1.0,23233.0,0.7580952187232245
2025-08-09T05:00:00Z,2025-08-08,24,00:00:00,2025-08-08,24:00,N,26.9,1.0,24278.0,0.7184583828142236
2025-08-09T06:00:00Z,2025-08-09,1,01:00:00,2025-08-09,01:00,N,23.52,1.0,24743.0,0.6790467825025438
2025-08-09T07:00:00Z,2025-08-09,2,02:00:00,2025-08-09,02:00,N,22.86,1.0,24389.0,0.6695952974396338
2025-08-09T08:00:00Z,2025-08-09,3,03:00:00,2025-08-09,03:00,N,21.33,1.0,23363.0,0.6661985748954471
2025-08-09T09:00:00Z,2025-08-09,4,04:00:00,2025-08-09,04:00,N,20.74,1.0,22588.0,0.6617456718805786
2025-08-09T10:00:00Z,2025-08-09,5,05:00:00,2025-08-09,05:00,N,20.42,1.0,22182.0,0.6601307441914712
2025-08-09T11:00:00Z,2025-08-09,6,06:00:00,2025-08-09,06:00,N,20.22,1.0,21192.0,0.6734454546180579
2025-08-09T12:00:00Z,2025-08-09,7,07:00:00,2025-08-09,07:00,N,20.35,11.0,19434.0,0.7106111983635076
2025-08-09T13:00:00Z,2025-08-09,8,08:00:00,2025-08-09,08:00,N,19.05,3148.0,17563.0,0.6958230896613963
2025-08-09T14:00:00Z,2025-08-09,9,09:00:00,2025-08-09,09:00,N,14.63,16067.0,15100.0,0.536013021744876
2025-08-09T15:00:00Z,2025-08-09,10,10:00:00,2025-08-09,10:00,N,11.9,23323.0,15748.0,0.4583083492124828
2025-08-09T16:00:00Z,2025-08-09,11,11:00:00,2025-08-09,11:00,N,15.84,25863.0,14960.0,0.458568551986737
2025-08-09T17:00:00Z,2025-08-09,12,12:00:00,2025-08-09,12:00,N,19.91,27491.0,12878.0,0.47623355969134523
2025-08-09T18:00:00Z,2025-08-09,13,13:00:00,2025-08-09,13:00,N,24.6,27901.0,10923.0,0.5254250200579726
2025-08-09T19:00:00Z,2025-08-09,14,14:00:00,2025-08-09,14:00,N,28.67,27805.0,11443.0,0.5488221314774266
2025-08-09T20:00:00Z,2025-08-09,15,15:00:00,2025-08-09,15:00,N,29.68,27340.0,13294.0,0.5521094331973447
2025-08-09T21:00:00Z,2025-08-09,16,16:00:00,2025-08-09,16:00,N,30.56,26054.0,14854.0,0.5500960863152903
2025-08-09T22:00:00Z,2025-08-09,17,17:00:00,2025-08-09,17:00,N,31.07,24538.0,15646.0,0.5600900264548124
2025-08-09T23:00:00Z,2025-08-09,18,18:00:00,2025-08-09,18:00,N,29.68,22324.0,16693.0,0.5663825960021399
2025-08-10T00:00:00Z,2025-08-09,19,19:00:00,2025-08-09,19:00,N,35.77,16220.0,18065.0,0.6194168900970423
2025-08-10T01:00:00Z,2025-08-09,20,20:00:00,2025-08-09,20:00,N,47.72,5118.0,18875.0,0.7317629474246049
2025-08-10T02:00:00Z,2025-08-09,21,21:00:00,2025-08-09,21:00,N,48.31,190.0,19799.0,0.7526340974082247
2025-08-10T03:00:00Z,2025-08-09,22,22:00:00,2025-08-09,22:00,N,36.88,25.0,22309.0,0.7474143229857119
2025-08-10T04:00:00Z,2025-08-09,23,23:00:00,2025-08-09,23:00,N,29.85,1.0,23962.0,0.711252200570999
2025-08-10T05:00:00Z,2025-08-09,24,00:00:00,2025-08-09,24:00,N,24.63,1.0,24436.0,0.6810645969664024
2025-08-10T06:00:00Z,2025-08-10,1,01:00:00,2025-08-10,01:00,N,22.45,1.0,24303.0,0.6538000171423833
2025-08-10T07:00:00Z,2025-08-10,2,02:00:00,2025-08-10,02:00,N,21.49,1.0,23762.0,0.6421272527851396
2025-08-10T08:00:00Z,2025-08-10,3,03:00:00,2025-08-10,03:00,N,20.95,1.0,22853.0,0.6414128872787822
2025-08-10T09:00:00Z,2025-08-10,4,04:00:00,2025-08-10,04:00,N,20.59,1.0,21527.0,0.6520391784533154
2025-08-10T10:00:00Z,2025-08-10,5,05:00:00,2025-08-10,05:00,N,20.18,1.0,19872.0,0.681244755693254
2025-08-10T11:00:00Z,2025-08-10,6,06:00:00,2025-08-10,06:00,N,20.51,1.0,18419.0,0.7101104269588238
2025-08-10T12:00:00Z,2025-08-10,7,07:00:00,2025-08-10,07:00,N,20.33,10.0,16442.0,0.7722759361840429
2025-08-10T13:00:00Z,2025-08-10,8,08:00:00,2025-08-10,08:00,N,19.68,3374.0,14348.0,0.7556572626020006
2025-08-10T14:00:00Z,2025-08-10,9,09:00:00,2025-08-10,09:00,N,15.56,16919.0,11265.0,0.5681071960863208
2025-08-10T15:00:00Z,2025-08-10,10,10:00:00,2025-08-10,10:00,N,13.7,24567.0,11310.0,0.4772875571748316
2025-08-10T16:00:00Z,2025-08-10,11,11:00:00,2025-08-10,11:00,N,16.26,25826.0,9967.0,0.5058632270548763
2025-08-10T17:00:00Z,2025-08-10,12,12:00:00,2025-08-10,12:00,N,19.73,26657.0,6518.0,0.5852441955117491
2025-08-10T18:00:00Z,2025-08-10,13,13:00:00,2025-08-10,13:00,N,23.01,25626.0,5189.0,0.6586228214413631
2025-08-10T19:00:00Z,2025-08-10,14,14:00:00,2025-08-10,14:00,N,26.32,25566.0,5594.0,0.6627161940582066
2025-08-10T20:00:00Z,2025-08-10,15,15:00:00,2025-08-10,15:00,N,27.68,24322.0,6283.0,0.6805642224852484
2025-08-10T21:00:00Z,2025-08-10,16,16:00:00,2025-08-10,16:00,N,30.58,23646.0,7330.0,0.6818141303742309
2025-08-10T22:00:00Z,2025-08-10,17,17:00:00,2025-08-10,17:00,N,31.81,22964.0,8944.0,0.6737348690555504
2025-08-10T23:00:00Z,2025-08-10,18,18:00:00,2025-08-10,18:00,N,32.81,21517.0,11911.0,0.6481257307811531
2025-08-11T00:00:00Z,2025-08-10,19,19:00:00,2025-08-10,19:00,N,41.3,15985.0,15815.0,0.6625278510239453
2025-08-11T01:00:00Z,2025-08-10,20,20:00:00,2025-08-10,20:00,N,60.38,4530.0,18615.0,0.7272818220943019
2025-08-11T02:00:00Z,2025-08-10,21,21:00:00,2025-08-10,21:00,N,60.02,71.0,18113.0,0.7686301164280908
2025-08-11T03:00:00Z,2025-08-10,22,22:00:00,2025-08-10,22:00,N,42.32,1.0,19599.0,0.7819372924149594
2025-08-11T04:00:00Z,2025-08-10,23,23:00:00,2025-08-10,23:00,N,33.52,1.0,20181.0,0.7842544239301589
2025-08-11T05:00:00Z,2025-08-10,24,00:00:00,2025-08-10,24:00,N,25.49,1.0,18129.0,0.8005248313952871
2025-08-11T06:00:00Z,2025-08-11,1,01:00:00,2025-08-11,01:00,N,24.86,1.0,14449.0,0.8524516243038798
2025-08-11T07:00:00Z,2025-08-11,2,02:00:00,2025-08-11,02:00,N,25.54,1.0,11162.0,0.8984643888618138
2025-08-11T08:00:00Z,2025-08-11,3,03:00:00,2025-08-11,03:00,N,24.17,1.0,9309.0,0.9294971730185416
2025-08-11T09:00:00Z,2025-08-11,4,04:00:00,2025-08-11,04:00,N,23.54,1.0,9833.0,0.9233481430089666
2025-08-11T10:00:00Z,2025-08-11,5,05:00:00,2025-08-11,05:00,N,24.66,1.0,9149.0,0.9349666790761955
2025-08-11T11:00:00Z,2025-08-11,6,06:00:00,2025-08-11,06:00,N,27.74,1.0,9164.0,0.9356573251524735
2025-08-11T12:00:00Z,2025-08-11,7,07:00:00,2025-08-11,07:00,N,36.72,6.0,8971.0,0.934365896276659
2025-08-11T13:00:00Z,2025-08-11,8,08:00:00,2025-08-11,08:00,N,32.66,2806.0,7838.0,0.9122940598620409
2025-08-11T14:00:00Z,2025-08-11,9,09:00:00,2025-08-11,09:00,N,24.08,14096.0,5835.0,0.739228330687295
2025-08-11T15:00:00Z,2025-08-11,10,10:00:00,2025-08-11,10:00,N,21.26,21102.0,4928.0,0.6658397408515049
2025-08-11T16:00:00Z,2025-08-11,11,11:00:00,2025-08-11,11:00,N,23.03,23303.0,4146.0,0.6830565256176533
2025-08-11T17:00:00Z,2025-08-11,12,12:00:00,2025-08-11,12:00,N,29.11,24899.0,2784.0,0.6976270451143715
2025-08-11T18:00:00Z,2025-08-11,13,13:00:00,2025-08-11,13:00,N,34.92,25146.0,2730.0,0.7116303512298493
2025-08-11T19:00:00Z,2025-08-11,14,14:00:00,2025-08-11,14:00,N,41.32,25281.0,4698.0,0.6914894788653209
2025-08-11T20:00:00Z,2025-08-11,15,15:00:00,2025-08-11,15:00,N,45.66,25525.0,6602.0,0.6711349633349096
2025-08-11T21:00:00Z,2025-08-11,16,16:00:00,2025-08-11,16:00,N,49.44,24160.0,7058.0,0.6761031762374627
2025-08-11T22:00:00Z,2025-08-11,17,17:00:00,2025-08-11,17:00,N,54.67,22482.0,7312.0,0.6937328651486346
2025-08-11T23:00:00Z,2025-08-11,18,18:00:00,2025-08-11,18:00,N,68.4,21647.0,8574.0,0.6807363848021976
2025-08-12T00:00:00Z,2025-08-11,19,19:00:00,2025-08-11,19:00,N,102.95,16703.0,10135.0,0.7191803721330926
2025-08-12T01:00:00Z,2025-08-11,20,20:00:00,2025-08-11,20:00,N,148.86,4964.0,10654.0,0.8104001956304434
2025-08-12T02:00:00Z,2025-08-11,21,21:00:00,2025-08-11,21:00,N,123.42,90.0,11093.0,0.8576451816591696
2025-08-12T03:00:00Z,2025-08-11,22,22:00:00,2025-08-11,22:00,N,92.5,1.0,10005.0,0.8999487406941783
2025-08-12T04:00:00Z,2025-08-11,23,23:00:00,2025-08-11,23:00,N,54.89,1.0,9859.0,0.9361814851535486
2025-08-12T05:00:00Z,2025-08-11,24,00:00:00,2025-08-11,24:00,N,40.8,1.0,10272.0,0.9334920175139984
2025-08-12T06:00:00Z,2025-08-12,1,01:00:00,2025-08-12,01:00,N,28.77,1.0,12428.0,0.9031613871542933
2025-08-12T07:00:00Z,2025-08-12,2,02:00:00,2025-08-12,02:00,N,26.25,1.0,13814.0,0.8727636137437238
2025-08-12T08:00:00Z,2025-08-12,3,03:00:00,2025-08-12,03:00,N,24.8,1.0,14069.0,0.8512247722333758
2025-08-12T09:00:00Z,2025-08-12,4,04:00:00,2025-08-12,04:00,N,24.68,1.0,12963.0,0.8648344865536027
2025-08-12T10:00:00Z,2025-08-12,5,05:00:00,2025-08-12,05:00,N,26.89,1.0,12329.0,0.8560358360774365
2025-08-12T11:00:00Z,2025-08-12,6,06:00:00,2025-08-12,06:00,N,32.47,1.0,9183.0,0.9151263467343523
2025-08-12T12:00:00Z,2025-08-12,7,07:00:00,2025-08-12,07:00,N,40.08,10.0,7600.0,0.9425708579280743
2025-08-12T13:00:00Z,2025-08-12,8,08:00:00,2025-08-12,08:00,N,33.7,2635.0,5576.0,0.9461296342563893
2025-08-12T14:00:00Z,2025-08-12,9,09:00:00,2025-08-12,09:00,N,26.61,13754.0,3855.0,0.8001885209765335
2025-08-12T15:00:00Z,2025-08-12,10,10:00:00,2025-08-12,10:00,N,24.04,20786.0,2671.0,0.698198932658666
2025-08-12T16:00:00Z,2025-08-12,11,11:00:00,2025-08-12,11:00,N,25.35,23282.0,1635.0,0.6942516125333436
2025-08-12T17:00:00Z,2025-08-12,12,12:00:00,2025-08-12,12:00,N,28.81,25789.0,947.0,0.6815849600797271
2025-08-12T18:00:00Z,2025-08-12,13,13:00:00,2025-08-12,13:00,N,35.47,26117.0,743.0,0.6949646557858399
2025-08-12T19:00:00Z,2025-08-12,14,14:00:00,2025-08-12,14:00,N,44.84,25974.0,1106.0,0.7038493911616138
2025-08-12T20:00:00Z,2025-08-12,15,15:00:00,2025-08-12,15:00,N,55.01,25036.0,2126.0,0.7096616052004241
2025-08-12T21:00:00Z,2025-08-12,16,16:00:00,2025-08-12,16:00,N,58.33,24555.0,3273.0,0.7043933178724284
2025-08-12T22:00:00Z,2025-08-12,17,17:00:00,2025-08-12,17:00,N,61.06,21366.0,4779.0,0.7192948779746433
2025-08-12T23:00:00Z,2025-08-12,18,18:00:00,2025-08-12,18:00,N,90.31,18258.0,5334.0,0.745689080552488
2025-08-13T00:00:00Z,2025-08-12,19,19:00:00,2025-08-12,19:00,N,157.27,11286.0,6148.0,0.8102646563952945
2025-08-13T01:00:00Z,2025-08-12,20,20:00:00,2025-08-12,20:00,N,243.76,3695.0,6979.0,0.8709549657779281
2025-08-13T02:00:00Z,2025-08-12,21,21:00:00,2025-08-12,21:00,N,248.47,186.0,6942.0,0.905570216370392
2025-08-13T03:00:00Z,2025-08-12,22,22:00:00,2025-08-12,22:00,N,164.71,1.0,7999.0,0.9261243358064247
2025-08-13T04:00:00Z,2025-08-12,23,23:00:00,2025-08-12,23:00,N,85.68,1.0,8576.0,0.9398009195663285
2025-08-13T05:00:00Z,2025-08-12,24,00:00:00,2025-08-12,24:00,N,50.47,1.0,8138.0,0.9454382151430912
2025-08-13T06:00:00Z,2025-08-13,1,01:00:00,2025-08-13,01:00,N,38.8,1.0,7807.0,0.962361944432261
2025-08-13T07:00:00Z,2025-08-13,2,02:00:00,2025-08-13,02:00,N,37.52,1.0,7034.0,0.981334326703392
2025-08-13T08:00:00Z,2025-08-13,3,03:00:00,2025-08-13,03:00,N,35.9,1.0,5943.0,1.0030161362975412
2025-08-13T09:00:00Z,2025-08-13,4,04:00:00,2025-08-13,04:00,N,34.02,1.0,5033.0,1.018091463391005
2025-08-13T10:00:00Z,2025-08-13,5,05:00:00,2025-08-13,05:00,N,35.42,1.0,3823.0,1.031462247837707
2025-08-13T11:00:00Z,2025-08-13,6,06:00:00,2025-08-13,06:00,N,37.37,1.0,3105.0,1.0370456790948996
2025-08-13T12:00:00Z,2025-08-13,7,07:00:00,2025-08-13,07:00,N,39.01,2.0,2506.0,1.0321779182259727
2025-08-13T13:00:00Z,2025-08-13,8,08:00:00,2025-08-13,08:00,N,36.27,2111.0,2214.0,1.0116883991513992
2025-08-13T14:00:00Z,2025-08-13,9,09:00:00,2025-08-13,09:00,N,25.85,12604.0,1298.0,0.8642343567225349
2025-08-13T15:00:00Z,2025-08-13,10,10:00:00,2025-08-13,10:00,N,24.06,19408.0,1091.0,0.7781379635520175
2025-08-13T16:00:00Z,2025-08-13,11,11:00:00,2025-08-13,11:00,N,25.38,21772.0,1166.0,0.749801243051684
2025-08-13T17:00:00Z,2025-08-13,12,12:00:00,2025-08-13,12:00,N,30.36,22437.0,808.0,0.7427231911830492
2025-08-13T18:00:00Z,2025-08-13,13,13:00:00,2025-08-13,13:00,N,35.97,23485.0,806.0,0.7352645276665608
2025-08-13T19:00:00Z,2025-08-13,14,14:00:00,2025-08-13,14:00,N,40.82,24231.0,1528.0,0.7252024624531301
2025-08-13T20:00:00Z,2025-08-13,15,15:00:00,2025-08-13,15:00,N,45.8,23334.0,2604.0,0.7310640760295204
2025-08-13T21:00:00Z,2025-08-13,16,16:00:00,2025-08-13,16:00,N,52.02,21992.0,3874.0,0.7390995685957514
2025-08-13T22:00:00Z,2025-08-13,17,17:00:00,2025-08-13,17:00,N,59.89,21426.0,4802.0,0.7389419882649357
2025-08-13T23:00:00Z,2025-08-13,18,18:00:00,2025-08-13,18:00,N,71.28,19702.0,5705.0,0.7457681906701199
2025-08-14T00:00:00Z,2025-08-13,19,19:00:00,2025-08-13,19:00,N,98.84,15266.0,6879.0,0.7740396517751895
2025-08-14T01:00:00Z,2025-08-13,20,20:00:00,2025-08-13,20:00,N,139.18,5103.0,8991.0,0.8167190285689375
2025-08-14T02:00:00Z,2025-08-13,21,21:00:00,2025-08-13,21:00,N,106.37,181.0,11716.0,0.8421995514732948
2025-08-14T03:00:00Z,2025-08-13,22,22:00:00,2025-08-13,22:00,N,67.16,3.0,14437.0,0.8433892226266805
2025-08-14T04:00:00Z,2025-08-13,23,23:00:00,2025-08-13,23:00,N,43.58,2.0,15979.0,0.8353126245936281
2025-08-14T05:00:00Z,2025-08-13,24,00:00:00,2025-08-13,24:00,N,33.58,1.0,16375.0,0.8319317565251757
2025-08-14T06:00:00Z,2025-08-14,1,01:00:00,2025-08-14,01:00,N,28.81,1.0,16120.0,0.8221330933115948
2025-08-14T07:00:00Z,2025-08-14,2,02:00:00,2025-08-14,02:00,N,25.64,1.0,15602.0,0.8063582908437193
2025-08-14T08:00:00Z,2025-08-14,3,03:00:00,2025-08-14,03:00,N,24.23,1.0,15294.0,0.8014492493093589
2025-08-14T09:00:00Z,2025-08-14,4,04:00:00,2025-08-14,04:00,N,23.73,1.0,15049.0,0.7955996521285905
2025-08-14T10:00:00Z,2025-08-14,5,05:00:00,2025-08-14,05:00,N,23.78,1.0,14281.0,0.8147802368342554
2025-08-14T11:00:00Z,2025-08-14,6,06:00:00,2025-08-14,06:00,N,25.26,1.0,13873.0,0.8352845320713557
2025-08-14T12:00:00Z,2025-08-14,7,07:00:00,2025-08-14,07:00,N,26.68,5.0,13550.0,0.8467134605271547
2025-08-14T13:00:00Z,2025-08-14,8,08:00:00,2025-08-14,08:00,N,24.34,2646.0,12454.0,0.8251113743386054
2025-08-14T14:00:00Z,2025-08-14,9,09:00:00,2025-08-14,09:00,N,19.5,14983.0,9217.0,0.6713761497142534
2025-08-14T15:00:00Z,2025-08-14,10,10:00:00,2025-08-14,10:00,N,17.81,23208.0,8076.0,0.581682474864513
2025-08-14T16:00:00Z,2025-08-14,11,11:00:00,2025-08-14,11:00,N,20.38,25793.0,7288.0,0.5731450982885848
2025-08-14T17:00:00Z,2025-08-14,12,12:00:00,2025-08-14,12:00,N,24.73,26591.0,5891.0,0.6205522058858355
2025-08-14T18:00:00Z,2025-08-14,13,13:00:00,2025-08-14,13:00,N,32.56,26179.0,5218.0,0.6662931864904845
2025-08-14T19:00:00Z,2025-08-14,14,14:00:00,2025-08-14,14:00,N,38.75,25634.0,5988.0,0.6768568273458975
2025-08-14T20:00:00Z,2025-08-14,15,15:00:00,2025-08-14,15:00,N,41.56,25655.0,6946.0,0.6744222389831273
2025-08-14T21:00:00Z,2025-08-14,16,16:00:00,2025-08-14,16:00,N,43.44,24083.0,7481.0,0.6805359990988331
2025-08-14T22:00:00Z,2025-08-14,17,17:00:00,2025-08-14,17:00,N,46.21,23416.0,8449.0,0.6819104660819572
2025-08-14T23:00:00Z,2025-08-14,18,18:00:00,2025-08-14,18:00,N,45.96,22143.0,9432.0,0.6873004926603198
2025-08-15T00:00:00Z,2025-08-14,19,19:00:00,2025-08-14,19:00,N,64.94,16512.0,11785.0,0.7142539740003288
2025-08-15T01:00:00Z,2025-08-14,20,20:00:00,2025-08-14,20:00,N,84.48,5101.0,14720.0,0.7564106168128724
2025-08-15T02:00:00Z,2025-08-14,21,21:00:00,2025-08-14,21:00,N,64.86,136.0,17573.0,0.7817871962236551
2025-08-15T03:00:00Z,2025-08-14,22,22:00:00,2025-08-14,22:00,N,40.23,1.0,21234.0,0.776876282480515
2025-08-15T04:00:00Z,2025-08-14,23,23:00:00,2025-08-14,23:00,N,33.53,1.0,22922.0,0.7588079617139699
2025-08-15T05:00:00Z,2025-08-14,24,00:00:00,2025-08-14,24:00,N,26.53,1.0,23609.0,0.7388964849496369
2025-08-15T06:00:00Z,2025-08-15,1,01:00:00,2025-08-15,01:00,N,23.33,1.0,23293.0,0.722209599519045
2025-08-15T07:00:00Z,2025-08-15,2,02:00:00,2025-08-15,02:00,N,21.23,1.0,22250.0,0.7243339965218187
2025-08-15T08:00:00Z,2025-08-15,3,03:00:00,2025-08-15,03:00,N,20.75,1.0,21673.0,0.7073260729885226
2025-08-15T09:00:00Z,2025-08-15,4,04:00:00,2025-08-15,04:00,N,20.04,1.0,20172.0,0.7266186992638436
2025-08-15T10:00:00Z,2025-08-15,5,05:00:00,2025-08-15,05:00,N,20.75,1.0,18398.0,0.7634983802001515
2025-08-15T11:00:00Z,2025-08-15,6,06:00:00,2025-08-15,06:00,N,22.41,1.0,16714.0,0.8011364096113056
2025-08-15T12:00:00Z,2025-08-15,7,07:00:00,2025-08-15,07:00,N,26.19,5.0,15214.0,0.8164849888951752
2025-08-15T13:00:00Z,2025-08-15,8,08:00:00,2025-08-15,08:00,N,25.27,2931.0,14025.0,0.7965740807409796
2025-08-15T14:00:00Z,2025-08-15,9,09:00:00,2025-08-15,09:00,N,19.45,15659.0,11630.0,0.6370138732122184
2025-08-15T15:00:00Z,2025-08-15,10,10:00:00,2025-08-15,10:00,N,17.87,23304.0,12377.0,0.5310276770182836
2025-08-15T16:00:00Z,2025-08-15,11,11:00:00,2025-08-15,11:00,N,20.35,24858.0,12522.0,0.521764978199755
2025-08-15T17:00:00Z,2025-08-15,12,12:00:00,2025-08-15,12:00,N,24.2,24533.0,12035.0,0.5602833613673305
2025-08-15T18:00:00Z,2025-08-15,13,13:00:00,2025-08-15,13:00,N,31.48,24133.0,12520.0,0.5806224406704862
2025-08-15T19:00:00Z,2025-08-15,14,14:00:00,2025-08-15,14:00,N,35.42,25213.0,13289.0,0.5687063139724663
2025-08-15T20:00:00Z,2025-08-15,15,15:00:00,2025-08-15,15:00,N,35.26,23962.0,13270.0,0.585641157259595
2025-08-15T21:00:00Z,2025-08-15,16,16:00:00,2025-08-15,16:00,N,38.72,22392.0,13764.0,0.6008929222346044
2025-08-15T22:00:00Z,2025-08-15,17,17:00:00,2025-08-15,17:00,N,35.51,22574.0,14468.0,0.5986824215566143
2025-08-15T23:00:00Z,2025-08-15,18,18:00:00,2025-08-15,18:00,N,33.32,20653.0,15829.0,0.6040929292398589
2025-08-16T00:00:00Z,2025-08-15,19,19:00:00,2025-08-15,19:00,N,41.98,14302.0,17330.0,0.6526765083988804
2025-08-16T01:00:00Z,2025-08-15,20,20:00:00,2025-08-15,20:00,N,51.72,3939.0,17559.0,0.7269671217400573
2025-08-16T02:00:00Z,2025-08-15,21,21:00:00,2025-08-15,21:00,N,50.45,56.0,17464.0,0.7575286199297048
2025-08-16T03:00:00Z,2025-08-15,22,22:00:00,2025-08-15,22:00,N,41.43,0.0,18672.0,0.77306981970775
2025-08-16T04:00:00Z,2025-08-15,23,23:00:00,2025-08-15,23:00,N,32.94,1.0,20063.0,0.7774261886631825
2025-08-16T05:00:00Z,2025-08-15,24,00:00:00,2025-08-15,24:00,N,27.14,0.0,21121.0,0.76014687491662
2025-08-16T06:00:00Z,2025-08-16,1,01:00:00,2025-08-16,01:00,N,26.35,0.0,22278.0,0.7137885483313483
2025-08-16T07:00:00Z,2025-08-16,2,02:00:00,2025-08-16,02:00,N,23.91,0.0,22295.0,0.6765942336965406
2025-08-16T08:00:00Z,2025-08-16,3,03:00:00,2025-08-16,03:00,N,22.39,1.0,21444.0,0.6721322084220951
2025-08-16T09:00:00Z,2025-08-16,4,04:00:00,2025-08-16,04:00,N,22.1,1.0,19459.0,0.70101168701209
2025-08-16T10:00:00Z,2025-08-16,5,05:00:00,2025-08-16,05:00,N,22.42,1.0,17124.0,0.7477906048637938
2025-08-16T11:00:00Z,2025-08-16,6,06:00:00,2025-08-16,06:00,N,23.68,1.0,14581.0,0.7995307610257512
2025-08-16T12:00:00Z,2025-08-16,7,07:00:00,2025-08-16,07:00,N,25.96,4.0,12458.0,0.8586028685541176
2025-08-16T13:00:00Z,2025-08-16,8,08:00:00,2025-08-16,08:00,N,24.0,2678.0,10979.0,0.8456913940609267
2025-08-16T14:00:00Z,2025-08-16,9,09:00:00,2025-08-16,09:00,N,19.33,13870.0,8550.0,0.7029857803655971
2025-08-16T15:00:00Z,2025-08-16,10,10:00:00,2025-08-16,10:00,N,18.36,21680.0,8954.0,0.5926033791459463
2025-08-16T16:00:00Z,2025-08-16,11,11:00:00,2025-08-16,11:00,N,20.16,24837.0,8340.0,0.560322754052927
2025-08-16T17:00:00Z,2025-08-16,12,12:00:00,2025-08-16,12:00,N,24.57,25039.0,7350.0,0.605680432847652
2025-08-16T18:00:00Z,2025-08-16,13,13:00:00,2025-08-16,13:00,N,28.9,24580.0,7382.0,0.6473205564317355
2025-08-16T19:00:00Z,2025-08-16,14,14:00:00,2025-08-16,14:00,N,31.48,23199.0,7978.0,0.6625743529028991
2025-08-16T20:00:00Z,2025-08-16,15,15:00:00,2025-08-16,15:00,N,34.7,22793.0,8588.0,0.6623227055144579
2025-08-16T21:00:00Z,2025-08-16,16,16:00:00,2025-08-16,16:00,N,36.08,21165.0,9433.0,0.6764336477913898
2025-08-16T22:00:00Z,2025-08-16,17,17:00:00,2025-08-16,17:00,N,36.98,19618.0,10958.0,0.679089462494358
2025-08-16T23:00:00Z,2025-08-16,18,18:00:00,2025-08-16,18:00,N,38.59,17503.0,12070.0,0.6899581429962459
2025-08-17T00:00:00Z,2025-08-16,19,19:00:00,2025-08-16,19:00,N,49.47,13033.0,13009.0,0.717579335713289
2025-08-17T01:00:00Z,2025-08-16,20,20:00:00,2025-08-16,20:00,N,67.72,3826.0,14170.0,0.7613418000957602
2025-08-17T02:00:00Z,2025-08-16,21,21:00:00,2025-08-16,21:00,N,59.82,38.0,15113.0,0.7862714754570858
2025-08-17T03:00:00Z,2025-08-16,22,22:00:00,2025-08-16,22:00,N,47.35,0.0,15886.0,0.8115613901432842
2025-08-17T04:00:00Z,2025-08-16,23,23:00:00,2025-08-16,23:00,N,37.21,1.0,16440.0,0.8273382174025078
2025-08-17T05:00:00Z,2025-08-16,24,00:00:00,2025-08-16,24:00,N,30.71,0.0,17055.0,0.816676608677912
2025-08-17T06:00:00Z,2025-08-17,1,01:00:00,2025-08-17,01:00,N,27.44,0.0,16901.0,0.8095997986967878
2025-08-17T07:00:00Z,2025-08-17,2,02:00:00,2025-08-17,02:00,N,24.83,0.0,15978.0,0.8208301637983637
2025-08-17T08:00:00Z,2025-08-17,3,03:00:00,2025-08-17,03:00,N,24.24,1.0,15803.0,0.8111385527638544
2025-08-17T09:00:00Z,2025-08-17,4,04:00:00,2025-08-17,04:00,N,23.54,0.0,16499.0,0.7782796332193576
2025-08-17T10:00:00Z,2025-08-17,5,05:00:00,2025-08-17,05:00,N,23.14,0.0,16406.0,0.7598051396874318
2025-08-17T11:00:00Z,2025-08-17,6,06:00:00,2025-08-17,06:00,N,22.36,1.0,15613.0,0.7761347263827224
2025-08-17T12:00:00Z,2025-08-17,7,07:00:00,2025-08-17,07:00,N,23.73,4.0,14340.0,0.7929896092041436
2025-08-17T13:00:00Z,2025-08-17,8,08:00:00,2025-08-17,08:00,N,21.27,2459.0,13009.0,0.7656721644572979
2025-08-17T14:00:00Z,2025-08-17,9,09:00:00,2025-08-17,09:00,N,17.65,14734.0,12075.0,0.594572329502507
2025-08-17T15:00:00Z,2025-08-17,10,10:00:00,2025-08-17,10:00,N,16.46,22677.0,13723.0,0.4858926169265272
2025-08-17T16:00:00Z,2025-08-17,11,11:00:00,2025-08-17,11:00,N,18.05,25939.0,12793.0,0.46671409392490254
2025-08-17T17:00:00Z,2025-08-17,12,12:00:00,2025-08-17,12:00,N,21.55,27284.0,10756.0,0.49062484651683996
2025-08-17T18:00:00Z,2025-08-17,13,13:00:00,2025-08-17,13:00,N,28.82,27374.0,7938.0,0.5580871906311982
2025-08-17T19:00:00Z,2025-08-17,14,14:00:00,2025-08-17,14:00,N,33.71,27225.0,6910.0,0.6178154240754321
2025-08-17T20:00:00Z,2025-08-17,15,15:00:00,2025-08-17,15:00,N,35.59,25648.0,8264.0,0.6395077046526677
2025-08-17T21:00:00Z,2025-08-17,16,16:00:00,2025-08-17,16:00,N,36.19,23938.0,9957.0,0.6387540181825002
2025-08-17T22:00:00Z,2025-08-17,17,17:00:00,2025-08-17,17:00,N,37.96,20993.0,11531.0,0.6547763716142805
2025-08-17T23:00:00Z,2025-08-17,18,18:00:00,2025-08-17,18:00,N,40.31,17519.0,13224.0,0.6825008216518768
2025-08-18T00:00:00Z,2025-08-17,19,19:00:00,2025-08-17,19:00,N,62.93,11328.0,14101.0,0.7283521991741156
2025-08-18T01:00:00Z,2025-08-17,20,20:00:00,2025-08-17,20:00,N,84.35,2322.0,15162.0,0.776185347917037
2025-08-18T02:00:00Z,2025-08-17,21,21:00:00,2025-08-17,21:00,N,82.34,34.0,14869.0,0.7998926068177207
2025-08-18T03:00:00Z,2025-08-17,22,22:00:00,2025-08-17,22:00,N,60.15,0.0,14747.0,0.8321762576898568
2025-08-18T04:00:00Z,2025-08-17,23,23:00:00,2025-08-17,23:00,N,42.17,1.0,14560.0,0.8580357861955894
2025-08-18T05:00:00Z,2025-08-17,24,00:00:00,2025-08-17,24:00,N,35.05,0.0,15059.0,0.8566068611895878
2025-08-18T06:00:00Z,2025-08-18,1,01:00:00,2025-08-18,01:00,N,30.53,0.0,15117.0,0.8527064915492227
2025-08-18T07:00:00Z,2025-08-18,2,02:00:00,2025-08-18,02:00,N,28.43,0.0,14478.0,0.855199524787698
2025-08-18T08:00:00Z,2025-08-18,3,03:00:00,2025-08-18,03:00,N,27.16,0.0,14129.0,0.8476006495972388
2025-08-18T09:00:00Z,2025-08-18,4,04:00:00,2025-08-18,04:00,N,25.68,0.0,12906.0,0.8716571432822262
2025-08-18T10:00:00Z,2025-08-18,5,05:00:00,2025-08-18,05:00,N,26.8,1.0,11660.0,0.8990264974749039
2025-08-18T11:00:00Z,2025-08-18,6,06:00:00,2025-08-18,06:00,N,28.66,1.0,11021.0,0.9164403549877771
2025-08-18T12:00:00Z,2025-08-18,7,07:00:00,2025-08-18,07:00,N,33.91,4.0,9982.0,0.9219032244069655
2025-08-18T13:00:00Z,2025-08-18,8,08:00:00,2025-08-18,08:00,N,32.06,2697.0,8854.0,0.9037933428640643
2025-08-18T14:00:00Z,2025-08-18,9,09:00:00,2025-08-18,09:00,N,23.35,15459.0,7794.0,0.7258792804216339
2025-08-18T15:00:00Z,2025-08-18,10,10:00:00,2025-08-18,10:00,N,20.8,24078.0,7542.0,0.5970345272269945
2025-08-18T16:00:00Z,2025-08-18,11,11:00:00,2025-08-18,11:00,N,23.05,26770.0,7346.0,0.5772454963357547
2025-08-18T17:00:00Z,2025-08-18,12,12:00:00,2025-08-18,12:00,N,29.31,27283.0,6011.0,0.6247536905723529
2025-08-18T18:00:00Z,2025-08-18,13,13:00:00,2025-08-18,13:00,N,35.75,27202.0,5655.0,0.6724729212937754
2025-08-18T19:00:00Z,2025-08-18,14,14:00:00,2025-08-18,14:00,N,44.6,26585.0,6310.0,0.6894309822196221
2025-08-18T20:00:00Z,2025-08-18,15,15:00:00,2025-08-18,15:00,N,52.73,25697.0,7905.0,0.6783828829067827
2025-08-18T21:00:00Z,2025-08-18,16,16:00:00,2025-08-18,16:00,N,56.32,23719.0,9805.0,0.6750201913051541
2025-08-18T22:00:00Z,2025-08-18,17,17:00:00,2025-08-18,17:00,N,67.4,20204.0,12080.0,0.6900488421524353
2025-08-18T23:00:00Z,2025-08-18,18,18:00:00,2025-08-18,18:00,N,81.79,16936.0,14462.0,0.6951036938940383
2025-08-19T00:00:00Z,2025-08-18,19,19:00:00,2025-08-18,19:00,N,113.08,11214.0,12083.0,0.7833253588794333
2025-08-19T01:00:00Z,2025-08-18,20,20:00:00,2025-08-18,20:00,N,223.7,2857.0,10768.0,0.8566704052019236
2025-08-19T02:00:00Z,2025-08-18,21,21:00:00,2025-08-18,21:00,N,215.28,55.0,9702.0,0.880649542442802
2025-08-19T03:00:00Z,2025-08-18,22,22:00:00,2025-08-18,22:00,N,134.48,1.0,8270.0,0.9345820729094254
2025-08-19T04:00:00Z,2025-08-18,23,23:00:00,2025-08-18,23:00,N,73.86,1.0,7605.0,0.9726411773904081
2025-08-19T05:00:00Z,2025-08-18,24,00:00:00,2025-08-18,24:00,N,44.92,1.0,7354.0,0.9863351864427772
2025-08-19T06:00:00Z,2025-08-19,1,01:00:00,2025-08-19,01:00,N,37.71,1.0,7105.0,0.9885629472526324
2025-08-19T07:00:00Z,2025-08-19,2,02:00:00,2025-08-19,02:00,N,34.19,1.0,6427.0,1.0007487180912662
2025-08-19T08:00:00Z,2025-08-19,3,03:00:00,2025-08-19,03:00,N,33.22,1.0,5615.0,1.0163836065509202
2025-08-19T09:00:00Z,2025-08-19,4,04:00:00,2025-08-19,04:00,N,31.64,1.0,4983.0,1.027738149119397
2025-08-19T10:00:00Z,2025-08-19,5,05:00:00,2025-08-19,05:00,N,34.33,1.0,4407.0,1.0389559593828506
2025-08-19T11:00:00Z,2025-08-19,6,06:00:00,2025-08-19,06:00,N,39.25,1.0,4122.0,1.0250016631788215
2025-08-19T12:00:00Z,2025-08-19,7,07:00:00,2025-08-19,07:00,N,41.72,2.0,3445.0,1.0131825715403902
2025-08-19T13:00:00Z,2025-08-19,8,08:00:00,2025-08-19,08:00,N,40.23,1652.0,2890.0,1.0077032170578308
2025-08-19T14:00:00Z,2025-08-19,9,09:00:00,2025-08-19,09:00,N,30.0,10958.0,2037.0,0.8817987750884627
2025-08-19T15:00:00Z,2025-08-19,10,10:00:00,2025-08-19,10:00,N,26.0,17839.0,893.0,0.8073597857752418
2025-08-19T16:00:00Z,2025-08-19,11,11:00:00,2025-08-19,11:00,N,29.54,21143.0,632.0,0.7776658462135037
2025-08-19T17:00:00Z,2025-08-19,12,12:00:00,2025-08-19,12:00,N,34.76,24049.0,365.0,0.7565521618044067
2025-08-19T18:00:00Z,2025-08-19,13,13:00:00,2025-08-19,13:00,N,45.33,24746.0,341.0,0.7583671850669315
2025-08-19T19:00:00Z,2025-08-19,14,14:00:00,2025-08-19,14:00,N,53.0,23303.0,1797.0,0.7675694085969157
2025-08-19T20:00:00Z,2025-08-19,15,15:00:00,2025-08-19,15:00,N,64.11,21816.0,3571.0,0.7682336151157623
2025-08-19T21:00:00Z,2025-08-19,16,16:00:00,2025-08-19,16:00,N,72.6,18848.0,4640.0,0.7892991039602126
2025-08-19T22:00:00Z,2025-08-19,17,17:00:00,2025-08-19,17:00,N,83.97,16446.0,5969.0,0.8024269458484389
2025-08-19T23:00:00Z,2025-08-19,18,18:00:00,2025-08-19,18:00,N,98.31,14300.0,5958.0,0.826241046141435
2025-08-20T00:00:00Z,2025-08-19,19,19:00:00,2025-08-19,19:00,N,265.13,9635.0,7077.0,0.8545068136777266
2025-08-20T01:00:00Z,2025-08-19,20,20:00:00,2025-08-19,20:00,N,279.47,3258.0,6231.0,0.8937958076283058
2025-08-20T02:00:00Z,2025-08-19,21,21:00:00,2025-08-19,21:00,N,293.19,60.0,5855.0,0.9202671714955594
2025-08-20T03:00:00Z,2025-08-19,22,22:00:00,2025-08-19,22:00,N,228.98,5.0,5790.0,0.9421761892181099
2025-08-20T04:00:00Z,2025-08-19,23,23:00:00,2025-08-19,23:00,N,94.81,1.0,5563.0,0.9841820831829932
2025-08-20T05:00:00Z,2025-08-19,24,00:00:00,2025-08-19,24:00,N,73.21,1.0,5163.0,1.0048438533265043
2025-08-20T06:00:00Z,2025-08-20,1,01:00:00,2025-08-20,01:00,N,61.24,1.0,4560.0,1.0156404046797103
2025-08-20T07:00:00Z,2025-08-20,2,02:00:00,2025-08-20,02:00,N,42.73,1.0,3911.0,1.0282726585527973
2025-08-20T08:00:00Z,2025-08-20,3,03:00:00,2025-08-20,03:00,N,38.45,1.0,3733.0,1.0331877248112755
2025-08-20T09:00:00Z,2025-08-20,4,04:00:00,2025-08-20,04:00,N,37.59,1.0,2633.0,1.055136715290594
2025-08-20T10:00:00Z,2025-08-20,5,05:00:00,2025-08-20,05:00,N,38.16,1.0,2625.0,1.0593841008716454
2025-08-20T11:00:00Z,2025-08-20,6,06:00:00,2025-08-20,06:00,N,41.44,1.0,3411.0,1.0451240157799309
2025-08-20T12:00:00Z,2025-08-20,7,07:00:00,2025-08-20,07:00,N,44.15,1.0,4494.0,1.0201960381247115
2025-08-20T13:00:00Z,2025-08-20,8,08:00:00,2025-08-20,08:00,N,38.58,1855.0,4942.0,0.980726966829788
2025-08-20T14:00:00Z,2025-08-20,9,09:00:00,2025-08-20,09:00,N,24.39,12394.0,5201.0,0.7781146123943173
2025-08-20T15:00:00Z,2025-08-20,10,10:00:00,2025-08-20,10:00,N,23.02,19786.0,6267.0,0.645517493751151
2025-08-20T16:00:00Z,2025-08-20,11,11:00:00,2025-08-20,11:00,N,24.56,23316.0,6237.0,0.597567412543008
2025-08-20T17:00:00Z,2025-08-20,12,12:00:00,2025-08-20,12:00,N,30.39,24803.0,6214.0,0.5876180296083958
2025-08-20T18:00:00Z,2025-08-20,13,13:00:00,2025-08-20,13:00,N,39.01,24608.0,5551.0,0.6239591715566368
2025-08-20T19:00:00Z,2025-08-20,14,14:00:00,2025-08-20,14:00,N,45.4,23526.0,5132.0,0.6730525640997261
2025-08-20T20:00:00Z,2025-08-20,15,15:00:00,2025-08-20,15:00,N,49.9,21714.0,4935.0,0.7173564962072526
2025-08-20T21:00:00Z,2025-08-20,16,16:00:00,2025-08-20,16:00,N,59.88,19609.0,4331.0,0.7689303334971376
2025-08-20T22:00:00Z,2025-08-20,17,17:00:00,2025-08-20,17:00,N,62.43,18105.0,4048.0,0.789939712109371
2025-08-20T23:00:00Z,2025-08-20,18,18:00:00,2025-08-20,18:00,N,70.95,16686.0,3682.0,0.8148872792991567
2025-08-21T00:00:00Z,2025-08-20,19,19:00:00,2025-08-20,19:00,N,101.92,12431.0,3985.0,0.8485417549979412
2025-08-21T01:00:00Z,2025-08-20,20,20:00:00,2025-08-20,20:00,N,107.47,3972.0,3919.0,0.8963455006947566
2025-08-21T02:00:00Z,2025-08-20,21,21:00:00,2025-08-20,21:00,N,112.72,68.0,3501.0,0.9411626554337921
2025-08-21T03:00:00Z,2025-08-20,22,22:00:00,2025-08-20,22:00,N,107.19,1.0,3402.0,0.9843926790636348
2025-08-21T04:00:00Z,2025-08-20,23,23:00:00,2025-08-20,23:00,N,79.78,1.0,3076.0,1.0158776040972586
2025-08-21T05:00:00Z,2025-08-20,24,00:00:00,2025-08-20,24:00,N,53.73,1.0,2786.0,1.02803027184362
2025-08-21T06:00:00Z,2025-08-21,1,01:00:00,2025-08-21,01:00,N,39.78,1.0,2406.0,1.0364487987817361
2025-08-21T07:00:00Z,2025-08-21,2,02:00:00,2025-08-21,02:00,N,36.34,1.0,2025.0,1.0438434816863762
2025-08-21T08:00:00Z,2025-08-21,3,03:00:00,2025-08-21,03:00,N,34.94,1.0,1321.0,1.058557376865458
2025-08-21T09:00:00Z,2025-08-21,4,04:00:00,2025-08-21,04:00,N,33.01,1.0,1054.0,1.0663332353950883
2025-08-21T10:00:00Z,2025-08-21,5,05:00:00,2025-08-21,05:00,N,33.4,1.0,776.0,1.0716444115911083
2025-08-21T11:00:00Z,2025-08-21,6,06:00:00,2025-08-21,06:00,N,36.07,1.0,793.0,1.0697315505931018
2025-08-21T12:00:00Z,2025-08-21,7,07:00:00,2025-08-21,07:00,N,38.5,2.0,870.0,1.0543214503849876
2025-08-21T13:00:00Z,2025-08-21,8,08:00:00,2025-08-21,08:00,N,35.18,2304.0,921.0,1.0235302923197076
2025-08-21T14:00:00Z,2025-08-21,9,09:00:00,2025-08-21,09:00,N,25.95,14372.0,775.0,0.8335401258209578
2025-08-21T15:00:00Z,2025-08-21,10,10:00:00,2025-08-21,10:00,N,24.64,23141.0,346.0,0.698327813249681
2025-08-21T16:00:00Z,2025-08-21,11,11:00:00,2025-08-21,11:00,N,24.84,25455.0,472.0,0.6680590951965826
2025-08-21T17:00:00Z,2025-08-21,12,12:00:00,2025-08-21,12:00,N,26.56,25560.0,820.0,0.6954372654862532
2025-08-21T18:00:00Z,2025-08-21,13,13:00:00,2025-08-21,13:00,N,32.25,23268.0,1659.0,0.7303161080602287
2025-08-21T19:00:00Z,2025-08-21,14,14:00:00,2025-08-21,14:00,N,34.63,22015.0,2400.0,0.7478774766217776
2025-08-21T20:00:00Z,2025-08-21,15,15:00:00,2025-08-21,15:00,N,37.74,21602.0,3657.0,0.7443106208128419
2025-08-21T21:00:00Z,2025-08-21,16,16:00:00,2025-08-21,16:00,N,39.13,20034.0,4746.0,0.7498009677305906
2025-08-21T22:00:00Z,2025-08-21,17,17:00:00,2025-08-21,17:00,N,39.12,17720.0,5384.0,0.7680634715745245
2025-08-21T23:00:00Z,2025-08-21,18,18:00:00,2025-08-21,18:00,N,43.1,14741.0,6783.0,0.7862813031902024
2025-08-22T00:00:00Z,2025-08-21,19,19:00:00,2025-08-21,19:00,N,67.09,9861.0,6591.0,0.831649248717823
2025-08-22T01:00:00Z,2025-08-21,20,20:00:00,2025-08-21,20:00,N,72.98,3315.0,6531.0,0.8809906623253159
2025-08-22T02:00:00Z,2025-08-21,21,21:00:00,2025-08-21,21:00,N,73.25,69.0,6590.0,0.9086153828357807
2025-08-22T03:00:00Z,2025-08-21,22,22:00:00,2025-08-21,22:00,N,56.84,1.0,6778.0,0.9319024547314898
2025-08-22T04:00:00Z,2025-08-21,23,23:00:00,2025-08-21,23:00,N,49.85,1.0,7073.0,0.9548768686702339
2025-08-22T05:00:00Z,2025-08-21,24,00:00:00,2025-08-21,24:00,N,37.01,1.0,6749.0,0.9657621716564606
2025-08-22T06:00:00Z,2025-08-22,1,01:00:00,2025-08-22,01:00,N,33.84,1.0,5831.0,0.981889773709479
2025-08-22T07:00:00Z,2025-08-22,2,02:00:00,2025-08-22,02:00,N,31.49,1.0,4440.0,1.0043034069090642
2025-08-22T08:00:00Z,2025-08-22,3,03:00:00,2025-08-22,03:00,N,30.92,1.0,2983.0,1.0278116333508711
2025-08-22T09:00:00Z,2025-08-22,4,04:00:00,2025-08-22,04:00,N,30.54,1.0,1895.0,1.0470227208228642
2025-08-22T10:00:00Z,2025-08-22,5,05:00:00,2025-08-22,05:00,N,31.85,1.0,1219.0,1.0611849499044386
2025-08-22T11:00:00Z,2025-08-22,6,06:00:00,2025-08-22,06:00,N,35.54,1.0,827.0,1.0595889998835217
2025-08-22T12:00:00Z,2025-08-22,7,07:00:00,2025-08-22,07:00,N,41.53,2.0,623.0,1.0395371710965062
2025-08-22T13:00:00Z,2025-08-22,8,08:00:00,2025-08-22,08:00,N,36.7,1884.0,622.0,1.022674213853497
2025-08-22T14:00:00Z,2025-08-22,9,09:00:00,2025-08-22,09:00,N,24.99,13089.0,434.0,0.8480159009679641
2025-08-22T15:00:00Z,2025-08-22,10,10:00:00,2025-08-22,10:00,N,24.64,21620.0,169.0,0.701484860564335
2025-08-22T16:00:00Z,2025-08-22,11,11:00:00,2025-08-22,11:00,N,25.02,24115.0,433.0,0.6651650485860698
2025-08-22T17:00:00Z,2025-08-22,12,12:00:00,2025-08-22,12:00,N,25.92,23214.0,1176.0,0.6903891663359779
2025-08-22T18:00:00Z,2025-08-22,13,13:00:00,2025-08-22,13:00,N,28.88,22636.0,2338.0,0.7157190302730734
2025-08-22T19:00:00Z,2025-08-22,14,14:00:00,2025-08-22,14:00,N,32.5,22423.0,3468.0,0.7184334689747846
2025-08-22T20:00:00Z,2025-08-22,15,15:00:00,2025-08-22,15:00,N,34.18,22508.0,3557.0,0.7227864650302334
2025-08-22T21:00:00Z,2025-08-22,16,16:00:00,2025-08-22,16:00,N,36.09,22794.0,3931.0,0.7193973529511071
2025-08-22T22:00:00Z,2025-08-22,17,17:00:00,2025-08-22,17:00,N,34.62,20955.0,3659.0,0.7381107202889645
2025-08-22T23:00:00Z,2025-08-22,18,18:00:00,2025-08-22,18:00,N,37.8,18472.0,4142.0,0.7634584279000126
2025-08-23T00:00:00Z,2025-08-22,19,19:00:00,2025-08-22,19:00,N,51.97,13964.0,4234.0,0.8067079532316417
2025-08-23T01:00:00Z,2025-08-22,20,20:00:00,2025-08-22,20:00,N,63.55,4494.0,4318.0,0.8669433706153548
2025-08-23T02:00:00Z,2025-08-22,21,21:00:00,2025-08-22,21:00,N,60.31,74.0,5882.0,0.9093379071975805
2025-08-23T03:00:00Z,2025-08-22,22,22:00:00,2025-08-22,22:00,N,47.97,1.0,7720.0,0.9262355959976727
2025-08-23T04:00:00Z,2025-08-22,23,23:00:00,2025-08-22,23:00,N,42.62,1.0,8201.0,0.9322307923804584
2025-08-23T05:00:00Z,2025-08-22,24,00:00:00,2025-08-22,24:00,N,34.78,1.0,8070.0,0.9467530294730487
2025-08-23T06:00:00Z,2025-08-23,1,01:00:00,2025-08-23,01:00,N,29.87,1.0,7043.0,0.9610767940485319
2025-08-23T07:00:00Z,2025-08-23,2,02:00:00,2025-08-23,02:00,N,28.05,1.0,5935.0,0.9802805260126265
2025-08-23T08:00:00Z,2025-08-23,3,03:00:00,2025-08-23,03:00,N,26.89,1.0,4795.0,0.9993012947832284
2025-08-23T09:00:00Z,2025-08-23,4,04:00:00,2025-08-23,04:00,N,25.89,1.0,3450.0,1.0225786656560047
2025-08-23T10:00:00Z,2025-08-23,5,05:00:00,2025-08-23,05:00,N,26.51,1.0,2577.0,1.0412110413764515
2025-08-23T11:00:00Z,2025-08-23,6,06:00:00,2025-08-23,06:00,N,28.41,1.0,1899.0,1.0553027081445985
2025-08-23T12:00:00Z,2025-08-23,7,07:00:00,2025-08-23,07:00,N,29.79,2.0,1237.0,1.061594419653532
2025-08-23T13:00:00Z,2025-08-23,8,08:00:00,2025-08-23,08:00,N,25.55,2210.0,810.0,1.024208900126208
2025-08-23T14:00:00Z,2025-08-23,9,09:00:00,2025-08-23,09:00,N,18.81,15226.0,579.0,0.7831796164363853
2025-08-23T15:00:00Z,2025-08-23,10,10:00:00,2025-08-23,10:00,N,18.4,25031.0,291.0,0.6423661548846976
2025-08-23T16:00:00Z,2025-08-23,11,11:00:00,2025-08-23,11:00,N,19.31,27507.0,584.0,0.6042587713327376
2025-08-23T17:00:00Z,2025-08-23,12,12:00:00,2025-08-23,12:00,N,21.63,27235.0,1609.0,0.6091672793595099
2025-08-23T18:00:00Z,2025-08-23,13,13:00:00,2025-08-23,13:00,N,23.79,26285.0,3811.0,0.6263354128599389
2025-08-23T19:00:00Z,2025-08-23,14,14:00:00,2025-08-23,14:00,N,26.3,24931.0,4967.0,0.6483738395202706
2025-08-23T20:00:00Z,2025-08-23,15,15:00:00,2025-08-23,15:00,N,32.12,25319.0,5404.0,0.6533432725470988
2025-08-23T21:00:00Z,2025-08-23,16,16:00:00,2025-08-23,16:00,N,32.63,23143.0,5846.0,0.6853789856321525
2025-08-23T22:00:00Z,2025-08-23,17,17:00:00,2025-08-23,17:00,N,31.67,22236.0,6483.0,0.6994408488937568
2025-08-23T23:00:00Z,2025-08-23,18,18:00:00,2025-08-23,18:00,N,32.76,21382.0,6990.0,0.6938925461540125
2025-08-24T00:00:00Z,2025-08-23,19,19:00:00,2025-08-23,19:00,N,42.31,14915.0,6736.0,0.7689071621940938
2025-08-24T01:00:00Z,2025-08-23,20,20:00:00,2025-08-23,20:00,N,61.31,4058.0,5538.0,0.8593521279706638
2025-08-24T02:00:00Z,2025-08-23,21,21:00:00,2025-08-23,21:00,N,56.65,52.0,4526.0,0.9352070467414076
2025-08-24T03:00:00Z,2025-08-23,22,22:00:00,2025-08-23,22:00,N,47.54,1.0,4760.0,0.9720333464945847
2025-08-24T04:00:00Z,2025-08-23,23,23:00:00,2025-08-23,23:00,N,39.32,1.0,4727.0,0.9985913481069396
2025-08-24T05:00:00Z,2025-08-23,24,00:00:00,2025-08-23,24:00,N,34.9,1.0,5076.0,1.004146286770536
2025-08-24T06:00:00Z,2025-08-24,1,01:00:00,2025-08-24,01:00,N,32.14,1.0,5328.0,1.0055917165337764
2025-08-24T07:00:00Z,2025-08-24,2,02:00:00,2025-08-24,02:00,N,30.43,1.0,5104.0,1.0146576110704255
2025-08-24T08:00:00Z,2025-08-24,3,03:00:00,2025-08-24,03:00,N,29.19,1.0,4384.0,1.024980150354953
2025-08-24T09:00:00Z,2025-08-24,4,04:00:00,2025-08-24,04:00,N,27.63,1.0,3432.0,1.0441326655247563
2025-08-24T10:00:00Z,2025-08-24,5,05:00:00,2025-08-24,05:00,N,26.16,1.0,2796.0,1.057066612185207
2025-08-24T11:00:00Z,2025-08-24,6,06:00:00,2025-08-24,06:00,N,27.79,1.0,2379.0,1.066041081743843
2025-08-24T12:00:00Z,2025-08-24,7,07:00:00,2025-08-24,07:00,N,29.6,2.0,1958.0,1.0716666502677228
2025-08-24T13:00:00Z,2025-08-24,8,08:00:00,2025-08-24,08:00,N,26.02,2133.0,1976.0,1.0228868060250902
2025-08-24T14:00:00Z,2025-08-24,9,09:00:00,2025-08-24,09:00,N,18.02,14832.0,1490.0,0.7530360352574076
2025-08-24T15:00:00Z,2025-08-24,10,10:00:00,2025-08-24,10:00,N,17.17,25302.0,1072.0,0.610430997443084
2025-08-24T16:00:00Z,2025-08-24,11,11:00:00,2025-08-24,11:00,N,17.99,28353.0,1326.0,0.578096223241919
2025-08-24T17:00:00Z,2025-08-24,12,12:00:00,2025-08-24,12:00,N,20.06,28819.0,1565.0,0.5821313229016737
2025-08-24T18:00:00Z,2025-08-24,13,13:00:00,2025-08-24,13:00,N,23.11,27054.0,1713.0,0.6467386353875431
2025-08-24T19:00:00Z,2025-08-24,14,14:00:00,2025-08-24,14:00,N,28.04,26219.0,1930.0,0.695860367657314
2025-08-24T20:00:00Z,2025-08-24,15,15:00:00,2025-08-24,15:00,N,33.5,25166.0,2343.0,0.7131556646473777
2025-08-24T21:00:00Z,2025-08-24,16,16:00:00,2025-08-24,16:00,N,37.87,23434.0,3686.0,0.7228385985205664
2025-08-24T22:00:00Z,2025-08-24,17,17:00:00,2025-08-24,17:00,N,40.52,22265.0,4613.0,0.7269104688332126
2025-08-24T23:00:00Z,2025-08-24,18,18:00:00,2025-08-24,18:00,N,45.69,20159.0,5063.0,0.7491562021177065
2025-08-25T00:00:00Z,2025-08-24,19,19:00:00,2025-08-24,19:00,N,88.77,13584.0,6272.0,0.7865271557218951
2025-08-25T01:00:00Z,2025-08-24,20,20:00:00,2025-08-24,20:00,N,85.33,3390.0,7006.0,0.8562864724803446
2025-08-25T02:00:00Z,2025-08-24,21,21:00:00,2025-08-24,21:00,N,71.81,41.0,7765.0,0.8816569887972401
2025-08-25T03:00:00Z,2025-08-24,22,22:00:00,2025-08-24,22:00,N,55.9,1.0,8879.0,0.9175597988226821
2025-08-25T04:00:00Z,2025-08-24,23,23:00:00,2025-08-24,23:00,N,38.9,1.0,9814.0,0.921143084104806
2025-08-25T05:00:00Z,2025-08-24,24,00:00:00,2025-08-24,24:00,N,31.44,1.0,10593.0,0.9115853083085877
2025-08-25T06:00:00Z,2025-08-25,1,01:00:00,2025-08-25,01:00,N,25.74,1.0,11152.0,0.8984197694831653
2025-08-25T07:00:00Z,2025-08-25,2,02:00:00,2025-08-25,02:00,N,22.94,1.0,10991.0,0.8852281495849307
2025-08-25T08:00:00Z,2025-08-25,3,03:00:00,2025-08-25,03:00,N,22.32,1.0,10395.0,0.8772405185121268
2025-08-25T09:00:00Z,2025-08-25,4,04:00:00,2025-08-25,04:00,N,20.58,1.0,10392.0,0.8626079616887199
2025-08-25T10:00:00Z,2025-08-25,5,05:00:00,2025-08-25,05:00,N,20.33,1.0,11083.0,0.8295733515165273
2025-08-25T11:00:00Z,2025-08-25,6,06:00:00,2025-08-25,06:00,N,22.21,1.0,11027.0,0.8467367902465341
2025-08-25T12:00:00Z,2025-08-25,7,07:00:00,2025-08-25,07:00,N,26.38,2.0,11104.0,0.8603188258914292
2025-08-25T13:00:00Z,2025-08-25,8,08:00:00,2025-08-25,08:00,N,24.04,1857.0,10550.0,0.8409069550810871
2025-08-25T14:00:00Z,2025-08-25,9,09:00:00,2025-08-25,09:00,N,18.99,13113.0,7882.0,0.6738456168881105
2025-08-25T15:00:00Z,2025-08-25,10,10:00:00,2025-08-25,10:00,N,18.36,22330.0,5461.0,0.5887650566943455
2025-08-25T16:00:00Z,2025-08-25,11,11:00:00,2025-08-25,11:00,N,20.2,25600.0,5310.0,0.5584625405680541
2025-08-25T17:00:00Z,2025-08-25,12,12:00:00,2025-08-25,12:00,N,22.87,26641.0,5245.0,0.5591870686455283
2025-08-25T18:00:00Z,2025-08-25,13,13:00:00,2025-08-25,13:00,N,28.88,27276.0,4227.0,0.614116910955116
2025-08-25T19:00:00Z,2025-08-25,14,14:00:00,2025-08-25,14:00,N,33.28,26951.0,3240.0,0.6588315055521778
2025-08-25T20:00:00Z,2025-08-25,15,15:00:00,2025-08-25,15:00,N,37.73,26468.0,3745.0,0.6749558979116078
2025-08-25T21:00:00Z,2025-08-25,16,16:00:00,2025-08-25,16:00,N,41.09,25956.0,5900.0,0.6619867148332098
2025-08-25T22:00:00Z,2025-08-25,17,17:00:00,2025-08-25,17:00,N,38.88,24027.0,7853.0,0.6576940379246312
2025-08-25T23:00:00Z,2025-08-25,18,18:00:00,2025-08-25,18:00,N,41.32,20265.0,9720.0,0.6759097266788375
2025-08-26T00:00:00Z,2025-08-25,19,19:00:00,2025-08-25,19:00,N,64.57,13515.0,11005.0,0.7236320873841142
2025-08-26T01:00:00Z,2025-08-25,20,20:00:00,2025-08-25,20:00,N,77.27,3295.0,12468.0,0.7778888814361705
2025-08-26T02:00:00Z,2025-08-25,21,21:00:00,2025-08-25,21:00,N,58.7,37.0,13902.0,0.810055075319587
2025-08-26T03:00:00Z,2025-08-25,22,22:00:00,2025-08-25,22:00,N,41.59,1.0,16105.0,0.8093694227921873
2025-08-26T04:00:00Z,2025-08-25,23,23:00:00,2025-08-25,23:00,N,31.44,1.0,16662.0,0.8084037805489773
2025-08-26T05:00:00Z,2025-08-25,24,00:00:00,2025-08-25,24:00,N,25.33,1.0,16637.0,0.80335394552402
2025-08-26T06:00:00Z,2025-08-26,1,01:00:00,2025-08-26,01:00,N,23.67,1.0,15330.0,0.807006307871301
2025-08-26T07:00:00Z,2025-08-26,2,02:00:00,2025-08-26,02:00,N,22.27,1.0,13719.0,0.8199162114203231
2025-08-26T08:00:00Z,2025-08-26,3,03:00:00,2025-08-26,03:00,N,20.77,1.0,12058.0,0.8528621506052602
2025-08-26T09:00:00Z,2025-08-26,4,04:00:00,2025-08-26,04:00,N,21.65,1.0,10841.0,0.8754287292884163
2025-08-26T10:00:00Z,2025-08-26,5,05:00:00,2025-08-26,05:00,N,23.2,1.0,9180.0,0.9074574407142003
2025-08-26T11:00:00Z,2025-08-26,6,06:00:00,2025-08-26,06:00,N,26.78,1.0,8170.0,0.9256597631459349
2025-08-26T12:00:00Z,2025-08-26,7,07:00:00,2025-08-26,07:00,N,32.39,1.0,6860.0,0.9245530235864141
2025-08-26T13:00:00Z,2025-08-26,8,08:00:00,2025-08-26,08:00,N,29.02,1208.0,5298.0,0.9319911741542733
2025-08-26T14:00:00Z,2025-08-26,9,09:00:00,2025-08-26,09:00,N,22.23,9854.0,4158.0,0.8277827500390306
2025-08-26T15:00:00Z,2025-08-26,10,10:00:00,2025-08-26,10:00,N,20.63,17642.0,3738.0,0.7150902712915443
2025-08-26T16:00:00Z,2025-08-26,11,11:00:00,2025-08-26,11:00,N,22.02,20825.0,3621.0,0.689494033099621
2025-08-26T17:00:00Z,2025-08-26,12,12:00:00,2025-08-26,12:00,N,26.09,22399.0,3040.0,0.6771828088572727
2025-08-26T18:00:00Z,2025-08-26,13,13:00:00,2025-08-26,13:00,N,33.25,22243.0,2623.0,0.7066824261728004
2025-08-26T19:00:00Z,2025-08-26,14,14:00:00,2025-08-26,14:00,N,36.49,21598.0,2836.0,0.724719031248871
2025-08-26T20:00:00Z,2025-08-26,15,15:00:00,2025-08-26,15:00,N,39.42,21474.0,3223.0,0.7334837328161076
2025-08-26T21:00:00Z,2025-08-26,16,16:00:00,2025-08-26,16:00,N,40.57,20360.0,4566.0,0.7352738100918539
2025-08-26T22:00:00Z,2025-08-26,17,17:00:00,2025-08-26,17:00,N,39.28,19068.0,6520.0,0.7337422346679447
2025-08-26T23:00:00Z,2025-08-26,18,18:00:00,2025-08-26,18:00,N,37.1,15213.0,9241.0,0.7497381334653039
2025-08-27T00:00:00Z,2025-08-26,19,19:00:00,2025-08-26,19:00,N,40.29,10491.0,11160.0,0.7754743012038429
2025-08-27T01:00:00Z,2025-08-26,20,20:00:00,2025-08-26,20:00,N,48.36,2758.0,12723.0,0.813903710552595
2025-08-27T02:00:00Z,2025-08-26,21,21:00:00,2025-08-26,21:00,N,41.21,41.0,12611.0,0.8433905213497543
2025-08-27T03:00:00Z,2025-08-26,22,22:00:00,2025-08-26,22:00,N,35.59,1.0,12786.0,0.875244739875304
2025-08-27T04:00:00Z,2025-08-26,23,23:00:00,2025-08-26,23:00,N,33.74,1.0,12867.0,0.8896840780015205
2025-08-27T05:00:00Z,2025-08-26,24,00:00:00,2025-08-26,24:00,N,29.61,1.0,12531.0,0.8928488496011681
2025-08-27T06:00:00Z,2025-08-27,1,01:00:00,2025-08-27,01:00,N,27.55,1.0,11731.0,0.9028479579422978
2025-08-27T07:00:00Z,2025-08-27,2,02:00:00,2025-08-27,02:00,N,25.87,1.0,10107.0,0.9252702610612825
2025-08-27T08:00:00Z,2025-08-27,3,03:00:00,2025-08-27,03:00,N,24.65,1.0,8347.0,0.9543635047983918
2025-08-27T09:00:00Z,2025-08-27,4,04:00:00,2025-08-27,04:00,N,24.37,1.0,6913.0,0.9841703510177012
2025-08-27T10:00:00Z,2025-08-27,5,05:00:00,2025-08-27,05:00,N,26.08,1.0,5544.0,1.0043039466185748
2025-08-27T11:00:00Z,2025-08-27,6,06:00:00,2025-08-27,06:00,N,29.49,1.0,5155.0,1.0062833303783991
2025-08-27T12:00:00Z,2025-08-27,7,07:00:00,2025-08-27,07:00,N,36.94,1.0,4451.0,0.9859476941976142
2025-08-27T13:00:00Z,2025-08-27,8,08:00:00,2025-08-27,08:00,N,35.41,1223.0,3792.0,0.98894326166416
2025-08-27T14:00:00Z,2025-08-27,9,09:00:00,2025-08-27,09:00,N,24.57,10193.0,2679.0,0.8775641155659507
2025-08-27T15:00:00Z,2025-08-27,10,10:00:00,2025-08-27,10:00,N,20.92,18241.0,2673.0,0.7495600957404268
2025-08-27T16:00:00Z,2025-08-27,11,11:00:00,2025-08-27,11:00,N,20.92,22304.0,2985.0,0.6859381301146755
2025-08-27T17:00:00Z,2025-08-27,12,12:00:00,2025-08-27,12:00,N,23.18,23559.0,2975.0,0.6761677490878073
2025-08-27T18:00:00Z,2025-08-27,13,13:00:00,2025-08-27,13:00,N,26.03,22838.0,3813.0,0.7053421662304559
2025-08-27T19:00:00Z,2025-08-27,14,14:00:00,2025-08-27,14:00,N,31.43,22676.0,4965.0,0.7104619121150707
2025-08-27T20:00:00Z,2025-08-27,15,15:00:00,2025-08-27,15:00,N,35.59,22101.0,6247.0,0.7073980286932215
2025-08-27T21:00:00Z,2025-08-27,16,16:00:00,2025-08-27,16:00,N,36.39,21224.0,6142.0,0.7150543032562232
2025-08-27T22:00:00Z,2025-08-27,17,17:00:00,2025-08-27,17:00,N,36.49,19694.0,8333.0,0.700520083011286
2025-08-27T23:00:00Z,2025-08-27,18,18:00:00,2025-08-27,18:00,N,36.59,18530.0,10509.0,0.6918935225412544
2025-08-28T00:00:00Z,2025-08-27,19,19:00:00,2025-08-27,19:00,N,46.63,11926.0,12599.0,0.7209832382499409
2025-08-28T01:00:00Z,2025-08-27,20,20:00:00,2025-08-27,20:00,N,56.35,2636.0,14663.0,0.7605990437511314
2025-08-28T02:00:00Z,2025-08-27,21,21:00:00,2025-08-27,21:00,N,53.03,25.0,15489.0,0.7855503993074866
2025-08-28T03:00:00Z,2025-08-27,22,22:00:00,2025-08-27,22:00,N,39.41,1.0,16388.0,0.8133755708851615
2025-08-28T04:00:00Z,2025-08-27,23,23:00:00,2025-08-27,23:00,N,30.96,1.0,17568.0,0.8100641368596774
2025-08-28T05:00:00Z,2025-08-27,24,00:00:00,2025-08-27,24:00,N,25.02,1.0,18302.0,0.7910141433869033
2025-08-28T06:00:00Z,2025-08-28,1,01:00:00,2025-08-28,01:00,N,23.59,1.0,18347.0,0.7629600951814387
2025-08-28T07:00:00Z,2025-08-28,2,02:00:00,2025-08-28,02:00,N,21.47,1.0,18919.0,0.7134583083755095
2025-08-28T08:00:00Z,2025-08-28,3,03:00:00,2025-08-28,03:00,N,20.32,1.0,19510.0,0.6834200185320604
2025-08-28T09:00:00Z,2025-08-28,4,04:00:00,2025-08-28,04:00,N,19.17,1.0,19632.0,0.6727393916286025
2025-08-28T10:00:00Z,2025-08-28,5,05:00:00,2025-08-28,05:00,N,19.48,1.0,19358.0,0.6723332165492739
2025-08-28T11:00:00Z,2025-08-28,6,06:00:00,2025-08-28,06:00,N,20.29,1.0,18815.0,0.6833224210072456
2025-08-28T12:00:00Z,2025-08-28,7,07:00:00,2025-08-28,07:00,N,22.7,1.0,18893.0,0.6913066938700089
2025-08-28T13:00:00Z,2025-08-28,8,08:00:00,2025-08-28,08:00,N,22.32,1691.0,18278.0,0.6793740386999546
2025-08-28T14:00:00Z,2025-08-28,9,09:00:00,2025-08-28,09:00,N,16.69,13902.0,15626.0,0.5454401290948442
2025-08-28T15:00:00Z,2025-08-28,10,10:00:00,2025-08-28,10:00,N,14.36,22714.0,16317.0,0.43003474087233556
2025-08-28T16:00:00Z,2025-08-28,11,11:00:00,2025-08-28,11:00,N,17.91,24751.0,16106.0,0.4188783891938027
2025-08-28T17:00:00Z,2025-08-28,12,12:00:00,2025-08-28,12:00,N,23.04,25888.0,14154.0,0.46148205224261135
2025-08-28T18:00:00Z,2025-08-28,13,13:00:00,2025-08-28,13:00,N,27.57,28014.0,10564.0,0.5227262693576628
2025-08-28T19:00:00Z,2025-08-28,14,14:00:00,2025-08-28,14:00,N,36.51,27256.0,7341.0,0.6086134119364943
2025-08-28T20:00:00Z,2025-08-28,15,15:00:00,2025-08-28,15:00,N,44.32,24970.0,5980.0,0.669959437638316
2025-08-28T21:00:00Z,2025-08-28,16,16:00:00,2025-08-28,16:00,N,48.16,23654.0,5755.0,0.6924881774202252
2025-08-28T22:00:00Z,2025-08-28,17,17:00:00,2025-08-28,17:00,N,56.23,22292.0,6385.0,0.6968716208796923
2025-08-28T23:00:00Z,2025-08-28,18,18:00:00,2025-08-28,18:00,N,78.96,19913.0,8139.0,0.7048408998078899
2025-08-29T00:00:00Z,2025-08-28,19,19:00:00,2025-08-28,19:00,N,113.11,13794.0,10758.0,0.7275267699110111
2025-08-29T01:00:00Z,2025-08-28,20,20:00:00,2025-08-28,20:00,N,140.4,3134.0,12737.0,0.781483081305275
2025-08-29T02:00:00Z,2025-08-28,21,21:00:00,2025-08-28,21:00,N,100.89,16.0,13491.0,0.8110489597399172
2025-08-29T03:00:00Z,2025-08-28,22,22:00:00,2025-08-28,22:00,N,67.62,0.0,15723.0,0.8133538302868051
2025-08-29T04:00:00Z,2025-08-28,23,23:00:00,2025-08-28,23:00,N,41.56,0.0,17309.0,0.8142498582627586
2025-08-29T05:00:00Z,2025-08-28,24,00:00:00,2025-08-28,24:00,N,34.12,0.0,16327.0,0.8208571578597355
2025-08-29T06:00:00Z,2025-08-29,1,01:00:00,2025-08-29,01:00,N,28.8,0.0,14752.0,0.8348126976811393
2025-08-29T07:00:00Z,2025-08-29,2,02:00:00,2025-08-29,02:00,N,28.26,0.0,12906.0,0.8570246234347048
2025-08-29T08:00:00Z,2025-08-29,3,03:00:00,2025-08-29,03:00,N,27.11,1.0,10913.0,0.8891013061546912
2025-08-29T09:00:00Z,2025-08-29,4,04:00:00,2025-08-29,04:00,N,26.92,1.0,9873.0,0.9065190006681362
2025-08-29T10:00:00Z,2025-08-29,5,05:00:00,2025-08-29,05:00,N,27.86,1.0,8581.0,0.9268833894044556
2025-08-29T11:00:00Z,2025-08-29,6,06:00:00,2025-08-29,06:00,N,30.54,1.0,8042.0,0.9319197280574081
2025-08-29T12:00:00Z,2025-08-29,7,07:00:00,2025-08-29,07:00,N,42.87,1.0,7941.0,0.9316168389835445
2025-08-29T13:00:00Z,2025-08-29,8,08:00:00,2025-08-29,08:00,N,41.12,1012.0,6998.0,0.930918869952468
2025-08-29T14:00:00Z,2025-08-29,9,09:00:00,2025-08-29,09:00,N,30.17,8679.0,5866.0,0.8384135329734502
2025-08-29T15:00:00Z,2025-08-29,10,10:00:00,2025-08-29,10:00,N,25.47,15017.0,6107.0,0.7430635834499204
2025-08-29T16:00:00Z,2025-08-29,11,11:00:00,2025-08-29,11:00,N,27.36,18304.0,4894.0,0.7191635294369528
2025-08-29T17:00:00Z,2025-08-29,12,12:00:00,2025-08-29,12:00,N,32.13,20362.0,3485.0,0.716649246650083
2025-08-29T18:00:00Z,2025-08-29,13,13:00:00,2025-08-29,13:00,N,40.57,20783.0,2762.0,0.7305150192456519
2025-08-29T19:00:00Z,2025-08-29,14,14:00:00,2025-08-29,14:00,N,44.44,21018.0,2697.0,0.7400280785999195
2025-08-29T20:00:00Z,2025-08-29,15,15:00:00,2025-08-29,15:00,N,52.76,20869.0,3068.0,0.7434344260890113
2025-08-29T21:00:00Z,2025-08-29,16,16:00:00,2025-08-29,16:00,N,59.65,19500.0,4239.0,0.7419139500879444
2025-08-29T22:00:00Z,2025-08-29,17,17:00:00,2025-08-29,17:00,N,66.0,17245.0,6349.0,0.7440449705571349
2025-08-29T23:00:00Z,2025-08-29,18,18:00:00,2025-08-29,18:00,N,65.82,13814.0,8292.0,0.7520448992771834
2025-08-30T00:00:00Z,2025-08-29,19,19:00:00,2025-08-29,19:00,N,93.22,8510.0,8732.0,0.8032852915088972
2025-08-30T01:00:00Z,2025-08-29,20,20:00:00,2025-08-29,20:00,N,112.25,1838.0,9416.0,0.8470797612663395
2025-08-30T02:00:00Z,2025-08-29,21,21:00:00,2025-08-29,21:00,N,90.28,9.0,10609.0,0.8693556871828572
2025-08-30T03:00:00Z,2025-08-29,22,22:00:00,2025-08-29,22:00,N,61.7,0.0,10442.0,0.8845982930263887
2025-08-30T04:00:00Z,2025-08-29,23,23:00:00,2025-08-29,23:00,N,42.31,1.0,9625.0,0.9117670752667306
2025-08-30T05:00:00Z,2025-08-29,24,00:00:00,2025-08-29,24:00,N,35.92,0.0,9858.0,0.9117846001800105
2025-08-30T06:00:00Z,2025-08-30,1,01:00:00,2025-08-30,01:00,N,32.96,1.0,8880.0,0.9248207892727334
2025-08-30T07:00:00Z,2025-08-30,2,02:00:00,2025-08-30,02:00,N,31.12,1.0,8682.0,0.9294670583829203
2025-08-30T08:00:00Z,2025-08-30,3,03:00:00,2025-08-30,03:00,N,29.61,1.0,8917.0,0.9188690518868049
2025-08-30T09:00:00Z,2025-08-30,4,04:00:00,2025-08-30,04:00,N,27.93,1.0,8659.0,0.9114106360303387
2025-08-30T10:00:00Z,2025-08-30,5,05:00:00,2025-08-30,05:00,N,27.4,1.0,7230.0,0.9364431475756791
2025-08-30T11:00:00Z,2025-08-30,6,06:00:00,2025-08-30,06:00,N,27.04,1.0,7181.0,0.9419046467823207
2025-08-30T12:00:00Z,2025-08-30,7,07:00:00,2025-08-30,07:00,N,28.56,1.0,7407.0,0.933555690387723
2025-08-30T13:00:00Z,2025-08-30,8,08:00:00,2025-08-30,08:00,N,30.26,849.0,6852.0,0.9250277710396886
2025-08-30T14:00:00Z,2025-08-30,9,09:00:00,2025-08-30,09:00,N,26.89,7092.0,5987.0,0.8066139413099519
2025-08-30T15:00:00Z,2025-08-30,10,10:00:00,2025-08-30,10:00,N,26.42,13312.0,5572.0,0.7233079655206097
2025-08-30T16:00:00Z,2025-08-30,11,11:00:00,2025-08-30,11:00,N,25.66,16486.0,4131.0,0.7056753948370172
2025-08-30T17:00:00Z,2025-08-30,12,12:00:00,2025-08-30,12:00,N,26.48,18941.0,2449.0,0.7447267986603474
2025-08-30T18:00:00Z,2025-08-30,13,13:00:00,2025-08-30,13:00,N,28.52,19512.0,1912.0,0.7614112679343059
2025-08-30T19:00:00Z,2025-08-30,14,14:00:00,2025-08-30,14:00,N,29.28,19715.0,2151.0,0.7602464247190629
2025-08-30T20:00:00Z,2025-08-30,15,15:00:00,2025-08-30,15:00,N,33.0,19384.0,2943.0,0.759021528589543
2025-08-30T21:00:00Z,2025-08-30,16,16:00:00,2025-08-30,16:00,N,34.27,17773.0,3999.0,0.7658891583706009
2025-08-30T22:00:00Z,2025-08-30,17,17:00:00,2025-08-30,17:00,N,38.39,15647.0,5558.0,0.7666624562409527
2025-08-30T23:00:00Z,2025-08-30,18,18:00:00,2025-08-30,18:00,N,37.57,13102.0,6789.0,0.7777645934827854
2025-08-31T00:00:00Z,2025-08-30,19,19:00:00,2025-08-30,19:00,N,43.49,7638.0,7859.0,0.8204280384732875
2025-08-31T01:00:00Z,2025-08-30,20,20:00:00,2025-08-30,20:00,N,52.02,1611.0,9487.0,0.8691531075348743
2025-08-31T02:00:00Z,2025-08-30,21,21:00:00,2025-08-30,21:00,N,46.59,17.0,10066.0,0.8824990423059188
2025-08-31T03:00:00Z,2025-08-30,22,22:00:00,2025-08-30,22:00,N,43.98,0.0,9308.0,0.903312467870448
2025-08-31T04:00:00Z,2025-08-30,23,23:00:00,2025-08-30,23:00,N,39.0,0.0,8609.0,0.928236519256901
2025-08-31T05:00:00Z,2025-08-30,24,00:00:00,2025-08-30,24:00,N,34.54,0.0,8463.0,0.932059416626175
2025-08-31T06:00:00Z,2025-08-31,1,01:00:00,2025-08-31,01:00,N,31.17,0.0,7787.0,0.9452668708646473
2025-08-31T07:00:00Z,2025-08-31,2,02:00:00,2025-08-31,02:00,N,28.65,0.0,6202.0,0.9734922119148798
2025-08-31T08:00:00Z,2025-08-31,3,03:00:00,2025-08-31,03:00,N,27.49,1.0,4559.0,1.002588946581486
2025-08-31T09:00:00Z,2025-08-31,4,04:00:00,2025-08-31,04:00,N,26.92,1.0,3652.0,1.019957877179656
2025-08-31T10:00:00Z,2025-08-31,5,05:00:00,2025-08-31,05:00,N,26.49,1.0,3103.0,1.033530699659155
2025-08-31T11:00:00Z,2025-08-31,6,06:00:00,2025-08-31,06:00,N,26.44,1.0,2504.0,1.0449214844682382
2025-08-31T12:00:00Z,2025-08-31,7,07:00:00,2025-08-31,07:00,N,26.16,1.0,2522.0,1.042327459716379
2025-08-31T13:00:00Z,2025-08-31,8,08:00:00,2025-08-31,08:00,N,27.29,521.0,2552.0,1.0280620248934775
2025-08-31T14:00:00Z,2025-08-31,9,09:00:00,2025-08-31,09:00,N,27.79,5613.0,2048.0,0.9326627590482652
2025-08-31T15:00:00Z,2025-08-31,10,10:00:00,2025-08-31,10:00,N,26.96,10906.0,2728.0,0.821755250117543
2025-08-31T16:00:00Z,2025-08-31,11,11:00:00,2025-08-31,11:00,N,26.75,14918.0,3363.0,0.73755829409051
2025-08-31T17:00:00Z,2025-08-31,12,12:00:00,2025-08-31,12:00,N,27.83,17469.0,3310.0,0.6904727740141442
2025-08-31T18:00:00Z,2025-08-31,13,13:00:00,2025-08-31,13:00,N,28.33,18224.0,3189.0,0.6945117131106797
2025-08-31T19:00:00Z,2025-08-31,14,14:00:00,2025-08-31,14:00,N,27.91,17851.0,3518.0,0.712692784752242
2025-08-31T20:00:00Z,2025-08-31,15,15:00:00,2025-08-31,15:00,N,28.32,15864.0,5001.0,0.7463334595364902
2025-08-31T21:00:00Z,2025-08-31,16,16:00:00,2025-08-31,16:00,N,31.29,14186.0,7131.0,0.7339024106010846
2025-08-31T22:00:00Z,2025-08-31,17,17:00:00,2025-08-31,17:00,N,32.23,12684.0,7339.0,0.7576007877691324
2025-08-31T23:00:00Z,2025-08-31,18,18:00:00,2025-08-31,18:00,N,32.48,9777.0,8231.0,0.795029232247952
2025-09-01T00:00:00Z,2025-08-31,19,19:00:00,2025-08-31,19:00,N,37.58,6482.0,8427.0,0.8334070782918931
2025-09-01T01:00:00Z,2025-08-31,20,20:00:00,2025-08-31,20:00,N,45.19,1409.0,8108.0,0.884828290524411
2025-09-01T02:00:00Z,2025-08-31,21,21:00:00,2025-08-31,21:00,N,48.89,4.0,6916.0,0.9039323377455489
2025-09-01T03:00:00Z,2025-08-31,22,22:00:00,2025-08-31,22:00,N,48.51,1.0,5648.0,0.9365640382028216
2025-09-01T04:00:00Z,2025-08-31,23,23:00:00,2025-08-31,23:00,N,38.18,1.0,4330.0,0.9794607364834917
2025-09-01T05:00:00Z,2025-08-31,24,00:00:00,2025-08-31,24:00,N,34.37,1.0,3264.0,1.008689414426993
2025-09-01T06:00:00Z,2025-09-01,1,01:00:00,2025-09-01,01:00,N,36.6,1.0,2395.0,1.0197051319872101
2025-09-01T07:00:00Z,2025-09-01,2,02:00:00,2025-09-01,02:00,N,34.1,1.0,1919.0,1.035260993667357
2025-09-01T08:00:00Z,2025-09-01,3,03:00:00,2025-09-01,03:00,N,32.63,1.0,1605.0,1.0465638779679547
2025-09-01T09:00:00Z,2025-09-01,4,04:00:00,2025-09-01,04:00,N,31.42,1.0,1079.0,1.0579428974214797
2025-09-01T10:00:00Z,2025-09-01,5,05:00:00,2025-09-01,05:00,N,30.45,1.0,942.0,1.0608905449713493
2025-09-01T11:00:00Z,2025-09-01,6,06:00:00,2025-09-01,06:00,N,28.23,1.0,1028.0,1.0643928547421235
2025-09-01T12:00:00Z,2025-09-01,7,07:00:00,2025-09-01,07:00,N,32.56,1.0,1402.0,1.057912349739413
2025-09-01T13:00:00Z,2025-09-01,8,08:00:00,2025-09-01,08:00,N,30.85,951.0,1922.0,1.0231054831464828
2025-09-01T14:00:00Z,2025-09-01,9,09:00:00,2025-09-01,09:00,N,27.47,9721.0,1616.0,0.8338494525841965
2025-09-01T15:00:00Z,2025-09-01,10,10:00:00,2025-09-01,10:00,N,24.45,18320.0,756.0,0.7036085855950728
2025-09-01T16:00:00Z,2025-09-01,11,11:00:00,2025-09-01,11:00,N,23.65,19775.0,1374.0,0.6824178832304689
2025-09-01T17:00:00Z,2025-09-01,12,12:00:00,2025-09-01,12:00,N,24.14,21123.0,2499.0,0.6772479670014158
2025-09-01T18:00:00Z,2025-09-01,13,13:00:00,2025-09-01,13:00,N,25.07,21436.0,2879.0,0.6903734283130599
2025-09-01T19:00:00Z,2025-09-01,14,14:00:00,2025-09-01,14:00,N,27.53,21615.0,3393.0,0.7018897195562339
2025-09-01T20:00:00Z,2025-09-01,15,15:00:00,2025-09-01,15:00,N,31.75,22289.0,3613.0,0.695510208101065
2025-09-01T21:00:00Z,2025-09-01,16,16:00:00,2025-09-01,16:00,N,33.42,21153.0,4121.0,0.7058670432169057
2025-09-01T22:00:00Z,2025-09-01,17,17:00:00,2025-09-01,17:00,N,38.55,19448.0,4526.0,0.7299973061026829
2025-09-01T23:00:00Z,2025-09-01,18,18:00:00,2025-09-01,18:00,N,42.09,17256.0,5253.0,0.74644939257732
2025-09-02T00:00:00Z,2025-09-01,19,19:00:00,2025-09-01,19:00,N,55.55,11149.0,4677.0,0.8300284613761085
2025-09-02T01:00:00Z,2025-09-01,20,20:00:00,2025-09-01,20:00,N,72.72,2630.0,3829.0,0.8984060533151484
2025-09-02T02:00:00Z,2025-09-01,21,21:00:00,2025-09-01,21:00,N,68.04,12.0,4249.0,0.9329386503739855
2025-09-02T03:00:00Z,2025-09-01,22,22:00:00,2025-09-01,22:00,N,65.19,0.0,4744.0,0.9564910206110543
2025-09-02T04:00:00Z,2025-09-01,23,23:00:00,2025-09-01,23:00,N,42.79,1.0,4279.0,0.9884171498933141
2025-09-02T05:00:00Z,2025-09-01,24,00:00:00,2025-09-01,24:00,N,36.05,0.0,4009.0,1.0062442227746127
2025-09-02T06:00:00Z,2025-09-02,1,01:00:00,2025-09-02,01:00,N,31.9,0.0,3483.0,1.0195232305604007
2025-09-02T07:00:00Z,2025-09-02,2,02:00:00,2025-09-02,02:00,N,27.78,1.0,2953.0,1.0320843174966345
2025-09-02T08:00:00Z,2025-09-02,3,03:00:00,2025-09-02,03:00,N,26.45,1.0,2472.0,1.0435588346192144
2025-09-02T09:00:00Z,2025-09-02,4,04:00:00,2025-09-02,04:00,N,26.03,0.0,2127.0,1.0512416058776937
2025-09-02T10:00:00Z,2025-09-02,5,05:00:00,2025-09-02,05:00,N,27.59,1.0,1988.0,1.0526223199014655
2025-09-02T11:00:00Z,2025-09-02,6,06:00:00,2025-09-02,06:00,N,31.12,13.0,1702.0,1.0549364074134642
2025-09-02T12:00:00Z,2025-09-02,7,07:00:00,2025-09-02,07:00,N,35.97,27.0,1470.0,1.0390267088283562
2025-09-02T13:00:00Z,2025-09-02,8,08:00:00,2025-09-02,08:00,N,35.34,1598.0,1523.0,1.0125582906370123
2025-09-02T14:00:00Z,2025-09-02,9,09:00:00,2025-09-02,09:00,N,23.72,14103.0,1398.0,0.783602998935374
2025-09-02T15:00:00Z,2025-09-02,10,10:00:00,2025-09-02,10:00,N,20.29,24728.0,847.0,0.6271227471077936
2025-09-02T16:00:00Z,2025-09-02,11,11:00:00,2025-09-02,11:00,N,19.64,27146.0,1286.0,0.5995761155431621
2025-09-02T17:00:00Z,2025-09-02,12,12:00:00,2025-09-02,12:00,N,21.03,27282.0,2323.0,0.5913437517852177
2025-09-02T18:00:00Z,2025-09-02,13,13:00:00,2025-09-02,13:00,N,25.07,26151.0,3620.0,0.6092716603798574
2025-09-02T19:00:00Z,2025-09-02,14,14:00:00,2025-09-02,14:00,N,29.47,25316.0,4250.0,0.634453122737468
2025-09-02T20:00:00Z,2025-09-02,15,15:00:00,2025-09-02,15:00,N,29.37,24546.0,4766.0,0.6617234859170555
2025-09-02T21:00:00Z,2025-09-02,16,16:00:00,2025-09-02,16:00,N,32.24,24202.0,5953.0,0.6446427363278064
2025-09-02T22:00:00Z,2025-09-02,17,17:00:00,2025-09-02,17:00,N,32.64,24180.0,6409.0,0.6306956247167805
2025-09-02T23:00:00Z,2025-09-02,18,18:00:00,2025-09-02,18:00,N,34.27,21662.0,6930.0,0.6602151429093153
2025-09-03T00:00:00Z,2025-09-02,19,19:00:00,2025-09-02,19:00,N,49.65,13841.0,6649.0,0.7733093930473469
2025-09-03T01:00:00Z,2025-09-02,20,20:00:00,2025-09-02,20:00,N,74.86,2853.0,6556.0,0.8560183320771075
2025-09-03T02:00:00Z,2025-09-02,21,21:00:00,2025-09-02,21:00,N,70.58,7.0,6946.0,0.8938151563941353
2025-09-03T03:00:00Z,2025-09-02,22,22:00:00,2025-09-02,22:00,N,54.45,0.0,7623.0,0.9248675173831444
2025-09-03T04:00:00Z,2025-09-02,23,23:00:00,2025-09-02,23:00,N,43.02,0.0,8268.0,0.9397396122022036
2025-09-03T05:00:00Z,2025-09-02,24,00:00:00,2025-09-02,24:00,N,34.96,0.0,7169.0,0.9619469635187103
2025-09-03T06:00:00Z,2025-09-03,1,01:00:00,2025-09-03,01:00,N,29.51,0.0,5427.0,0.9935859844257925
2025-09-03T07:00:00Z,2025-09-03,2,02:00:00,2025-09-03,02:00,N,28.32,1.0,4057.0,1.0268887592667166
2025-09-03T08:00:00Z,2025-09-03,3,03:00:00,2025-09-03,03:00,N,27.35,1.0,3013.0,1.0479847626992418
2025-09-03T09:00:00Z,2025-09-03,4,04:00:00,2025-09-03,04:00,N,26.23,0.0,2528.0,1.0575063461046568
2025-09-03T10:00:00Z,2025-09-03,5,05:00:00,2025-09-03,05:00,N,27.15,1.0,1936.0,1.0655758524658803
2025-09-03T11:00:00Z,2025-09-03,6,06:00:00,2025-09-03,06:00,N,28.9,1.0,1690.0,1.061044700365053
2025-09-03T12:00:00Z,2025-09-03,7,07:00:00,2025-09-03,07:00,N,33.6,1.0,1552.0,1.0537791808848251
2025-09-03T13:00:00Z,2025-09-03,8,08:00:00,2025-09-03,08:00,N,30.26,1778.0,1484.0,1.0363565472401008
2025-09-03T14:00:00Z,2025-09-03,9,09:00:00,2025-09-03,09:00,N,22.28,14930.0,1179.0,0.7975461340612163
2025-09-03T15:00:00Z,2025-09-03,10,10:00:00,2025-09-03,10:00,N,17.89,24832.0,689.0,0.6589785255825035
2025-09-03T16:00:00Z,2025-09-03,11,11:00:00,2025-09-03,11:00,N,18.9,27335.0,947.0,0.6193680656325755
2025-09-03T17:00:00Z,2025-09-03,12,12:00:00,2025-09-03,12:00,N,20.52,27066.0,1256.0,0.6186053032307178
2025-09-03T18:00:00Z,2025-09-03,13,13:00:00,2025-09-03,13:00,N,25.68,26925.0,1376.0,0.6429960827873487
2025-09-03T19:00:00Z,2025-09-03,14,14:00:00,2025-09-03,14:00,N,30.02,27532.0,1334.0,0.6594967489892384
2025-09-03T20:00:00Z,2025-09-03,15,15:00:00,2025-09-03,15:00,N,32.3,27541.0,1553.0,0.670412403756952
2025-09-03T21:00:00Z,2025-09-03,16,16:00:00,2025-09-03,16:00,N,34.42,27160.0,1995.0,0.6648047258299777
2025-09-03T22:00:00Z,2025-09-03,17,17:00:00,2025-09-03,17:00,N,35.02,25654.0,2193.0,0.6916391910180978
2025-09-03T23:00:00Z,2025-09-03,18,18:00:00,2025-09-03,18:00,N,38.77,23126.0,2198.0,0.738934466312155
2025-09-04T00:00:00Z,2025-09-03,19,19:00:00,2025-09-03,19:00,N,66.42,14108.0,2517.0,0.8257083454686872
2025-09-04T01:00:00Z,2025-09-03,20,20:00:00,2025-09-03,20:00,N,104.29,2230.0,3729.0,0.9021909944521505
2025-09-04T02:00:00Z,2025-09-03,21,21:00:00,2025-09-03,21:00,N,78.08,3.0,6141.0,0.9207001534671266
2025-09-04T03:00:00Z,2025-09-03,22,22:00:00,2025-09-03,22:00,N,50.22,0.0,8090.0,0.9354874614396127
2025-09-04T04:00:00Z,2025-09-03,23,23:00:00,2025-09-03,23:00,N,36.1,0.0,9756.0,0.9279939305858319
2025-09-04T05:00:00Z,2025-09-03,24,00:00:00,2025-09-03,24:00,N,26.83,0.0,11622.0,0.8817791452906115
2025-09-04T06:00:00Z,2025-09-04,1,01:00:00,2025-09-04,01:00,N,21.02,0.0,12731.0,0.8337782714674647
2025-09-04T07:00:00Z,2025-09-04,2,02:00:00,2025-09-04,02:00,N,19.61,0.0,13787.0,0.7942045675302708
2025-09-04T08:00:00Z,2025-09-04,3,03:00:00,2025-09-04,03:00,N,17.41,0.0,14202.0,0.7688847750016939
2025-09-04T09:00:00Z,2025-09-04,4,04:00:00,2025-09-04,04:00,N,17.27,0.0,13546.0,0.7661700200820439
2025-09-04T10:00:00Z,2025-09-04,5,05:00:00,2025-09-04,05:00,N,17.48,0.0,12747.0,0.7803764537758165
2025-09-04T11:00:00Z,2025-09-04,6,06:00:00,2025-09-04,06:00,N,18.96,0.0,12114.0,0.7974448398963958
2025-09-04T12:00:00Z,2025-09-04,7,07:00:00,2025-09-04,07:00,N,20.24,0.0,12177.0,0.8030239211505006
2025-09-04T13:00:00Z,2025-09-04,8,08:00:00,2025-09-04,08:00,N,20.17,1805.0,12031.0,0.7854911741835259
2025-09-04T14:00:00Z,2025-09-04,9,09:00:00,2025-09-04,09:00,N,17.64,14682.0,10694.0,0.5944317442462812
2025-09-04T15:00:00Z,2025-09-04,10,10:00:00,2025-09-04,10:00,N,16.03,25149.0,6787.0,0.4930428990183514
2025-09-04T16:00:00Z,2025-09-04,11,11:00:00,2025-09-04,11:00,N,18.32,27778.0,6011.0,0.4981434407437856
2025-09-04T17:00:00Z,2025-09-04,12,12:00:00,2025-09-04,12:00,N,22.93,28382.0,5567.0,0.5210454645710133
2025-09-04T18:00:00Z,2025-09-04,13,13:00:00,2025-09-04,13:00,N,30.68,28278.0,4775.0,0.5738103213329663
2025-09-04T19:00:00Z,2025-09-04,14,14:00:00,2025-09-04,14:00,N,41.31,28617.0,4485.0,0.6061470750370658
2025-09-04T20:00:00Z,2025-09-04,15,15:00:00,2025-09-04,15:00,N,44.2,28668.0,4338.0,0.6149686468198752
2025-09-04T21:00:00Z,2025-09-04,16,16:00:00,2025-09-04,16:00,N,46.42,28148.0,4790.0,0.6237489878809839
2025-09-04T22:00:00Z,2025-09-04,17,17:00:00,2025-09-04,17:00,N,47.38,27180.0,5620.0,0.6233051126453288
2025-09-04T23:00:00Z,2025-09-04,18,18:00:00,2025-09-04,18:00,N,48.13,23797.0,6315.0,0.6697785042112004
2025-09-05T00:00:00Z,2025-09-04,19,19:00:00,2025-09-04,19:00,N,70.58,13656.0,7454.0,0.7518933244592889
2025-09-05T01:00:00Z,2025-09-04,20,20:00:00,2025-09-04,20:00,N,90.82,1759.0,9146.0,0.8362915805291319
2025-09-05T02:00:00Z,2025-09-04,21,21:00:00,2025-09-04,21:00,N,53.39,1.0,13001.0,0.8525631122161839
2025-09-05T03:00:00Z,2025-09-04,22,22:00:00,2025-09-04,22:00,N,40.11,0.0,16472.0,0.8414408749914255
2025-09-05T04:00:00Z,2025-09-04,23,23:00:00,2025-09-04,23:00,N,27.79,0.0,18929.0,0.8158819374550217
2025-09-05T05:00:00Z,2025-09-04,24,00:00:00,2025-09-04,24:00,N,24.07,0.0,20044.0,0.7829963139370134
2025-09-05T06:00:00Z,2025-09-05,1,01:00:00,2025-09-05,01:00,N,22.11,0.0,21404.0,0.7262007450249903
2025-09-05T07:00:00Z,2025-09-05,2,02:00:00,2025-09-05,02:00,N,19.73,0.0,21814.0,0.6812099285837991
2025-09-05T08:00:00Z,2025-09-05,3,03:00:00,2025-09-05,03:00,N,18.27,1.0,21065.0,0.6697929633857787
2025-09-05T09:00:00Z,2025-09-05,4,04:00:00,2025-09-05,04:00,N,18.0,0.0,20490.0,0.675537209585818
2025-09-05T10:00:00Z,2025-09-05,5,05:00:00,2025-09-05,05:00,N,19.07,0.0,19862.0,0.6863445561386844
2025-09-05T11:00:00Z,2025-09-05,6,06:00:00,2025-09-05,06:00,N,20.78,0.0,18697.0,0.719370485806492
2025-09-05T12:00:00Z,2025-09-05,7,07:00:00,2025-09-05,07:00,N,22.22,0.0,17258.0,0.7747295277512534
2025-09-05T13:00:00Z,2025-09-05,8,08:00:00,2025-09-05,08:00,N,22.29,1273.0,15559.0,0.7958750597646921
2025-09-05T14:00:00Z,2025-09-05,9,09:00:00,2025-09-05,09:00,N,20.96,8794.0,11898.0,0.7194884095499651
2025-09-05T15:00:00Z,2025-09-05,10,10:00:00,2025-09-05,10:00,N,20.34,14582.0,9936.0,0.6994771654427164
2025-09-05T16:00:00Z,2025-09-05,11,11:00:00,2025-09-05,11:00,N,22.84,16748.0,9592.0,0.6940624957330138
2025-09-05T17:00:00Z,2025-09-05,12,12:00:00,2025-09-05,12:00,N,26.73,18607.0,8812.0,0.6849350816242763
2025-09-05T18:00:00Z,2025-09-05,13,13:00:00,2025-09-05,13:00,N,32.54,19769.0,8340.0,0.7000375687722119
2025-09-05T19:00:00Z,2025-09-05,14,14:00:00,2025-09-05,14:00,N,38.92,21829.0,8777.0,0.6819002508940819
2025-09-05T20:00:00Z,2025-09-05,15,15:00:00,2025-09-05,15:00,N,44.57,21626.0,10507.0,0.6467818767654543
2025-09-05T21:00:00Z,2025-09-05,16,16:00:00,2025-09-05,16:00,N,50.1,20177.0,13041.0,0.6256063288485214
2025-09-05T22:00:00Z,2025-09-05,17,17:00:00,2025-09-05,17:00,N,56.88,17616.0,13931.0,0.6432014274982675
2025-09-05T23:00:00Z,2025-09-05,18,18:00:00,2025-09-05,18:00,N,58.32,12914.0,12689.0,0.7227813020510192
2025-09-06T00:00:00Z,2025-09-05,19,19:00:00,2025-09-05,19:00,N,64.22,5525.0,12515.0,0.7882874096373216
2025-09-06T01:00:00Z,2025-09-05,20,20:00:00,2025-09-05,20:00,N,59.15,501.0,12392.0,0.8338941272829763
2025-09-06T02:00:00Z,2025-09-05,21,21:00:00,2025-09-05,21:00,N,46.04,1.0,13582.0,0.8535072092531047
2025-09-06T03:00:00Z,2025-09-05,22,22:00:00,2025-09-05,22:00,N,40.13,0.0,14164.0,0.8676966124309466
2025-09-06T04:00:00Z,2025-09-05,23,23:00:00,2025-09-05,23:00,N,37.2,0.0,14424.0,0.8705029594019095
2025-09-06T05:00:00Z,2025-09-05,24,00:00:00,2025-09-05,24:00,N,33.33,1.0,13744.0,0.8711328256302117
2025-09-06T06:00:00Z,2025-09-06,1,01:00:00,2025-09-06,01:00,N,33.1,0.0,12098.0,0.8940241460813731
2025-09-06T07:00:00Z,2025-09-06,2,02:00:00,2025-09-06,02:00,N,31.08,1.0,10952.0,0.9145102674644032
2025-09-06T08:00:00Z,2025-09-06,3,03:00:00,2025-09-06,03:00,N,30.19,1.0,9492.0,0.9373062708931466
2025-09-06T09:00:00Z,2025-09-06,4,04:00:00,2025-09-06,04:00,N,28.33,1.0,8576.0,0.9517025397050268
2025-09-06T10:00:00Z,2025-09-06,5,05:00:00,2025-09-06,05:00,N,29.0,1.0,8149.0,0.9596246560556216
2025-09-06T11:00:00Z,2025-09-06,6,06:00:00,2025-09-06,06:00,N,27.82,1.0,7771.0,0.9668244926251204
2025-09-06T12:00:00Z,2025-09-06,7,07:00:00,2025-09-06,07:00,N,27.26,1.0,7104.0,0.9738678747308541
2025-09-06T13:00:00Z,2025-09-06,8,08:00:00,2025-09-06,08:00,N,27.55,256.0,6931.0,0.9713233366684598
2025-09-06T14:00:00Z,2025-09-06,9,09:00:00,2025-09-06,09:00,N,27.8,2151.0,6262.0,0.9453016091374349
2025-09-06T15:00:00Z,2025-09-06,10,10:00:00,2025-09-06,10:00,N,26.96,5522.0,5382.0,0.9091966989952979
2025-09-06T16:00:00Z,2025-09-06,11,11:00:00,2025-09-06,11:00,N,27.84,9705.0,4287.0,0.8628052457521742
2025-09-06T17:00:00Z,2025-09-06,12,12:00:00,2025-09-06,12:00,N,27.99,12767.0,3062.0,0.8407003173640881
2025-09-06T18:00:00Z,2025-09-06,13,13:00:00,2025-09-06,13:00,N,31.67,15405.0,2464.0,0.8133813218052286
2025-09-06T19:00:00Z,2025-09-06,14,14:00:00,2025-09-06,14:00,N,32.18,17847.0,2774.0,0.764522532446998
2025-09-06T20:00:00Z,2025-09-06,15,15:00:00,2025-09-06,15:00,N,32.18,18725.0,3057.0,0.7380293617763337
2025-09-06T21:00:00Z,2025-09-06,16,16:00:00,2025-09-06,16:00,N,33.56,17180.0,2736.0,0.781040854537166
2025-09-06T22:00:00Z,2025-09-06,17,17:00:00,2025-09-06,17:00,N,34.99,13616.0,3116.0,0.8320134905551827
2025-09-06T23:00:00Z,2025-09-06,18,18:00:00,2025-09-06,18:00,N,37.39,11002.0,3802.0,0.86281217554676
2025-09-07T00:00:00Z,2025-09-06,19,19:00:00,2025-09-06,19:00,N,53.49,6395.0,4392.0,0.8971554404597953
2025-09-07T01:00:00Z,2025-09-06,20,20:00:00,2025-09-06,20:00,N,55.72,892.0,4721.0,0.935367711708948
2025-09-07T02:00:00Z,2025-09-06,21,21:00:00,2025-09-06,21:00,N,46.54,1.0,4845.0,0.9461337422552697
2025-09-07T03:00:00Z,2025-09-06,22,22:00:00,2025-09-06,22:00,N,44.67,0.0,5006.0,0.9694911985364397
2025-09-07T04:00:00Z,2025-09-06,23,23:00:00,2025-09-06,23:00,N,44.81,0.0,5000.0,0.9957677655958488
2025-09-07T05:00:00Z,2025-09-06,24,00:00:00,2025-09-06,24:00,N,38.48,1.0,4502.0,1.0166889980226492
2025-09-07T06:00:00Z,2025-09-07,1,01:00:00,2025-09-07,01:00,N,37.91,1.0,4304.0,1.0242872093957267
2025-09-07T07:00:00Z,2025-09-07,2,02:00:00,2025-09-07,02:00,N,33.56,1.0,3945.0,1.0354627223267239
2025-09-07T08:00:00Z,2025-09-07,3,03:00:00,2025-09-07,03:00,N,30.2,1.0,3694.0,1.031097300106463
2025-09-07T09:00:00Z,2025-09-07,4,04:00:00,2025-09-07,04:00,N,29.02,1.0,3251.0,1.039043074181395
2025-09-07T10:00:00Z,2025-09-07,5,05:00:00,2025-09-07,05:00,N,27.88,1.0,3006.0,1.0476353268148944
2025-09-07T11:00:00Z,2025-09-07,6,06:00:00,2025-09-07,06:00,N,27.46,1.0,3001.0,1.0527167123996128
2025-09-07T12:00:00Z,2025-09-07,7,07:00:00,2025-09-07,07:00,N,26.63,1.0,2839.0,1.0586518486166367
2025-09-07T13:00:00Z,2025-09-07,8,08:00:00,2025-09-07,08:00,N,26.18,496.0,3201.0,1.0483575257344397
2025-09-07T14:00:00Z,2025-09-07,9,09:00:00,2025-09-07,09:00,N,22.93,4375.0,2592.0,0.9797670503766662
2025-09-07T15:00:00Z,2025-09-07,10,10:00:00,2025-09-07,10:00,N,20.7,9470.0,2340.0,0.8984077813214303
2025-09-07T16:00:00Z,2025-09-07,11,11:00:00,2025-09-07,11:00,N,19.94,13205.0,2474.0,0.8323340218019553
2025-09-07T17:00:00Z,2025-09-07,12,12:00:00,2025-09-07,12:00,N,19.15,17934.0,2585.0,0.7382710253090201
2025-09-07T18:00:00Z,2025-09-07,13,13:00:00,2025-09-07,13:00,N,20.59,20598.0,2685.0,0.6619812148504389
2025-09-07T19:00:00Z,2025-09-07,14,14:00:00,2025-09-07,14:00,N,22.73,20520.0,2993.0,0.6353187209930294
2025-09-07T20:00:00Z,2025-09-07,15,15:00:00,2025-09-07,15:00,N,23.74,19123.0,3437.0,0.6516526033871017
2025-09-07T21:00:00Z,2025-09-07,16,16:00:00,2025-09-07,16:00,N,25.65,16569.0,3675.0,0.721853213266766
2025-09-07T22:00:00Z,2025-09-07,17,17:00:00,2025-09-07,17:00,N,26.39,15596.0,5261.0,0.7240462675570424
2025-09-07T23:00:00Z,2025-09-07,18,18:00:00,2025-09-07,18:00,N,30.52,14198.0,5972.0,0.746079932145615
2025-09-08T00:00:00Z,2025-09-07,19,19:00:00,2025-09-07,19:00,N,46.84,8893.0,6733.0,0.8147307895951406
2025-09-08T01:00:00Z,2025-09-07,20,20:00:00,2025-09-07,20:00,N,51.04,1732.0,7734.0,0.882058530653756
2025-09-08T02:00:00Z,2025-09-07,21,21:00:00,2025-09-07,21:00,N,43.45,28.0,9366.0,0.8878272793290013
2025-09-08T03:00:00Z,2025-09-07,22,22:00:00,2025-09-07,22:00,N,35.61,0.0,11495.0,0.8914528347350577
2025-09-08T04:00:00Z,2025-09-07,23,23:00:00,2025-09-07,23:00,N,28.34,0.0,13141.0,0.841253489424101
2025-09-08T05:00:00Z,2025-09-07,24,00:00:00,2025-09-07,24:00,N,25.4,1.0,12806.0,0.8250917696887906
2025-09-08T06:00:00Z,2025-09-08,1,01:00:00,2025-09-08,01:00,N,23.75,1.0,12073.0,0.8061281144934065
2025-09-08T07:00:00Z,2025-09-08,2,02:00:00,2025-09-08,02:00,N,22.53,1.0,11129.0,0.8107891317209122
2025-09-08T08:00:00Z,2025-09-08,3,03:00:00,2025-09-08,03:00,N,20.78,1.0,10647.0,0.8157377186297494
2025-09-08T09:00:00Z,2025-09-08,4,04:00:00,2025-09-08,04:00,N,21.39,1.0,10063.0,0.8235069403623179
2025-09-08T10:00:00Z,2025-09-08,5,05:00:00,2025-09-08,05:00,N,22.31,1.0,9685.0,0.8351384096946235
2025-09-08T11:00:00Z,2025-09-08,6,06:00:00,2025-09-08,06:00,N,24.17,1.0,8930.0,0.8752315946765641
2025-09-08T12:00:00Z,2025-09-08,7,07:00:00,2025-09-08,07:00,N,27.16,1.0,8908.0,0.89394271965863
2025-09-08T13:00:00Z,2025-09-08,8,08:00:00,2025-09-08,08:00,N,24.7,1197.0,8996.0,0.8677897383625022
2025-09-08T14:00:00Z,2025-09-08,9,09:00:00,2025-09-08,09:00,N,18.74,9893.0,7909.0,0.7102895522806884
2025-09-08T15:00:00Z,2025-09-08,10,10:00:00,2025-09-08,10:00,N,16.25,18926.0,7738.0,0.5602627109308624
2025-09-08T16:00:00Z,2025-09-08,11,11:00:00,2025-09-08,11:00,N,14.63,24574.0,7819.0,0.4794327213893293
2025-09-08T17:00:00Z,2025-09-08,12,12:00:00,2025-09-08,12:00,N,14.94,26858.0,6849.0,0.4563961860182838
2025-09-08T18:00:00Z,2025-09-08,13,13:00:00,2025-09-08,13:00,N,18.32,27793.0,6714.0,0.4448646384014821
2025-09-08T19:00:00Z,2025-09-08,14,14:00:00,2025-09-08,14:00,N,21.47,27896.0,7276.0,0.4651633016207349
2025-09-08T20:00:00Z,2025-09-08,15,15:00:00,2025-09-08,15:00,N,23.83,27884.0,7519.0,0.4869262899696814
2025-09-08T21:00:00Z,2025-09-08,16,16:00:00,2025-09-08,16:00,N,24.2,27513.0,7853.0,0.5107954688664726
2025-09-08T22:00:00Z,2025-09-08,17,17:00:00,2025-09-08,17:00,N,24.15,26911.0,7936.0,0.5321743235994445
2025-09-08T23:00:00Z,2025-09-08,18,18:00:00,2025-09-08,18:00,N,24.77,24163.0,8328.0,0.5649251391392683
2025-09-09T00:00:00Z,2025-09-08,19,19:00:00,2025-09-08,19:00,N,39.11,14033.0,8819.0,0.7021232607129844
2025-09-09T01:00:00Z,2025-09-08,20,20:00:00,2025-09-08,20:00,N,48.77,2107.0,9455.0,0.8312013710196883
2025-09-09T02:00:00Z,2025-09-08,21,21:00:00,2025-09-08,21:00,N,35.82,1.0,11637.0,0.8554953285084804
2025-09-09T03:00:00Z,2025-09-08,22,22:00:00,2025-09-08,22:00,N,27.19,0.0,14910.0,0.8381342848623876
2025-09-09T04:00:00Z,2025-09-08,23,23:00:00,2025-09-08,23:00,N,24.27,0.0,17099.0,0.7813144838328675
2025-09-09T05:00:00Z,2025-09-08,24,00:00:00,2025-09-08,24:00,N,21.48,0.0,17250.0,0.7447920917098613
2025-09-09T06:00:00Z,2025-09-09,1,01:00:00,2025-09-09,01:00,N,20.46,0.0,16818.0,0.7161690937685338
2025-09-09T07:00:00Z,2025-09-09,2,02:00:00,2025-09-09,02:00,N,19.2,0.0,16241.0,0.7044100375405252
2025-09-09T08:00:00Z,2025-09-09,3,03:00:00,2025-09-09,03:00,N,18.52,0.0,15921.0,0.7031282921756701
2025-09-09T09:00:00Z,2025-09-09,4,04:00:00,2025-09-09,04:00,N,18.74,0.0,15934.0,0.6934610121236886
2025-09-09T10:00:00Z,2025-09-09,5,05:00:00,2025-09-09,05:00,N,19.86,0.0,14895.0,0.7008976314184767
2025-09-09T11:00:00Z,2025-09-09,6,06:00:00,2025-09-09,06:00,N,21.64,1.0,14244.0,0.7484507163273245
2025-09-09T12:00:00Z,2025-09-09,7,07:00:00,2025-09-09,07:00,N,22.03,1.0,14126.0,0.7775663919356706
2025-09-09T13:00:00Z,2025-09-09,8,08:00:00,2025-09-09,08:00,N,20.75,1626.0,12844.0,0.7919893359940579
2025-09-09T14:00:00Z,2025-09-09,9,09:00:00,2025-09-09,09:00,N,14.47,14594.0,9694.0,0.5757105050710888
2025-09-09T15:00:00Z,2025-09-09,10,10:00:00,2025-09-09,10:00,N,6.56,26047.0,7434.0,0.4197986204349417
2025-09-09T16:00:00Z,2025-09-09,11,11:00:00,2025-09-09,11:00,N,6.4,28401.0,7486.0,0.38743595845714096
2025-09-09T17:00:00Z,2025-09-09,12,12:00:00,2025-09-09,12:00,N,7.88,29438.0,6430.0,0.3971608646235164
2025-09-09T18:00:00Z,2025-09-09,13,13:00:00,2025-09-09,13:00,N,14.94,29503.0,5647.0,0.45111593515564824
2025-09-09T19:00:00Z,2025-09-09,14,14:00:00,2025-09-09,14:00,N,18.72,29441.0,5525.0,0.49518203466950167
2025-09-09T20:00:00Z,2025-09-09,15,15:00:00,2025-09-09,15:00,N,22.36,29296.0,6609.0,0.5236398204101625
2025-09-09T21:00:00Z,2025-09-09,16,16:00:00,2025-09-09,16:00,N,23.03,29265.0,8518.0,0.5123049351072789
2025-09-09T22:00:00Z,2025-09-09,17,17:00:00,2025-09-09,17:00,N,22.98,28187.0,10651.0,0.5063714004003036
2025-09-09T23:00:00Z,2025-09-09,18,18:00:00,2025-09-09,18:00,N,23.95,24325.0,13335.0,0.5268824620489363
2025-09-10T00:00:00Z,2025-09-09,19,19:00:00,2025-09-09,19:00,N,33.09,13318.0,15516.0,0.6362351933695303
2025-09-10T01:00:00Z,2025-09-09,20,20:00:00,2025-09-09,20:00,N,43.33,1632.0,16524.0,0.7338828555240127
2025-09-10T02:00:00Z,2025-09-09,21,21:00:00,2025-09-09,21:00,N,36.16,0.0,16341.0,0.7661585300296253
2025-09-10T03:00:00Z,2025-09-09,22,22:00:00,2025-09-09,22:00,N,28.83,0.0,17775.0,0.7876724413517031
2025-09-10T04:00:00Z,2025-09-09,23,23:00:00,2025-09-09,23:00,N,24.62,0.0,19151.0,0.7551700653579401
2025-09-10T05:00:00Z,2025-09-09,24,00:00:00,2025-09-09,24:00,N,22.08,0.0,19667.0,0.6960589165490779
2025-09-10T06:00:00Z,2025-09-10,1,01:00:00,2025-09-10,01:00,N,22.79,0.0,20136.0,0.659601731797904
2025-09-10T07:00:00Z,2025-09-10,2,02:00:00,2025-09-10,02:00,N,20.96,0.0,20233.0,0.6416393661530226
2025-09-10T08:00:00Z,2025-09-10,3,03:00:00,2025-09-10,03:00,N,20.1,1.0,20186.0,0.6354042775097143
2025-09-10T09:00:00Z,2025-09-10,4,04:00:00,2025-09-10,04:00,N,20.05,0.0,19686.0,0.6328957968893559
2025-09-10T10:00:00Z,2025-09-10,5,05:00:00,2025-09-10,05:00,N,21.65,1.0,18720.0,0.6448676528433164
2025-09-10T11:00:00Z,2025-09-10,6,06:00:00,2025-09-10,06:00,N,23.49,1.0,16337.0,0.7099657544622345
2025-09-10T12:00:00Z,2025-09-10,7,07:00:00,2025-09-10,07:00,N,25.56,1.0,13744.0,0.8081103460525916
2025-09-10T13:00:00Z,2025-09-10,8,08:00:00,2025-09-10,08:00,N,24.42,1601.0,11615.0,0.8440174008047147
2025-09-10T14:00:00Z,2025-09-10,9,09:00:00,2025-09-10,09:00,N,15.82,14479.0,8281.0,0.6470390646947848
2025-09-10T15:00:00Z,2025-09-10,10,10:00:00,2025-09-10,10:00,N,12.46,25309.0,5949.0,0.4955748970229086
2025-09-10T16:00:00Z,2025-09-10,11,11:00:00,2025-09-10,11:00,N,12.77,27697.0,7246.0,0.45762594040849863
2025-09-10T17:00:00Z,2025-09-10,12,12:00:00,2025-09-10,12:00,N,14.75,28361.0,6787.0,0.4726369818027314
2025-09-10T18:00:00Z,2025-09-10,13,13:00:00,2025-09-10,13:00,N,18.08,28522.0,6686.0,0.5017798157363056
2025-09-10T19:00:00Z,2025-09-10,14,14:00:00,2025-09-10,14:00,N,22.71,28729.0,7775.0,0.5237906095184696
2025-09-10T20:00:00Z,2025-09-10,15,15:00:00,2025-09-10,15:00,N,25.18,28807.0,9538.0,0.5366672949539063
2025-09-10T21:00:00Z,2025-09-10,16,16:00:00,2025-09-10,16:00,N,28.88,28461.0,11265.0,0.5562173516151477
2025-09-10T22:00:00Z,2025-09-10,17,17:00:00,2025-09-10,17:00,N,29.86,27400.0,13335.0,0.5546577229867113
2025-09-10T23:00:00Z,2025-09-10,18,18:00:00,2025-09-10,18:00,N,28.37,23935.0,14850.0,0.5733733396843514
2025-09-11T00:00:00Z,2025-09-10,19,19:00:00,2025-09-10,19:00,N,42.08,13715.0,15534.0,0.6622411740723231
2025-09-11T01:00:00Z,2025-09-10,20,20:00:00,2025-09-10,20:00,N,54.94,1845.0,14770.0,0.7473198573062476
2025-09-11T02:00:00Z,2025-09-10,21,21:00:00,2025-09-10,21:00,N,43.02,0.0,15543.0,0.79300447531224
2025-09-11T03:00:00Z,2025-09-10,22,22:00:00,2025-09-10,22:00,N,34.0,0.0,17577.0,0.8051269519546855
2025-09-11T04:00:00Z,2025-09-10,23,23:00:00,2025-09-10,23:00,N,28.46,0.0,19005.0,0.7855492720686165
2025-09-11T05:00:00Z,2025-09-10,24,00:00:00,2025-09-10,24:00,N,25.0,0.0,19190.0,0.7458108270095485
2025-09-11T06:00:00Z,2025-09-11,1,01:00:00,2025-09-11,01:00,N,24.06,0.0,19086.0,0.7305567834583895
2025-09-11T07:00:00Z,2025-09-11,2,02:00:00,2025-09-11,02:00,N,21.22,0.0,18427.0,0.7403493249112927
2025-09-11T08:00:00Z,2025-09-11,3,03:00:00,2025-09-11,03:00,N,20.91,0.0,18773.0,0.6958831247351943
2025-09-11T09:00:00Z,2025-09-11,4,04:00:00,2025-09-11,04:00,N,20.8,0.0,18367.0,0.6870170947991789
2025-09-11T10:00:00Z,2025-09-11,5,05:00:00,2025-09-11,05:00,N,21.58,0.0,17401.0,0.7002320509053849
2025-09-11T11:00:00Z,2025-09-11,6,06:00:00,2025-09-11,06:00,N,24.32,100.0,16055.0,0.7507975589595608
2025-09-11T12:00:00Z,2025-09-11,7,07:00:00,2025-09-11,07:00,N,31.68,158.0,14359.0,0.8108650356551107
2025-09-11T13:00:00Z,2025-09-11,8,08:00:00,2025-09-11,08:00,N,29.82,1417.0,12599.0,0.8301654418746939
2025-09-11T14:00:00Z,2025-09-11,9,09:00:00,2025-09-11,09:00,N,20.42,14052.0,9809.0,0.6494824996836972
2025-09-11T15:00:00Z,2025-09-11,10,10:00:00,2025-09-11,10:00,N,16.07,24602.0,6983.0,0.525960283826415
2025-09-11T16:00:00Z,2025-09-11,11,11:00:00,2025-09-11,11:00,N,17.32,26815.0,8013.0,0.47919033107340125
2025-09-11T17:00:00Z,2025-09-11,12,12:00:00,2025-09-11,12:00,N,19.71,27821.0,7426.0,0.49199022050250396
2025-09-11T18:00:00Z,2025-09-11,13,13:00:00,2025-09-11,13:00,N,25.11,27466.0,5495.0,0.57736631869376
2025-09-11T19:00:00Z,2025-09-11,14,14:00:00,2025-09-11,14:00,N,29.97,27390.0,5578.0,0.6371041203414741
2025-09-11T20:00:00Z,2025-09-11,15,15:00:00,2025-09-11,15:00,N,30.48,27038.0,7714.0,0.6275588430336817
2025-09-11T21:00:00Z,2025-09-11,16,16:00:00,2025-09-11,16:00,N,31.28,27205.0,9537.0,0.6079619008431617
2025-09-11T22:00:00Z,2025-09-11,17,17:00:00,2025-09-11,17:00,N,31.48,26376.0,11628.0,0.5869174059101743
2025-09-11T23:00:00Z,2025-09-11,18,18:00:00,2025-09-11,18:00,N,30.77,23897.0,13051.0,0.5896245613805237
2025-09-12T00:00:00Z,2025-09-11,19,19:00:00,2025-09-11,19:00,N,49.56,13786.0,14322.0,0.673825828636832
2025-09-12T01:00:00Z,2025-09-11,20,20:00:00,2025-09-11,20:00,N,60.26,1704.0,14465.0,0.7522948925669075
2025-09-12T02:00:00Z,2025-09-11,21,21:00:00,2025-09-11,21:00,N,53.88,1.0,15713.0,0.7823866030944928
2025-09-12T03:00:00Z,2025-09-11,22,22:00:00,2025-09-11,22:00,N,38.36,0.0,18393.0,0.7890638202399738
2025-09-12T04:00:00Z,2025-09-11,23,23:00:00,2025-09-11,23:00,N,28.87,0.0,19592.0,0.7769479348673152
2025-09-12T05:00:00Z,2025-09-11,24,00:00:00,2025-09-11,24:00,N,25.85,0.0,19540.0,0.759089921587524
2025-09-12T06:00:00Z,2025-09-12,1,01:00:00,2025-09-12,01:00,N,23.6,0.0,18801.0,0.7486683844463677
2025-09-12T07:00:00Z,2025-09-12,2,02:00:00,2025-09-12,02:00,N,22.65,1.0,18328.0,0.7289149986256566
2025-09-12T08:00:00Z,2025-09-12,3,03:00:00,2025-09-12,03:00,N,21.27,0.0,17173.0,0.7302143957942426
2025-09-12T09:00:00Z,2025-09-12,4,04:00:00,2025-09-12,04:00,N,21.29,0.0,16321.0,0.7467352416817169
2025-09-12T10:00:00Z,2025-09-12,5,05:00:00,2025-09-12,05:00,N,22.24,1.0,16030.0,0.7431928520617382
2025-09-12T11:00:00Z,2025-09-12,6,06:00:00,2025-09-12,06:00,N,23.79,1.0,15493.0,0.7586327929171274
2025-09-12T12:00:00Z,2025-09-12,7,07:00:00,2025-09-12,07:00,N,26.62,1.0,14654.0,0.8069033067361555
2025-09-12T13:00:00Z,2025-09-12,8,08:00:00,2025-09-12,08:00,N,26.65,1391.0,13642.0,0.813500613632887
2025-09-12T14:00:00Z,2025-09-12,9,09:00:00,2025-09-12,09:00,N,20.27,13976.0,10838.0,0.6289117423886792
2025-09-12T15:00:00Z,2025-09-12,10,10:00:00,2025-09-12,10:00,N,15.89,25214.0,9993.0,0.4759492744854863
2025-09-12T16:00:00Z,2025-09-12,11,11:00:00,2025-09-12,11:00,N,17.03,26845.0,11266.0,0.4495149724395106
2025-09-12T17:00:00Z,2025-09-12,12,12:00:00,2025-09-12,12:00,N,20.35,26460.0,12093.0,0.4767771304888888
2025-09-12T18:00:00Z,2025-09-12,13,13:00:00,2025-09-12,13:00,N,27.21,27082.0,11493.0,0.5152915652554642
2025-09-12T19:00:00Z,2025-09-12,14,14:00:00,2025-09-12,14:00,N,30.64,27178.0,11430.0,0.5460943869400181
2025-09-12T20:00:00Z,2025-09-12,15,15:00:00,2025-09-12,15:00,N,30.34,26340.0,12397.0,0.5521790039170589
2025-09-12T21:00:00Z,2025-09-12,16,16:00:00,2025-09-12,16:00,N,34.37,26155.0,14074.0,0.5308902062885158
2025-09-12T22:00:00Z,2025-09-12,17,17:00:00,2025-09-12,17:00,N,30.87,24939.0,15390.0,0.5348321716462371
2025-09-12T23:00:00Z,2025-09-12,18,18:00:00,2025-09-12,18:00,N,30.21,21781.0,16945.0,0.5624549452330291
2025-09-13T00:00:00Z,2025-09-12,19,19:00:00,2025-09-12,19:00,N,47.53,12132.0,17992.0,0.6513380991845017
2025-09-13T01:00:00Z,2025-09-12,20,20:00:00,2025-09-12,20:00,N,55.47,1441.0,17156.0,0.7285955779078547
2025-09-13T02:00:00Z,2025-09-12,21,21:00:00,2025-09-12,21:00,N,49.33,0.0,17020.0,0.7617629753797104
2025-09-13T03:00:00Z,2025-09-12,22,22:00:00,2025-09-12,22:00,N,36.97,0.0,19657.0,0.7679747801859559
2025-09-13T04:00:00Z,2025-09-12,23,23:00:00,2025-09-12,23:00,N,28.33,0.0,22154.0,0.7266708057876893
2025-09-13T05:00:00Z,2025-09-12,24,00:00:00,2025-09-12,24:00,N,24.24,0.0,23123.0,0.6695663582708371
2025-09-13T06:00:00Z,2025-09-13,1,01:00:00,2025-09-13,01:00,N,22.83,0.0,22455.0,0.6726473437231689
2025-09-13T07:00:00Z,2025-09-13,2,02:00:00,2025-09-13,02:00,N,22.47,0.0,21327.0,0.6925229256362051
2025-09-13T08:00:00Z,2025-09-13,3,03:00:00,2025-09-13,03:00,N,21.61,1.0,20726.0,0.654502392784495
2025-09-13T09:00:00Z,2025-09-13,4,04:00:00,2025-09-13,04:00,N,21.25,1.0,19816.0,0.6447435554629434
2025-09-13T10:00:00Z,2025-09-13,5,05:00:00,2025-09-13,05:00,N,20.84,1.0,18129.0,0.6675689432396319
2025-09-13T11:00:00Z,2025-09-13,6,06:00:00,2025-09-13,06:00,N,20.9,1.0,16257.0,0.7446729543460092
2025-09-13T12:00:00Z,2025-09-13,7,07:00:00,2025-09-13,07:00,N,22.7,1.0,14662.0,0.8003134709577675
2025-09-13T13:00:00Z,2025-09-13,8,08:00:00,2025-09-13,08:00,N,23.2,1347.0,12924.0,0.8194188859292446
2025-09-13T14:00:00Z,2025-09-13,9,09:00:00,2025-09-13,09:00,N,17.62,13130.0,10150.0,0.6241389445871494
2025-09-13T15:00:00Z,2025-09-13,10,10:00:00,2025-09-13,10:00,N,14.94,23561.0,9904.0,0.47394863078663707
2025-09-13T16:00:00Z,2025-09-13,11,11:00:00,2025-09-13,11:00,N,14.83,25657.0,12789.0,0.4343106431604433
2025-09-13T17:00:00Z,2025-09-13,12,12:00:00,2025-09-13,12:00,N,16.94,26368.0,13773.0,0.42089986748780134
2025-09-13T18:00:00Z,2025-09-13,13,13:00:00,2025-09-13,13:00,N,22.2,26369.0,14108.0,0.450737746207383
2025-09-13T19:00:00Z,2025-09-13,14,14:00:00,2025-09-13,14:00,N,24.72,25481.0,14267.0,0.5001018164425319
2025-09-13T20:00:00Z,2025-09-13,15,15:00:00,2025-09-13,15:00,N,28.04,24244.0,14935.0,0.5311558290910026
2025-09-13T21:00:00Z,2025-09-13,16,16:00:00,2025-09-13,16:00,N,28.12,22278.0,15640.0,0.5615204913878532
2025-09-13T22:00:00Z,2025-09-13,17,17:00:00,2025-09-13,17:00,N,31.09,21010.0,16389.0,0.5741211563705848
2025-09-13T23:00:00Z,2025-09-13,18,18:00:00,2025-09-13,18:00,N,31.07,17767.0,15049.0,0.6226738473561635
2025-09-14T00:00:00Z,2025-09-13,19,19:00:00,2025-09-13,19:00,N,49.34,8585.0,14265.0,0.7046156962439283
2025-09-14T01:00:00Z,2025-09-13,20,20:00:00,2025-09-13,20:00,N,51.63,567.0,14193.0,0.7651914491365363
2025-09-14T02:00:00Z,2025-09-13,21,21:00:00,2025-09-13,21:00,N,47.26,0.0,15635.0,0.7849481249649116
2025-09-14T03:00:00Z,2025-09-13,22,22:00:00,2025-09-13,22:00,N,36.13,0.0,16172.0,0.8112016880551299
2025-09-14T04:00:00Z,2025-09-13,23,23:00:00,2025-09-13,23:00,N,29.47,0.0,18269.0,0.7899068807031385
2025-09-14T05:00:00Z,2025-09-13,24,00:00:00,2025-09-13,24:00,N,24.81,0.0,19522.0,0.7457436009224464
2025-09-14T06:00:00Z,2025-09-14,1,01:00:00,2025-09-14,01:00,N,25.01,0.0,19763.0,0.7267520998020097
2025-09-14T07:00:00Z,2025-09-14,2,02:00:00,2025-09-14,02:00,N,24.47,1.0,18179.0,0.7506835310528461
2025-09-14T08:00:00Z,2025-09-14,3,03:00:00,2025-09-14,03:00,N,24.95,0.0,16105.0,0.7869651071203835
2025-09-14T09:00:00Z,2025-09-14,4,04:00:00,2025-09-14,04:00,N,24.49,1.0,14319.0,0.8172986618302558
2025-09-14T10:00:00Z,2025-09-14,5,05:00:00,2025-09-14,05:00,N,23.82,1.0,11974.0,0.8536823063402387
2025-09-14T11:00:00Z,2025-09-14,6,06:00:00,2025-09-14,06:00,N,22.72,1.0,10850.0,0.8762239852813398
2025-09-14T12:00:00Z,2025-09-14,7,07:00:00,2025-09-14,07:00,N,22.28,1.0,9851.0,0.8993269549889157
2025-09-14T13:00:00Z,2025-09-14,8,08:00:00,2025-09-14,08:00,N,22.23,1077.0,8812.0,0.9052661651133607
2025-09-14T14:00:00Z,2025-09-14,9,09:00:00,2025-09-14,09:00,N,17.16,10573.0,8606.0,0.7159304267341094
2025-09-14T15:00:00Z,2025-09-14,10,10:00:00,2025-09-14,10:00,N,15.07,19483.0,9108.0,0.5538276522359629
2025-09-14T16:00:00Z,2025-09-14,11,11:00:00,2025-09-14,11:00,N,15.36,23034.0,11979.0,0.4838296157024623
2025-09-14T17:00:00Z,2025-09-14,12,12:00:00,2025-09-14,12:00,N,18.64,25790.0,13354.0,0.41775940549626106
2025-09-14T18:00:00Z,2025-09-14,13,13:00:00,2025-09-14,13:00,N,23.39,25890.0,13317.0,0.43945080938830894
2025-09-14T19:00:00Z,2025-09-14,14,14:00:00,2025-09-14,14:00,N,25.42,25550.0,12537.0,0.4929156700944234
2025-09-14T20:00:00Z,2025-09-14,15,15:00:00,2025-09-14,15:00,N,28.89,23608.0,11596.0,0.5630127724942738
2025-09-14T21:00:00Z,2025-09-14,16,16:00:00,2025-09-14,16:00,N,33.49,22608.0,11189.0,0.6131091484124206
2025-09-14T22:00:00Z,2025-09-14,17,17:00:00,2025-09-14,17:00,N,37.57,20990.0,10512.0,0.6556395801196789
2025-09-14T23:00:00Z,2025-09-14,18,18:00:00,2025-09-14,18:00,N,45.47,16399.0,11030.0,0.7063478111821164
2025-09-15T00:00:00Z,2025-09-14,19,19:00:00,2025-09-14,19:00,N,87.04,8384.0,12350.0,0.7666179102597963
2025-09-15T01:00:00Z,2025-09-14,20,20:00:00,2025-09-14,20:00,N,73.02,960.0,13447.0,0.8084524037511177
2025-09-15T02:00:00Z,2025-09-14,21,21:00:00,2025-09-14,21:00,N,61.89,0.0,14079.0,0.8301427835485047
2025-09-15T03:00:00Z,2025-09-14,22,22:00:00,2025-09-14,22:00,N,55.96,0.0,15493.0,0.8436342444699912
2025-09-15T04:00:00Z,2025-09-14,23,23:00:00,2025-09-14,23:00,N,40.55,0.0,14178.0,0.8684570612435695
2025-09-15T05:00:00Z,2025-09-14,24,00:00:00,2025-09-14,24:00,N,32.51,0.0,13574.0,0.8819567466005162
2025-09-15T06:00:00Z,2025-09-15,1,01:00:00,2025-09-15,01:00,N,30.94,0.0,12886.0,0.8904212763730897
2025-09-15T07:00:00Z,2025-09-15,2,02:00:00,2025-09-15,02:00,N,29.89,0.0,12172.0,0.9001577481430112
2025-09-15T08:00:00Z,2025-09-15,3,03:00:00,2025-09-15,03:00,N,27.79,0.0,11969.0,0.9021216598568385
2025-09-15T09:00:00Z,2025-09-15,4,04:00:00,2025-09-15,04:00,N,27.94,1.0,11503.0,0.9042938477285299
2025-09-15T10:00:00Z,2025-09-15,5,05:00:00,2025-09-15,05:00,N,27.96,1.0,11533.0,0.8892879785524732
2025-09-15T11:00:00Z,2025-09-15,6,06:00:00,2025-09-15,06:00,N,27.91,0.0,11029.0,0.9119410441205138
2025-09-15T12:00:00Z,2025-09-15,7,07:00:00,2025-09-15,07:00,N,32.27,0.0,9954.0,0.9393431752369195
2025-09-15T13:00:00Z,2025-09-15,8,08:00:00,2025-09-15,08:00,N,31.2,881.0,8913.0,0.9434477817050639
2025-09-15T14:00:00Z,2025-09-15,9,09:00:00,2025-09-15,09:00,N,22.44,11367.0,7099.0,0.7701002241985776
2025-09-15T15:00:00Z,2025-09-15,10,10:00:00,2025-09-15,10:00,N,17.87,22456.0,5123.0,0.6085655811338919
2025-09-15T16:00:00Z,2025-09-15,11,11:00:00,2025-09-15,11:00,N,19.6,26008.0,5702.0,0.5605735808918085
2025-09-15T17:00:00Z,2025-09-15,12,12:00:00,2025-09-15,12:00,N,22.01,27222.0,6124.0,0.5487542394367535
2025-09-15T18:00:00Z,2025-09-15,13,13:00:00,2025-09-15,13:00,N,27.11,27263.0,6892.0,0.5665393567165681
2025-09-15T19:00:00Z,2025-09-15,14,14:00:00,2025-09-15,14:00,N,32.37,26321.0,6517.0,0.6455656944215662
2025-09-15T20:00:00Z,2025-09-15,15,15:00:00,2025-09-15,15:00,N,39.01,24882.0,6206.0,0.688051459171598
2025-09-15T21:00:00Z,2025-09-15,16,16:00:00,2025-09-15,16:00,N,42.14,23198.0,6990.0,0.698613724219366
2025-09-15T22:00:00Z,2025-09-15,17,17:00:00,2025-09-15,17:00,N,44.42,21533.0,8186.0,0.7096333825460847
2025-09-15T23:00:00Z,2025-09-15,18,18:00:00,2025-09-15,18:00,N,53.25,18680.0,9544.0,0.7278866752992473
2025-09-16T00:00:00Z,2025-09-15,19,19:00:00,2025-09-15,19:00,N,73.5,9626.0,10558.0,0.7853474782572095
2025-09-16T01:00:00Z,2025-09-15,20,20:00:00,2025-09-15,20:00,N,71.65,846.0,10919.0,0.8461854299033572
2025-09-16T02:00:00Z,2025-09-15,21,21:00:00,2025-09-15,21:00,N,62.75,0.0,12517.0,0.8687009105484772
2025-09-16T03:00:00Z,2025-09-15,22,22:00:00,2025-09-15,22:00,N,42.62,0.0,15515.0,0.868852070890742
2025-09-16T04:00:00Z,2025-09-15,23,23:00:00,2025-09-15,23:00,N,34.27,0.0,16988.0,0.8435902614341882
2025-09-16T05:00:00Z,2025-09-15,24,00:00:00,2025-09-15,24:00,N,26.13,0.0,16607.0,0.8100157046950626
2025-09-16T06:00:00Z,2025-09-16,1,01:00:00,2025-09-16,01:00,N,26.46,0.0,15850.0,0.7877697364257665
2025-09-16T07:00:00Z,2025-09-16,2,02:00:00,2025-09-16,02:00,N,24.2,0.0,15221.0,0.7769110155618874
2025-09-16T08:00:00Z,2025-09-16,3,03:00:00,2025-09-16,03:00,N,22.99,0.0,14365.0,0.7859266763896314
2025-09-16T09:00:00Z,2025-09-16,4,04:00:00,2025-09-16,04:00,N,22.75,0.0,13518.0,0.791740863790051
2025-09-16T10:00:00Z,2025-09-16,5,05:00:00,2025-09-16,05:00,N,23.28,1.0,12264.0,0.8128878598123697
2025-09-16T11:00:00Z,2025-09-16,6,06:00:00,2025-09-16,06:00,N,26.47,1.0,11213.0,0.857496837958521
2025-09-16T12:00:00Z,2025-09-16,7,07:00:00,2025-09-16,07:00,N,34.46,1.0,10022.0,0.9173157994415736
2025-09-16T13:00:00Z,2025-09-16,8,08:00:00,2025-09-16,08:00,N,32.17,1160.0,9078.0,0.9272945840293824
2025-09-16T14:00:00Z,2025-09-16,9,09:00:00,2025-09-16,09:00,N,21.53,12776.0,6916.0,0.7445657598623682
2025-09-16T15:00:00Z,2025-09-16,10,10:00:00,2025-09-16,10:00,N,18.12,24238.0,4491.0,0.6052943154546417
2025-09-16T16:00:00Z,2025-09-16,11,11:00:00,2025-09-16,11:00,N,19.49,27119.0,4524.0,0.5576644096529149
2025-09-16T17:00:00Z,2025-09-16,12,12:00:00,2025-09-16,12:00,N,21.64,27367.0,4791.0,0.5687515375067097
2025-09-16T18:00:00Z,2025-09-16,13,13:00:00,2025-09-16,13:00,N,29.09,26550.0,4531.0,0.6112747913220455
2025-09-16T19:00:00Z,2025-09-16,14,14:00:00,2025-09-16,14:00,N,35.37,25062.0,5450.0,0.6743835084255827
2025-09-16T20:00:00Z,2025-09-16,15,15:00:00,2025-09-16,15:00,N,39.65,24660.0,6412.0,0.6919092563573775
2025-09-16T21:00:00Z,2025-09-16,16,16:00:00,2025-09-16,16:00,N,41.0,24008.0,7113.0,0.6998837088020654
2025-09-16T22:00:00Z,2025-09-16,17,17:00:00,2025-09-16,17:00,N,42.18,22680.0,7804.0,0.712765577148977
2025-09-16T23:00:00Z,2025-09-16,18,18:00:00,2025-09-16,18:00,N,49.6,20006.0,8802.0,0.7320063798574858
2025-09-17T00:00:00Z,2025-09-16,19,19:00:00,2025-09-16,19:00,N,71.58,9775.0,8600.0,0.8239695418578995
2025-09-17T01:00:00Z,2025-09-16,20,20:00:00,2025-09-16,20:00,N,70.68,825.0,8184.0,0.8951889026804368
2025-09-17T02:00:00Z,2025-09-16,21,21:00:00,2025-09-16,21:00,N,66.06,0.0,9529.0,0.9124109498572169
2025-09-17T03:00:00Z,2025-09-16,22,22:00:00,2025-09-16,22:00,N,52.04,0.0,11970.0,0.9156988939933745
2025-09-17T04:00:00Z,2025-09-16,23,23:00:00,2025-09-16,23:00,N,41.16,0.0,13714.0,0.8939881896073917
2025-09-17T05:00:00Z,2025-09-16,24,00:00:00,2025-09-16,24:00,N,31.09,0.0,15149.0,0.8449207891856007
2025-09-17T06:00:00Z,2025-09-17,1,01:00:00,2025-09-17,01:00,N,24.64,0.0,15241.0,0.8097183601200623
2025-09-17T07:00:00Z,2025-09-17,2,02:00:00,2025-09-17,02:00,N,22.39,0.0,14335.0,0.8030767444687522
2025-09-17T08:00:00Z,2025-09-17,3,03:00:00,2025-09-17,03:00,N,21.37,0.0,13469.0,0.822219881317954
2025-09-17T09:00:00Z,2025-09-17,4,04:00:00,2025-09-17,04:00,N,20.86,0.0,13304.0,0.8117903029082958
2025-09-17T10:00:00Z,2025-09-17,5,05:00:00,2025-09-17,05:00,N,21.07,0.0,12822.0,0.8185792616920762
2025-09-17T11:00:00Z,2025-09-17,6,06:00:00,2025-09-17,06:00,N,23.38,0.0,12107.0,0.8399030347013468
2025-09-17T12:00:00Z,2025-09-17,7,07:00:00,2025-09-17,07:00,N,25.0,0.0,11294.0,0.8897511182805863
2025-09-17T13:00:00Z,2025-09-17,8,08:00:00,2025-09-17,08:00,N,24.6,1112.0,10413.0,0.9132767951271689
2025-09-17T14:00:00Z,2025-09-17,9,09:00:00,2025-09-17,09:00,N,18.27,12631.0,8268.0,0.713922718241458
2025-09-17T15:00:00Z,2025-09-17,10,10:00:00,2025-09-17,10:00,N,17.01,23957.0,4939.0,0.5983541309700429
2025-09-17T16:00:00Z,2025-09-17,11,11:00:00,2025-09-17,11:00,N,18.36,26199.0,5888.0,0.5576367248920491
2025-09-17T17:00:00Z,2025-09-17,12,12:00:00,2025-09-17,12:00,N,20.89,26363.0,6275.0,0.5664938956618216
2025-09-17T18:00:00Z,2025-09-17,13,13:00:00,2025-09-17,13:00,N,28.21,25768.0,5561.0,0.6227830297510538
2025-09-17T19:00:00Z,2025-09-17,14,14:00:00,2025-09-17,14:00,N,35.14,23819.0,5759.0,0.6916322218298443
2025-09-17T20:00:00Z,2025-09-17,15,15:00:00,2025-09-17,15:00,N,41.79,22809.0,6616.0,0.7025223265378765
2025-09-17T21:00:00Z,2025-09-17,16,16:00:00,2025-09-17,16:00,N,44.94,21550.0,7687.0,0.7080458996880464
2025-09-17T22:00:00Z,2025-09-17,17,17:00:00,2025-09-17,17:00,N,43.39,19750.0,8650.0,0.720501715181718
2025-09-17T23:00:00Z,2025-09-17,18,18:00:00,2025-09-17,18:00,N,50.29,15911.0,9389.0,0.7499682882243788
2025-09-18T00:00:00Z,2025-09-17,19,19:00:00,2025-09-17,19:00,N,65.13,8411.0,9093.0,0.8032344960801967
2025-09-18T01:00:00Z,2025-09-17,20,20:00:00,2025-09-17,20:00,N,59.57,815.0,8515.0,0.8675485423997303
2025-09-18T02:00:00Z,2025-09-17,21,21:00:00,2025-09-17,21:00,N,49.86,0.0,9511.0,0.907346263005522
2025-09-18T03:00:00Z,2025-09-17,22,22:00:00,2025-09-17,22:00,N,38.92,0.0,10885.0,0.9238934513724892
2025-09-18T04:00:00Z,2025-09-17,23,23:00:00,2025-09-17,23:00,N,32.08,4.0,12453.0,0.9115972313001995
2025-09-18T05:00:00Z,2025-09-17,24,00:00:00,2025-09-17,24:00,N,27.48,0.0,12749.0,0.9045404276983144
2025-09-18T06:00:00Z,2025-09-18,1,01:00:00,2025-09-18,01:00,N,25.71,0.0,13280.0,0.8849963708254873
2025-09-18T07:00:00Z,2025-09-18,2,02:00:00,2025-09-18,02:00,N,23.12,0.0,12810.0,0.8800175960979111
2025-09-18T08:00:00Z,2025-09-18,3,03:00:00,2025-09-18,03:00,N,22.38,0.0,11474.0,0.8897292762873483
2025-09-18T09:00:00Z,2025-09-18,4,04:00:00,2025-09-18,04:00,N,22.12,0.0,10719.0,0.892738943899536
2025-09-18T10:00:00Z,2025-09-18,5,05:00:00,2025-09-18,05:00,N,22.14,0.0,10362.0,0.9035888696211057
2025-09-18T11:00:00Z,2025-09-18,6,06:00:00,2025-09-18,06:00,N,24.36,0.0,8580.0,0.9548863720957185
2025-09-18T12:00:00Z,2025-09-18,7,07:00:00,2025-09-18,07:00,N,26.72,0.0,6925.0,0.9750171006350485
2025-09-18T13:00:00Z,2025-09-18,8,08:00:00,2025-09-18,08:00,N,28.88,952.0,6608.0,0.965513979102918
2025-09-18T14:00:00Z,2025-09-18,9,09:00:00,2025-09-18,09:00,N,20.82,11607.0,5274.0,0.7961429443627718
2025-09-18T15:00:00Z,2025-09-18,10,10:00:00,2025-09-18,10:00,N,18.89,22762.0,3136.0,0.6480965207521876
2025-09-18T16:00:00Z,2025-09-18,11,11:00:00,2025-09-18,11:00,N,19.14,25083.0,2756.0,0.6418485379040414
2025-09-18T17:00:00Z,2025-09-18,12,12:00:00,2025-09-18,12:00,N,20.87,24645.0,3209.0,0.6640111236059011
2025-09-18T18:00:00Z,2025-09-18,13,13:00:00,2025-09-18,13:00,N,26.09,24314.0,3968.0,0.6873238867120814
2025-09-18T19:00:00Z,2025-09-18,14,14:00:00,2025-09-18,14:00,N,30.1,23363.0,4802.0,0.6993606399273792
2025-09-18T20:00:00Z,2025-09-18,15,15:00:00,2025-09-18,15:00,N,34.0,22443.0,5724.0,0.7078749969932167
2025-09-18T21:00:00Z,2025-09-18,16,16:00:00,2025-09-18,16:00,N,36.93,20964.0,6691.0,0.7116548510146236
2025-09-18T22:00:00Z,2025-09-18,17,17:00:00,2025-09-18,17:00,N,41.13,18269.0,6232.0,0.7511927748690473
2025-09-18T23:00:00Z,2025-09-18,18,18:00:00,2025-09-18,18:00,N,48.38,15216.0,6507.0,0.784686665721792
2025-09-19T00:00:00Z,2025-09-18,19,19:00:00,2025-09-18,19:00,N,65.71,7817.0,6815.0,0.8345145641242883
2025-09-19T01:00:00Z,2025-09-18,20,20:00:00,2025-09-18,20:00,N,67.7,595.0,7145.0,0.8817850244882988
2025-09-19T02:00:00Z,2025-09-18,21,21:00:00,2025-09-18,21:00,N,55.35,0.0,7669.0,0.917487950904359
2025-09-19T03:00:00Z,2025-09-18,22,22:00:00,2025-09-18,22:00,N,46.04,0.0,8657.0,0.9446772170825667
2025-09-19T04:00:00Z,2025-09-18,23,23:00:00,2025-09-18,23:00,N,40.86,0.0,9181.0,0.9487487730923305
2025-09-19T05:00:00Z,2025-09-18,24,00:00:00,2025-09-18,24:00,N,34.48,0.0,9461.0,0.9461486269114626
2025-09-19T06:00:00Z,2025-09-19,1,01:00:00,2025-09-19,01:00,N,30.4,0.0,9672.0,0.932083280603175
2025-09-19T07:00:00Z,2025-09-19,2,02:00:00,2025-09-19,02:00,N,29.1,0.0,9255.0,0.9279109172225689
2025-09-19T08:00:00Z,2025-09-19,3,03:00:00,2025-09-19,03:00,N,28.61,0.0,8865.0,0.9339041113925601
2025-09-19T09:00:00Z,2025-09-19,4,04:00:00,2025-09-19,04:00,N,27.88,0.0,8663.0,0.9351397526932389
2025-09-19T10:00:00Z,2025-09-19,5,05:00:00,2025-09-19,05:00,N,28.24,0.0,7480.0,0.957277975343438
2025-09-19T11:00:00Z,2025-09-19,6,06:00:00,2025-09-19,06:00,N,30.24,0.0,6742.0,0.980133324514709
2025-09-19T12:00:00Z,2025-09-19,7,07:00:00,2025-09-19,07:00,N,35.15,0.0,6309.0,0.9854807958541792
2025-09-19T13:00:00Z,2025-09-19,8,08:00:00,2025-09-19,08:00,N,33.67,958.0,6377.0,0.9696894532427168
2025-09-19T14:00:00Z,2025-09-19,9,09:00:00,2025-09-19,09:00,N,24.03,11407.0,5359.0,0.7980931854257742
2025-09-19T15:00:00Z,2025-09-19,10,10:00:00,2025-09-19,10:00,N,19.0,22060.0,3340.0,0.6623958328179876
2025-09-19T16:00:00Z,2025-09-19,11,11:00:00,2025-09-19,11:00,N,19.03,25698.0,3093.0,0.6217849815312076
2025-09-19T17:00:00Z,2025-09-19,12,12:00:00,2025-09-19,12:00,N,20.93,26151.0,3271.0,0.6093199216801969
2025-09-19T18:00:00Z,2025-09-19,13,13:00:00,2025-09-19,13:00,N,26.3,25421.0,3369.0,0.6381170222720156
2025-09-19T19:00:00Z,2025-09-19,14,14:00:00,2025-09-19,14:00,N,31.13,25424.0,3598.0,0.6669005422912229
2025-09-19T20:00:00Z,2025-09-19,15,15:00:00,2025-09-19,15:00,N,35.17,24452.0,4581.0,0.6773930563835642
2025-09-19T21:00:00Z,2025-09-19,16,16:00:00,2025-09-19,16:00,N,37.34,23688.0,5891.0,0.684227565910908
2025-09-19T22:00:00Z,2025-09-19,17,17:00:00,2025-09-19,17:00,N,36.57,23280.0,7126.0,0.683649841830261
2025-09-19T23:00:00Z,2025-09-19,18,18:00:00,2025-09-19,18:00,N,39.46,20123.0,8566.0,0.7005563625335975
2025-09-20T00:00:00Z,2025-09-19,19,19:00:00,2025-09-19,19:00,N,59.23,9325.0,9076.0,0.7910901344220601
2025-09-20T01:00:00Z,2025-09-19,20,20:00:00,2025-09-19,20:00,N,57.96,659.0,9416.0,0.8574283410367851
2025-09-20T02:00:00Z,2025-09-19,21,21:00:00,2025-09-19,21:00,N,46.72,0.0,10719.0,0.8840991687427173
2025-09-20T03:00:00Z,2025-09-19,22,22:00:00,2025-09-19,22:00,N,38.72,0.0,13323.0,0.8835032057139764
2025-09-20T04:00:00Z,2025-09-19,23,23:00:00,2025-09-19,23:00,N,32.24,0.0,14563.0,0.8693833683993104
2025-09-20T05:00:00Z,2025-09-19,24,00:00:00,2025-09-19,24:00,N,25.74,0.0,14064.0,0.8735779596198505
2025-09-20T06:00:00Z,2025-09-20,1,01:00:00,2025-09-20,01:00,N,24.48,0.0,13901.0,0.8631720987156362
2025-09-20T07:00:00Z,2025-09-20,2,02:00:00,2025-09-20,02:00,N,23.5,0.0,14118.0,0.8439131907124786
2025-09-20T08:00:00Z,2025-09-20,3,03:00:00,2025-09-20,03:00,N,22.65,0.0,14251.0,0.8186487228804415
2025-09-20T09:00:00Z,2025-09-20,4,04:00:00,2025-09-20,04:00,N,21.33,0.0,14491.0,0.7771268171616477
2025-09-20T10:00:00Z,2025-09-20,5,05:00:00,2025-09-20,05:00,N,22.14,0.0,13347.0,0.8022195169694807
2025-09-20T11:00:00Z,2025-09-20,6,06:00:00,2025-09-20,06:00,N,23.12,0.0,12481.0,0.8165885693854874
2025-09-20T12:00:00Z,2025-09-20,7,07:00:00,2025-09-20,07:00,N,24.01,0.0,11656.0,0.8471316888022998
2025-09-20T13:00:00Z,2025-09-20,8,08:00:00,2025-09-20,08:00,N,24.93,992.0,10697.0,0.8571665664263106
2025-09-20T14:00:00Z,2025-09-20,9,09:00:00,2025-09-20,09:00,N,19.12,10579.0,8819.0,0.7070440014802001
2025-09-20T15:00:00Z,2025-09-20,10,10:00:00,2025-09-20,10:00,N,17.34,20018.0,6313.0,0.6148544129784339
2025-09-20T16:00:00Z,2025-09-20,11,11:00:00,2025-09-20,11:00,N,18.02,22870.0,6692.0,0.5842441829175017
2025-09-20T17:00:00Z,2025-09-20,12,12:00:00,2025-09-20,12:00,N,19.08,24000.0,7918.0,0.5731020313783354
2025-09-20T18:00:00Z,2025-09-20,13,13:00:00,2025-09-20,13:00,N,22.74,24695.0,6831.0,0.5886867389134899
2025-09-20T19:00:00Z,2025-09-20,14,14:00:00,2025-09-20,14:00,N,26.69,24625.0,6795.0,0.6197010155079011
2025-09-20T20:00:00Z,2025-09-20,15,15:00:00,2025-09-20,15:00,N,28.7,23495.0,8216.0,0.6400218680918736
2025-09-20T21:00:00Z,2025-09-20,16,16:00:00,2025-09-20,16:00,N,30.05,21565.0,10387.0,0.6526226765267592
2025-09-20T22:00:00Z,2025-09-20,17,17:00:00,2025-09-20,17:00,N,34.34,20363.0,11948.0,0.6476164013995104
2025-09-20T23:00:00Z,2025-09-20,18,18:00:00,2025-09-20,18:00,N,36.44,17226.0,12897.0,0.678648163440738
2025-09-21T00:00:00Z,2025-09-20,19,19:00:00,2025-09-20,19:00,N,52.21,8326.0,14008.0,0.7666188072972588
2025-09-21T01:00:00Z,2025-09-20,20,20:00:00,2025-09-20,20:00,N,56.17,723.0,13795.0,0.8339850876866974
2025-09-21T02:00:00Z,2025-09-20,21,21:00:00,2025-09-20,21:00,N,46.35,0.0,15603.0,0.8397824581436277
2025-09-21T03:00:00Z,2025-09-20,22,22:00:00,2025-09-20,22:00,N,35.93,0.0,17093.0,0.8389662654708533
2025-09-21T04:00:00Z,2025-09-20,23,23:00:00,2025-09-20,23:00,N,27.88,0.0,18248.0,0.793714707602023
2025-09-21T05:00:00Z,2025-09-20,24,00:00:00,2025-09-20,24:00,N,24.57,0.0,18395.0,0.7609192048423077
2025-09-21T06:00:00Z,2025-09-21,1,01:00:00,2025-09-21,01:00,N,23.44,0.0,19051.0,0.7236989565168446
2025-09-21T07:00:00Z,2025-09-21,2,02:00:00,2025-09-21,02:00,N,22.31,1.0,19153.0,0.7003082761123222
2025-09-21T08:00:00Z,2025-09-21,3,03:00:00,2025-09-21,03:00,N,21.58,1.0,19514.0,0.6751958409543302
2025-09-21T09:00:00Z,2025-09-21,4,04:00:00,2025-09-21,04:00,N,21.32,1.0,18544.0,0.6815953855892373
2025-09-21T10:00:00Z,2025-09-21,5,05:00:00,2025-09-21,05:00,N,21.81,1.0,18113.0,0.6779140028284488
2025-09-21T11:00:00Z,2025-09-21,6,06:00:00,2025-09-21,06:00,N,22.0,0.0,16866.0,0.7080191135943128
2025-09-21T12:00:00Z,2025-09-21,7,07:00:00,2025-09-21,07:00,N,22.64,0.0,15470.0,0.7417719886278731
2025-09-21T13:00:00Z,2025-09-21,8,08:00:00,2025-09-21,08:00,N,21.4,963.0,13368.0,0.7678114869880031
2025-09-21T14:00:00Z,2025-09-21,9,09:00:00,2025-09-21,09:00,N,17.58,12554.0,10970.0,0.6168771976652686
2025-09-21T15:00:00Z,2025-09-21,10,10:00:00,2025-09-21,10:00,N,14.73,24320.0,9780.0,0.4686274108615946
2025-09-21T16:00:00Z,2025-09-21,11,11:00:00,2025-09-21,11:00,N,14.95,25491.0,10050.0,0.4596670175563079
2025-09-21T17:00:00Z,2025-09-21,12,12:00:00,2025-09-21,12:00,N,16.23,25306.0,9197.0,0.5261890704922876
2025-09-21T18:00:00Z,2025-09-21,13,13:00:00,2025-09-21,13:00,N,21.46,25044.0,8326.0,0.5832028186616669
2025-09-21T19:00:00Z,2025-09-21,14,14:00:00,2025-09-21,14:00,N,25.3,24367.0,7395.0,0.6320155043757797
2025-09-21T20:00:00Z,2025-09-21,15,15:00:00,2025-09-21,15:00,N,28.65,22539.0,7382.0,0.6902341211399737
2025-09-21T21:00:00Z,2025-09-21,16,16:00:00,2025-09-21,16:00,N,31.77,20832.0,8108.0,0.7095516371734009
2025-09-21T22:00:00Z,2025-09-21,17,17:00:00,2025-09-21,17:00,N,37.15,19808.0,10127.0,0.6945593213988362
2025-09-21T23:00:00Z,2025-09-21,18,18:00:00,2025-09-21,18:00,N,45.36,18292.0,10429.0,0.6967025807603785
2025-09-22T00:00:00Z,2025-09-21,19,19:00:00,2025-09-21,19:00,N,59.22,8842.0,11816.0,0.7602851070751944
2025-09-22T01:00:00Z,2025-09-21,20,20:00:00,2025-09-21,20:00,N,58.9,707.0,12770.0,0.8168446010352692
2025-09-22T02:00:00Z,2025-09-21,21,21:00:00,2025-09-21,21:00,N,42.05,0.0,14171.0,0.8440542456458934
2025-09-22T03:00:00Z,2025-09-21,22,22:00:00,2025-09-21,22:00,N,32.54,0.0,14254.0,0.8718888732615216
2025-09-22T04:00:00Z,2025-09-21,23,23:00:00,2025-09-21,23:00,N,25.98,0.0,14912.0,0.8679792958094338
2025-09-22T05:00:00Z,2025-09-21,24,00:00:00,2025-09-21,24:00,N,23.34,0.0,15577.0,0.8554795043840416
2025-09-22T06:00:00Z,2025-09-22,1,01:00:00,2025-09-22,01:00,N,21.19,0.0,16023.0,0.8178046566947487
2025-09-22T07:00:00Z,2025-09-22,2,02:00:00,2025-09-22,02:00,N,19.8,0.0,15424.0,0.8115688590533636
2025-09-22T08:00:00Z,2025-09-22,3,03:00:00,2025-09-22,03:00,N,19.6,0.0,14996.0,0.8017438021926682
2025-09-22T09:00:00Z,2025-09-22,4,04:00:00,2025-09-22,04:00,N,18.76,0.0,15283.0,0.7867599454247366
2025-09-22T10:00:00Z,2025-09-22,5,05:00:00,2025-09-22,05:00,N,18.85,0.0,15004.0,0.7886127702354178
2025-09-22T11:00:00Z,2025-09-22,6,06:00:00,2025-09-22,06:00,N,20.64,0.0,14314.0,0.8382590709129544
2025-09-22T12:00:00Z,2025-09-22,7,07:00:00,2025-09-22,07:00,N,21.35,0.0,12866.0,0.8934277186755356
2025-09-22T13:00:00Z,2025-09-22,8,08:00:00,2025-09-22,08:00,N,22.46,797.0,12654.0,0.888862279949775
2025-09-22T14:00:00Z,2025-09-22,9,09:00:00,2025-09-22,09:00,N,20.19,9891.0,10947.0,0.7290960104304829
2025-09-22T15:00:00Z,2025-09-22,10,10:00:00,2025-09-22,10:00,N,18.27,20193.0,9348.0,0.6104878482310225
2025-09-22T16:00:00Z,2025-09-22,11,11:00:00,2025-09-22,11:00,N,20.16,22087.0,8847.0,0.6033863376216001
2025-09-22T17:00:00Z,2025-09-22,12,12:00:00,2025-09-22,12:00,N,26.55,24781.0,6983.0,0.6126626389539502
2025-09-22T18:00:00Z,2025-09-22,13,13:00:00,2025-09-22,13:00,N,34.85,23899.0,6331.0,0.6663972556821982
2025-09-22T19:00:00Z,2025-09-22,14,14:00:00,2025-09-22,14:00,N,38.65,24006.0,6904.0,0.6634340830093902
2025-09-22T20:00:00Z,2025-09-22,15,15:00:00,2025-09-22,15:00,N,44.66,23152.0,7072.0,0.6823680866126538
2025-09-22T21:00:00Z,2025-09-22,16,16:00:00,2025-09-22,16:00,N,41.54,21024.0,7410.0,0.7053441566975415
2025-09-22T22:00:00Z,2025-09-22,17,17:00:00,2025-09-22,17:00,N,40.5,21339.0,8186.0,0.6952434369929635
2025-09-22T23:00:00Z,2025-09-22,18,18:00:00,2025-09-22,18:00,N,43.97,18481.0,10524.0,0.6958717215783711
2025-09-23T00:00:00Z,2025-09-22,19,19:00:00,2025-09-22,19:00,N,76.49,8714.0,12310.0,0.75955853857412
2025-09-23T01:00:00Z,2025-09-22,20,20:00:00,2025-09-22,20:00,N,70.49,609.0,14964.0,0.821142765881616
2025-09-23T02:00:00Z,2025-09-22,21,21:00:00,2025-09-22,21:00,N,40.58,0.0,18378.0,0.8231084245117722
2025-09-23T03:00:00Z,2025-09-22,22,22:00:00,2025-09-22,22:00,N,28.76,0.0,20625.0,0.8085008424186721
2025-09-23T04:00:00Z,2025-09-22,23,23:00:00,2025-09-22,23:00,N,25.51,0.0,22323.0,0.763151305154167
2025-09-23T05:00:00Z,2025-09-22,24,00:00:00,2025-09-22,24:00,N,22.28,1.0,23024.0,0.7091414266914752
2025-09-23T06:00:00Z,2025-09-23,1,01:00:00,2025-09-23,01:00,N,22.17,0.0,21667.0,0.7216285251202131
2025-09-23T07:00:00Z,2025-09-23,2,02:00:00,2025-09-23,02:00,N,21.21,0.0,20666.0,0.706266762625033
2025-09-23T08:00:00Z,2025-09-23,3,03:00:00,2025-09-23,03:00,N,20.6,1.0,19655.0,0.7001308263545717
2025-09-23T09:00:00Z,2025-09-23,4,04:00:00,2025-09-23,04:00,N,20.0,1.0,17555.0,0.7403500243528676
2025-09-23T10:00:00Z,2025-09-23,5,05:00:00,2025-09-23,05:00,N,19.93,1.0,16912.0,0.7702236737991048
2025-09-23T11:00:00Z,2025-09-23,6,06:00:00,2025-09-23,06:00,N,21.48,1.0,17588.0,0.7640678690793391
2025-09-23T12:00:00Z,2025-09-23,7,07:00:00,2025-09-23,07:00,N,24.04,1.0,17970.0,0.7781888732307606
2025-09-23T13:00:00Z,2025-09-23,8,08:00:00,2025-09-23,08:00,N,24.61,583.0,17061.0,0.8117879222992909
2025-09-23T14:00:00Z,2025-09-23,9,09:00:00,2025-09-23,09:00,N,17.88,8959.0,13865.0,0.7168062874128371
2025-09-23T15:00:00Z,2025-09-23,10,10:00:00,2025-09-23,10:00,N,15.19,18655.0,13210.0,0.5997584761497113
2025-09-23T16:00:00Z,2025-09-23,11,11:00:00,2025-09-23,11:00,N,17.24,22339.0,14641.0,0.5322005544296404
2025-09-23T17:00:00Z,2025-09-23,12,12:00:00,2025-09-23,12:00,N,23.66,24193.0,13944.0,0.5100907226749593
2025-09-23T18:00:00Z,2025-09-23,13,13:00:00,2025-09-23,13:00,N,34.14,24836.0,11762.0,0.5654848906664938
2025-09-23T19:00:00Z,2025-09-23,14,14:00:00,2025-09-23,14:00,N,36.55,25129.0,9739.0,0.6329722332168711
2025-09-23T20:00:00Z,2025-09-23,15,15:00:00,2025-09-23,15:00,N,42.2,25208.0,8631.0,0.6520281238110643
2025-09-23T21:00:00Z,2025-09-23,16,16:00:00,2025-09-23,16:00,N,40.78,24959.0,7868.0,0.6616637690321614
2025-09-23T22:00:00Z,2025-09-23,17,17:00:00,2025-09-23,17:00,N,42.94,23186.0,7908.0,0.6792732469601463
2025-09-23T23:00:00Z,2025-09-23,18,18:00:00,2025-09-23,18:00,N,50.07,19883.0,9420.0,0.698840685405599
2025-09-24T00:00:00Z,2025-09-23,19,19:00:00,2025-09-23,19:00,N,81.29,8880.0,11877.0,0.7633778065035146
2025-09-24T01:00:00Z,2025-09-23,20,20:00:00,2025-09-23,20:00,N,87.44,508.0,12867.0,0.8331781044959089
2025-09-24T02:00:00Z,2025-09-23,21,21:00:00,2025-09-23,21:00,N,72.51,0.0,13124.0,0.8623036982114168
2025-09-24T03:00:00Z,2025-09-23,22,22:00:00,2025-09-23,22:00,N,48.78,0.0,14184.0,0.886451149526115
2025-09-24T04:00:00Z,2025-09-23,23,23:00:00,2025-09-23,23:00,N,44.49,0.0,15361.0,0.8645434769148764
2025-09-24T05:00:00Z,2025-09-23,24,00:00:00,2025-09-23,24:00,N,37.98,0.0,15402.0,0.8495950580802623
2025-09-24T06:00:00Z,2025-09-24,1,01:00:00,2025-09-24,01:00,N,31.0,0.0,15374.0,0.8449637145221445
2025-09-24T07:00:00Z,2025-09-24,2,02:00:00,2025-09-24,02:00,N,27.76,1.0,14761.0,0.8445074705172918
2025-09-24T08:00:00Z,2025-09-24,3,03:00:00,2025-09-24,03:00,N,24.89,1.0,14393.0,0.8464261680997224
2025-09-24T09:00:00Z,2025-09-24,4,04:00:00,2025-09-24,04:00,N,23.86,1.0,14624.0,0.8357807488933604
2025-09-24T10:00:00Z,2025-09-24,5,05:00:00,2025-09-24,05:00,N,24.4,1.0,14253.0,0.8336048752339783
2025-09-24T11:00:00Z,2025-09-24,6,06:00:00,2025-09-24,06:00,N,25.79,1.0,12405.0,0.8824862294852933
2025-09-24T12:00:00Z,2025-09-24,7,07:00:00,2025-09-24,07:00,N,29.05,1.0,11424.0,0.8906879668955926
2025-09-24T13:00:00Z,2025-09-24,8,08:00:00,2025-09-24,08:00,N,29.51,516.0,10945.0,0.8991232552561207
2025-09-24T14:00:00Z,2025-09-24,9,09:00:00,2025-09-24,09:00,N,24.22,6371.0,10052.0,0.8294922306149023
2025-09-24T15:00:00Z,2025-09-24,10,10:00:00,2025-09-24,10:00,N,24.03,10809.0,11747.0,0.7362656132149556
2025-09-24T16:00:00Z,2025-09-24,11,11:00:00,2025-09-24,11:00,N,25.97,12159.0,12558.0,0.706077473316685
2025-09-24T17:00:00Z,2025-09-24,12,12:00:00,2025-09-24,12:00,N,30.55,13962.0,10050.0,0.7269930577607534
2025-09-24T18:00:00Z,2025-09-24,13,13:00:00,2025-09-24,13:00,N,33.5,15915.0,8792.0,0.7364916454355404
2025-09-24T19:00:00Z,2025-09-24,14,14:00:00,2025-09-24,14:00,N,36.47,16927.0,7442.0,0.7492665453810621
2025-09-24T20:00:00Z,2025-09-24,15,15:00:00,2025-09-24,15:00,N,38.95,18157.0,7040.0,0.742366180780738
2025-09-24T21:00:00Z,2025-09-24,16,16:00:00,2025-09-24,16:00,N,41.41,19131.0,7583.0,0.7101936191932866
2025-09-24T22:00:00Z,2025-09-24,17,17:00:00,2025-09-24,17:00,N,35.72,16956.0,8409.0,0.7423554628478378
2025-09-24T23:00:00Z,2025-09-24,18,18:00:00,2025-09-24,18:00,N,32.06,13898.0,9436.0,0.7758889458074905
2025-09-25T00:00:00Z,2025-09-24,19,19:00:00,2025-09-24,19:00,N,42.6,6982.0,9635.0,0.8444761562805242
2025-09-25T01:00:00Z,2025-09-24,20,20:00:00,2025-09-24,20:00,N,45.02,449.0,8850.0,0.9011698674829471
2025-09-25T02:00:00Z,2025-09-24,21,21:00:00,2025-09-24,21:00,N,45.16,0.0,9791.0,0.931613599720337
2025-09-25T03:00:00Z,2025-09-24,22,22:00:00,2025-09-24,22:00,N,40.0,1.0,9354.0,0.9692562360075617
2025-09-25T04:00:00Z,2025-09-24,23,23:00:00,2025-09-24,23:00,N,33.55,1.0,8889.0,0.9865113471744766
2025-09-25T05:00:00Z,2025-09-24,24,00:00:00,2025-09-24,24:00,N,28.55,1.0,8649.0,0.9947405433195514
2025-09-25T06:00:00Z,2025-09-25,1,01:00:00,2025-09-25,01:00,N,29.62,1.0,7551.0,1.0094831436008511
2025-09-25T07:00:00Z,2025-09-25,2,02:00:00,2025-09-25,02:00,N,29.76,1.0,6590.0,1.025513683607656
2025-09-25T08:00:00Z,2025-09-25,3,03:00:00,2025-09-25,03:00,N,28.56,1.0,6365.0,1.027032072688214
2025-09-25T09:00:00Z,2025-09-25,4,04:00:00,2025-09-25,04:00,N,28.23,1.0,5535.0,1.0517234178000956
2025-09-25T10:00:00Z,2025-09-25,5,05:00:00,2025-09-25,05:00,N,29.15,1.0,4936.0,1.0659784050617869
2025-09-25T11:00:00Z,2025-09-25,6,06:00:00,2025-09-25,06:00,N,32.05,1.0,4499.0,1.0749679541438277
2025-09-25T12:00:00Z,2025-09-25,7,07:00:00,2025-09-25,07:00,N,35.02,1.0,4345.0,1.0478916818863178
2025-09-25T13:00:00Z,2025-09-25,8,08:00:00,2025-09-25,08:00,N,34.48,629.0,4161.0,1.0453851871245596
2025-09-25T14:00:00Z,2025-09-25,9,09:00:00,2025-09-25,09:00,N,25.93,10061.0,3264.0,0.8858828105810068
2025-09-25T15:00:00Z,2025-09-25,10,10:00:00,2025-09-25,10:00,N,20.42,22101.0,1571.0,0.6831224343874733
2025-09-25T16:00:00Z,2025-09-25,11,11:00:00,2025-09-25,11:00,N,19.94,25614.0,1218.0,0.6419540715941717
2025-09-25T17:00:00Z,2025-09-25,12,12:00:00,2025-09-25,12:00,N,20.88,26566.0,1339.0,0.6374863966010063
2025-09-25T18:00:00Z,2025-09-25,13,13:00:00,2025-09-25,13:00,N,23.04,26098.0,1405.0,0.6722467763986768
2025-09-25T19:00:00Z,2025-09-25,14,14:00:00,2025-09-25,14:00,N,27.46,26072.0,1617.0,0.7028342985394378
2025-09-25T20:00:00Z,2025-09-25,15,15:00:00,2025-09-25,15:00,N,29.89,25156.0,1963.0,0.7325562831063763
2025-09-25T21:00:00Z,2025-09-25,16,16:00:00,2025-09-25,16:00,N,32.07,24193.0,2487.0,0.7432952073980448
2025-09-25T22:00:00Z,2025-09-25,17,17:00:00,2025-09-25,17:00,N,32.95,22915.0,2809.0,0.7561047971835375
2025-09-25T23:00:00Z,2025-09-25,18,18:00:00,2025-09-25,18:00,N,35.87,20240.0,2190.0,0.7961323064274323
2025-09-26T00:00:00Z,2025-09-25,19,19:00:00,2025-09-25,19:00,N,66.92,9384.0,1533.0,0.9099717741747598
2025-09-26T01:00:00Z,2025-09-25,20,20:00:00,2025-09-25,20:00,N,81.02,518.0,1137.0,0.9869160962811664
2025-09-26T02:00:00Z,2025-09-25,21,21:00:00,2025-09-25,21:00,N,75.81,0.0,1389.0,1.0253511917433336
2025-09-26T03:00:00Z,2025-09-25,22,22:00:00,2025-09-25,22:00,N,49.67,0.0,2342.0,1.0565735664409497
2025-09-26T04:00:00Z,2025-09-25,23,23:00:00,2025-09-25,23:00,N,42.48,0.0,3664.0,1.0654884440943782
2025-09-26T05:00:00Z,2025-09-25,24,00:00:00,2025-09-25,24:00,N,33.45,1.0,4651.0,1.061479993539981
2025-09-26T06:00:00Z,2025-09-26,1,01:00:00,2025-09-26,01:00,N,32.56,1.0,5585.0,1.0519689027250383
2025-09-26T07:00:00Z,2025-09-26,2,02:00:00,2025-09-26,02:00,N,27.12,0.0,6271.0,1.0449095126724188
2025-09-26T08:00:00Z,2025-09-26,3,03:00:00,2025-09-26,03:00,N,24.55,1.0,6640.0,1.021613235273358
2025-09-26T09:00:00Z,2025-09-26,4,04:00:00,2025-09-26,04:00,N,23.76,1.0,6571.0,1.0121768262827622
2025-09-26T10:00:00Z,2025-09-26,5,05:00:00,2025-09-26,05:00,N,23.77,1.0,6240.0,1.0178516984739354
2025-09-26T11:00:00Z,2025-09-26,6,06:00:00,2025-09-26,06:00,N,25.35,0.0,6008.0,1.0393313404713087
2025-09-26T12:00:00Z,2025-09-26,7,07:00:00,2025-09-26,07:00,N,28.05,0.0,5524.0,1.0529495286598671
2025-09-26T13:00:00Z,2025-09-26,8,08:00:00,2025-09-26,08:00,N,27.36,824.0,5311.0,1.0452547499960065
2025-09-26T14:00:00Z,2025-09-26,9,09:00:00,2025-09-26,09:00,N,19.38,12123.0,5319.0,0.7946824795688447
2025-09-26T15:00:00Z,2025-09-26,10,10:00:00,2025-09-26,10:00,N,15.43,24934.0,3478.0,0.5947053683998014
2025-09-26T16:00:00Z,2025-09-26,11,11:00:00,2025-09-26,11:00,N,17.02,28278.0,3391.0,0.5676224855158559
2025-09-26T17:00:00Z,2025-09-26,12,12:00:00,2025-09-26,12:00,N,20.27,28175.0,2931.0,0.5882950799681824
2025-09-26T18:00:00Z,2025-09-26,13,13:00:00,2025-09-26,13:00,N,24.28,26557.0,2099.0,0.6537626220844759
2025-09-26T19:00:00Z,2025-09-26,14,14:00:00,2025-09-26,14:00,N,30.62,25773.0,1724.0,0.7210177261390727
2025-09-26T20:00:00Z,2025-09-26,15,15:00:00,2025-09-26,15:00,N,36.51,25839.0,1853.0,0.7293067633487752
2025-09-26T21:00:00Z,2025-09-26,16,16:00:00,2025-09-26,16:00,N,36.74,26028.0,2201.0,0.7270247575975114
2025-09-26T22:00:00Z,2025-09-26,17,17:00:00,2025-09-26,17:00,N,34.7,25526.0,2423.0,0.7282798664109815
2025-09-26T23:00:00Z,2025-09-26,18,18:00:00,2025-09-26,18:00,N,38.53,22213.0,2592.0,0.761870714189549
2025-09-27T00:00:00Z,2025-09-26,19,19:00:00,2025-09-26,19:00,N,62.75,9163.0,3652.0,0.8442909789368124
2025-09-27T01:00:00Z,2025-09-26,20,20:00:00,2025-09-26,20:00,N,60.63,405.0,6469.0,0.9154655084677392
2025-09-27T02:00:00Z,2025-09-26,21,21:00:00,2025-09-26,21:00,N,42.53,0.0,10200.0,0.9164556270410151
2025-09-27T03:00:00Z,2025-09-26,22,22:00:00,2025-09-26,22:00,N,31.42,0.0,13132.0,0.8957078395985548
2025-09-27T04:00:00Z,2025-09-26,23,23:00:00,2025-09-26,23:00,N,24.52,0.0,15149.0,0.8447306280229154
2025-09-27T05:00:00Z,2025-09-26,24,00:00:00,2025-09-26,24:00,N,21.53,0.0,16432.0,0.7953728571923732
2025-09-27T06:00:00Z,2025-09-27,1,01:00:00,2025-09-27,01:00,N,22.94,0.0,16819.0,0.7583923370976551
2025-09-27T07:00:00Z,2025-09-27,2,02:00:00,2025-09-27,02:00,N,20.99,0.0,16474.0,0.7332691305004172
2025-09-27T08:00:00Z,2025-09-27,3,03:00:00,2025-09-27,03:00,N,19.68,0.0,16168.0,0.7270371169997321
2025-09-27T09:00:00Z,2025-09-27,4,04:00:00,2025-09-27,04:00,N,19.3,0.0,15846.0,0.7232557613697018
2025-09-27T10:00:00Z,2025-09-27,5,05:00:00,2025-09-27,05:00,N,20.1,0.0,15104.0,0.7269362002826798
2025-09-27T11:00:00Z,2025-09-27,6,06:00:00,2025-09-27,06:00,N,21.78,0.0,14103.0,0.7535050494102359
2025-09-27T12:00:00Z,2025-09-27,7,07:00:00,2025-09-27,07:00,N,22.32,0.0,12560.0,0.7973532204414749
2025-09-27T13:00:00Z,2025-09-27,8,08:00:00,2025-09-27,08:00,N,21.84,807.0,11202.0,0.8124087860814075
2025-09-27T14:00:00Z,2025-09-27,9,09:00:00,2025-09-27,09:00,N,14.77,11343.0,9305.0,0.6541141670351525
2025-09-27T15:00:00Z,2025-09-27,10,10:00:00,2025-09-27,10:00,N,13.15,23080.0,5903.0,0.5337469015280787
2025-09-27T16:00:00Z,2025-09-27,11,11:00:00,2025-09-27,11:00,N,15.08,26635.0,5669.0,0.48934190996849714
2025-09-27T17:00:00Z,2025-09-27,12,12:00:00,2025-09-27,12:00,N,17.27,26436.0,5246.0,0.5080734664557506
2025-09-27T18:00:00Z,2025-09-27,13,13:00:00,2025-09-27,13:00,N,22.02,26482.0,3573.0,0.5751292944725889
2025-09-27T19:00:00Z,2025-09-27,14,14:00:00,2025-09-27,14:00,N,25.06,26848.0,2655.0,0.6192199239091752
2025-09-27T20:00:00Z,2025-09-27,15,15:00:00,2025-09-27,15:00,N,28.1,26634.0,2442.0,0.6572574620291395
2025-09-27T21:00:00Z,2025-09-27,16,16:00:00,2025-09-27,16:00,N,29.13,26229.0,2657.0,0.6741789385055753
2025-09-27T22:00:00Z,2025-09-27,17,17:00:00,2025-09-27,17:00,N,28.84,24989.0,3261.0,0.6933227702977349
2025-09-27T23:00:00Z,2025-09-27,18,18:00:00,2025-09-27,18:00,N,34.55,20917.0,4082.0,0.7300143109375687
2025-09-28T00:00:00Z,2025-09-27,19,19:00:00,2025-09-27,19:00,N,53.96,7827.0,5563.0,0.8205857335288563
2025-09-28T01:00:00Z,2025-09-27,20,20:00:00,2025-09-27,20:00,N,54.36,175.0,7874.0,0.8893533254926429
2025-09-28T02:00:00Z,2025-09-27,21,21:00:00,2025-09-27,21:00,N,41.03,0.0,11172.0,0.8719625993656837
2025-09-28T03:00:00Z,2025-09-27,22,22:00:00,2025-09-27,22:00,N,33.37,0.0,13016.0,0.8574907580053418
2025-09-28T04:00:00Z,2025-09-27,23,23:00:00,2025-09-27,23:00,N,28.13,0.0,13749.0,0.8219884589936481
2025-09-28T05:00:00Z,2025-09-27,24,00:00:00,2025-09-27,24:00,N,25.01,0.0,14366.0,0.779593325494901
2025-09-28T06:00:00Z,2025-09-28,1,01:00:00,2025-09-28,01:00,N,22.66,0.0,14570.0,0.7535786664589976
2025-09-28T07:00:00Z,2025-09-28,2,02:00:00,2025-09-28,02:00,N,21.68,0.0,13311.0,0.7687376861369081
2025-09-28T08:00:00Z,2025-09-28,3,03:00:00,2025-09-28,03:00,N,20.82,0.0,12149.0,0.7848124478331674
2025-09-28T09:00:00Z,2025-09-28,4,04:00:00,2025-09-28,04:00,N,20.24,0.0,10865.0,0.8063961894840532
2025-09-28T10:00:00Z,2025-09-28,5,05:00:00,2025-09-28,05:00,N,20.82,0.0,9997.0,0.8227320580647135
2025-09-28T11:00:00Z,2025-09-28,6,06:00:00,2025-09-28,06:00,N,20.79,0.0,9443.0,0.835854116378342
2025-09-28T12:00:00Z,2025-09-28,7,07:00:00,2025-09-28,07:00,N,19.6,0.0,8788.0,0.849038278108987
2025-09-28T13:00:00Z,2025-09-28,8,08:00:00,2025-09-28,08:00,N,20.43,840.0,8134.0,0.8460079619328725
2025-09-28T14:00:00Z,2025-09-28,9,09:00:00,2025-09-28,09:00,N,15.63,11442.0,6495.0,0.6727808430563065
2025-09-28T15:00:00Z,2025-09-28,10,10:00:00,2025-09-28,10:00,N,14.56,23340.0,3356.0,0.5284591174908713
2025-09-28T16:00:00Z,2025-09-28,11,11:00:00,2025-09-28,11:00,N,15.11,26289.0,2716.0,0.5051051961995741
2025-09-28T17:00:00Z,2025-09-28,12,12:00:00,2025-09-28,12:00,N,17.0,26716.0,2864.0,0.5196486567187056
2025-09-28T18:00:00Z,2025-09-28,13,13:00:00,2025-09-28,13:00,N,19.9,26110.0,2711.0,0.5622949650523065
2025-09-28T19:00:00Z,2025-09-28,14,14:00:00,2025-09-28,14:00,N,22.88,26161.0,2554.0,0.6099133513158868
2025-09-28T20:00:00Z,2025-09-28,15,15:00:00,2025-09-28,15:00,N,25.24,25796.0,2329.0,0.6493685511398348
2025-09-28T21:00:00Z,2025-09-28,16,16:00:00,2025-09-28,16:00,N,28.28,25374.0,2609.0,0.6708543444954229
2025-09-28T22:00:00Z,2025-09-28,17,17:00:00,2025-09-28,17:00,N,30.03,22988.0,2738.0,0.7053383666163887
2025-09-28T23:00:00Z,2025-09-28,18,18:00:00,2025-09-28,18:00,N,35.94,18141.0,3696.0,0.7658695945120264
2025-09-29T00:00:00Z,2025-09-28,19,19:00:00,2025-09-28,19:00,N,54.91,5842.0,5004.0,0.8658569929621143
2025-09-29T01:00:00Z,2025-09-28,20,20:00:00,2025-09-28,20:00,N,58.86,104.0,6454.0,0.9144540289737101
2025-09-29T02:00:00Z,2025-09-28,21,21:00:00,2025-09-28,21:00,N,49.57,0.0,8298.0,0.9248161526098165
2025-09-29T03:00:00Z,2025-09-28,22,22:00:00,2025-09-28,22:00,N,36.87,0.0,9603.0,0.9369415278436025
2025-09-29T04:00:00Z,2025-09-28,23,23:00:00,2025-09-28,23:00,N,28.93,0.0,10367.0,0.9126938014548335
2025-09-29T05:00:00Z,2025-09-28,24,00:00:00,2025-09-28,24:00,N,25.67,0.0,11551.0,0.855176927266815
2025-09-29T06:00:00Z,2025-09-29,1,01:00:00,2025-09-29,01:00,N,20.55,0.0,12317.0,0.8066891478301439
2025-09-29T07:00:00Z,2025-09-29,2,02:00:00,2025-09-29,02:00,N,20.17,0.0,12017.0,0.7976597972416727
2025-09-29T08:00:00Z,2025-09-29,3,03:00:00,2025-09-29,03:00,N,20.52,0.0,11383.0,0.8066626553286115
2025-09-29T09:00:00Z,2025-09-29,4,04:00:00,2025-09-29,04:00,N,20.26,0.0,10286.0,0.8222573204259669
2025-09-29T10:00:00Z,2025-09-29,5,05:00:00,2025-09-29,05:00,N,20.43,0.0,8541.0,0.854233677932854
2025-09-29T11:00:00Z,2025-09-29,6,06:00:00,2025-09-29,06:00,N,24.28,0.0,7132.0,0.905701706087129
2025-09-29T12:00:00Z,2025-09-29,7,07:00:00,2025-09-29,07:00,N,27.15,0.0,5844.0,0.9820492403553422
2025-09-29T13:00:00Z,2025-09-29,8,08:00:00,2025-09-29,08:00,N,29.67,829.0,4997.0,0.9882720877680702
2025-09-29T14:00:00Z,2025-09-29,9,09:00:00,2025-09-29,09:00,N,21.66,10734.0,3773.0,0.7854663435890826
2025-09-29T15:00:00Z,2025-09-29,10,10:00:00,2025-09-29,10:00,N,18.37,19979.0,2129.0,0.6343503644885268
2025-09-29T16:00:00Z,2025-09-29,11,11:00:00,2025-09-29,11:00,N,18.75,22616.0,1967.0,0.6123277185693756
2025-09-29T17:00:00Z,2025-09-29,12,12:00:00,2025-09-29,12:00,N,20.52,22772.0,1827.0,0.6314096295532721
2025-09-29T18:00:00Z,2025-09-29,13,13:00:00,2025-09-29,13:00,N,24.58,22305.0,1368.0,0.6916307032617184
2025-09-29T19:00:00Z,2025-09-29,14,14:00:00,2025-09-29,14:00,N,26.97,22234.0,1268.0,0.7350834236806774
2025-09-29T20:00:00Z,2025-09-29,15,15:00:00,2025-09-29,15:00,N,32.08,21805.0,1304.0,0.7544533444482686
2025-09-29T21:00:00Z,2025-09-29,16,16:00:00,2025-09-29,16:00,N,35.53,20786.0,1678.0,0.7690717960257543
2025-09-29T22:00:00Z,2025-09-29,17,17:00:00,2025-09-29,17:00,N,40.23,18717.0,2011.0,0.794195645043915
2025-09-29T23:00:00Z,2025-09-29,18,18:00:00,2025-09-29,18:00,N,48.24,13185.0,2017.0,0.852844723110657
2025-09-30T00:00:00Z,2025-09-29,19,19:00:00,2025-09-29,19:00,N,68.82,4221.0,2536.0,0.9254938519674749
2025-09-30T01:00:00Z,2025-09-29,20,20:00:00,2025-09-29,20:00,N,65.04,229.0,3224.0,0.9556380639290462
2025-09-30T02:00:00Z,2025-09-29,21,21:00:00,2025-09-29,21:00,N,60.82,0.0,4261.0,0.9829817808364069
2025-09-30T03:00:00Z,2025-09-29,22,22:00:00,2025-09-29,22:00,N,43.29,0.0,4979.0,1.0036181285119692
2025-09-30T04:00:00Z,2025-09-29,23,23:00:00,2025-09-29,23:00,N,37.26,0.0,5392.0,1.0104618736863418
2025-09-30T05:00:00Z,2025-09-29,24,00:00:00,2025-09-29,24:00,N,29.35,0.0,5297.0,1.0163073482415697
2025-09-30T06:00:00Z,2025-09-30,1,01:00:00,2025-09-30,01:00,N,28.68,0.0,5216.0,1.0134266688650317
2025-09-30T07:00:00Z,2025-09-30,2,02:00:00,2025-09-30,02:00,N,25.69,0.0,5036.0,1.0152902092333582
2025-09-30T08:00:00Z,2025-09-30,3,03:00:00,2025-09-30,03:00,N,24.92,0.0,4404.0,1.026455017952877
2025-09-30T09:00:00Z,2025-09-30,4,04:00:00,2025-09-30,04:00,N,24.46,0.0,3922.0,1.0374047225737884
2025-09-30T10:00:00Z,2025-09-30,5,05:00:00,2025-09-30,05:00,N,24.95,1.0,3315.0,1.04921832342136
2025-09-30T11:00:00Z,2025-09-30,6,06:00:00,2025-09-30,06:00,N,27.15,1.0,2653.0,1.0676284987654983
2025-09-30T12:00:00Z,2025-09-30,7,07:00:00,2025-09-30,07:00,N,32.16,1.0,2250.0,1.066976568493476
2025-09-30T13:00:00Z,2025-09-30,8,08:00:00,2025-09-30,08:00,N,31.58,310.0,2140.0,1.0593516753938275
2025-09-30T14:00:00Z,2025-09-30,9,09:00:00,2025-09-30,09:00,N,25.04,8368.0,1870.0,0.9091824978725863
2025-09-30T15:00:00Z,2025-09-30,10,10:00:00,2025-09-30,10:00,N,19.47,19579.0,962.0,0.7074533858627977
2025-09-30T16:00:00Z,2025-09-30,11,11:00:00,2025-09-30,11:00,N,18.81,24503.0,1059.0,0.6383864096141405
2025-09-30T17:00:00Z,2025-09-30,12,12:00:00,2025-09-30,12:00,N,20.33,26172.0,1455.0,0.6163412263490164
2025-09-30T18:00:00Z,2025-09-30,13,13:00:00,2025-09-30,13:00,N,24.19,26286.0,1511.0,0.6251681006393832
2025-09-30T19:00:00Z,2025-09-30,14,14:00:00,2025-09-30,14:00,N,30.18,25598.0,1579.0,0.6713603627568968
2025-09-30T20:00:00Z,2025-09-30,15,15:00:00,2025-09-30,15:00,N,34.25,25630.0,1739.0,0.6952711936484616
2025-09-30T21:00:00Z,2025-09-30,16,16:00:00,2025-09-30,16:00,N,34.64,25188.0,2178.0,0.7064610298206041
2025-09-30T22:00:00Z,2025-09-30,17,17:00:00,2025-09-30,17:00,N,36.12,24252.0,2289.0,0.7221368028587591
2025-09-30T23:00:00Z,2025-09-30,18,18:00:00,2025-09-30,18:00,N,39.94,21067.0,2648.0,0.7601365545968713
2025-10-01T00:00:00Z,2025-09-30,19,19:00:00,2025-09-30,19:00,N,76.23,8053.0,3237.0,0.8719472556925387
2025-10-01T01:00:00Z,2025-09-30,20,20:00:00,2025-09-30,20:00,N,69.32,293.0,4710.0,0.9371815615956534
2025-10-01T02:00:00Z,2025-09-30,21,21:00:00,2025-09-30,21:00,N,56.88,2.0,7583.0,0.9351323073238783
2025-10-01T03:00:00Z,2025-09-30,22,22:00:00,2025-09-30,22:00,N,41.9,0.0,9270.0,0.9312433760346303
2025-10-01T04:00:00Z,2025-09-30,23,23:00:00,2025-09-30,23:00,N,29.07,0.0,10919.0,0.9079155835098721
2025-10-01T05:00:00Z,2025-09-30,24,00:00:00,2025-09-30,24:00,N,24.16,0.0,12855.0,0.8417346762263912
2025-10-01T06:00:00Z,2025-10-01,1,01:00:00,2025-10-01,01:00,N,23.13,0.0,14238.0,0.7900185840472486
2025-10-01T07:00:00Z,2025-10-01,2,02:00:00,2025-10-01,02:00,N,21.33,0.0,13982.0,0.7740093403138509
2025-10-01T08:00:00Z,2025-10-01,3,03:00:00,2025-10-01,03:00,N,19.57,0.0,13012.0,0.7796351158259462
2025-10-01T09:00:00Z,2025-10-01,4,04:00:00,2025-10-01,04:00,N,18.59,0.0,12144.0,0.8007479524099573
2025-10-01T10:00:00Z,2025-10-01,5,05:00:00,2025-10-01,05:00,N,19.21,0.0,11198.0,0.8294209209319183
2025-10-01T11:00:00Z,2025-10-01,6,06:00:00,2025-10-01,06:00,N,21.65,0.0,10356.0,0.865950145184207
2025-10-01T12:00:00Z,2025-10-01,7,07:00:00,2025-10-01,07:00,N,27.16,0.0,9885.0,0.9077456481304789
2025-10-01T13:00:00Z,2025-10-01,8,08:00:00,2025-10-01,08:00,N,28.17,646.0,9275.0,0.9223712800028326
2025-10-01T14:00:00Z,2025-10-01,9,09:00:00,2025-10-01,09:00,N,18.32,11472.0,7640.0,0.7281188837423025
2025-10-01T15:00:00Z,2025-10-01,10,10:00:00,2025-10-01,10:00,N,13.17,24328.0,4329.0,0.5725831157675456
2025-10-01T16:00:00Z,2025-10-01,11,11:00:00,2025-10-01,11:00,N,15.24,26971.0,3729.0,0.5523341906658925
2025-10-01T17:00:00Z,2025-10-01,12,12:00:00,2025-10-01,12:00,N,18.98,26909.0,4196.0,0.5601725529276472
2025-10-01T18:00:00Z,2025-10-01,13,13:00:00,2025-10-01,13:00,N,24.84,26287.0,3069.0,0.610469849133538
2025-10-01T19:00:00Z,2025-10-01,14,14:00:00,2025-10-01,14:00,N,31.02,25250.0,2383.0,0.6864875695169763
2025-10-01T20:00:00Z,2025-10-01,15,15:00:00,2025-10-01,15:00,N,36.0,24885.0,2295.0,0.7082087302684836
2025-10-01T21:00:00Z,2025-10-01,16,16:00:00,2025-10-01,16:00,N,37.81,24196.0,2199.0,0.7278957480917038
2025-10-01T22:00:00Z,2025-10-01,17,17:00:00,2025-10-01,17:00,N,43.19,24062.0,2308.0,0.7366796786605848
2025-10-01T23:00:00Z,2025-10-01,18,18:00:00,2025-10-01,18:00,N,60.63,20133.0,3010.0,0.767468386944575
2025-10-02T00:00:00Z,2025-10-01,19,19:00:00,2025-10-01,19:00,N,91.64,7353.0,4534.0,0.8520274634499155
2025-10-02T01:00:00Z,2025-10-01,20,20:00:00,2025-10-01,20:00,N,84.68,247.0,7912.0,0.8983642057599549
2025-10-02T02:00:00Z,2025-10-01,21,21:00:00,2025-10-01,21:00,N,52.91,0.0,12510.0,0.8852993937598763
2025-10-02T03:00:00Z,2025-10-01,22,22:00:00,2025-10-01,22:00,N,37.24,0.0,15321.0,0.8471730057235485
2025-10-02T04:00:00Z,2025-10-01,23,23:00:00,2025-10-01,23:00,N,26.24,0.0,17228.0,0.7971624286058877
2025-10-02T05:00:00Z,2025-10-01,24,00:00:00,2025-10-01,24:00,N,23.28,0.0,18488.0,0.754399336057934
2025-10-02T06:00:00Z,2025-10-02,1,01:00:00,2025-10-02,01:00,N,22.54,0.0,19174.0,0.719096705870845
2025-10-02T07:00:00Z,2025-10-02,2,02:00:00,2025-10-02,02:00,N,20.54,0.0,19046.0,0.6854785250835408
2025-10-02T08:00:00Z,2025-10-02,3,03:00:00,2025-10-02,03:00,N,19.37,0.0,18002.0,0.6865444653812296
2025-10-02T09:00:00Z,2025-10-02,4,04:00:00,2025-10-02,04:00,N,19.66,0.0,16507.0,0.7072698336232234
2025-10-02T10:00:00Z,2025-10-02,5,05:00:00,2025-10-02,05:00,N,20.69,0.0,14388.0,0.7646289085239848
2025-10-02T11:00:00Z,2025-10-02,6,06:00:00,2025-10-02,06:00,N,22.9,0.0,12582.0,0.848545193605022
2025-10-02T12:00:00Z,2025-10-02,7,07:00:00,2025-10-02,07:00,N,28.74,0.0,10695.0,0.9116714858133477
2025-10-02T13:00:00Z,2025-10-02,8,08:00:00,2025-10-02,08:00,N,31.71,509.0,8589.0,0.9345591971235854
2025-10-02T14:00:00Z,2025-10-02,9,09:00:00,2025-10-02,09:00,N,19.24,10444.0,6470.0,0.7853609912957878
2025-10-02T15:00:00Z,2025-10-02,10,10:00:00,2025-10-02,10:00,N,14.92,23324.0,2979.0,0.6240391135315266
2025-10-02T16:00:00Z,2025-10-02,11,11:00:00,2025-10-02,11:00,N,17.67,26615.0,2102.0,0.6146172170843937
2025-10-02T17:00:00Z,2025-10-02,12,12:00:00,2025-10-02,12:00,N,21.04,26451.0,1873.0,0.6418727568355365
2025-10-02T18:00:00Z,2025-10-02,13,13:00:00,2025-10-02,13:00,N,27.72,25620.0,1223.0,0.6894741288214559
2025-10-02T19:00:00Z,2025-10-02,14,14:00:00,2025-10-02,14:00,N,32.63,24458.0,1332.0,0.7210325176474112
2025-10-02T20:00:00Z,2025-10-02,15,15:00:00,2025-10-02,15:00,N,38.23,24224.0,1903.0,0.7267384633290848
2025-10-02T21:00:00Z,2025-10-02,16,16:00:00,2025-10-02,16:00,N,41.2,24070.0,2681.0,0.721839811044958
2025-10-02T22:00:00Z,2025-10-02,17,17:00:00,2025-10-02,17:00,N,43.13,23101.0,3499.0,0.7307491927144617
2025-10-02T23:00:00Z,2025-10-02,18,18:00:00,2025-10-02,18:00,N,53.83,18924.0,4946.0,0.7574932205091115
2025-10-03T00:00:00Z,2025-10-02,19,19:00:00,2025-10-02,19:00,N,81.38,6671.0,7127.0,0.8202307873148842
2025-10-03T01:00:00Z,2025-10-02,20,20:00:00,2025-10-02,20:00,N,74.56,204.0,9972.0,0.8759546344130874
2025-10-03T02:00:00Z,2025-10-02,21,21:00:00,2025-10-02,21:00,N,44.09,0.0,13197.0,0.8706464980354328
2025-10-03T03:00:00Z,2025-10-02,22,22:00:00,2025-10-02,22:00,N,36.24,0.0,16079.0,0.8318058285122207
2025-10-03T04:00:00Z,2025-10-02,23,23:00:00,2025-10-02,23:00,N,28.96,0.0,17717.0,0.7881763761892745
2025-10-03T05:00:00Z,2025-10-02,24,00:00:00,2025-10-02,24:00,N,25.38,0.0,18157.0,0.7787077561553227
2025-10-03T06:00:00Z,2025-10-03,1,01:00:00,2025-10-03,01:00,N,25.72,0.0,17755.0,0.7744642009234669
2025-10-03T07:00:00Z,2025-10-03,2,02:00:00,2025-10-03,02:00,N,24.47,0.0,16604.0,0.780698088182573
2025-10-03T08:00:00Z,2025-10-03,3,03:00:00,2025-10-03,03:00,N,23.29,0.0,15175.0,0.7941252774246179
2025-10-03T09:00:00Z,2025-10-03,4,04:00:00,2025-10-03,04:00,N,24.06,0.0,13915.0,0.8153876254136762
2025-10-03T10:00:00Z,2025-10-03,5,05:00:00,2025-10-03,05:00,N,24.3,0.0,12269.0,0.8467857891241534
2025-10-03T11:00:00Z,2025-10-03,6,06:00:00,2025-10-03,06:00,N,29.27,0.0,10454.0,0.8985919922015829
2025-10-03T12:00:00Z,2025-10-03,7,07:00:00,2025-10-03,07:00,N,31.45,0.0,8439.0,0.9266942843915524
2025-10-03T13:00:00Z,2025-10-03,8,08:00:00,2025-10-03,08:00,N,35.4,516.0,6792.0,0.9387027413288951
2025-10-03T14:00:00Z,2025-10-03,9,09:00:00,2025-10-03,09:00,N,23.49,10554.0,5366.0,0.8136915004289219
2025-10-03T15:00:00Z,2025-10-03,10,10:00:00,2025-10-03,10:00,N,17.93,23070.0,2497.0,0.6467166718636552
2025-10-03T16:00:00Z,2025-10-03,11,11:00:00,2025-10-03,11:00,N,18.93,25690.0,1839.0,0.6460701614841045
2025-10-03T17:00:00Z,2025-10-03,12,12:00:00,2025-10-03,12:00,N,22.26,25764.0,1987.0,0.6653292425886612
2025-10-03T18:00:00Z,2025-10-03,13,13:00:00,2025-10-03,13:00,N,26.92,25493.0,2440.0,0.6729169668860281
2025-10-03T19:00:00Z,2025-10-03,14,14:00:00,2025-10-03,14:00,N,36.17,24499.0,3448.0,0.6817282437629745
2025-10-03T20:00:00Z,2025-10-03,15,15:00:00,2025-10-03,15:00,N,38.43,24957.0,4887.0,0.6741621813147295
2025-10-03T21:00:00Z,2025-10-03,16,16:00:00,2025-10-03,16:00,N,38.78,24457.0,6148.0,0.6781970418807387
2025-10-03T22:00:00Z,2025-10-03,17,17:00:00,2025-10-03,17:00,N,37.92,23081.0,7775.0,0.6767832473102723
2025-10-03T23:00:00Z,2025-10-03,18,18:00:00,2025-10-03,18:00,N,47.19,19092.0,9728.0,0.6876635090268929
2025-10-04T00:00:00Z,2025-10-03,19,19:00:00,2025-10-03,19:00,N,65.45,6485.0,11475.0,0.7765503588811739
2025-10-04T01:00:00Z,2025-10-03,20,20:00:00,2025-10-03,20:00,N,61.97,162.0,13004.0,0.8300802857792886
2025-10-04T02:00:00Z,2025-10-03,21,21:00:00,2025-10-03,21:00,N,41.37,0.0,16315.0,0.8239379641829235
2025-10-04T03:00:00Z,2025-10-03,22,22:00:00,2025-10-03,22:00,N,33.69,0.0,18491.0,0.8177242380765448
2025-10-04T04:00:00Z,2025-10-03,23,23:00:00,2025-10-03,23:00,N,28.15,0.0,19703.0,0.8000617828062685
2025-10-04T05:00:00Z,2025-10-03,24,00:00:00,2025-10-03,24:00,N,24.47,0.0,20577.0,0.7747632719786173
2025-10-04T06:00:00Z,2025-10-04,1,01:00:00,2025-10-04,01:00,N,29.87,0.0,20409.0,0.7579774011587529
2025-10-04T07:00:00Z,2025-10-04,2,02:00:00,2025-10-04,02:00,N,26.99,0.0,19566.0,0.7671331057608627
2025-10-04T08:00:00Z,2025-10-04,3,03:00:00,2025-10-04,03:00,N,24.98,0.0,18421.0,0.7634794054938724
2025-10-04T09:00:00Z,2025-10-04,4,04:00:00,2025-10-04,04:00,N,23.27,0.0,17702.0,0.7676603676536359
2025-10-04T10:00:00Z,2025-10-04,5,05:00:00,2025-10-04,05:00,N,23.51,0.0,17354.0,0.7659224463944164
2025-10-04T11:00:00Z,2025-10-04,6,06:00:00,2025-10-04,06:00,N,23.63,0.0,16426.0,0.7947699500124359
2025-10-04T12:00:00Z,2025-10-04,7,07:00:00,2025-10-04,07:00,N,24.71,0.0,15539.0,0.8347740801754705
2025-10-04T13:00:00Z,2025-10-04,8,08:00:00,2025-10-04,08:00,N,26.17,592.0,14608.0,0.8401495271167906
2025-10-04T14:00:00Z,2025-10-04,9,09:00:00,2025-10-04,09:00,N,18.09,11148.0,12927.0,0.6550025560280642
2025-10-04T15:00:00Z,2025-10-04,10,10:00:00,2025-10-04,10:00,N,11.41,23864.0,10093.0,0.47960943016833724
2025-10-04T16:00:00Z,2025-10-04,11,11:00:00,2025-10-04,11:00,N,14.32,25388.0,12232.0,0.42841010931119666
2025-10-04T17:00:00Z,2025-10-04,12,12:00:00,2025-10-04,12:00,N,18.49,24831.0,13164.0,0.4339116112382336
2025-10-04T18:00:00Z,2025-10-04,13,13:00:00,2025-10-04,13:00,N,26.57,25081.0,12369.0,0.48113928701147934
2025-10-04T19:00:00Z,2025-10-04,14,14:00:00,2025-10-04,14:00,N,30.45,25067.0,12716.0,0.517493159872663
2025-10-04T20:00:00Z,2025-10-04,15,15:00:00,2025-10-04,15:00,N,37.46,24159.0,14050.0,0.5331994133690527
2025-10-04T21:00:00Z,2025-10-04,16,16:00:00,2025-10-04,16:00,N,36.09,23951.0,15393.0,0.5355031955048611
2025-10-04T22:00:00Z,2025-10-04,17,17:00:00,2025-10-04,17:00,N,34.69,22534.0,16553.0,0.5472666104526859
2025-10-04T23:00:00Z,2025-10-04,18,18:00:00,2025-10-04,18:00,N,29.14,18134.0,18078.0,0.5670867107843386
2025-10-05T00:00:00Z,2025-10-04,19,19:00:00,2025-10-04,19:00,N,48.74,6588.0,19521.0,0.6937441991195126
2025-10-05T01:00:00Z,2025-10-04,20,20:00:00,2025-10-04,20:00,N,47.58,147.0,19299.0,0.7546865854697782
2025-10-05T02:00:00Z,2025-10-04,21,21:00:00,2025-10-04,21:00,N,39.98,0.0,20786.0,0.7589113929237871
2025-10-05T03:00:00Z,2025-10-04,22,22:00:00,2025-10-04,22:00,N,32.54,1.0,22896.0,0.7351586794316959
2025-10-05T04:00:00Z,2025-10-04,23,23:00:00,2025-10-04,23:00,N,25.71,1.0,23692.0,0.7042298086038965
2025-10-05T05:00:00Z,2025-10-04,24,00:00:00,2025-10-04,24:00,N,24.89,1.0,23499.0,0.7107271759846032
2025-10-05T06:00:00Z,2025-10-05,1,01:00:00,2025-10-05,01:00,N,22.88,0.0,23447.0,0.7021922416159349
2025-10-05T07:00:00Z,2025-10-05,2,02:00:00,2025-10-05,02:00,N,21.63,1.0,22836.0,0.6674535335354181
2025-10-05T08:00:00Z,2025-10-05,3,03:00:00,2025-10-05,03:00,N,20.54,1.0,22621.0,0.6484711180878807
2025-10-05T09:00:00Z,2025-10-05,4,04:00:00,2025-10-05,04:00,N,19.88,1.0,22428.0,0.6413040229489536
2025-10-05T10:00:00Z,2025-10-05,5,05:00:00,2025-10-05,05:00,N,19.34,1.0,22128.0,0.6382718692178379
2025-10-05T11:00:00Z,2025-10-05,6,06:00:00,2025-10-05,06:00,N,19.16,1.0,21638.0,0.6368835386139136
2025-10-05T12:00:00Z,2025-10-05,7,07:00:00,2025-10-05,07:00,N,19.2,0.0,20862.0,0.6433450079281927
2025-10-05T13:00:00Z,2025-10-05,8,08:00:00,2025-10-05,08:00,N,19.0,585.0,19938.0,0.6398500104715757
2025-10-05T14:00:00Z,2025-10-05,9,09:00:00,2025-10-05,09:00,N,12.7,10612.0,17861.0,0.5234599731588226
2025-10-05T15:00:00Z,2025-10-05,10,10:00:00,2025-10-05,10:00,N,6.68,19761.0,15888.0,0.4322011918838491
2025-10-05T16:00:00Z,2025-10-05,11,11:00:00,2025-10-05,11:00,N,11.11,20954.0,16290.0,0.41393373295641506
2025-10-05T17:00:00Z,2025-10-05,12,12:00:00,2025-10-05,12:00,N,15.82,21949.0,16039.0,0.4325261071105801
2025-10-05T18:00:00Z,2025-10-05,13,13:00:00,2025-10-05,13:00,N,24.28,23821.0,14335.0,0.47373956470257644
2025-10-05T19:00:00Z,2025-10-05,14,14:00:00,2025-10-05,14:00,N,30.06,25103.0,13012.0,0.5275298019662727
2025-10-05T20:00:00Z,2025-10-05,15,15:00:00,2025-10-05,15:00,N,34.31,25403.0,12772.0,0.562335150231506
2025-10-05T21:00:00Z,2025-10-05,16,16:00:00,2025-10-05,16:00,N,32.99,24865.0,12536.0,0.583704183457475
2025-10-05T22:00:00Z,2025-10-05,17,17:00:00,2025-10-05,17:00,N,30.83,24106.0,12592.0,0.5942254641269782
2025-10-05T23:00:00Z,2025-10-05,18,18:00:00,2025-10-05,18:00,N,35.11,19001.0,13716.0,0.644130627977103
2025-10-06T00:00:00Z,2025-10-05,19,19:00:00,2025-10-05,19:00,N,71.18,6269.0,15195.0,0.7611053101115586
2025-10-06T01:00:00Z,2025-10-05,20,20:00:00,2025-10-05,20:00,N,65.05,108.0,15928.0,0.8152092427487078
2025-10-06T02:00:00Z,2025-10-05,21,21:00:00,2025-10-05,21:00,N,50.18,0.0,18698.0,0.8205761451880939
2025-10-06T03:00:00Z,2025-10-05,22,22:00:00,2025-10-05,22:00,N,36.97,1.0,20973.0,0.8021885294394631
2025-10-06T04:00:00Z,2025-10-05,23,23:00:00,2025-10-05,23:00,N,29.29,1.0,21994.0,0.7571980568649485
2025-10-06T05:00:00Z,2025-10-05,24,00:00:00,2025-10-05,24:00,N,24.33,1.0,22486.0,0.7028732063616323
2025-10-06T06:00:00Z,2025-10-06,1,01:00:00,2025-10-06,01:00,N,20.35,1.0,22225.0,0.6821360853654882
2025-10-06T07:00:00Z,2025-10-06,2,02:00:00,2025-10-06,02:00,N,19.44,0.0,20704.0,0.6877474303748603
2025-10-06T08:00:00Z,2025-10-06,3,03:00:00,2025-10-06,03:00,N,19.18,0.0,19496.0,0.6978658055245928
2025-10-06T09:00:00Z,2025-10-06,4,04:00:00,2025-10-06,04:00,N,20.14,0.0,18401.0,0.711886228771909
2025-10-06T10:00:00Z,2025-10-06,5,05:00:00,2025-10-06,05:00,N,21.46,0.0,17157.0,0.7358798054210799
2025-10-06T11:00:00Z,2025-10-06,6,06:00:00,2025-10-06,06:00,N,25.29,0.0,14919.0,0.8063519037866871
2025-10-06T12:00:00Z,2025-10-06,7,07:00:00,2025-10-06,07:00,N,35.8,0.0,12946.0,0.8971858643693282
2025-10-06T13:00:00Z,2025-10-06,8,08:00:00,2025-10-06,08:00,N,39.72,530.0,10897.0,0.934312077832187
2025-10-06T14:00:00Z,2025-10-06,9,09:00:00,2025-10-06,09:00,N,28.29,10125.0,8988.0,0.7746767441046264
2025-10-06T15:00:00Z,2025-10-06,10,10:00:00,2025-10-06,10:00,N,19.57,22042.0,7663.0,0.5796351050614863
2025-10-06T16:00:00Z,2025-10-06,11,11:00:00,2025-10-06,11:00,N,21.49,23946.0,9333.0,0.5424195589239722
2025-10-06T17:00:00Z,2025-10-06,12,12:00:00,2025-10-06,12:00,N,27.14,23016.0,8484.0,0.5945744846050303
2025-10-06T18:00:00Z,2025-10-06,13,13:00:00,2025-10-06,13:00,N,39.67,22398.0,6489.0,0.6800445877903608
2025-10-06T19:00:00Z,2025-10-06,14,14:00:00,2025-10-06,14:00,N,44.29,21773.0,4508.0,0.7435140239976017
2025-10-06T20:00:00Z,2025-10-06,15,15:00:00,2025-10-06,15:00,N,51.19,21573.0,4760.0,0.7555476042679286
2025-10-06T21:00:00Z,2025-10-06,16,16:00:00,2025-10-06,16:00,N,50.48,20858.0,6177.0,0.7498079143514954
2025-10-06T22:00:00Z,2025-10-06,17,17:00:00,2025-10-06,17:00,N,55.84,20316.0,6970.0,0.7486062779139111
2025-10-06T23:00:00Z,2025-10-06,18,18:00:00,2025-10-06,18:00,N,67.35,16590.0,7867.0,0.7679803959029479
2025-10-07T00:00:00Z,2025-10-06,19,19:00:00,2025-10-06,19:00,N,91.37,5024.0,8598.0,0.8494641858775025
2025-10-07T01:00:00Z,2025-10-06,20,20:00:00,2025-10-06,20:00,N,83.95,83.0,9857.0,0.892117240323038
2025-10-07T02:00:00Z,2025-10-06,21,21:00:00,2025-10-06,21:00,N,62.77,0.0,12621.0,0.912971557942852
2025-10-07T03:00:00Z,2025-10-06,22,22:00:00,2025-10-06,22:00,N,49.16,0.0,15152.0,0.8935758508707253
2025-10-07T04:00:00Z,2025-10-06,23,23:00:00,2025-10-06,23:00,N,37.21,0.0,16863.0,0.8661917101669596
2025-10-07T05:00:00Z,2025-10-06,24,00:00:00,2025-10-06,24:00,N,31.43,0.0,17357.0,0.8313945415630138
2025-10-07T06:00:00Z,2025-10-07,1,01:00:00,2025-10-07,01:00,N,28.94,0.0,17410.0,0.798697686380933
2025-10-07T07:00:00Z,2025-10-07,2,02:00:00,2025-10-07,02:00,N,27.84,0.0,15802.0,0.801292473808315
2025-10-07T08:00:00Z,2025-10-07,3,03:00:00,2025-10-07,03:00,N,27.51,0.0,13827.0,0.8469498785781892
2025-10-07T09:00:00Z,2025-10-07,4,04:00:00,2025-10-07,04:00,N,27.71,0.0,12794.0,0.8584372376981136
2025-10-07T10:00:00Z,2025-10-07,5,05:00:00,2025-10-07,05:00,N,28.84,0.0,11847.0,0.8695321384319404
2025-10-07T11:00:00Z,2025-10-07,6,06:00:00,2025-10-07,06:00,N,33.87,0.0,9808.0,0.9474877348048006
2025-10-07T12:00:00Z,2025-10-07,7,07:00:00,2025-10-07,07:00,N,39.73,0.0,8672.0,0.969971465701254
2025-10-07T13:00:00Z,2025-10-07,8,08:00:00,2025-10-07,08:00,N,41.82,360.0,6614.0,0.9809351242705846
2025-10-07T14:00:00Z,2025-10-07,9,09:00:00,2025-10-07,09:00,N,27.64,8773.0,5099.0,0.8830974536258765
2025-10-07T15:00:00Z,2025-10-07,10,10:00:00,2025-10-07,10:00,N,22.98,19693.0,4047.0,0.7248423394391719
2025-10-07T16:00:00Z,2025-10-07,11,11:00:00,2025-10-07,11:00,N,25.09,21691.0,4503.0,0.7019467535964039
2025-10-07T17:00:00Z,2025-10-07,12,12:00:00,2025-10-07,12:00,N,31.08,21675.0,4265.0,0.7267267412985274
2025-10-07T18:00:00Z,2025-10-07,13,13:00:00,2025-10-07,13:00,N,40.97,20457.0,3777.0,0.7680413483363919
2025-10-07T19:00:00Z,2025-10-07,14,14:00:00,2025-10-07,14:00,N,50.52,19129.0,3789.0,0.7919213292638313
2025-10-07T20:00:00Z,2025-10-07,15,15:00:00,2025-10-07,15:00,N,54.07,17757.0,4372.0,0.7966397037337608
2025-10-07T21:00:00Z,2025-10-07,16,16:00:00,2025-10-07,16:00,N,54.15,17978.0,5842.0,0.7923796691095247
2025-10-07T22:00:00Z,2025-10-07,17,17:00:00,2025-10-07,17:00,N,54.29,16076.0,7290.0,0.7960291269663035
2025-10-07T23:00:00Z,2025-10-07,18,18:00:00,2025-10-07,18:00,N,66.17,12585.0,9016.0,0.808521421199475
2025-10-08T00:00:00Z,2025-10-07,19,19:00:00,2025-10-07,19:00,N,90.74,3750.0,10526.0,0.866144836550155
2025-10-08T01:00:00Z,2025-10-07,20,20:00:00,2025-10-07,20:00,N,79.82,38.0,10452.0,0.8950272011277726
2025-10-08T02:00:00Z,2025-10-07,21,21:00:00,2025-10-07,21:00,N,70.16,0.0,10304.0,0.9163525798901596
2025-10-08T03:00:00Z,2025-10-07,22,22:00:00,2025-10-07,22:00,N,48.05,0.0,10592.0,0.9538223406427142
2025-10-08T04:00:00Z,2025-10-07,23,23:00:00,2025-10-07,23:00,N,38.27,0.0,10645.0,0.9601930880946833
2025-10-08T05:00:00Z,2025-10-07,24,00:00:00,2025-10-07,24:00,N,33.91,0.0,10374.0,0.964974624751374
2025-10-08T06:00:00Z,2025-10-08,1,01:00:00,2025-10-08,01:00,N,28.67,0.0,8929.0,0.9891429334961225
2025-10-08T07:00:00Z,2025-10-08,2,02:00:00,2025-10-08,02:00,N,27.48,0.0,7507.0,1.017334651660092
2025-10-08T08:00:00Z,2025-10-08,3,03:00:00,2025-10-08,03:00,N,26.67,0.0,6935.0,1.0304809754822257
2025-10-08T09:00:00Z,2025-10-08,4,04:00:00,2025-10-08,04:00,N,26.08,1.0,6946.0,1.0314021909727193
2025-10-08T10:00:00Z,2025-10-08,5,05:00:00,2025-10-08,05:00,N,26.13,1.0,6215.0,1.0465375885040256
2025-10-08T11:00:00Z,2025-10-08,6,06:00:00,2025-10-08,06:00,N,27.76,1.0,5385.0,1.0561560390113223
2025-10-08T12:00:00Z,2025-10-08,7,07:00:00,2025-10-08,07:00,N,31.89,1.0,5042.0,1.0448273859126427
2025-10-08T13:00:00Z,2025-10-08,8,08:00:00,2025-10-08,08:00,N,34.24,424.0,4692.0,1.0359412537992052
2025-10-08T14:00:00Z,2025-10-08,9,09:00:00,2025-10-08,09:00,N,25.32,7632.0,3763.0,0.922370374230789
2025-10-08T15:00:00Z,2025-10-08,10,10:00:00,2025-10-08,10:00,N,22.25,19001.0,2278.0,0.7654204317785529
2025-10-08T16:00:00Z,2025-10-08,11,11:00:00,2025-10-08,11:00,N,22.52,21958.0,2219.0,0.7399660242909994
2025-10-08T17:00:00Z,2025-10-08,12,12:00:00,2025-10-08,12:00,N,26.42,22259.0,2981.0,0.7284180125417197
2025-10-08T18:00:00Z,2025-10-08,13,13:00:00,2025-10-08,13:00,N,35.32,21714.0,3797.0,0.7325364031312653
2025-10-08T19:00:00Z,2025-10-08,14,14:00:00,2025-10-08,14:00,N,38.73,20843.0,4643.0,0.7498839403220106
2025-10-08T20:00:00Z,2025-10-08,15,15:00:00,2025-10-08,15:00,N,43.02,19474.0,5277.0,0.7600513039978442
2025-10-08T21:00:00Z,2025-10-08,16,16:00:00,2025-10-08,16:00,N,45.36,18307.0,6012.0,0.7692784031232209
2025-10-08T22:00:00Z,2025-10-08,17,17:00:00,2025-10-08,17:00,N,53.58,17013.0,6902.0,0.7725015099933867
2025-10-08T23:00:00Z,2025-10-08,18,18:00:00,2025-10-08,18:00,N,68.99,12609.0,7379.0,0.8096605187522893
2025-10-09T00:00:00Z,2025-10-08,19,19:00:00,2025-10-08,19:00,N,97.58,3344.0,7169.0,0.8868836423362787
2025-10-09T01:00:00Z,2025-10-08,20,20:00:00,2025-10-08,20:00,N,83.21,35.0,6571.0,0.9425862665065288
2025-10-09T02:00:00Z,2025-10-08,21,21:00:00,2025-10-08,21:00,N,78.11,0.0,7446.0,0.9618042171144354
2025-10-09T03:00:00Z,2025-10-08,22,22:00:00,2025-10-08,22:00,N,52.21,0.0,8366.0,0.9760244438205185
2025-10-09T04:00:00Z,2025-10-08,23,23:00:00,2025-10-08,23:00,N,39.85,0.0,8889.0,0.9754174342866678
2025-10-09T05:00:00Z,2025-10-08,24,00:00:00,2025-10-08,24:00,N,32.89,0.0,8747.0,0.9750117176065892
2025-10-09T06:00:00Z,2025-10-09,1,01:00:00,2025-10-09,01:00,N,33.22,0.0,8580.0,0.9598992491905107
2025-10-09T07:00:00Z,2025-10-09,2,02:00:00,2025-10-09,02:00,N,29.86,0.0,8624.0,0.9536439555001316
2025-10-09T08:00:00Z,2025-10-09,3,03:00:00,2025-10-09,03:00,N,28.63,0.0,9018.0,0.9480485132158156
2025-10-09T09:00:00Z,2025-10-09,4,04:00:00,2025-10-09,04:00,N,27.27,0.0,9612.0,0.9304644060913696
2025-10-09T10:00:00Z,2025-10-09,5,05:00:00,2025-10-09,05:00,N,26.52,0.0,9753.0,0.9264118924015986
2025-10-09T11:00:00Z,2025-10-09,6,06:00:00,2025-10-09,06:00,N,28.65,0.0,9519.0,0.9401748091983533
2025-10-09T12:00:00Z,2025-10-09,7,07:00:00,2025-10-09,07:00,N,32.36,0.0,9170.0,0.9490489194081102
2025-10-09T13:00:00Z,2025-10-09,8,08:00:00,2025-10-09,08:00,N,34.9,397.0,8934.0,0.9541466373732065
2025-10-09T14:00:00Z,2025-10-09,9,09:00:00,2025-10-09,09:00,N,24.32,8972.0,7991.0,0.8045464645037267
2025-10-09T15:00:00Z,2025-10-09,10,10:00:00,2025-10-09,10:00,N,19.68,21403.0,5960.0,0.6298390082320316
2025-10-09T16:00:00Z,2025-10-09,11,11:00:00,2025-10-09,11:00,N,19.4,25610.0,6280.0,0.5726887882384204
2025-10-09T17:00:00Z,2025-10-09,12,12:00:00,2025-10-09,12:00,N,22.18,26026.0,7049.0,0.5480010174802162
2025-10-09T18:00:00Z,2025-10-09,13,13:00:00,2025-10-09,13:00,N,30.8,24872.0,6324.0,0.613267434757016
2025-10-09T19:00:00Z,2025-10-09,14,14:00:00,2025-10-09,14:00,N,38.54,23778.0,5902.0,0.6601715725251496
2025-10-09T20:00:00Z,2025-10-09,15,15:00:00,2025-10-09,15:00,N,41.43,23536.0,6211.0,0.6694293305492781
2025-10-09T21:00:00Z,2025-10-09,16,16:00:00,2025-10-09,16:00,N,43.45,23238.0,6970.0,0.6715545812035171
2025-10-09T22:00:00Z,2025-10-09,17,17:00:00,2025-10-09,17:00,N,41.29,22749.0,7598.0,0.6749918248023756
2025-10-09T23:00:00Z,2025-10-09,18,18:00:00,2025-10-09,18:00,N,50.58,17501.0,8520.0,0.7168839579577054
2025-10-10T00:00:00Z,2025-10-09,19,19:00:00,2025-10-09,19:00,N,83.08,4990.0,8771.0,0.809386401600654
2025-10-10T01:00:00Z,2025-10-09,20,20:00:00,2025-10-09,20:00,N,78.94,52.0,8903.0,0.8757443202839551
2025-10-10T02:00:00Z,2025-10-09,21,21:00:00,2025-10-09,21:00,N,56.37,0.0,10522.0,0.9031538736777162
2025-10-10T03:00:00Z,2025-10-09,22,22:00:00,2025-10-09,22:00,N,41.01,0.0,12270.0,0.8985359763641341
2025-10-10T04:00:00Z,2025-10-09,23,23:00:00,2025-10-09,23:00,N,30.66,0.0,13438.0,0.8885080939334046
2025-10-10T05:00:00Z,2025-10-09,24,00:00:00,2025-10-09,24:00,N,27.13,0.0,13962.0,0.8738503856225954
2025-10-10T06:00:00Z,2025-10-10,1,01:00:00,2025-10-10,01:00,N,27.1,0.0,13929.0,0.8576084341382278
2025-10-10T07:00:00Z,2025-10-10,2,02:00:00,2025-10-10,02:00,N,25.09,0.0,13575.0,0.8579872781236455
2025-10-10T08:00:00Z,2025-10-10,3,03:00:00,2025-10-10,03:00,N,23.94,0.0,12763.0,0.8678882799069622
2025-10-10T09:00:00Z,2025-10-10,4,04:00:00,2025-10-10,04:00,N,23.15,0.0,11603.0,0.8871131911619241
2025-10-10T10:00:00Z,2025-10-10,5,05:00:00,2025-10-10,05:00,N,23.23,0.0,10298.0,0.9169103759919416
2025-10-10T11:00:00Z,2025-10-10,6,06:00:00,2025-10-10,06:00,N,25.32,0.0,9425.0,0.9471715075956177
2025-10-10T12:00:00Z,2025-10-10,7,07:00:00,2025-10-10,07:00,N,29.53,0.0,8820.0,0.9560318736230032
2025-10-10T13:00:00Z,2025-10-10,8,08:00:00,2025-10-10,08:00,N,32.01,401.0,8496.0,0.9560327260956363
2025-10-10T14:00:00Z,2025-10-10,9,09:00:00,2025-10-10,09:00,N,21.64,10211.0,7530.0,0.7789998359494426
2025-10-10T15:00:00Z,2025-10-10,10,10:00:00,2025-10-10,10:00,N,16.25,23764.0,5026.0,0.5804780030090148
2025-10-10T16:00:00Z,2025-10-10,11,11:00:00,2025-10-10,11:00,N,16.05,26741.0,5959.0,0.5268390392601257
2025-10-10T17:00:00Z,2025-10-10,12,12:00:00,2025-10-10,12:00,N,18.76,26849.0,6047.0,0.5152939427921372
2025-10-10T18:00:00Z,2025-10-10,13,13:00:00,2025-10-10,13:00,N,23.04,25777.0,4242.0,0.5815953537910077
2025-10-10T19:00:00Z,2025-10-10,14,14:00:00,2025-10-10,14:00,N,31.83,25473.0,3673.0,0.6524224228364265
2025-10-10T20:00:00Z,2025-10-10,15,15:00:00,2025-10-10,15:00,N,37.64,25546.0,3639.0,0.672592050683244
2025-10-10T21:00:00Z,2025-10-10,16,16:00:00,2025-10-10,16:00,N,39.66,25330.0,3829.0,0.6853388084013545
2025-10-10T22:00:00Z,2025-10-10,17,17:00:00,2025-10-10,17:00,N,39.26,24274.0,3743.0,0.7059960137649104
2025-10-10T23:00:00Z,2025-10-10,18,18:00:00,2025-10-10,18:00,N,46.03,18801.0,3956.0,0.7565611357064603
2025-10-11T00:00:00Z,2025-10-10,19,19:00:00,2025-10-10,19:00,N,85.49,5240.0,4203.0,0.8562841857858519
2025-10-11T01:00:00Z,2025-10-10,20,20:00:00,2025-10-10,20:00,N,81.43,47.0,5282.0,0.9397576050816638
2025-10-11T02:00:00Z,2025-10-10,21,21:00:00,2025-10-10,21:00,N,52.77,0.0,7366.0,0.9603263254067711
2025-10-11T03:00:00Z,2025-10-10,22,22:00:00,2025-10-10,22:00,N,39.92,0.0,9024.0,0.9579650530121316
2025-10-11T04:00:00Z,2025-10-10,23,23:00:00,2025-10-10,23:00,N,30.43,0.0,10836.0,0.9336646589607237
2025-10-11T05:00:00Z,2025-10-10,24,00:00:00,2025-10-10,24:00,N,26.62,0.0,12270.0,0.907253354880139
2025-10-11T06:00:00Z,2025-10-11,1,01:00:00,2025-10-11,01:00,N,28.86,0.0,12948.0,0.8772209711817816
2025-10-11T07:00:00Z,2025-10-11,2,02:00:00,2025-10-11,02:00,N,26.32,0.0,13160.0,0.8621397692925266
2025-10-11T08:00:00Z,2025-10-11,3,03:00:00,2025-10-11,03:00,N,24.94,0.0,12613.0,0.8588111282356922
2025-10-11T09:00:00Z,2025-10-11,4,04:00:00,2025-10-11,04:00,N,23.88,0.0,11931.0,0.8893411826023799
2025-10-11T10:00:00Z,2025-10-11,5,05:00:00,2025-10-11,05:00,N,23.09,0.0,11477.0,0.8884405807024113
2025-10-11T11:00:00Z,2025-10-11,6,06:00:00,2025-10-11,06:00,N,23.68,0.0,11313.0,0.8990958847665516
2025-10-11T12:00:00Z,2025-10-11,7,07:00:00,2025-10-11,07:00,N,24.74,0.0,10890.0,0.9182688979667741
2025-10-11T13:00:00Z,2025-10-11,8,08:00:00,2025-10-11,08:00,N,26.79,416.0,10886.0,0.9034553769439784
2025-10-11T14:00:00Z,2025-10-11,9,09:00:00,2025-10-11,09:00,N,18.03,9781.0,10152.0,0.681442484083519
2025-10-11T15:00:00Z,2025-10-11,10,10:00:00,2025-10-11,10:00,N,13.52,23408.0,6252.0,0.4942658821655996
2025-10-11T16:00:00Z,2025-10-11,11,11:00:00,2025-10-11,11:00,N,13.6,26025.0,7256.0,0.4568933973749872
2025-10-11T17:00:00Z,2025-10-11,12,12:00:00,2025-10-11,12:00,N,14.02,25454.0,8842.0,0.4591317961107681
2025-10-11T18:00:00Z,2025-10-11,13,13:00:00,2025-10-11,13:00,N,16.16,25143.0,9109.0,0.4812383184418242
2025-10-11T19:00:00Z,2025-10-11,14,14:00:00,2025-10-11,14:00,N,20.8,24768.0,10455.0,0.4979975005027989
2025-10-11T20:00:00Z,2025-10-11,15,15:00:00,2025-10-11,15:00,N,26.49,24436.0,11905.0,0.5213514622108931
2025-10-11T21:00:00Z,2025-10-11,16,16:00:00,2025-10-11,16:00,N,31.7,23760.0,13106.0,0.537625170803324
2025-10-11T22:00:00Z,2025-10-11,17,17:00:00,2025-10-11,17:00,N,30.95,23020.0,13427.0,0.5463915057248937
2025-10-11T23:00:00Z,2025-10-11,18,18:00:00,2025-10-11,18:00,N,35.39,18327.0,13695.0,0.5986601881811519
2025-10-12T00:00:00Z,2025-10-11,19,19:00:00,2025-10-11,19:00,N,52.08,5202.0,14305.0,0.7159394981516325
2025-10-12T01:00:00Z,2025-10-11,20,20:00:00,2025-10-11,20:00,N,45.89,42.0,14410.0,0.796260940753058
2025-10-12T02:00:00Z,2025-10-11,21,21:00:00,2025-10-11,21:00,N,34.46,0.0,18410.0,0.7897044517660998
2025-10-12T03:00:00Z,2025-10-11,22,22:00:00,2025-10-11,22:00,N,26.56,1.0,21910.0,0.74007994428764
2025-10-12T04:00:00Z,2025-10-11,23,23:00:00,2025-10-11,23:00,N,23.52,1.0,23491.0,0.6831212667641069
2025-10-12T05:00:00Z,2025-10-11,24,00:00:00,2025-10-11,24:00,N,22.53,1.0,23645.0,0.6778028529990096
2025-10-12T06:00:00Z,2025-10-12,1,01:00:00,2025-10-12,01:00,N,22.11,1.0,23125.0,0.6823795545601433
2025-10-12T07:00:00Z,2025-10-12,2,02:00:00,2025-10-12,02:00,N,20.67,1.0,23169.0,0.6449472857890323
2025-10-12T08:00:00Z,2025-10-12,3,03:00:00,2025-10-12,03:00,N,18.46,1.0,23016.0,0.606183031914332
2025-10-12T09:00:00Z,2025-10-12,4,04:00:00,2025-10-12,04:00,N,18.32,1.0,22514.0,0.5955994581496358
2025-10-12T10:00:00Z,2025-10-12,5,05:00:00,2025-10-12,05:00,N,16.66,1.0,22256.0,0.5964325507346012
2025-10-12T11:00:00Z,2025-10-12,6,06:00:00,2025-10-12,06:00,N,16.2,1.0,21861.0,0.602645737894236
2025-10-12T12:00:00Z,2025-10-12,7,07:00:00,2025-10-12,07:00,N,17.81,1.0,21406.0,0.6153696700594141
2025-10-12T13:00:00Z,2025-10-12,8,08:00:00,2025-10-12,08:00,N,16.92,374.0,20566.0,0.6154792705466153
2025-10-12T14:00:00Z,2025-10-12,9,09:00:00,2025-10-12,09:00,N,10.36,8790.0,18846.0,0.49044897031486134
2025-10-12T15:00:00Z,2025-10-12,10,10:00:00,2025-10-12,10:00,N,6.57,18750.0,16161.0,0.3785202451183388
2025-10-12T16:00:00Z,2025-10-12,11,11:00:00,2025-10-12,11:00,N,6.75,20098.0,16869.0,0.35810712693209074
2025-10-12T17:00:00Z,2025-10-12,12,12:00:00,2025-10-12,12:00,N,10.44,21236.0,17202.0,0.3589008879136541
2025-10-12T18:00:00Z,2025-10-12,13,13:00:00,2025-10-12,13:00,N,18.39,22284.0,16106.0,0.4093526623309288
2025-10-12T19:00:00Z,2025-10-12,14,14:00:00,2025-10-12,14:00,N,24.69,22728.0,13865.0,0.4891572892495939
2025-10-12T20:00:00Z,2025-10-12,15,15:00:00,2025-10-12,15:00,N,29.44,22657.0,12605.0,0.5472064710207325
2025-10-12T21:00:00Z,2025-10-12,16,16:00:00,2025-10-12,16:00,N,34.25,20828.0,12195.0,0.5983529186286018
2025-10-12T22:00:00Z,2025-10-12,17,17:00:00,2025-10-12,17:00,N,36.23,19970.0,11482.0,0.6391810401283677
2025-10-12T23:00:00Z,2025-10-12,18,18:00:00,2025-10-12,18:00,N,46.52,14231.0,10662.0,0.7089796948274324
2025-10-13T00:00:00Z,2025-10-12,19,19:00:00,2025-10-12,19:00,N,68.55,3095.0,10008.0,0.7964730758234605
2025-10-13T01:00:00Z,2025-10-12,20,20:00:00,2025-10-12,20:00,N,66.09,5.0,11231.0,0.8461074595646169
2025-10-13T02:00:00Z,2025-10-12,21,21:00:00,2025-10-12,21:00,N,39.18,0.0,13479.0,0.8681264549136164
2025-10-13T03:00:00Z,2025-10-12,22,22:00:00,2025-10-12,22:00,N,36.57,0.0,15277.0,0.8510989331844703
2025-10-13T04:00:00Z,2025-10-12,23,23:00:00,2025-10-12,23:00,N,29.25,0.0,15916.0,0.8416910213516184
2025-10-13T05:00:00Z,2025-10-12,24,00:00:00,2025-10-12,24:00,N,26.17,0.0,16146.0,0.8292710401264664
2025-10-13T06:00:00Z,2025-10-13,1,01:00:00,2025-10-13,01:00,N,21.38,0.0,16500.0,0.8161843031625668
2025-10-13T07:00:00Z,2025-10-13,2,02:00:00,2025-10-13,02:00,N,19.96,0.0,16608.0,0.805469225452184
2025-10-13T08:00:00Z,2025-10-13,3,03:00:00,2025-10-13,03:00,N,19.43,0.0,16782.0,0.794136844199216
2025-10-13T09:00:00Z,2025-10-13,4,04:00:00,2025-10-13,04:00,N,20.97,0.0,16033.0,0.807913198637417
2025-10-13T10:00:00Z,2025-10-13,5,05:00:00,2025-10-13,05:00,N,22.38,0.0,15109.0,0.8025074406409657
2025-10-13T11:00:00Z,2025-10-13,6,06:00:00,2025-10-13,06:00,N,26.39,0.0,12993.0,0.8372202512941225
2025-10-13T12:00:00Z,2025-10-13,7,07:00:00,2025-10-13,07:00,N,35.72,0.0,11032.0,0.8813853744331296
2025-10-13T13:00:00Z,2025-10-13,8,08:00:00,2025-10-13,08:00,N,39.08,315.0,10190.0,0.8779971602973885
2025-10-13T14:00:00Z,2025-10-13,9,09:00:00,2025-10-13,09:00,N,31.26,7678.0,8923.0,0.7623957455716737
2025-10-13T15:00:00Z,2025-10-13,10,10:00:00,2025-10-13,10:00,N,23.59,16948.0,7712.0,0.6183084420387427
2025-10-13T16:00:00Z,2025-10-13,11,11:00:00,2025-10-13,11:00,N,24.68,19703.0,6502.0,0.6171848874171713
2025-10-13T17:00:00Z,2025-10-13,12,12:00:00,2025-10-13,12:00,N,27.8,20437.0,4682.0,0.6721766101257067
2025-10-13T18:00:00Z,2025-10-13,13,13:00:00,2025-10-13,13:00,N,37.88,21424.0,3653.0,0.6911252076469168
2025-10-13T19:00:00Z,2025-10-13,14,14:00:00,2025-10-13,14:00,N,45.32,22697.0,3983.0,0.6827478206517323
2025-10-13T20:00:00Z,2025-10-13,15,15:00:00,2025-10-13,15:00,N,49.76,23090.0,4411.0,0.6801167508994523
2025-10-13T21:00:00Z,2025-10-13,16,16:00:00,2025-10-13,16:00,N,49.12,23252.0,5543.0,0.6688607870653502
2025-10-13T22:00:00Z,2025-10-13,17,17:00:00,2025-10-13,17:00,N,44.5,21665.0,6986.0,0.673115198026816
2025-10-13T23:00:00Z,2025-10-13,18,18:00:00,2025-10-13,18:00,N,63.76,15764.0,9062.0,0.7180971882481795
2025-10-14T00:00:00Z,2025-10-13,19,19:00:00,2025-10-13,19:00,N,93.57,3810.0,10716.0,0.8015710752362386
2025-10-14T01:00:00Z,2025-10-13,20,20:00:00,2025-10-13,20:00,N,73.83,20.0,11420.0,0.8279044237705085
2025-10-14T02:00:00Z,2025-10-13,21,21:00:00,2025-10-13,21:00,N,55.62,0.0,13278.0,0.8442791869589067
2025-10-14T03:00:00Z,2025-10-13,22,22:00:00,2025-10-13,22:00,N,44.06,0.0,14746.0,0.8393227822653403
2025-10-14T04:00:00Z,2025-10-13,23,23:00:00,2025-10-13,23:00,N,33.72,0.0,15222.0,0.8266073800984854
2025-10-14T05:00:00Z,2025-10-13,24,00:00:00,2025-10-13,24:00,N,26.92,0.0,16057.0,0.8008988549577805
2025-10-14T06:00:00Z,2025-10-14,1,01:00:00,2025-10-14,01:00,N,24.56,0.0,17325.0,0.7387574276581029
2025-10-14T07:00:00Z,2025-10-14,2,02:00:00,2025-10-14,02:00,N,23.17,0.0,17125.0,0.7203334763701671
2025-10-14T08:00:00Z,2025-10-14,3,03:00:00,2025-10-14,03:00,N,22.66,0.0,16283.0,0.7283457625486065
2025-10-14T09:00:00Z,2025-10-14,4,04:00:00,2025-10-14,04:00,N,22.79,0.0,15163.0,0.7326306995606358
2025-10-14T10:00:00Z,2025-10-14,5,05:00:00,2025-10-14,05:00,N,24.07,0.0,13026.0,0.7896058796567402
2025-10-14T11:00:00Z,2025-10-14,6,06:00:00,2025-10-14,06:00,N,26.81,0.0,11555.0,0.8572764427540115
2025-10-14T12:00:00Z,2025-10-14,7,07:00:00,2025-10-14,07:00,N,35.6,0.0,10454.0,0.885359576770964
2025-10-14T13:00:00Z,2025-10-14,8,08:00:00,2025-10-14,08:00,N,37.86,296.0,9616.0,0.8882298589216892
2025-10-14T14:00:00Z,2025-10-14,9,09:00:00,2025-10-14,09:00,N,25.53,8935.0,8930.0,0.7419154851688186
2025-10-14T15:00:00Z,2025-10-14,10,10:00:00,2025-10-14,10:00,N,19.91,21839.0,7431.0,0.532719903339734
2025-10-14T16:00:00Z,2025-10-14,11,11:00:00,2025-10-14,11:00,N,19.13,24763.0,8396.0,0.4660548016191239
2025-10-14T17:00:00Z,2025-10-14,12,12:00:00,2025-10-14,12:00,N,21.42,24411.0,9450.0,0.46623695770030155
2025-10-14T18:00:00Z,2025-10-14,13,13:00:00,2025-10-14,13:00,N,26.21,24941.0,8394.0,0.5036883997428239
2025-10-14T19:00:00Z,2025-10-14,14,14:00:00,2025-10-14,14:00,N,33.33,24956.0,7427.0,0.5505677838950368
2025-10-14T20:00:00Z,2025-10-14,15,15:00:00,2025-10-14,15:00,N,37.94,25530.0,6808.0,0.5816638916982888
2025-10-14T21:00:00Z,2025-10-14,16,16:00:00,2025-10-14,16:00,N,41.15,25587.0,6131.0,0.5993246021151465
2025-10-14T22:00:00Z,2025-10-14,17,17:00:00,2025-10-14,17:00,N,39.41,24577.0,6219.0,0.6286458968566206
2025-10-14T23:00:00Z,2025-10-14,18,18:00:00,2025-10-14,18:00,N,59.26,17919.0,6984.0,0.7078821808327517
2025-10-15T00:00:00Z,2025-10-14,19,19:00:00,2025-10-14,19:00,N,102.39,4295.0,8186.0,0.7971491170256934
2025-10-15T01:00:00Z,2025-10-14,20,20:00:00,2025-10-14,20:00,N,93.06,29.0,9677.0,0.8411514896144
2025-10-15T02:00:00Z,2025-10-14,21,21:00:00,2025-10-14,21:00,N,62.39,0.0,12487.0,0.8592182646176434
2025-10-15T03:00:00Z,2025-10-14,22,22:00:00,2025-10-14,22:00,N,40.47,0.0,14709.0,0.8445999732155317
2025-10-15T04:00:00Z,2025-10-14,23,23:00:00,2025-10-14,23:00,N,29.71,0.0,15680.0,0.8242057222648408
2025-10-15T05:00:00Z,2025-10-14,24,00:00:00,2025-10-14,24:00,N,25.77,0.0,15851.0,0.8035526889235224
2025-10-15T06:00:00Z,2025-10-15,1,01:00:00,2025-10-15,01:00,N,24.8,0.0,15786.0,0.7865622630625847
2025-10-15T07:00:00Z,2025-10-15,2,02:00:00,2025-10-15,02:00,N,23.4,0.0,15597.0,0.7647935014269249
2025-10-15T08:00:00Z,2025-10-15,3,03:00:00,2025-10-15,03:00,N,23.06,0.0,15464.0,0.7548393346149284
2025-10-15T09:00:00Z,2025-10-15,4,04:00:00,2025-10-15,04:00,N,23.26,0.0,14903.0,0.7518288034970203
2025-10-15T10:00:00Z,2025-10-15,5,05:00:00,2025-10-15,05:00,N,24.88,0.0,13487.0,0.772642242276576
2025-10-15T11:00:00Z,2025-10-15,6,06:00:00,2025-10-15,06:00,N,26.9,0.0,11797.0,0.818015074456558
2025-10-15T12:00:00Z,2025-10-15,7,07:00:00,2025-10-15,07:00,N,38.91,0.0,10055.0,0.8745677540231478
2025-10-15T13:00:00Z,2025-10-15,8,08:00:00,2025-10-15,08:00,N,45.69,262.0,8343.0,0.9026596962485088
2025-10-15T14:00:00Z,2025-10-15,9,09:00:00,2025-10-15,09:00,N,25.08,8346.0,6523.0,0.797379666159572
2025-10-15T15:00:00Z,2025-10-15,10,10:00:00,2025-10-15,10:00,N,17.82,21712.0,3423.0,0.6050860304486924
2025-10-15T16:00:00Z,2025-10-15,11,11:00:00,2025-10-15,11:00,N,18.02,24660.0,3798.0,0.5615098000708999
2025-10-15T17:00:00Z,2025-10-15,12,12:00:00,2025-10-15,12:00,N,20.16,25319.0,4478.0,0.5354417648503479
2025-10-15T18:00:00Z,2025-10-15,13,13:00:00,2025-10-15,13:00,N,25.25,25633.0,4053.0,0.5577738960050972
2025-10-15T19:00:00Z,2025-10-15,14,14:00:00,2025-10-15,14:00,N,35.24,25519.0,3958.0,0.5885310121465683
2025-10-15T20:00:00Z,2025-10-15,15,15:00:00,2025-10-15,15:00,N,37.92,25855.0,4521.0,0.6080889377316062
2025-10-15T21:00:00Z,2025-10-15,16,16:00:00,2025-10-15,16:00,N,38.05,26150.0,5495.0,0.6003577821136161
2025-10-15T22:00:00Z,2025-10-15,17,17:00:00,2025-10-15,17:00,N,36.87,25822.0,6581.0,0.6015971867497519
2025-10-15T23:00:00Z,2025-10-15,18,18:00:00,2025-10-15,18:00,N,49.99,18933.0,7721.0,0.6842207478849088
2025-10-16T00:00:00Z,2025-10-15,19,19:00:00,2025-10-15,19:00,N,88.11,4387.0,9131.0,0.8034490904476714
2025-10-16T01:00:00Z,2025-10-15,20,20:00:00,2025-10-15,20:00,N,74.36,25.0,11387.0,0.8363435565286318
2025-10-16T02:00:00Z,2025-10-15,21,21:00:00,2025-10-15,21:00,N,48.46,0.0,14946.0,0.8219686750268
2025-10-16T03:00:00Z,2025-10-15,22,22:00:00,2025-10-15,22:00,N,33.53,0.0,17508.0,0.7772576135211593
2025-10-16T04:00:00Z,2025-10-15,23,23:00:00,2025-10-15,23:00,N,27.17,0.0,19134.0,0.7215000770112342
2025-10-16T05:00:00Z,2025-10-15,24,00:00:00,2025-10-15,24:00,N,23.95,0.0,19610.0,0.688106974056208
2025-10-16T06:00:00Z,2025-10-16,1,01:00:00,2025-10-16,01:00,N,21.65,0.0,19538.0,0.6635424308585334
2025-10-16T07:00:00Z,2025-10-16,2,02:00:00,2025-10-16,02:00,N,19.62,0.0,18980.0,0.6527372247933451
2025-10-16T08:00:00Z,2025-10-16,3,03:00:00,2025-10-16,03:00,N,19.01,0.0,18059.0,0.6508611520786073
2025-10-16T09:00:00Z,2025-10-16,4,04:00:00,2025-10-16,04:00,N,18.15,0.0,16850.0,0.6679458732837706
2025-10-16T10:00:00Z,2025-10-16,5,05:00:00,2025-10-16,05:00,N,18.78,0.0,15643.0,0.6944474022573327
2025-10-16T11:00:00Z,2025-10-16,6,06:00:00,2025-10-16,06:00,N,20.7,0.0,15123.0,0.7306689904784373
2025-10-16T12:00:00Z,2025-10-16,7,07:00:00,2025-10-16,07:00,N,25.11,0.0,14910.0,0.7711993081127688
2025-10-16T13:00:00Z,2025-10-16,8,08:00:00,2025-10-16,08:00,N,27.09,266.0,14517.0,0.792917312044696
2025-10-16T14:00:00Z,2025-10-16,9,09:00:00,2025-10-16,09:00,N,19.53,7464.0,13691.0,0.6610281524224959
2025-10-16T15:00:00Z,2025-10-16,10,10:00:00,2025-10-16,10:00,N,14.69,18955.0,10632.0,0.5177667158075973
2025-10-16T16:00:00Z,2025-10-16,11,11:00:00,2025-10-16,11:00,N,14.96,21724.0,11963.0,0.4540621557215321
2025-10-16T17:00:00Z,2025-10-16,12,12:00:00,2025-10-16,12:00,N,16.21,20968.0,13765.0,0.4476438390803664
2025-10-16T18:00:00Z,2025-10-16,13,13:00:00,2025-10-16,13:00,N,18.87,20345.0,14775.0,0.45037921985968965
2025-10-16T19:00:00Z,2025-10-16,14,14:00:00,2025-10-16,14:00,N,25.0,19437.0,14479.0,0.5030425972890721
2025-10-16T20:00:00Z,2025-10-16,15,15:00:00,2025-10-16,15:00,N,26.58,17777.0,14513.0,0.5631138121561563
2025-10-16T21:00:00Z,2025-10-16,16,16:00:00,2025-10-16,16:00,N,28.44,17030.0,14765.0,0.5834430933165787
2025-10-16T22:00:00Z,2025-10-16,17,17:00:00,2025-10-16,17:00,N,29.39,15789.0,15530.0,0.5979491061614751
2025-10-16T23:00:00Z,2025-10-16,18,18:00:00,2025-10-16,18:00,N,36.05,12007.0,17237.0,0.6244961488264011
2025-10-17T00:00:00Z,2025-10-16,19,19:00:00,2025-10-16,19:00,N,51.15,3220.0,18880.0,0.7094423809557228
2025-10-17T01:00:00Z,2025-10-16,20,20:00:00,2025-10-16,20:00,N,47.43,90.0,19227.0,0.734593583941975
2025-10-17T02:00:00Z,2025-10-16,21,21:00:00,2025-10-16,21:00,N,33.65,0.0,21483.0,0.7126805439408853
2025-10-17T03:00:00Z,2025-10-16,22,22:00:00,2025-10-16,22:00,N,27.25,0.0,22952.0,0.686797344129512
2025-10-17T04:00:00Z,2025-10-16,23,23:00:00,2025-10-16,23:00,N,24.17,0.0,23689.0,0.651330740856376
2025-10-17T05:00:00Z,2025-10-16,24,00:00:00,2025-10-16,24:00,N,21.81,1.0,22869.0,0.6356235506579636
2025-10-17T06:00:00Z,2025-10-17,1,01:00:00,2025-10-17,01:00,N,18.64,1.0,22790.0,0.6135574829605145
2025-10-17T07:00:00Z,2025-10-17,2,02:00:00,2025-10-17,02:00,N,17.75,0.0,22702.0,0.5991952817454729
2025-10-17T08:00:00Z,2025-10-17,3,03:00:00,2025-10-17,03:00,N,17.68,0.0,22456.0,0.5918409827844747
2025-10-17T09:00:00Z,2025-10-17,4,04:00:00,2025-10-17,04:00,N,17.61,1.0,21540.0,0.5954700280766217
2025-10-17T10:00:00Z,2025-10-17,5,05:00:00,2025-10-17,05:00,N,17.35,0.0,20524.0,0.6150336072666912
2025-10-17T11:00:00Z,2025-10-17,6,06:00:00,2025-10-17,06:00,N,19.65,0.0,19753.0,0.6395059976042087
2025-10-17T12:00:00Z,2025-10-17,7,07:00:00,2025-10-17,07:00,N,23.63,0.0,18815.0,0.6688534604181781
2025-10-17T13:00:00Z,2025-10-17,8,08:00:00,2025-10-17,08:00,N,25.97,176.0,17207.0,0.719281867926337
2025-10-17T14:00:00Z,2025-10-17,9,09:00:00,2025-10-17,09:00,N,22.66,7198.0,15290.0,0.6413902659982542
2025-10-17T15:00:00Z,2025-10-17,10,10:00:00,2025-10-17,10:00,N,17.52,19230.0,12398.0,0.4919810607000433
2025-10-17T16:00:00Z,2025-10-17,11,11:00:00,2025-10-17,11:00,N,18.8,23052.0,12584.0,0.4289083486677494
2025-10-17T17:00:00Z,2025-10-17,12,12:00:00,2025-10-17,12:00,N,23.92,22433.0,10567.0,0.49381063197963926
2025-10-17T18:00:00Z,2025-10-17,13,13:00:00,2025-10-17,13:00,N,31.75,23020.0,7698.0,0.5625930389972275
2025-10-17T19:00:00Z,2025-10-17,14,14:00:00,2025-10-17,14:00,N,39.26,22578.0,5840.0,0.6504926620600981
2025-10-17T20:00:00Z,2025-10-17,15,15:00:00,2025-10-17,15:00,N,41.63,22939.0,5392.0,0.6748755165455179
2025-10-17T21:00:00Z,2025-10-17,16,16:00:00,2025-10-17,16:00,N,45.67,22666.0,6019.0,0.6751049499645956
2025-10-17T22:00:00Z,2025-10-17,17,17:00:00,2025-10-17,17:00,N,43.34,21479.0,7643.0,0.670581960868678
2025-10-17T23:00:00Z,2025-10-17,18,18:00:00,2025-10-17,18:00,N,57.69,15823.0,8729.0,0.7177464188198536
2025-10-18T00:00:00Z,2025-10-17,19,19:00:00,2025-10-17,19:00,N,82.75,3732.0,8970.0,0.799973216323368
2025-10-18T01:00:00Z,2025-10-17,20,20:00:00,2025-10-17,20:00,N,72.08,23.0,10373.0,0.836778187519464
2025-10-18T02:00:00Z,2025-10-17,21,21:00:00,2025-10-17,21:00,N,41.44,0.0,14699.0,0.8382118694732537
2025-10-18T03:00:00Z,2025-10-17,22,22:00:00,2025-10-17,22:00,N,30.8,0.0,18009.0,0.800772319648717
2025-10-18T04:00:00Z,2025-10-17,23,23:00:00,2025-10-17,23:00,N,27.49,0.0,19022.0,0.7817164761865276
2025-10-18T05:00:00Z,2025-10-17,24,00:00:00,2025-10-17,24:00,N,24.14,0.0,19456.0,0.7665432876259205
2025-10-18T06:00:00Z,2025-10-18,1,01:00:00,2025-10-18,01:00,N,26.22,0.0,19752.0,0.7404561692569704
2025-10-18T07:00:00Z,2025-10-18,2,02:00:00,2025-10-18,02:00,N,25.38,1.0,20064.0,0.707966119840881
2025-10-18T08:00:00Z,2025-10-18,3,03:00:00,2025-10-18,03:00,N,24.24,0.0,19532.0,0.7097088334081393
2025-10-18T09:00:00Z,2025-10-18,4,04:00:00,2025-10-18,04:00,N,24.21,0.0,18611.0,0.7188718613038262
2025-10-18T10:00:00Z,2025-10-18,5,05:00:00,2025-10-18,05:00,N,24.18,0.0,17234.0,0.7434506144223296
2025-10-18T11:00:00Z,2025-10-18,6,06:00:00,2025-10-18,06:00,N,25.36,0.0,16197.0,0.7641994391062895
2025-10-18T12:00:00Z,2025-10-18,7,07:00:00,2025-10-18,07:00,N,26.36,0.0,16352.0,0.7564641026699077
2025-10-18T13:00:00Z,2025-10-18,8,08:00:00,2025-10-18,08:00,N,27.8,132.0,14716.0,0.7941971980120163
2025-10-18T14:00:00Z,2025-10-18,9,09:00:00,2025-10-18,09:00,N,28.6,4893.0,12354.0,0.7551971656827484
2025-10-18T15:00:00Z,2025-10-18,10,10:00:00,2025-10-18,10:00,N,29.28,13780.0,9674.0,0.6622877174930362
2025-10-18T16:00:00Z,2025-10-18,11,11:00:00,2025-10-18,11:00,N,29.57,18718.0,9522.0,0.5848850972617546
2025-10-18T17:00:00Z,2025-10-18,12,12:00:00,2025-10-18,12:00,N,31.16,19637.0,11913.0,0.535929567777637
2025-10-18T18:00:00Z,2025-10-18,13,13:00:00,2025-10-18,13:00,N,31.25,20099.0,14498.0,0.49642022084089105
2025-10-18T19:00:00Z,2025-10-18,14,14:00:00,2025-10-18,14:00,N,33.02,18528.0,16266.0,0.5064165047735493
2025-10-18T20:00:00Z,2025-10-18,15,15:00:00,2025-10-18,15:00,N,34.84,17581.0,17468.0,0.5177593894636457
2025-10-18T21:00:00Z,2025-10-18,16,16:00:00,2025-10-18,16:00,N,35.98,16846.0,17829.0,0.5338186172238385
2025-10-18T22:00:00Z,2025-10-18,17,17:00:00,2025-10-18,17:00,N,35.03,16884.0,17547.0,0.552065494703959
2025-10-18T23:00:00Z,2025-10-18,18,18:00:00,2025-10-18,18:00,N,46.85,13668.0,17386.0,0.5965527705883045
2025-10-19T00:00:00Z,2025-10-18,19,19:00:00,2025-10-18,19:00,N,79.35,3795.0,13902.0,0.7507643193888583
2025-10-19T01:00:00Z,2025-10-18,20,20:00:00,2025-10-18,20:00,N,80.45,17.0,12458.0,0.8178200015299291
2025-10-19T02:00:00Z,2025-10-18,21,21:00:00,2025-10-18,21:00,N,60.5,0.0,13692.0,0.8114773261323055
2025-10-19T03:00:00Z,2025-10-18,22,22:00:00,2025-10-18,22:00,N,42.27,0.0,15703.0,0.7898871159441975
2025-10-19T04:00:00Z,2025-10-18,23,23:00:00,2025-10-18,23:00,N,33.6,0.0,16900.0,0.7654819130257868
2025-10-19T05:00:00Z,2025-10-18,24,00:00:00,2025-10-18,24:00,N,26.76,0.0,18032.0,0.7303072949608336
2025-10-19T06:00:00Z,2025-10-19,1,01:00:00,2025-10-19,01:00,N,22.92,0.0,19407.0,0.6995832769867999
2025-10-19T07:00:00Z,2025-10-19,2,02:00:00,2025-10-19,02:00,N,21.59,0.0,20791.0,0.6562353746135413
2025-10-19T08:00:00Z,2025-10-19,3,03:00:00,2025-10-19,03:00,N,19.76,0.0,21443.0,0.6218577713562855
2025-10-19T09:00:00Z,2025-10-19,4,04:00:00,2025-10-19,04:00,N,18.91,1.0,20563.0,0.6248279709703877
2025-10-19T10:00:00Z,2025-10-19,5,05:00:00,2025-10-19,05:00,N,20.64,0.0,18849.0,0.647322117660181
2025-10-19T11:00:00Z,2025-10-19,6,06:00:00,2025-10-19,06:00,N,22.76,0.0,16613.0,0.6931326021300028
2025-10-19T12:00:00Z,2025-10-19,7,07:00:00,2025-10-19,07:00,N,26.66,0.0,14643.0,0.7629890788428603
2025-10-19T13:00:00Z,2025-10-19,8,08:00:00,2025-10-19,08:00,N,30.7,207.0,12666.0,0.7954453222478806
2025-10-19T14:00:00Z,2025-10-19,9,09:00:00,2025-10-19,09:00,N,20.93,9171.0,9785.0,0.6820060133773479
2025-10-19T15:00:00Z,2025-10-19,10,10:00:00,2025-10-19,10:00,N,10.74,24637.0,6723.0,0.4491451635159452
2025-10-19T16:00:00Z,2025-10-19,11,11:00:00,2025-10-19,11:00,N,9.39,27980.0,5188.0,0.4301526461212653
2025-10-19T17:00:00Z,2025-10-19,12,12:00:00,2025-10-19,12:00,N,12.3,28160.0,4079.0,0.4583990594094529
2025-10-19T18:00:00Z,2025-10-19,13,13:00:00,2025-10-19,13:00,N,14.57,27564.0,4473.0,0.4680168096560959
2025-10-19T19:00:00Z,2025-10-19,14,14:00:00,2025-10-19,14:00,N,15.71,27206.0,4946.0,0.484929404014046
2025-10-19T20:00:00Z,2025-10-19,15,15:00:00,2025-10-19,15:00,N,16.27,27126.0,5474.0,0.501225817624025
2025-10-19T21:00:00Z,2025-10-19,16,16:00:00,2025-10-19,16:00,N,17.3,27181.0,6174.0,0.5069523912209056
2025-10-19T22:00:00Z,2025-10-19,17,17:00:00,2025-10-19,17:00,N,18.6,26456.0,7039.0,0.5119930211957958
2025-10-19T23:00:00Z,2025-10-19,18,18:00:00,2025-10-19,18:00,N,24.43,18790.0,8204.0,0.6086455724516605
2025-10-20T00:00:00Z,2025-10-19,19,19:00:00,2025-10-19,19:00,N,52.25,3960.0,9496.0,0.7843628796696408
2025-10-20T01:00:00Z,2025-10-19,20,20:00:00,2025-10-19,20:00,N,44.44,13.0,11723.0,0.8288292423698885
2025-10-20T02:00:00Z,2025-10-19,21,21:00:00,2025-10-19,21:00,N,30.62,0.0,15122.0,0.7949830003135694
2025-10-20T03:00:00Z,2025-10-19,22,22:00:00,2025-10-19,22:00,N,22.13,0.0,18248.0,0.7376472004670321
2025-10-20T04:00:00Z,2025-10-19,23,23:00:00,2025-10-19,23:00,N,17.86,0.0,21210.0,0.6530509874961252
2025-10-20T05:00:00Z,2025-10-19,24,00:00:00,2025-10-19,24:00,N,17.05,0.0,21681.0,0.6138280648387283
2025-10-20T06:00:00Z,2025-10-20,1,01:00:00,2025-10-20,01:00,N,17.86,0.0,21845.0,0.5877833266740917
2025-10-20T07:00:00Z,2025-10-20,2,02:00:00,2025-10-20,02:00,N,16.75,1.0,22358.0,0.5612670652303202
2025-10-20T08:00:00Z,2025-10-20,3,03:00:00,2025-10-20,03:00,N,16.1,0.0,22422.0,0.5475017806061049
2025-10-20T09:00:00Z,2025-10-20,4,04:00:00,2025-10-20,04:00,N,15.52,0.0,22277.0,0.5449037800046317
2025-10-20T10:00:00Z,2025-10-20,5,05:00:00,2025-10-20,05:00,N,15.59,0.0,21914.0,0.5513255658102136
2025-10-20T11:00:00Z,2025-10-20,6,06:00:00,2025-10-20,06:00,N,17.11,0.0,21868.0,0.5718558722384068
2025-10-20T12:00:00Z,2025-10-20,7,07:00:00,2025-10-20,07:00,N,20.91,0.0,22194.0,0.5871111007956139
2025-10-20T13:00:00Z,2025-10-20,8,08:00:00,2025-10-20,08:00,N,21.69,205.0,22144.0,0.6001228181784423
2025-10-20T14:00:00Z,2025-10-20,9,09:00:00,2025-10-20,09:00,N,15.2,7674.0,20780.0,0.49058613421473496
2025-10-20T15:00:00Z,2025-10-20,10,10:00:00,2025-10-20,10:00,N,6.24,17556.0,18541.0,0.3806767021956267
2025-10-20T16:00:00Z,2025-10-20,11,11:00:00,2025-10-20,11:00,N,7.58,19731.0,18472.0,0.3435025905225599
2025-10-20T17:00:00Z,2025-10-20,12,12:00:00,2025-10-20,12:00,N,13.63,19785.0,18615.0,0.36551144034820454
2025-10-20T18:00:00Z,2025-10-20,13,13:00:00,2025-10-20,13:00,N,16.99,20348.0,17979.0,0.41180146076058843
2025-10-20T19:00:00Z,2025-10-20,14,14:00:00,2025-10-20,14:00,N,24.11,21447.0,17397.0,0.4535566833261793
2025-10-20T20:00:00Z,2025-10-20,15,15:00:00,2025-10-20,15:00,N,26.65,22100.0,16772.0,0.4820516174512325
2025-10-20T21:00:00Z,2025-10-20,16,16:00:00,2025-10-20,16:00,N,32.82,23123.0,16170.0,0.4920181247757824
2025-10-20T22:00:00Z,2025-10-20,17,17:00:00,2025-10-20,17:00,N,33.02,22725.0,16390.0,0.5106155909126661
2025-10-20T23:00:00Z,2025-10-20,18,18:00:00,2025-10-20,18:00,N,43.44,16633.0,16469.0,0.592279851250778
2025-10-21T00:00:00Z,2025-10-20,19,19:00:00,2025-10-20,19:00,N,77.96,3421.0,15384.0,0.7359256151282058
2025-10-21T01:00:00Z,2025-10-20,20,20:00:00,2025-10-20,20:00,N,73.08,9.0,15269.0,0.776691224363667
2025-10-21T02:00:00Z,2025-10-20,21,21:00:00,2025-10-20,21:00,N,51.71,0.0,17156.0,0.7852910366447383
2025-10-21T03:00:00Z,2025-10-20,22,22:00:00,2025-10-20,22:00,N,34.93,1.0,19926.0,0.7525696230994211
2025-10-21T04:00:00Z,2025-10-20,23,23:00:00,2025-10-20,23:00,N,32.14,1.0,21392.0,0.7126391449010613
2025-10-21T05:00:00Z,2025-10-20,24,00:00:00,2025-10-20,24:00,N,23.82,0.0,21934.0,0.6758756188482029
2025-10-21T06:00:00Z,2025-10-21,1,01:00:00,2025-10-21,01:00,N,22.48,0.0,23006.0,0.6331864999029432
2025-10-21T07:00:00Z,2025-10-21,2,02:00:00,2025-10-21,02:00,N,20.29,0.0,22934.0,0.6152622784789925
2025-10-21T08:00:00Z,2025-10-21,3,03:00:00,2025-10-21,03:00,N,19.0,1.0,22348.0,0.6148688056439047
2025-10-21T09:00:00Z,2025-10-21,4,04:00:00,2025-10-21,04:00,N,17.48,1.0,22605.0,0.6055095885815573
2025-10-21T10:00:00Z,2025-10-21,5,05:00:00,2025-10-21,05:00,N,17.98,1.0,21450.0,0.6205407921973841
2025-10-21T11:00:00Z,2025-10-21,6,06:00:00,2025-10-21,06:00,N,19.87,1.0,20128.0,0.654027579831657
2025-10-21T12:00:00Z,2025-10-21,7,07:00:00,2025-10-21,07:00,N,26.13,1.0,18475.0,0.7250786519955092
2025-10-21T13:00:00Z,2025-10-21,8,08:00:00,2025-10-21,08:00,N,30.99,99.0,17360.0,0.7731889426363269
2025-10-21T14:00:00Z,2025-10-21,9,09:00:00,2025-10-21,09:00,N,22.0,6027.0,15287.0,0.6956684730817979
2025-10-21T15:00:00Z,2025-10-21,10,10:00:00,2025-10-21,10:00,N,17.08,18988.0,11196.0,0.5516930102022816
2025-10-21T16:00:00Z,2025-10-21,11,11:00:00,2025-10-21,11:00,N,18.16,22732.0,11632.0,0.4798889409467379
2025-10-21T17:00:00Z,2025-10-21,12,12:00:00,2025-10-21,12:00,N,23.52,22936.0,11080.0,0.4898516555598584
2025-10-21T18:00:00Z,2025-10-21,13,13:00:00,2025-10-21,13:00,N,31.93,23905.0,9276.0,0.5195753212087754
2025-10-21T19:00:00Z,2025-10-21,14,14:00:00,2025-10-21,14:00,N,36.71,24236.0,6446.0,0.5851338831713307
2025-10-21T20:00:00Z,2025-10-21,15,15:00:00,2025-10-21,15:00,N,37.56,24590.0,4578.0,0.6258150865194382
2025-10-21T21:00:00Z,2025-10-21,16,16:00:00,2025-10-21,16:00,N,37.91,24558.0,3701.0,0.6536970083943454
2025-10-21T22:00:00Z,2025-10-21,17,17:00:00,2025-10-21,17:00,N,40.74,24077.0,3289.0,0.6745144394721159
2025-10-21T23:00:00Z,2025-10-21,18,18:00:00,2025-10-21,18:00,N,101.18,16895.0,2981.0,0.7675575357272328
2025-10-22T00:00:00Z,2025-10-21,19,19:00:00,2025-10-21,19:00,N,126.39,3383.0,2877.0,0.8876991438301864
2025-10-22T01:00:00Z,2025-10-21,20,20:00:00,2025-10-21,20:00,N,108.02,8.0,4036.0,0.9354766727419859
2025-10-22T02:00:00Z,2025-10-21,21,21:00:00,2025-10-21,21:00,N,99.78,0.0,6215.0,0.9522451710756059
2025-10-22T03:00:00Z,2025-10-21,22,22:00:00,2025-10-21,22:00,N,64.32,0.0,7747.0,0.9511690159398731
2025-10-22T04:00:00Z,2025-10-21,23,23:00:00,2025-10-21,23:00,N,44.46,0.0,8834.0,0.9413899559873098
2025-10-22T05:00:00Z,2025-10-21,24,00:00:00,2025-10-21,24:00,N,34.2,0.0,9873.0,0.9252895997292274
2025-10-22T06:00:00Z,2025-10-22,1,01:00:00,2025-10-22,01:00,N,32.6,0.0,10487.0,0.9102730960438682
2025-10-22T07:00:00Z,2025-10-22,2,02:00:00,2025-10-22,02:00,N,28.92,0.0,11115.0,0.8787564727087867
2025-10-22T08:00:00Z,2025-10-22,3,03:00:00,2025-10-22,03:00,N,27.26,0.0,11455.0,0.8353340531035977
2025-10-22T09:00:00Z,2025-10-22,4,04:00:00,2025-10-22,04:00,N,26.54,0.0,12015.0,0.7993451536708083
2025-10-22T10:00:00Z,2025-10-22,5,05:00:00,2025-10-22,05:00,N,24.97,0.0,12763.0,0.7828522673658429
2025-10-22T11:00:00Z,2025-10-22,6,06:00:00,2025-10-22,06:00,N,25.28,0.0,13676.0,0.7676097620312426
2025-10-22T12:00:00Z,2025-10-22,7,07:00:00,2025-10-22,07:00,N,28.23,0.0,14186.0,0.7788282300342884
2025-10-22T13:00:00Z,2025-10-22,8,08:00:00,2025-10-22,08:00,N,27.51,132.0,15013.0,0.7695807202151234
2025-10-22T14:00:00Z,2025-10-22,9,09:00:00,2025-10-22,09:00,N,20.72,6533.0,14738.0,0.6512873736559296
2025-10-22T15:00:00Z,2025-10-22,10,10:00:00,2025-10-22,10:00,N,13.12,19501.0,11120.0,0.487385113727167
2025-10-22T16:00:00Z,2025-10-22,11,11:00:00,2025-10-22,11:00,N,11.64,23623.0,10601.0,0.44181719444442513
2025-10-22T17:00:00Z,2025-10-22,12,12:00:00,2025-10-22,12:00,N,11.99,23707.0,10898.0,0.4334862643116998
2025-10-22T18:00:00Z,2025-10-22,13,13:00:00,2025-10-22,13:00,N,16.02,23873.0,9702.0,0.4546300009118318
2025-10-22T19:00:00Z,2025-10-22,14,14:00:00,2025-10-22,14:00,N,18.97,24128.0,9094.0,0.48021901407928236
2025-10-22T20:00:00Z,2025-10-22,15,15:00:00,2025-10-22,15:00,N,24.2,25052.0,8115.0,0.49168081447478373
2025-10-22T21:00:00Z,2025-10-22,16,16:00:00,2025-10-22,16:00,N,25.04,25153.0,7106.0,0.5438738628517064
2025-10-22T22:00:00Z,2025-10-22,17,17:00:00,2025-10-22,17:00,N,25.69,24565.0,6823.0,0.5678423030282858
2025-10-22T23:00:00Z,2025-10-22,18,18:00:00,2025-10-22,18:00,N,39.73,16601.0,6681.0,0.6840883083653615
2025-10-23T00:00:00Z,2025-10-22,19,19:00:00,2025-10-22,19:00,N,67.56,3022.0,6963.0,0.8154462811326763
2025-10-23T01:00:00Z,2025-10-22,20,20:00:00,2025-10-22,20:00,N,54.89,4.0,9127.0,0.8671875445498797
2025-10-23T02:00:00Z,2025-10-22,21,21:00:00,2025-10-22,21:00,N,35.53,0.0,12283.0,0.8619527102514665
2025-10-23T03:00:00Z,2025-10-22,22,22:00:00,2025-10-22,22:00,N,28.22,0.0,14532.0,0.8436388121657865
2025-10-23T04:00:00Z,2025-10-22,23,23:00:00,2025-10-22,23:00,N,24.51,0.0,17050.0,0.781452405023589
2025-10-23T05:00:00Z,2025-10-22,24,00:00:00,2025-10-22,24:00,N,21.56,0.0,18878.0,0.7074029972307385
2025-10-23T06:00:00Z,2025-10-23,1,01:00:00,2025-10-23,01:00,N,22.21,0.0,19095.0,0.6702827860440693
2025-10-23T07:00:00Z,2025-10-23,2,02:00:00,2025-10-23,02:00,N,21.65,1.0,19024.0,0.6592384981932313
2025-10-23T08:00:00Z,2025-10-23,3,03:00:00,2025-10-23,03:00,N,21.76,0.0,18353.0,0.6647687979468963
2025-10-23T09:00:00Z,2025-10-23,4,04:00:00,2025-10-23,04:00,N,22.42,0.0,17889.0,0.6651350327307515
2025-10-23T10:00:00Z,2025-10-23,5,05:00:00,2025-10-23,05:00,N,23.37,0.0,17390.0,0.66118189636535
2025-10-23T11:00:00Z,2025-10-23,6,06:00:00,2025-10-23,06:00,N,24.23,1.0,16100.0,0.7013734836941123
2025-10-23T12:00:00Z,2025-10-23,7,07:00:00,2025-10-23,07:00,N,27.6,1.0,15305.0,0.7678723034108883
2025-10-23T13:00:00Z,2025-10-23,8,08:00:00,2025-10-23,08:00,N,31.07,116.0,14655.0,0.8032393031465166
2025-10-23T14:00:00Z,2025-10-23,9,09:00:00,2025-10-23,09:00,N,27.36,4738.0,14047.0,0.7112165680851016
2025-10-23T15:00:00Z,2025-10-23,10,10:00:00,2025-10-23,10:00,N,23.81,13319.0,12052.0,0.577584441955804
2025-10-23T16:00:00Z,2025-10-23,11,11:00:00,2025-10-23,11:00,N,21.74,16695.0,12751.0,0.5250674064939537
2025-10-23T17:00:00Z,2025-10-23,12,12:00:00,2025-10-23,12:00,N,23.51,19772.0,11638.0,0.5092775527082595
2025-10-23T18:00:00Z,2025-10-23,13,13:00:00,2025-10-23,13:00,N,28.3,18827.0,8996.0,0.5969281645854366
2025-10-23T19:00:00Z,2025-10-23,14,14:00:00,2025-10-23,14:00,N,31.22,18353.0,7698.0,0.651879304590988
2025-10-23T20:00:00Z,2025-10-23,15,15:00:00,2025-10-23,15:00,N,35.06,17855.0,7105.0,0.6798711322450967
2025-10-23T21:00:00Z,2025-10-23,16,16:00:00,2025-10-23,16:00,N,37.96,17522.0,7400.0,0.6948873624784774
2025-10-23T22:00:00Z,2025-10-23,17,17:00:00,2025-10-23,17:00,N,41.69,14995.0,9241.0,0.7065764225147377
2025-10-23T23:00:00Z,2025-10-23,18,18:00:00,2025-10-23,18:00,N,55.29,8120.0,11961.0,0.7513980214841653
2025-10-24T00:00:00Z,2025-10-23,19,19:00:00,2025-10-23,19:00,N,68.93,1187.0,14201.0,0.7815582607886318
2025-10-24T01:00:00Z,2025-10-23,20,20:00:00,2025-10-23,20:00,N,53.64,0.0,17146.0,0.7635451026187552
2025-10-24T02:00:00Z,2025-10-23,21,21:00:00,2025-10-23,21:00,N,42.2,0.0,18660.0,0.7547153162033076
2025-10-24T03:00:00Z,2025-10-23,22,22:00:00,2025-10-23,22:00,N,35.41,0.0,19607.0,0.749161053652051
2025-10-24T04:00:00Z,2025-10-23,23,23:00:00,2025-10-23,23:00,N,32.34,0.0,17977.0,0.7635809459148912
2025-10-24T05:00:00Z,2025-10-23,24,00:00:00,2025-10-23,24:00,N,28.62,0.0,16062.0,0.7843736773515134
2025-10-24T06:00:00Z,2025-10-24,1,01:00:00,2025-10-24,01:00,N,29.51,0.0,15549.0,0.7853550614150313
2025-10-24T07:00:00Z,2025-10-24,2,02:00:00,2025-10-24,02:00,N,29.66,0.0,16670.0,0.7381781198556332
2025-10-24T08:00:00Z,2025-10-24,3,03:00:00,2025-10-24,03:00,N,28.15,0.0,17148.0,0.7142333553941667
2025-10-24T09:00:00Z,2025-10-24,4,04:00:00,2025-10-24,04:00,N,26.32,0.0,17750.0,0.6913513247864711
2025-10-24T10:00:00Z,2025-10-24,5,05:00:00,2025-10-24,05:00,N,25.57,0.0,19070.0,0.6440763201170597
2025-10-24T11:00:00Z,2025-10-24,6,06:00:00,2025-10-24,06:00,N,24.5,0.0,19435.0,0.6457211280999793
2025-10-24T12:00:00Z,2025-10-24,7,07:00:00,2025-10-24,07:00,N,24.72,0.0,20074.0,0.6834353567956702
2025-10-24T13:00:00Z,2025-10-24,8,08:00:00,2025-10-24,08:00,N,25.65,69.0,20270.0,0.6944009750278427
2025-10-24T14:00:00Z,2025-10-24,9,09:00:00,2025-10-24,09:00,N,24.24,2865.0,19022.0,0.6660112229814441
2025-10-24T15:00:00Z,2025-10-24,10,10:00:00,2025-10-24,10:00,N,24.67,7744.0,17554.0,0.6081167099004536
2025-10-24T16:00:00Z,2025-10-24,11,11:00:00,2025-10-24,11:00,N,23.83,10306.0,17666.0,0.5792814676604723
2025-10-24T17:00:00Z,2025-10-24,12,12:00:00,2025-10-24,12:00,N,26.21,11922.0,17320.0,0.5729043516879305
2025-10-24T18:00:00Z,2025-10-24,13,13:00:00,2025-10-24,13:00,N,26.82,11651.0,15965.0,0.6112464752699521
2025-10-24T19:00:00Z,2025-10-24,14,14:00:00,2025-10-24,14:00,N,28.14,11572.0,15142.0,0.6285506850572372
2025-10-24T20:00:00Z,2025-10-24,15,15:00:00,2025-10-24,15:00,N,31.05,11146.0,14862.0,0.650934849864875
2025-10-24T21:00:00Z,2025-10-24,16,16:00:00,2025-10-24,16:00,N,38.38,9848.0,15439.0,0.6657857741670156
2025-10-24T22:00:00Z,2025-10-24,17,17:00:00,2025-10-24,17:00,N,42.86,8923.0,15169.0,0.6811658327277084
2025-10-24T23:00:00Z,2025-10-24,18,18:00:00,2025-10-24,18:00,N,52.94,6349.0,13986.0,0.7276784721045361
2025-10-25T00:00:00Z,2025-10-24,19,19:00:00,2025-10-24,19:00,N,60.06,1448.0,14546.0,0.7700464233874457
2025-10-25T01:00:00Z,2025-10-24,20,20:00:00,2025-10-24,20:00,N,55.07,7.0,14226.0,0.7843439899484124
2025-10-25T02:00:00Z,2025-10-24,21,21:00:00,2025-10-24,21:00,N,46.82,0.0,13450.0,0.798819613508475
2025-10-25T03:00:00Z,2025-10-24,22,22:00:00,2025-10-24,22:00,N,40.8,0.0,10168.0,0.8328631537279235
2025-10-25T04:00:00Z,2025-10-24,23,23:00:00,2025-10-24,23:00,N,41.0,0.0,11003.0,0.8626203152702094
2025-10-25T05:00:00Z,2025-10-24,24,00:00:00,2025-10-24,24:00,N,38.91,0.0,10141.0,0.8823143619478585
2025-10-25T06:00:00Z,2025-10-25,1,01:00:00,2025-10-25,01:00,N,39.24,0.0,10183.0,0.883003191097347
2025-10-25T07:00:00Z,2025-10-25,2,02:00:00,2025-10-25,02:00,N,36.69,0.0,9814.0,0.8839185379294697
2025-10-25T08:00:00Z,2025-10-25,3,03:00:00,2025-10-25,03:00,N,36.7,0.0,7687.0,0.9194343389320219
2025-10-25T09:00:00Z,2025-10-25,4,04:00:00,2025-10-25,04:00,N,37.28,0.0,6483.0,0.951927876101059
2025-10-25T10:00:00Z,2025-10-25,5,05:00:00,2025-10-25,05:00,N,37.78,0.0,6397.0,0.9576842613551173
2025-10-25T11:00:00Z,2025-10-25,6,06:00:00,2025-10-25,06:00,N,38.48,0.0,5913.0,0.9639254973110781
2025-10-25T12:00:00Z,2025-10-25,7,07:00:00,2025-10-25,07:00,N,39.24,0.0,5376.0,0.9713162821047664
2025-10-25T13:00:00Z,2025-10-25,8,08:00:00,2025-10-25,08:00,N,41.13,24.0,3607.0,0.9706156921651627
2025-10-25T14:00:00Z,2025-10-25,9,09:00:00,2025-10-25,09:00,N,38.98,2373.0,2861.0,0.9524010142806739
2025-10-25T15:00:00Z,2025-10-25,10,10:00:00,2025-10-25,10:00,N,34.85,8335.0,3260.0,0.8483331636349521
2025-10-25T16:00:00Z,2025-10-25,11,11:00:00,2025-10-25,11:00,N,32.7,11675.0,4861.0,0.7632861112015673
2025-10-25T17:00:00Z,2025-10-25,12,12:00:00,2025-10-25,12:00,N,29.26,13134.0,6766.0,0.714194023403919
2025-10-25T18:00:00Z,2025-10-25,13,13:00:00,2025-10-25,13:00,N,30.69,14187.0,7928.0,0.6778445913153222
2025-10-25T19:00:00Z,2025-10-25,14,14:00:00,2025-10-25,14:00,N,31.2,15747.0,6851.0,0.6748855065116407
2025-10-25T20:00:00Z,2025-10-25,15,15:00:00,2025-10-25,15:00,N,32.78,15973.0,6025.0,0.6949969199415499
2025-10-25T21:00:00Z,2025-10-25,16,16:00:00,2025-10-25,16:00,N,39.1,14528.0,6270.0,0.7166966137566385
2025-10-25T22:00:00Z,2025-10-25,17,17:00:00,2025-10-25,17:00,N,39.88,11876.0,5723.0,0.7730406928025995
2025-10-25T23:00:00Z,2025-10-25,18,18:00:00,2025-10-25,18:00,N,49.11,8208.0,4884.0,0.8354147710291812
2025-10-26T00:00:00Z,2025-10-25,19,19:00:00,2025-10-25,19:00,N,71.24,1807.0,3831.0,0.9251254974651728
2025-10-26T01:00:00Z,2025-10-25,20,20:00:00,2025-10-25,20:00,N,75.62,3.0,3973.0,0.9371749710533855
2025-10-26T02:00:00Z,2025-10-25,21,21:00:00,2025-10-25,21:00,N,74.61,0.0,3726.0,0.9583622469520121
2025-10-26T03:00:00Z,2025-10-25,22,22:00:00,2025-10-25,22:00,N,68.14,0.0,3574.0,0.9794753077993706
2025-10-26T04:00:00Z,2025-10-25,23,23:00:00,2025-10-25,23:00,N,67.8,0.0,3424.0,1.013108004002616
2025-10-26T05:00:00Z,2025-10-25,24,00:00:00,2025-10-25,24:00,N,47.85,0.0,3015.0,1.0262403336275971
2025-10-26T06:00:00Z,2025-10-26,1,01:00:00,2025-10-26,01:00,N,78.92,0.0,2995.0,1.0277877945916667
2025-10-26T07:00:00Z,2025-10-26,2,02:00:00,2025-10-26,02:00,N,70.15,0.0,2903.0,1.0207806270356878
2025-10-26T08:00:00Z,2025-10-26,3,03:00:00,2025-10-26,03:00,N,63.35,0.0,2856.0,1.022879696462905
2025-10-26T09:00:00Z,2025-10-26,4,04:00:00,2025-10-26,04:00,N,56.88,0.0,3137.0,1.025762027565141
2025-10-26T10:00:00Z,2025-10-26,5,05:00:00,2025-10-26,05:00,N,52.91,0.0,3247.0,1.024473633856119
2025-10-26T11:00:00Z,2025-10-26,6,06:00:00,2025-10-26,06:00,N,47.29,0.0,3703.0,1.013965754646713
2025-10-26T12:00:00Z,2025-10-26,7,07:00:00,2025-10-26,07:00,N,49.11,0.0,3957.0,1.01917310527942
2025-10-26T13:00:00Z,2025-10-26,8,08:00:00,2025-10-26,08:00,N,43.86,17.0,3691.0,1.0180193740101007
2025-10-26T14:00:00Z,2025-10-26,9,09:00:00,2025-10-26,09:00,N,37.75,2951.0,3562.0,0.9616074736472191
2025-10-26T15:00:00Z,2025-10-26,10,10:00:00,2025-10-26,10:00,N,30.05,11168.0,2668.0,0.8253776110369537
2025-10-26T16:00:00Z,2025-10-26,11,11:00:00,2025-10-26,11:00,N,28.67,15737.0,1645.0,0.7655571234889622
2025-10-26T17:00:00Z,2025-10-26,12,12:00:00,2025-10-26,12:00,N,27.32,18483.0,1430.0,0.7283655034982742
2025-10-26T18:00:00Z,2025-10-26,13,13:00:00,2025-10-26,13:00,N,28.34,20118.0,1377.0,0.7081979479783749
2025-10-26T19:00:00Z,2025-10-26,14,14:00:00,2025-10-26,14:00,N,30.7,22254.0,1320.0,0.6749254291024457
2025-10-26T20:00:00Z,2025-10-26,15,15:00:00,2025-10-26,15:00,N,35.53,23399.0,1523.0,0.6527918722756382
2025-10-26T21:00:00Z,2025-10-26,16,16:00:00,2025-10-26,16:00,N,34.9,23579.0,1847.0,0.6574787525246366
2025-10-26T22:00:00Z,2025-10-26,17,17:00:00,2025-10-26,17:00,N,33.63,23291.0,2200.0,0.6516592847882553
2025-10-26T23:00:00Z,2025-10-26,18,18:00:00,2025-10-26,18:00,N,60.53,15729.0,2183.0,0.7611835696315808
2025-10-27T00:00:00Z,2025-10-26,19,19:00:00,2025-10-26,19:00,N,96.12,2636.0,2806.0,0.860005651318658
2025-10-27T01:00:00Z,2025-10-26,20,20:00:00,2025-10-26,20:00,N,97.04,2.0,5257.0,0.887692799622491
2025-10-27T02:00:00Z,2025-10-26,21,21:00:00,2025-10-26,21:00,N,70.63,0.0,8466.0,0.897570594926223
2025-10-27T03:00:00Z,2025-10-26,22,22:00:00,2025-10-26,22:00,N,48.93,0.0,10185.0,0.8902271865663299
2025-10-27T04:00:00Z,2025-10-26,23,23:00:00,2025-10-26,23:00,N,40.7,0.0,10722.0,0.8811401532856468
2025-10-27T05:00:00Z,2025-10-26,24,00:00:00,2025-10-26,24:00,N,31.93,0.0,11249.0,0.8676884006892525
2025-10-27T06:00:00Z,2025-10-27,1,01:00:00,2025-10-27,01:00,N,33.06,0.0,11551.0,0.8517121758748312
2025-10-27T07:00:00Z,2025-10-27,2,02:00:00,2025-10-27,02:00,N,30.47,0.0,11454.0,0.8458696463950109
2025-10-27T08:00:00Z,2025-10-27,3,03:00:00,2025-10-27,03:00,N,30.22,0.0,11008.0,0.8572961340546289
2025-10-27T09:00:00Z,2025-10-27,4,04:00:00,2025-10-27,04:00,N,31.07,0.0,11141.0,0.8508438379820817
2025-10-27T10:00:00Z,2025-10-27,5,05:00:00,2025-10-27,05:00,N,31.1,0.0,10581.0,0.8651321487282029
2025-10-27T11:00:00Z,2025-10-27,6,06:00:00,2025-10-27,06:00,N,38.01,0.0,10951.0,0.8688182429160605
2025-10-27T12:00:00Z,2025-10-27,7,07:00:00,2025-10-27,07:00,N,38.48,0.0,11226.0,0.8580670226827252
2025-10-27T13:00:00Z,2025-10-27,8,08:00:00,2025-10-27,08:00,N,44.17,59.0,11120.0,0.8485251077986807
2025-10-27T14:00:00Z,2025-10-27,9,09:00:00,2025-10-27,09:00,N,32.45,4136.0,9745.0,0.8145601943346532
2025-10-27T15:00:00Z,2025-10-27,10,10:00:00,2025-10-27,10:00,N,21.19,13186.0,8124.0,0.6938500106272827
2025-10-27T16:00:00Z,2025-10-27,11,11:00:00,2025-10-27,11:00,N,19.16,17815.0,6485.0,0.6577199720811052
2025-10-27T17:00:00Z,2025-10-27,12,12:00:00,2025-10-27,12:00,N,21.05,20878.0,5330.0,0.6426186869112999
2025-10-27T18:00:00Z,2025-10-27,13,13:00:00,2025-10-27,13:00,N,25.73,23175.0,4166.0,0.621558110604003
2025-10-27T19:00:00Z,2025-10-27,14,14:00:00,2025-10-27,14:00,N,28.96,23646.0,3108.0,0.6443722807512021
2025-10-27T20:00:00Z,2025-10-27,15,15:00:00,2025-10-27,15:00,N,35.21,23833.0,2546.0,0.6623070357454524
2025-10-27T21:00:00Z,2025-10-27,16,16:00:00,2025-10-27,16:00,N,36.77,24181.0,2625.0,0.663113700362469
2025-10-27T22:00:00Z,2025-10-27,17,17:00:00,2025-10-27,17:00,N,38.96,23216.0,3433.0,0.6707990719334759
2025-10-27T23:00:00Z,2025-10-27,18,18:00:00,2025-10-27,18:00,N,67.37,15359.0,4501.0,0.7394226171349292
2025-10-28T00:00:00Z,2025-10-27,19,19:00:00,2025-10-27,19:00,N,103.99,2571.0,5943.0,0.8289080360641502
2025-10-28T01:00:00Z,2025-10-27,20,20:00:00,2025-10-27,20:00,N,81.05,2.0,9194.0,0.847362591178768
2025-10-28T02:00:00Z,2025-10-27,21,21:00:00,2025-10-27,21:00,N,57.39,0.0,13629.0,0.8265572722887555
2025-10-28T03:00:00Z,2025-10-27,22,22:00:00,2025-10-27,22:00,N,44.84,0.0,15941.0,0.8051145562978348
2025-10-28T04:00:00Z,2025-10-27,23,23:00:00,2025-10-27,23:00,N,35.05,0.0,17460.0,0.7774359976253467
2025-10-28T05:00:00Z,2025-10-27,24,00:00:00,2025-10-27,24:00,N,27.51,0.0,18073.0,0.7589761848044233
2025-10-28T06:00:00Z,2025-10-28,1,01:00:00,2025-10-28,01:00,N,31.0,0.0,17632.0,0.7414877604772665
2025-10-28T07:00:00Z,2025-10-28,2,02:00:00,2025-10-28,02:00,N,29.5,0.0,16812.0,0.742991455484817
2025-10-28T08:00:00Z,2025-10-28,3,03:00:00,2025-10-28,03:00,N,31.3,0.0,16362.0,0.7416063181160286
2025-10-28T09:00:00Z,2025-10-28,4,04:00:00,2025-10-28,04:00,N,30.17,0.0,16064.0,0.7435561152961743
2025-10-28T10:00:00Z,2025-10-28,5,05:00:00,2025-10-28,05:00,N,28.86,0.0,17077.0,0.710280180682433
2025-10-28T11:00:00Z,2025-10-28,6,06:00:00,2025-10-28,06:00,N,29.93,0.0,18237.0,0.6784007965059649
2025-10-28T12:00:00Z,2025-10-28,7,07:00:00,2025-10-28,07:00,N,28.94,0.0,20140.0,0.6691225012897669
2025-10-28T13:00:00Z,2025-10-28,8,08:00:00,2025-10-28,08:00,N,25.43,39.0,22785.0,0.6386688708822063
2025-10-28T14:00:00Z,2025-10-28,9,09:00:00,2025-10-28,09:00,N,22.66,3511.0,22500.0,0.5854394097315511
2025-10-28T15:00:00Z,2025-10-28,10,10:00:00,2025-10-28,10:00,N,18.49,10064.0,21711.0,0.5037436292300113
2025-10-28T16:00:00Z,2025-10-28,11,11:00:00,2025-10-28,11:00,N,19.86,11836.0,22294.0,0.49352590570402755
2025-10-28T17:00:00Z,2025-10-28,12,12:00:00,2025-10-28,12:00,N,26.66,12033.0,21244.0,0.5169129291985955
2025-10-28T18:00:00Z,2025-10-28,13,13:00:00,2025-10-28,13:00,N,31.4,13343.0,20354.0,0.5277101873423763
2025-10-28T19:00:00Z,2025-10-28,14,14:00:00,2025-10-28,14:00,N,46.44,13764.0,19308.0,0.5400171998321808
2025-10-28T20:00:00Z,2025-10-28,15,15:00:00,2025-10-28,15:00,N,58.82,14030.0,17851.0,0.5579014967508366
2025-10-28T21:00:00Z,2025-10-28,16,16:00:00,2025-10-28,16:00,N,52.6,13831.0,17225.0,0.5679175076034826
2025-10-28T22:00:00Z,2025-10-28,17,17:00:00,2025-10-28,17:00,N,43.42,12727.0,17926.0,0.5659720030191763
2025-10-28T23:00:00Z,2025-10-28,18,18:00:00,2025-10-28,18:00,N,43.88,9234.0,19046.0,0.5864284626908881
2025-10-29T00:00:00Z,2025-10-28,19,19:00:00,2025-10-28,19:00,N,45.26,1866.0,21187.0,0.6450936657753391
2025-10-29T01:00:00Z,2025-10-28,20,20:00:00,2025-10-28,20:00,N,41.87,1.0,22621.0,0.636986402756113
2025-10-29T02:00:00Z,2025-10-28,21,21:00:00,2025-10-28,21:00,N,31.47,0.0,23871.0,0.6243543102471484
2025-10-29T03:00:00Z,2025-10-28,22,22:00:00,2025-10-28,22:00,N,24.98,0.0,23655.0,0.6291497196603365
2025-10-29T04:00:00Z,2025-10-28,23,23:00:00,2025-10-28,23:00,N,23.19,0.0,23619.0,0.6097608172805753
2025-10-29T05:00:00Z,2025-10-28,24,00:00:00,2025-10-28,24:00,N,21.25,0.0,24744.0,0.5477267356758557
2025-10-29T06:00:00Z,2025-10-29,1,01:00:00,2025-10-29,01:00,N,20.12,0.0,25116.0,0.5057074399727696
2025-10-29T07:00:00Z,2025-10-29,2,02:00:00,2025-10-29,02:00,N,17.25,0.0,24599.0,0.49453415926089755
2025-10-29T08:00:00Z,2025-10-29,3,03:00:00,2025-10-29,03:00,N,15.54,0.0,23919.0,0.4947175801875848
2025-10-29T09:00:00Z,2025-10-29,4,04:00:00,2025-10-29,04:00,N,15.46,0.0,23732.0,0.4921756869228051
2025-10-29T10:00:00Z,2025-10-29,5,05:00:00,2025-10-29,05:00,N,16.05,0.0,23901.0,0.4896094573529542
2025-10-29T11:00:00Z,2025-10-29,6,06:00:00,2025-10-29,06:00,N,19.43,0.0,23887.0,0.5050629450234448
2025-10-29T12:00:00Z,2025-10-29,7,07:00:00,2025-10-29,07:00,N,22.54,0.0,24036.0,0.5428166616252681
2025-10-29T13:00:00Z,2025-10-29,8,08:00:00,2025-10-29,08:00,N,23.38,107.0,23920.0,0.5735155667899979
2025-10-29T14:00:00Z,2025-10-29,9,09:00:00,2025-10-29,09:00,N,13.87,7023.0,22883.0,0.4778488416305695
2025-10-29T15:00:00Z,2025-10-29,10,10:00:00,2025-10-29,10:00,N,4.51,16535.0,20602.0,0.3433251509767288
2025-10-29T16:00:00Z,2025-10-29,11,11:00:00,2025-10-29,11:00,N,6.48,15796.0,21524.0,0.31053188310130164
2025-10-29T17:00:00Z,2025-10-29,12,12:00:00,2025-10-29,12:00,N,5.88,15109.0,21779.0,0.2978794081035585
2025-10-29T18:00:00Z,2025-10-29,13,13:00:00,2025-10-29,13:00,N,5.28,15008.0,21069.0,0.2975379166766949
2025-10-29T19:00:00Z,2025-10-29,14,14:00:00,2025-10-29,14:00,N,5.54,15258.0,20622.0,0.29046195925269097
2025-10-29T20:00:00Z,2025-10-29,15,15:00:00,2025-10-29,15:00,N,4.92,15305.0,20312.0,0.2838615451586627
2025-10-29T21:00:00Z,2025-10-29,16,16:00:00,2025-10-29,16:00,N,4.76,15548.0,19955.0,0.2895805698421653
2025-10-29T22:00:00Z,2025-10-29,17,17:00:00,2025-10-29,17:00,N,4.86,14796.0,19594.0,0.3148431249841577
2025-10-29T23:00:00Z,2025-10-29,18,18:00:00,2025-10-29,18:00,N,16.38,12410.0,19069.0,0.3691698202203996
2025-10-30T00:00:00Z,2025-10-29,19,19:00:00,2025-10-29,19:00,N,39.18,2560.0,16640.0,0.6281135083519517
2025-10-30T01:00:00Z,2025-10-29,20,20:00:00,2025-10-29,20:00,N,43.74,1.0,13076.0,0.7759097967438843
2025-10-30T02:00:00Z,2025-10-29,21,21:00:00,2025-10-29,21:00,N,42.46,0.0,12315.0,0.8177274130253999
2025-10-30T03:00:00Z,2025-10-29,22,22:00:00,2025-10-29,22:00,N,42.48,0.0,11455.0,0.8311770101820598
2025-10-30T04:00:00Z,2025-10-29,23,23:00:00,2025-10-29,23:00,N,43.39,0.0,10401.0,0.8501808854731442
2025-10-30T05:00:00Z,2025-10-29,24,00:00:00,2025-10-29,24:00,N,38.18,0.0,9110.0,0.880448226540863
2025-10-30T06:00:00Z,2025-10-30,1,01:00:00,2025-10-30,01:00,N,34.57,0.0,8160.0,0.9076771805499912
2025-10-30T07:00:00Z,2025-10-30,2,02:00:00,2025-10-30,02:00,N,33.52,0.0,7388.0,0.9248115910975548
2025-10-30T08:00:00Z,2025-10-30,3,03:00:00,2025-10-30,03:00,N,33.26,0.0,6556.0,0.9382211347375594
2025-10-30T09:00:00Z,2025-10-30,4,04:00:00,2025-10-30,04:00,N,37.76,0.0,5562.0,0.9660030066144317
2025-10-30T10:00:00Z,2025-10-30,5,05:00:00,2025-10-30,05:00,N,39.35,0.0,4745.0,0.9732398724343769
2025-10-30T11:00:00Z,2025-10-30,6,06:00:00,2025-10-30,06:00,N,51.94,0.0,3979.0,0.97639902572836
2025-10-30T12:00:00Z,2025-10-30,7,07:00:00,2025-10-30,07:00,N,62.03,0.0,3741.0,0.9317619650708162
2025-10-30T13:00:00Z,2025-10-30,8,08:00:00,2025-10-30,08:00,N,85.52,92.0,3686.0,0.9001584974601613
2025-10-30T14:00:00Z,2025-10-30,9,09:00:00,2025-10-30,09:00,N,42.14,7483.0,3345.0,0.8210168359409054
2025-10-30T15:00:00Z,2025-10-30,10,10:00:00,2025-10-30,10:00,N,20.0,23693.0,2217.0,0.5369572037507409
2025-10-30T16:00:00Z,2025-10-30,11,11:00:00,2025-10-30,11:00,N,14.72,27709.0,1455.0,0.4522299724501745
2025-10-30T17:00:00Z,2025-10-30,12,12:00:00,2025-10-30,12:00,N,14.18,27639.0,2363.0,0.43046613905079223
2025-10-30T18:00:00Z,2025-10-30,13,13:00:00,2025-10-30,13:00,N,12.96,26896.0,2902.0,0.4333413069357208
2025-10-30T19:00:00Z,2025-10-30,14,14:00:00,2025-10-30,14:00,N,14.2,26574.0,2544.0,0.43113576477841703
2025-10-30T20:00:00Z,2025-10-30,15,15:00:00,2025-10-30,15:00,N,14.26,26876.0,2079.0,0.4291204488001684
2025-10-30T21:00:00Z,2025-10-30,16,16:00:00,2025-10-30,16:00,N,13.07,27369.0,1710.0,0.43334110409884663
2025-10-30T22:00:00Z,2025-10-30,17,17:00:00,2025-10-30,17:00,N,16.43,26657.0,1641.0,0.4592761570631411
2025-10-30T23:00:00Z,2025-10-30,18,18:00:00,2025-10-30,18:00,N,30.81,17201.0,1575.0,0.6358051266348336
2025-10-31T00:00:00Z,2025-10-30,19,19:00:00,2025-10-30,19:00,N,69.93,2699.0,1987.0,0.8580581625011288
2025-10-31T01:00:00Z,2025-10-30,20,20:00:00,2025-10-30,20:00,N,67.83,213.0,3108.0,0.8947807524003283
2025-10-31T02:00:00Z,2025-10-30,21,21:00:00,2025-10-30,21:00,N,52.09,211.0,4690.0,0.9226245164225543
2025-10-31T03:00:00Z,2025-10-30,22,22:00:00,2025-10-30,22:00,N,38.63,98.0,6593.0,0.9321788576842619
2025-10-31T04:00:00Z,2025-10-30,23,23:00:00,2025-10-30,23:00,N,33.42,0.0,7986.0,0.920760423200411
2025-10-31T05:00:00Z,2025-10-30,24,00:00:00,2025-10-30,24:00,N,28.31,0.0,8348.0,0.9105663260080853
2025-10-31T06:00:00Z,2025-10-31,1,01:00:00,2025-10-31,01:00,N,31.02,0.0,7934.0,0.9144497306446696
2025-10-31T07:00:00Z,2025-10-31,2,02:00:00,2025-10-31,02:00,N,30.68,0.0,8236.0,0.9071629499737064
2025-10-31T08:00:00Z,2025-10-31,3,03:00:00,2025-10-31,03:00,N,30.64,0.0,7620.0,0.9220077139030147
2025-10-31T09:00:00Z,2025-10-31,4,04:00:00,2025-10-31,04:00,N,32.9,0.0,6455.0,0.9482086898515082
2025-10-31T10:00:00Z,2025-10-31,5,05:00:00,2025-10-31,05:00,N,37.52,0.0,5506.0,0.9658132328197104
2025-10-31T11:00:00Z,2025-10-31,6,06:00:00,2025-10-31,06:00,N,45.29,0.0,4988.0,0.9609459578713704
2025-10-31T12:00:00Z,2025-10-31,7,07:00:00,2025-10-31,07:00,N,53.38,0.0,4728.0,0.935073278934191
2025-10-31T13:00:00Z,2025-10-31,8,08:00:00,2025-10-31,08:00,N,59.78,85.0,5013.0,0.9030663577845716
2025-10-31T14:00:00Z,2025-10-31,9,09:00:00,2025-10-31,09:00,N,38.86,7199.0,6047.0,0.7940064735538654
2025-10-31T15:00:00Z,2025-10-31,10,10:00:00,2025-10-31,10:00,N,18.6,23070.0,5366.0,0.49539414377316193
2025-10-31T16:00:00Z,2025-10-31,11,11:00:00,2025-10-31,11:00,N,14.02,27204.0,4369.0,0.4246738916810432
2025-10-31T17:00:00Z,2025-10-31,12,12:00:00,2025-10-31,12:00,N,13.47,26468.0,5935.0,0.40537706037716453
2025-10-31T18:00:00Z,2025-10-31,13,13:00:00,2025-10-31,13:00,N,13.43,25653.0,7192.0,0.3889041276328019
2025-10-31T19:00:00Z,2025-10-31,14,14:00:00,2025-10-31,14:00,N,13.51,24370.0,8709.0,0.37746353272821864
2025-10-31T20:00:00Z,2025-10-31,15,15:00:00,2025-10-31,15:00,N,13.06,23427.0,10093.0,0.3637446946344893
2025-10-31T21:00:00Z,2025-10-31,16,16:00:00,2025-10-31,16:00,N,12.0,22487.0,10611.0,0.36749594822846415
2025-10-31T22:00:00Z,2025-10-31,17,17:00:00,2025-10-31,17:00,N,14.76,21485.0,11156.0,0.38108345794527604
2025-10-31T23:00:00Z,2025-10-31,18,18:00:00,2025-10-31,18:00,N,28.48,14578.0,12091.0,0.49106165329475265
2025-11-01T00:00:00Z,2025-10-31,19,19:00:00,2025-10-31,19:00,N,52.58,2132.0,11791.0,0.7175510110149493
2025-11-01T01:00:00Z,2025-10-31,20,20:00:00,2025-10-31,20:00,N,43.64,0.0,15653.0,0.7276529022775635
2025-11-01T02:00:00Z,2025-10-31,21,21:00:00,2025-10-31,21:00,N,29.09,0.0,20776.0,0.6061257756250006
2025-11-01T03:00:00Z,2025-10-31,22,22:00:00,2025-10-31,22:00,N,23.87,0.0,23081.0,0.5570845776735096
2025-11-01T04:00:00Z,2025-10-31,23,23:00:00,2025-10-31,23:00,N,23.48,0.0,23465.0,0.531436536328803
2025-11-01T05:00:00Z,2025-10-31,24,00:00:00,2025-10-31,24:00,N,23.85,0.0,23312.0,0.512478145725289
2025-11-01T06:00:00Z,2025-11-01,1,01:00:00,2025-11-01,01:00,N,24.34,0.0,23052.0,0.5078613131648743
2025-11-01T07:00:00Z,2025-11-01,2,02:00:00,2025-11-01,02:00,N,24.01,0.0,22376.0,0.5330614348982713
2025-11-01T08:00:00Z,2025-11-01,3,03:00:00,2025-11-01,03:00,N,26.41,0.0,21329.0,0.5526028903561089
2025-11-01T09:00:00Z,2025-11-01,4,04:00:00,2025-11-01,04:00,N,27.6,0.0,19628.0,0.6039582378075827
2025-11-01T10:00:00Z,2025-11-01,5,05:00:00,2025-11-01,05:00,N,31.32,0.0,16142.0,0.700468948801796
2025-11-01T11:00:00Z,2025-11-01,6,06:00:00,2025-11-01,06:00,N,34.22,0.0,14330.0,0.7375156166845309
2025-11-01T12:00:00Z,2025-11-01,7,07:00:00,2025-11-01,07:00,N,33.43,0.0,13697.0,0.747396473470489
2025-11-01T13:00:00Z,2025-11-01,8,08:00:00,2025-11-01,08:00,N,37.27,53.0,14486.0,0.7115176344144845
2025-11-01T14:00:00Z,2025-11-01,9,09:00:00,2025-11-01,09:00,N,30.36,3292.0,14183.0,0.6808851628939624
2025-11-01T15:00:00Z,2025-11-01,10,10:00:00,2025-11-01,10:00,N,19.97,12964.0,12126.0,0.5668926505346952
2025-11-01T16:00:00Z,2025-11-01,11,11:00:00,2025-11-01,11:00,N,15.98,15675.0,11362.0,0.5503912097491278
2025-11-01T17:00:00Z,2025-11-01,12,12:00:00,2025-11-01,12:00,N,16.61,16245.0,11659.0,0.5427082645688575
2025-11-01T18:00:00Z,2025-11-01,13,13:00:00,2025-11-01,13:00,N,17.38,16713.0,11288.0,0.5471978457686587
2025-11-01T19:00:00Z,2025-11-01,14,14:00:00,2025-11-01,14:00,N,18.35,16782.0,9842.0,0.5678641241885635
2025-11-01T20:00:00Z,2025-11-01,15,15:00:00,2025-11-01,15:00,N,20.21,17457.0,8238.0,0.5833405184416134
2025-11-01T21:00:00Z,2025-11-01,16,16:00:00,2025-11-01,16:00,N,22.76,17643.0,7563.0,0.5969164438996036
2025-11-01T22:00:00Z,2025-11-01,17,17:00:00,2025-11-01,17:00,N,25.93,15698.0,7383.0,0.6270513428367651
2025-11-01T23:00:00Z,2025-11-01,18,18:00:00,2025-11-01,18:00,N,47.35,9780.0,7330.0,0.734059827754029
2025-11-02T00:00:00Z,2025-11-01,19,19:00:00,2025-11-01,19:00,N,68.69,1642.0,6794.0,0.8256924331656638
2025-11-02T01:00:00Z,2025-11-01,20,20:00:00,2025-11-01,20:00,N,71.71,0.0,6089.0,0.8567578480440546
2025-11-02T02:00:00Z,2025-11-01,21,21:00:00,2025-11-01,21:00,N,66.96,0.0,6011.0,0.8984207431770689
2025-11-02T03:00:00Z,2025-11-01,22,22:00:00,2025-11-01,22:00,N,67.56,0.0,7281.0,0.9158840075685699
2025-11-02T04:00:00Z,2025-11-01,23,23:00:00,2025-11-01,23:00,N,75.94,0.0,7805.0,0.8980303037382088
2025-11-02T05:00:00Z,2025-11-01,24,00:00:00,2025-11-01,24:00,N,50.78,0.0,8567.0,0.8962130902746976
2025-11-02T06:00:00Z,2025-11-02,1,01:00:00,2025-11-02,01:00,N,54.81,0.0,9135.0,0.8881061510341461
2025-11-02T07:00:00Z,2025-11-02,2,01:00:00,2025-11-02,02:00,N,45.35,0.0,9861.0,0.8699117508790819
2025-11-02T08:00:00Z,2025-11-02,3,02:00:00,2025-11-02,02:00,Y,46.86,0.0,10346.0,0.8578217401680249
2025-11-02T09:00:00Z,2025-11-02,4,03:00:00,2025-11-02,03:00,N,51.04,0.0,9989.0,0.8663017359288482
2025-11-02T10:00:00Z,2025-11-02,5,04:00:00,2025-11-02,04:00,N,50.17,0.0,9403.0,0.8774832749737335
2025-11-02T11:00:00Z,2025-11-02,6,05:00:00,2025-11-02,05:00,N,48.19,0.0,9373.0,0.8780141362923761
2025-11-02T12:00:00Z,2025-11-02,7,06:00:00,2025-11-02,06:00,N,44.46,0.0,9665.0,0.8655221752535114
2025-11-02T13:00:00Z,2025-11-02,8,07:00:00,2025-11-02,07:00,N,36.88,51.0,10292.0,0.8423430775104859
2025-11-02T14:00:00Z,2025-11-02,9,08:00:00,2025-11-02,08:00,N,26.36,5921.0,11030.0,0.6805601295902866
2025-11-02T15:00:00Z,2025-11-02,10,09:00:00,2025-11-02,09:00,N,14.35,20505.0,9525.0,0.3776027949797235
2025-11-02T16:00:00Z,2025-11-02,11,10:00:00,2025-11-02,10:00,N,6.64,25757.0,8475.0,0.2953534702106918
2025-11-02T17:00:00Z,2025-11-02,12,11:00:00,2025-11-02,11:00,N,6.6,23759.0,9710.0,0.2969669269736285
2025-11-02T18:00:00Z,2025-11-02,13,12:00:00,2025-11-02,12:00,N,8.26,23358.0,9571.0,0.30027800150508144
2025-11-02T19:00:00Z,2025-11-02,14,13:00:00,2025-11-02,13:00,N,9.36,24565.0,9272.0,0.2946508326855284
2025-11-02T20:00:00Z,2025-11-02,15,14:00:00,2025-11-02,14:00,N,9.63,24811.0,8986.0,0.2945914896010936
2025-11-02T21:00:00Z,2025-11-02,16,15:00:00,2025-11-02,15:00,N,10.63,25491.0,8847.0,0.2937889956127298
2025-11-02T22:00:00Z,2025-11-02,17,16:00:00,2025-11-02,16:00,N,13.06,24799.0,8687.0,0.32061601500567466
2025-11-02T23:00:00Z,2025-11-02,18,17:00:00,2025-11-02,17:00,N,27.3,15804.0,9557.0,0.49198240184328607
2025-11-03T00:00:00Z,2025-11-02,19,18:00:00,2025-11-02,18:00,N,74.77,2077.0,9859.0,0.7358096425138234
2025-11-03T01:00:00Z,2025-11-02,20,19:00:00,2025-11-02,19:00,N,65.12,0.0,14829.0,0.749996510544077
2025-11-03T02:00:00Z,2025-11-02,21,20:00:00,2025-11-02,20:00,N,46.87,0.0,20007.0,0.665571476055246
2025-11-03T03:00:00Z,2025-11-02,22,21:00:00,2025-11-02,21:00,N,32.72,1.0,23088.0,0.6006040370564529
2025-11-03T04:00:00Z,2025-11-02,23,22:00:00,2025-11-02,22:00,N,28.32,1.0,23702.0,0.5705650451113352
2025-11-03T05:00:00Z,2025-11-02,24,23:00:00,2025-11-02,23:00,N,27.92,1.0,23554.0,0.5274908305360766
2025-11-03T06:00:00Z,2025-11-02,25,00:00:00,2025-11-02,24:00,N,23.89,1.0,23280.0,0.507319011542616
2025-11-03T07:00:00Z,2025-11-03,1,01:00:00,2025-11-03,01:00,N,22.66,1.0,23288.0,0.48204233453453116
2025-11-03T08:00:00Z,2025-11-03,2,02:00:00,2025-11-03,02:00,N,22.1,1.0,23158.0,0.4742514427988062
2025-11-03T09:00:00Z,2025-11-03,3,03:00:00,2025-11-03,03:00,N,22.04,1.0,22349.0,0.4860110323345961
2025-11-03T10:00:00Z,2025-11-03,4,04:00:00,2025-11-03,04:00,N,23.14,1.0,21715.0,0.49820972202460234
2025-11-03T11:00:00Z,2025-11-03,5,05:00:00,2025-11-03,05:00,N,24.83,0.0,20334.0,0.5468935165962083
2025-11-03T12:00:00Z,2025-11-03,6,06:00:00,2025-11-03,06:00,N,31.91,0.0,18662.0,0.6339394858249807
2025-11-03T13:00:00Z,2025-11-03,7,07:00:00,2025-11-03,07:00,N,38.37,51.0,17820.0,0.6600968174608092
2025-11-03T14:00:00Z,2025-11-03,8,08:00:00,2025-11-03,08:00,N,28.58,6456.0,17569.0,0.5756315423683704
2025-11-03T15:00:00Z,2025-11-03,9,09:00:00,2025-11-03,09:00,N,16.08,21157.0,13962.0,0.3755126469521514
2025-11-03T16:00:00Z,2025-11-03,10,10:00:00,2025-11-03,10:00,N,18.08,24738.0,11342.0,0.34039593871383617
2025-11-03T17:00:00Z,2025-11-03,11,11:00:00,2025-11-03,11:00,N,18.66,25297.0,9948.0,0.3136530734992786
2025-11-03T18:00:00Z,2025-11-03,12,12:00:00,2025-11-03,12:00,N,20.22,25763.0,7677.0,0.34723797039283133
2025-11-03T19:00:00Z,2025-11-03,13,13:00:00,2025-11-03,13:00,N,23.6,25478.0,6874.0,0.39246375995017513
2025-11-03T20:00:00Z,2025-11-03,14,14:00:00,2025-11-03,14:00,N,23.79,25608.0,7456.0,0.39761812811222996
2025-11-03T21:00:00Z,2025-11-03,15,15:00:00,2025-11-03,15:00,N,23.62,25940.0,8913.0,0.3703556940553165
2025-11-03T22:00:00Z,2025-11-03,16,16:00:00,2025-11-03,16:00,N,25.47,24549.0,10801.0,0.3618735941570672
2025-11-03T23:00:00Z,2025-11-03,17,17:00:00,2025-11-03,17:00,N,38.33,15243.0,12349.0,0.5101062106501565
2025-11-04T00:00:00Z,2025-11-03,18,18:00:00,2025-11-03,18:00,N,74.45,1990.0,13772.0,0.6741480571143244
2025-11-04T01:00:00Z,2025-11-03,19,19:00:00,2025-11-03,19:00,N,54.45,0.0,18757.0,0.6623476218516728
2025-11-04T02:00:00Z,2025-11-03,20,20:00:00,2025-11-03,20:00,N,42.94,1.0,23379.0,0.5860267226174661
2025-11-04T03:00:00Z,2025-11-03,21,21:00:00,2025-11-03,21:00,N,51.37,1.0,24492.0,0.5633397484877577
2025-11-04T04:00:00Z,2025-11-03,22,22:00:00,2025-11-03,22:00,N,40.69,1.0,24036.0,0.5682110276287619
2025-11-04T05:00:00Z,2025-11-03,23,23:00:00,2025-11-03,23:00,N,29.19,1.0,23959.0,0.5470801771976117
2025-11-04T06:00:00Z,2025-11-03,24,00:00:00,2025-11-03,24:00,N,25.43,1.0,23884.0,0.5071781069066518
2025-11-04T07:00:00Z,2025-11-04,1,01:00:00,2025-11-04,01:00,N,22.5,1.0,23704.0,0.4958573581451876
2025-11-04T08:00:00Z,2025-11-04,2,02:00:00,2025-11-04,02:00,N,21.17,1.0,23416.0,0.49218095431976444
2025-11-04T09:00:00Z,2025-11-04,3,03:00:00,2025-11-04,03:00,N,20.4,1.0,23272.0,0.490607994245062
2025-11-04T10:00:00Z,2025-11-04,4,04:00:00,2025-11-04,04:00,N,20.2,1.0,23090.0,0.4875712936434462
2025-11-04T11:00:00Z,2025-11-04,5,05:00:00,2025-11-04,05:00,N,22.04,1.0,22443.0,0.5278769819248428
2025-11-04T12:00:00Z,2025-11-04,6,06:00:00,2025-11-04,06:00,N,27.95,1.0,22326.0,0.5821074638182604
2025-11-04T13:00:00Z,2025-11-04,7,07:00:00,2025-11-04,07:00,N,33.26,47.0,21922.0,0.589477767585977
2025-11-04T14:00:00Z,2025-11-04,8,08:00:00,2025-11-04,08:00,N,23.89,5400.0,20850.0,0.5358174832988543
2025-11-04T15:00:00Z,2025-11-04,9,09:00:00,2025-11-04,09:00,N,8.92,17679.0,16581.0,0.3655382177993535
2025-11-04T16:00:00Z,2025-11-04,10,10:00:00,2025-11-04,10:00,N,6.49,21355.0,15555.0,0.30309770062045566
2025-11-04T17:00:00Z,2025-11-04,11,11:00:00,2025-11-04,11:00,N,8.05,20945.0,16862.0,0.2884177319424041
2025-11-04T18:00:00Z,2025-11-04,12,12:00:00,2025-11-04,12:00,N,11.97,20689.0,16141.0,0.2949428943358087
2025-11-04T19:00:00Z,2025-11-04,13,13:00:00,2025-11-04,13:00,N,15.62,21317.0,15571.0,0.29440919300415586
2025-11-04T20:00:00Z,2025-11-04,14,14:00:00,2025-11-04,14:00,N,18.66,22163.0,15457.0,0.3044007536493572
2025-11-04T21:00:00Z,2025-11-04,15,15:00:00,2025-11-04,15:00,N,21.65,22661.0,15508.0,0.3138691792424572
2025-11-04T22:00:00Z,2025-11-04,16,16:00:00,2025-11-04,16:00,N,28.02,21637.0,15920.0,0.3385749212559314
2025-11-04T23:00:00Z,2025-11-04,17,17:00:00,2025-11-04,17:00,N,40.1,13313.0,17378.0,0.49095529958102524
2025-11-05T00:00:00Z,2025-11-04,18,18:00:00,2025-11-04,18:00,N,62.46,1779.0,18890.0,0.6572500453093462
2025-11-05T01:00:00Z,2025-11-04,19,19:00:00,2025-11-04,19:00,N,46.63,1.0,23172.0,0.6250360384955106
2025-11-05T02:00:00Z,2025-11-04,20,20:00:00,2025-11-04,20:00,N,43.47,1.0,25352.0,0.5965605620220955
2025-11-05T03:00:00Z,2025-11-04,21,21:00:00,2025-11-04,21:00,N,40.03,1.0,26079.0,0.5873395955789179
2025-11-05T04:00:00Z,2025-11-04,22,22:00:00,2025-11-04,22:00,N,31.16,1.0,26081.0,0.5658393472542647
2025-11-05T05:00:00Z,2025-11-04,23,23:00:00,2025-11-04,23:00,N,25.61,1.0,26036.0,0.5255633839422371
2025-11-05T06:00:00Z,2025-11-04,24,00:00:00,2025-11-04,24:00,N,24.84,1.0,25695.0,0.501061214761426
2025-11-05T07:00:00Z,2025-11-05,1,01:00:00,2025-11-05,01:00,N,18.56,1.0,25453.0,0.4850352601532415
2025-11-05T08:00:00Z,2025-11-05,2,02:00:00,2025-11-05,02:00,N,17.76,1.0,25020.0,0.48360088876443713
2025-11-05T09:00:00Z,2025-11-05,3,03:00:00,2025-11-05,03:00,N,17.66,1.0,25039.0,0.47922670017955427
2025-11-05T10:00:00Z,2025-11-05,4,04:00:00,2025-11-05,04:00,N,18.26,1.0,24526.0,0.46697341879956467
2025-11-05T11:00:00Z,2025-11-05,5,05:00:00,2025-11-05,05:00,N,20.39,1.0,23316.0,0.4996128286908735
2025-11-05T12:00:00Z,2025-11-05,6,06:00:00,2025-11-05,06:00,N,25.27,1.0,21991.0,0.5484592727032213
2025-11-05T13:00:00Z,2025-11-05,7,07:00:00,2025-11-05,07:00,N,28.84,29.0,20855.0,0.6254779346056486
2025-11-05T14:00:00Z,2025-11-05,8,08:00:00,2025-11-05,08:00,N,25.48,5559.0,19178.0,0.588433425200913
2025-11-05T15:00:00Z,2025-11-05,9,09:00:00,2025-11-05,09:00,N,13.45,20540.0,13353.0,0.40132575379405794
2025-11-05T16:00:00Z,2025-11-05,10,10:00:00,2025-11-05,10:00,N,14.6,25768.0,9281.0,0.3612429389718398
2025-11-05T17:00:00Z,2025-11-05,11,11:00:00,2025-11-05,11:00,N,19.52,25811.0,7218.0,0.40637450250420243
2025-11-05T18:00:00Z,2025-11-05,12,12:00:00,2025-11-05,12:00,N,24.28,25422.0,5134.0,0.5015717169643694
2025-11-05T19:00:00Z,2025-11-05,13,13:00:00,2025-11-05,13:00,N,27.87,25094.0,4572.0,0.55046123658046
2025-11-05T20:00:00Z,2025-11-05,14,14:00:00,2025-11-05,14:00,N,30.01,25240.0,4177.0,0.5539572733120606
2025-11-05T21:00:00Z,2025-11-05,15,15:00:00,2025-11-05,15:00,N,33.57,25708.0,4366.0,0.5565966516946086
2025-11-05T22:00:00Z,2025-11-05,16,16:00:00,2025-11-05,16:00,N,36.51,24693.0,5101.0,0.5769060924894437
2025-11-05T23:00:00Z,2025-11-05,17,17:00:00,2025-11-05,17:00,N,66.51,14667.0,5956.0,0.713209285196268
2025-11-06T00:00:00Z,2025-11-05,18,18:00:00,2025-11-05,18:00,N,150.29,1719.0,7389.0,0.8244889123794151
2025-11-06T01:00:00Z,2025-11-05,19,19:00:00,2025-11-05,19:00,N,91.72,0.0,10978.0,0.8264525794137753
2025-11-06T02:00:00Z,2025-11-05,20,20:00:00,2025-11-05,20:00,N,76.43,0.0,14535.0,0.8131307755352875
2025-11-06T03:00:00Z,2025-11-05,21,21:00:00,2025-11-05,21:00,N,50.07,0.0,15509.0,0.8033879189453764
2025-11-06T04:00:00Z,2025-11-05,22,22:00:00,2025-11-05,22:00,N,40.0,0.0,15772.0,0.8018950071350196
2025-11-06T05:00:00Z,2025-11-05,23,23:00:00,2025-11-05,23:00,N,37.36,1.0,14396.0,0.8153648324968179
2025-11-06T06:00:00Z,2025-11-05,24,00:00:00,2025-11-05,24:00,N,34.79,1.0,12028.0,0.8452439591862704
2025-11-06T07:00:00Z,2025-11-06,1,01:00:00,2025-11-06,01:00,N,34.1,1.0,9891.0,0.8753535188761526
2025-11-06T08:00:00Z,2025-11-06,2,02:00:00,2025-11-06,02:00,N,34.56,1.0,7522.0,0.9149135464914102
2025-11-06T09:00:00Z,2025-11-06,3,03:00:00,2025-11-06,03:00,N,37.65,1.0,6129.0,0.9557628226545983
2025-11-06T10:00:00Z,2025-11-06,4,04:00:00,2025-11-06,04:00,N,37.25,0.0,5639.0,0.9613961063653529
2025-11-06T11:00:00Z,2025-11-06,5,05:00:00,2025-11-06,05:00,N,38.25,1.0,5550.0,0.9590957427174804
2025-11-06T12:00:00Z,2025-11-06,6,06:00:00,2025-11-06,06:00,N,44.81,1.0,5635.0,0.9513779141533665
2025-11-06T13:00:00Z,2025-11-06,7,07:00:00,2025-11-06,07:00,N,55.58,25.0,6053.0,0.9186149198429945
2025-11-06T14:00:00Z,2025-11-06,8,08:00:00,2025-11-06,08:00,N,38.76,4947.0,6052.0,0.8366763511364935
2025-11-06T15:00:00Z,2025-11-06,9,09:00:00,2025-11-06,09:00,N,26.5,19778.0,4443.0,0.6066621710948703
2025-11-06T16:00:00Z,2025-11-06,10,10:00:00,2025-11-06,10:00,N,25.35,25050.0,3262.0,0.5317638199149103
2025-11-06T17:00:00Z,2025-11-06,11,11:00:00,2025-11-06,11:00,N,25.42,24992.0,4081.0,0.5250002194395946
2025-11-06T18:00:00Z,2025-11-06,12,12:00:00,2025-11-06,12:00,N,27.19,23825.0,5182.0,0.5315010214011284
2025-11-06T19:00:00Z,2025-11-06,13,13:00:00,2025-11-06,13:00,N,28.48,23126.0,6420.0,0.5260464407375479
2025-11-06T20:00:00Z,2025-11-06,14,14:00:00,2025-11-06,14:00,N,31.36,24067.0,7766.0,0.5052755825582055
2025-11-06T21:00:00Z,2025-11-06,15,15:00:00,2025-11-06,15:00,N,35.94,24216.0,9946.0,0.47994144310827597
2025-11-06T22:00:00Z,2025-11-06,16,16:00:00,2025-11-06,16:00,N,38.49,22663.0,11724.0,0.48405236310332256
2025-11-06T23:00:00Z,2025-11-06,17,17:00:00,2025-11-06,17:00,N,59.4,13460.0,14204.0,0.5776009530722898
2025-11-07T00:00:00Z,2025-11-06,18,18:00:00,2025-11-06,18:00,N,86.76,1557.0,14158.0,0.7209584979755392
2025-11-07T01:00:00Z,2025-11-06,19,19:00:00,2025-11-06,19:00,N,59.86,3.0,17903.0,0.7253288407002115
2025-11-07T02:00:00Z,2025-11-06,20,20:00:00,2025-11-06,20:00,N,40.78,1.0,22286.0,0.6719894211705557
2025-11-07T03:00:00Z,2025-11-06,21,21:00:00,2025-11-06,21:00,N,33.43,1.0,24816.0,0.6368019445149522
2025-11-07T04:00:00Z,2025-11-06,22,22:00:00,2025-11-06,22:00,N,30.21,1.0,25258.0,0.6174165963351993
2025-11-07T05:00:00Z,2025-11-06,23,23:00:00,2025-11-06,23:00,N,26.42,1.0,25016.0,0.5912172116286261
2025-11-07T06:00:00Z,2025-11-06,24,00:00:00,2025-11-06,24:00,N,22.98,1.0,24632.0,0.5628202773039305
2025-11-07T07:00:00Z,2025-11-07,1,01:00:00,2025-11-07,01:00,N,24.43,1.0,23903.0,0.561941866316806
2025-11-07T08:00:00Z,2025-11-07,2,02:00:00,2025-11-07,02:00,N,23.84,0.0,23619.0,0.5359651162068249
2025-11-07T09:00:00Z,2025-11-07,3,03:00:00,2025-11-07,03:00,N,23.34,0.0,22883.0,0.5287305792347933
2025-11-07T10:00:00Z,2025-11-07,4,04:00:00,2025-11-07,04:00,N,24.26,0.0,21432.0,0.5496684165859975
2025-11-07T11:00:00Z,2025-11-07,5,05:00:00,2025-11-07,05:00,N,26.8,1.0,20759.0,0.5760321530692667
2025-11-07T12:00:00Z,2025-11-07,6,06:00:00,2025-11-07,06:00,N,30.77,1.0,20428.0,0.6002928613740404
2025-11-07T13:00:00Z,2025-11-07,7,07:00:00,2025-11-07,07:00,N,31.79,22.0,21643.0,0.6041573852274437
2025-11-07T14:00:00Z,2025-11-07,8,08:00:00,2025-11-07,08:00,N,27.64,4384.0,21770.0,0.5140416927644744
2025-11-07T15:00:00Z,2025-11-07,9,09:00:00,2025-11-07,09:00,N,14.02,16902.0,16293.0,0.37398620300132096
2025-11-07T16:00:00Z,2025-11-07,10,10:00:00,2025-11-07,10:00,N,13.35,20334.0,14985.0,0.33133422828811837
2025-11-07T17:00:00Z,2025-11-07,11,11:00:00,2025-11-07,11:00,N,18.78,21341.0,14906.0,0.3260830962787067
2025-11-07T18:00:00Z,2025-11-07,12,12:00:00,2025-11-07,12:00,N,27.0,22170.0,13678.0,0.3688128231804871
2025-11-07T19:00:00Z,2025-11-07,13,13:00:00,2025-11-07,13:00,N,36.75,22860.0,11556.0,0.4481023207013808
2025-11-07T20:00:00Z,2025-11-07,14,14:00:00,2025-11-07,14:00,N,46.16,24061.0,8993.0,0.5067224050238153
2025-11-07T21:00:00Z,2025-11-07,15,15:00:00,2025-11-07,15:00,N,53.76,25051.0,7282.0,0.5322285189722411
2025-11-07T22:00:00Z,2025-11-07,16,16:00:00,2025-11-07,16:00,N,55.05,24001.0,6027.0,0.5758895735696894
2025-11-07T23:00:00Z,2025-11-07,17,17:00:00,2025-11-07,17:00,N,130.5,13716.0,5015.0,0.707283866415734
2025-11-08T00:00:00Z,2025-11-07,18,18:00:00,2025-11-07,18:00,N,203.11,1475.0,4605.0,0.8226190755886011
2025-11-08T01:00:00Z,2025-11-07,19,19:00:00,2025-11-07,19:00,N,151.24,1.0,5811.0,0.8562419540879782
2025-11-08T02:00:00Z,2025-11-07,20,20:00:00,2025-11-07,20:00,N,107.4,0.0,7020.0,0.8949138532610081
2025-11-08T03:00:00Z,2025-11-07,21,21:00:00,2025-11-07,21:00,N,77.22,0.0,7808.0,0.8976785399283056
2025-11-08T04:00:00Z,2025-11-07,22,22:00:00,2025-11-07,22:00,N,67.45,1.0,9111.0,0.8779394378552121
2025-11-08T05:00:00Z,2025-11-07,23,23:00:00,2025-11-07,23:00,N,55.98,1.0,9965.0,0.8604066801841439
2025-11-08T06:00:00Z,2025-11-07,24,00:00:00,2025-11-07,24:00,N,48.54,1.0,10712.0,0.8381602092848099
2025-11-08T07:00:00Z,2025-11-08,1,01:00:00,2025-11-08,01:00,N,52.65,1.0,10765.0,0.833517659028534
2025-11-08T08:00:00Z,2025-11-08,2,02:00:00,2025-11-08,02:00,N,43.56,1.0,10648.0,0.8326540374497309
2025-11-08T09:00:00Z,2025-11-08,3,03:00:00,2025-11-08,03:00,N,39.21,1.0,10372.0,0.8278539332787467
2025-11-08T10:00:00Z,2025-11-08,4,04:00:00,2025-11-08,04:00,N,40.08,1.0,10282.0,0.8301135002375735
2025-11-08T11:00:00Z,2025-11-08,5,05:00:00,2025-11-08,05:00,N,39.24,1.0,11062.0,0.8209047528635007
2025-11-08T12:00:00Z,2025-11-08,6,06:00:00,2025-11-08,06:00,N,38.02,1.0,10662.0,0.8253483253527512
2025-11-08T13:00:00Z,2025-11-08,7,07:00:00,2025-11-08,07:00,N,34.8,16.0,10780.0,0.8238001123456816
2025-11-08T14:00:00Z,2025-11-08,8,08:00:00,2025-11-08,08:00,N,29.26,3985.0,10870.0,0.7432874243972538
2025-11-08T15:00:00Z,2025-11-08,9,09:00:00,2025-11-08,09:00,N,20.22,17996.0,9791.0,0.4892439995999449
2025-11-08T16:00:00Z,2025-11-08,10,10:00:00,2025-11-08,10:00,N,20.81,23268.0,7078.0,0.45863045042606676
2025-11-08T17:00:00Z,2025-11-08,11,11:00:00,2025-11-08,11:00,N,24.81,23231.0,7397.0,0.4572545865420203
2025-11-08T18:00:00Z,2025-11-08,12,12:00:00,2025-11-08,12:00,N,30.82,23547.0,7292.0,0.4717315576657438
2025-11-08T19:00:00Z,2025-11-08,13,13:00:00,2025-11-08,13:00,N,33.78,23970.0,6999.0,0.49654994152202087
2025-11-08T20:00:00Z,2025-11-08,14,14:00:00,2025-11-08,14:00,N,40.82,24164.0,7314.0,0.5085444294495455
2025-11-08T21:00:00Z,2025-11-08,15,15:00:00,2025-11-08,15:00,N,42.46,23860.0,9066.0,0.48540474669310907
2025-11-08T22:00:00Z,2025-11-08,16,16:00:00,2025-11-08,16:00,N,45.89,21716.0,11467.0,0.48232651911267904
2025-11-08T23:00:00Z,2025-11-08,17,17:00:00,2025-11-08,17:00,N,69.9,12409.0,14214.0,0.5682919958693516
2025-11-09T00:00:00Z,2025-11-08,18,18:00:00,2025-11-08,18:00,N,60.3,1288.0,17175.0,0.6613956277164696
2025-11-09T01:00:00Z,2025-11-08,19,19:00:00,2025-11-08,19:00,N,42.71,1.0,18814.0,0.6681692946666599
2025-11-09T02:00:00Z,2025-11-08,20,20:00:00,2025-11-08,20:00,N,39.54,1.0,22599.0,0.6098594734301344
2025-11-09T03:00:00Z,2025-11-08,21,21:00:00,2025-11-08,21:00,N,32.77,1.0,23877.0,0.5904503671462619
2025-11-09T04:00:00Z,2025-11-08,22,22:00:00,2025-11-08,22:00,N,29.56,1.0,24178.0,0.5733735577135475
2025-11-09T05:00:00Z,2025-11-08,23,23:00:00,2025-11-08,23:00,N,27.85,1.0,23708.0,0.5693648390012737
2025-11-09T06:00:00Z,2025-11-08,24,00:00:00,2025-11-08,24:00,N,25.85,1.0,22909.0,0.566094088762056
2025-11-09T07:00:00Z,2025-11-09,1,01:00:00,2025-11-09,01:00,N,26.59,1.0,22485.0,0.5706251130419311
2025-11-09T08:00:00Z,2025-11-09,2,02:00:00,2025-11-09,02:00,N,25.95,1.0,22147.0,0.5702533350135628
2025-11-09T09:00:00Z,2025-11-09,3,03:00:00,2025-11-09,03:00,N,23.68,1.0,21737.0,0.5562185471628024
2025-11-09T10:00:00Z,2025-11-09,4,04:00:00,2025-11-09,04:00,N,22.23,1.0,21281.0,0.5525661116587762
2025-11-09T11:00:00Z,2025-11-09,5,05:00:00,2025-11-09,05:00,N,21.06,1.0,21289.0,0.533064602085318
2025-11-09T12:00:00Z,2025-11-09,6,06:00:00,2025-11-09,06:00,N,20.43,1.0,22068.0,0.5020547898587632
2025-11-09T13:00:00Z,2025-11-09,7,07:00:00,2025-11-09,07:00,N,17.73,15.0,23035.0,0.4867678527454559
2025-11-09T14:00:00Z,2025-11-09,8,08:00:00,2025-11-09,08:00,N,11.22,3676.0,23280.0,0.38977000771437803
2025-11-09T15:00:00Z,2025-11-09,9,09:00:00,2025-11-09,09:00,N,2.83,11910.0,20452.0,0.2982999621693573
2025-11-09T16:00:00Z,2025-11-09,10,10:00:00,2025-11-09,10:00,N,2.29,13028.0,21910.0,0.2812321438959837
2025-11-09T17:00:00Z,2025-11-09,11,11:00:00,2025-11-09,11:00,N,3.52,12857.0,22695.0,0.2706803870240182
2025-11-09T18:00:00Z,2025-11-09,12,12:00:00,2025-11-09,12:00,N,3.98,13079.0,21101.0,0.2760992332315465
2025-11-09T19:00:00Z,2025-11-09,13,13:00:00,2025-11-09,13:00,N,3.07,14145.0,19740.0,0.2778726553142001
2025-11-09T20:00:00Z,2025-11-09,14,14:00:00,2025-11-09,14:00,N,3.41,15167.0,18235.0,0.2846701977316465
2025-11-09T21:00:00Z,2025-11-09,15,15:00:00,2025-11-09,15:00,N,2.74,16330.0,17060.0,0.2904738013962991
2025-11-09T22:00:00Z,2025-11-09,16,16:00:00,2025-11-09,16:00,N,4.34,16672.0,16324.0,0.30214554708687114
2025-11-09T23:00:00Z,2025-11-09,17,17:00:00,2025-11-09,17:00,N,21.1,12252.0,16625.0,0.3767980468157535
2025-11-10T00:00:00Z,2025-11-09,18,18:00:00,2025-11-09,18:00,N,43.3,1365.0,13925.0,0.6610463181532259
2025-11-10T01:00:00Z,2025-11-09,19,19:00:00,2025-11-09,19:00,N,49.56,0.0,12535.0,0.7605812384207339
2025-11-10T02:00:00Z,2025-11-09,20,20:00:00,2025-11-09,20:00,N,50.38,0.0,14142.0,0.7738630240509378
2025-11-10T03:00:00Z,2025-11-09,21,21:00:00,2025-11-09,21:00,N,47.05,0.0,15015.0,0.761567072788059
2025-11-10T04:00:00Z,2025-11-09,22,22:00:00,2025-11-09,22:00,N,49.56,0.0,14608.0,0.7733063785435793
2025-11-10T05:00:00Z,2025-11-09,23,23:00:00,2025-11-09,23:00,N,50.72,1.0,12697.0,0.8072833744981154
2025-11-10T06:00:00Z,2025-11-09,24,00:00:00,2025-11-09,24:00,N,50.36,1.0,10539.0,0.8577848376388877
2025-11-10T07:00:00Z,2025-11-10,1,01:00:00,2025-11-10,01:00,N,48.07,1.0,9279.0,0.8831812277833089
2025-11-10T08:00:00Z,2025-11-10,2,02:00:00,2025-11-10,02:00,N,46.77,1.0,8257.0,0.9032581699506465
2025-11-10T09:00:00Z,2025-11-10,3,03:00:00,2025-11-10,03:00,N,48.45,1.0,7731.0,0.9181527603840339
2025-11-10T10:00:00Z,2025-11-10,4,04:00:00,2025-11-10,04:00,N,54.73,1.0,7388.0,0.9209635014299958
2025-11-10T11:00:00Z,2025-11-10,5,05:00:00,2025-11-10,05:00,N,64.88,1.0,6986.0,0.9267428714695396
2025-11-10T12:00:00Z,2025-11-10,6,06:00:00,2025-11-10,06:00,N,93.87,1.0,6715.0,0.9102884839053977
2025-11-10T13:00:00Z,2025-11-10,7,07:00:00,2025-11-10,07:00,N,103.07,26.0,6231.0,0.8629715987014779
2025-11-10T14:00:00Z,2025-11-10,8,08:00:00,2025-11-10,08:00,N,84.31,5403.0,5885.0,0.7987879534113668
2025-11-10T15:00:00Z,2025-11-10,9,09:00:00,2025-11-10,09:00,N,27.91,20861.0,5106.0,0.576898323077236
2025-11-10T16:00:00Z,2025-11-10,10,10:00:00,2025-11-10,10:00,N,21.24,27519.0,5134.0,0.4145648813816338
2025-11-10T17:00:00Z,2025-11-10,11,11:00:00,2025-11-10,11:00,N,18.94,26990.0,5676.0,0.36002341980844255
2025-11-10T18:00:00Z,2025-11-10,12,12:00:00,2025-11-10,12:00,N,18.19,26402.0,5947.0,0.348230580465868
2025-11-10T19:00:00Z,2025-11-10,13,13:00:00,2025-11-10,13:00,N,14.95,26051.0,6160.0,0.3542197308527551
2025-11-10T20:00:00Z,2025-11-10,14,14:00:00,2025-11-10,14:00,N,12.86,26428.0,5781.0,0.34933880762728203
2025-11-10T21:00:00Z,2025-11-10,15,15:00:00,2025-11-10,15:00,N,11.71,25699.0,5618.0,0.36005501312239857
2025-11-10T22:00:00Z,2025-11-10,16,16:00:00,2025-11-10,16:00,N,12.07,22816.0,6158.0,0.3959953404794591
2025-11-10T23:00:00Z,2025-11-10,17,17:00:00,2025-11-10,17:00,N,31.43,14314.0,7362.0,0.538679832300374
2025-11-11T00:00:00Z,2025-11-10,18,18:00:00,2025-11-10,18:00,N,63.53,1478.0,8113.0,0.7703053198235283
2025-11-11T01:00:00Z,2025-11-10,19,19:00:00,2025-11-10,19:00,N,50.7,0.0,12541.0,0.7743005484838839
2025-11-11T02:00:00Z,2025-11-10,20,20:00:00,2025-11-10,20:00,N,41.5,1.0,18090.0,0.7172052246617433
2025-11-11T03:00:00Z,2025-11-10,21,21:00:00,2025-11-10,21:00,N,34.02,1.0,21065.0,0.6575935739326988
2025-11-11T04:00:00Z,2025-11-10,22,22:00:00,2025-11-10,22:00,N,27.49,1.0,22438.0,0.6307837646344225
2025-11-11T05:00:00Z,2025-11-10,23,23:00:00,2025-11-10,23:00,N,27.95,1.0,22803.0,0.5971539143772385
2025-11-11T06:00:00Z,2025-11-10,24,00:00:00,2025-11-10,24:00,N,24.4,1.0,23190.0,0.5639006646087357
2025-11-11T07:00:00Z,2025-11-11,1,01:00:00,2025-11-11,01:00,N,24.9,1.0,23251.0,0.5569937685268348
2025-11-11T08:00:00Z,2025-11-11,2,02:00:00,2025-11-11,02:00,N,23.98,1.0,23269.0,0.5494390453456443
2025-11-11T09:00:00Z,2025-11-11,3,03:00:00,2025-11-11,03:00,N,23.4,1.0,23366.0,0.5431683731208425
2025-11-11T10:00:00Z,2025-11-11,4,04:00:00,2025-11-11,04:00,N,23.93,1.0,23223.0,0.5473359422061754
2025-11-11T11:00:00Z,2025-11-11,5,05:00:00,2025-11-11,05:00,N,24.98,1.0,22883.0,0.5796705236959032
2025-11-11T12:00:00Z,2025-11-11,6,06:00:00,2025-11-11,06:00,N,29.47,1.0,22563.0,0.6065424861707472
2025-11-11T13:00:00Z,2025-11-11,7,07:00:00,2025-11-11,07:00,N,35.53,21.0,22381.0,0.6154182052302936
2025-11-11T14:00:00Z,2025-11-11,8,08:00:00,2025-11-11,08:00,N,30.79,4503.0,21574.0,0.5816763980714642
2025-11-11T15:00:00Z,2025-11-11,9,09:00:00,2025-11-11,09:00,N,21.35,16890.0,18242.0,0.38516748305858656
2025-11-11T16:00:00Z,2025-11-11,10,10:00:00,2025-11-11,10:00,N,15.52,20469.0,16981.0,0.3081924058172728
2025-11-11T17:00:00Z,2025-11-11,11,11:00:00,2025-11-11,11:00,N,11.76,19698.0,18271.0,0.27246344806511713
2025-11-11T18:00:00Z,2025-11-11,12,12:00:00,2025-11-11,12:00,N,6.98,18340.0,19150.0,0.26617497819316205
2025-11-11T19:00:00Z,2025-11-11,13,13:00:00,2025-11-11,13:00,N,4.45,17233.0,19725.0,0.2702911508609813
2025-11-11T20:00:00Z,2025-11-11,14,14:00:00,2025-11-11,14:00,N,4.72,16474.0,19910.0,0.2728339708390717
2025-11-11T21:00:00Z,2025-11-11,15,15:00:00,2025-11-11,15:00,N,3.84,15803.0,20743.0,0.27110554730406544
2025-11-11T22:00:00Z,2025-11-11,16,16:00:00,2025-11-11,16:00,N,1.05,14598.0,21232.0,0.2783711020513176
2025-11-11T23:00:00Z,2025-11-11,17,17:00:00,2025-11-11,17:00,N,17.04,10106.0,21739.0,0.35948693383297714
2025-11-12T00:00:00Z,2025-11-11,18,18:00:00,2025-11-11,18:00,N,33.86,1251.0,22630.0,0.5537477519542681
2025-11-12T01:00:00Z,2025-11-11,19,19:00:00,2025-11-11,19:00,N,31.34,2.0,25088.0,0.5474233860081255
2025-11-12T02:00:00Z,2025-11-11,20,20:00:00,2025-11-11,20:00,N,29.16,2.0,26428.0,0.5391662671900181
2025-11-12T03:00:00Z,2025-11-11,21,21:00:00,2025-11-11,21:00,N,25.26,1.0,26916.0,0.5287201331418167
2025-11-12T04:00:00Z,2025-11-11,22,22:00:00,2025-11-11,22:00,N,22.09,1.0,27043.0,0.5035413492085825
2025-11-12T05:00:00Z,2025-11-11,23,23:00:00,2025-11-11,23:00,N,21.63,1.0,26974.0,0.45950563234524694
2025-11-12T06:00:00Z,2025-11-11,24,00:00:00,2025-11-11,24:00,N,21.24,1.0,26187.0,0.44080380860765433
2025-11-12T07:00:00Z,2025-11-12,1,01:00:00,2025-11-12,01:00,N,22.15,1.0,25169.0,0.45017111274272265
2025-11-12T08:00:00Z,2025-11-12,2,02:00:00,2025-11-12,02:00,N,21.99,1.0,23860.0,0.4802824093393393
2025-11-12T09:00:00Z,2025-11-12,3,03:00:00,2025-11-12,03:00,N,23.73,1.0,22333.0,0.5196130387236854
2025-11-12T10:00:00Z,2025-11-12,4,04:00:00,2025-11-12,04:00,N,24.67,1.0,20391.0,0.560075093245855
2025-11-12T11:00:00Z,2025-11-12,5,05:00:00,2025-11-12,05:00,N,26.9,1.0,18823.0,0.6048509687447716
2025-11-12T12:00:00Z,2025-11-12,6,06:00:00,2025-11-12,06:00,N,33.84,1.0,16558.0,0.7007299136791381
2025-11-12T13:00:00Z,2025-11-12,7,07:00:00,2025-11-12,07:00,N,42.03,14.0,14163.0,0.7376013470516825
2025-11-12T14:00:00Z,2025-11-12,8,08:00:00,2025-11-12,08:00,N,40.46,3955.0,11919.0,0.7232409828922681
2025-11-12T15:00:00Z,2025-11-12,9,09:00:00,2025-11-12,09:00,N,25.43,18457.0,7858.0,0.5481017805345219
2025-11-12T16:00:00Z,2025-11-12,10,10:00:00,2025-11-12,10:00,N,20.48,24949.0,5709.0,0.4371985509102881
2025-11-12T17:00:00Z,2025-11-12,11,11:00:00,2025-11-12,11:00,N,19.83,24614.0,6379.0,0.42791449717189944
2025-11-12T18:00:00Z,2025-11-12,12,12:00:00,2025-11-12,12:00,N,19.9,23331.0,6195.0,0.44642940107830237
2025-11-12T19:00:00Z,2025-11-12,13,13:00:00,2025-11-12,13:00,N,22.4,23206.0,5970.0,0.4554727038791068
2025-11-12T20:00:00Z,2025-11-12,14,14:00:00,2025-11-12,14:00,N,24.37,23491.0,6092.0,0.4580125476146361
2025-11-12T21:00:00Z,2025-11-12,15,15:00:00,2025-11-12,15:00,N,25.81,24036.0,6459.0,0.45073201096741833
2025-11-12T22:00:00Z,2025-11-12,16,16:00:00,2025-11-12,16:00,N,28.37,22762.0,7315.0,0.4677900618085101
2025-11-12T23:00:00Z,2025-11-12,17,17:00:00,2025-11-12,17:00,N,62.24,12507.0,8358.0,0.632409742045031
2025-11-13T00:00:00Z,2025-11-12,18,18:00:00,2025-11-12,18:00,N,94.14,1169.0,9227.0,0.7728160698076413
2025-11-13T01:00:00Z,2025-11-12,19,19:00:00,2025-11-12,19:00,N,75.61,1.0,11850.0,0.7953326119468792
2025-11-13T02:00:00Z,2025-11-12,20,20:00:00,2025-11-12,20:00,N,63.2,1.0,15062.0,0.780211045722442
2025-11-13T03:00:00Z,2025-11-12,21,21:00:00,2025-11-12,21:00,N,45.79,1.0,17849.0,0.7445060083380679
2025-11-13T04:00:00Z,2025-11-12,22,22:00:00,2025-11-12,22:00,N,36.11,1.0,20410.0,0.6814390140107853
2025-11-13T05:00:00Z,2025-11-12,23,23:00:00,2025-11-12,23:00,N,32.5,1.0,21895.0,0.6122853014287826
2025-11-13T06:00:00Z,2025-11-12,24,00:00:00,2025-11-12,24:00,N,28.28,1.0,22377.0,0.5817276230997486
2025-11-13T07:00:00Z,2025-11-13,1,01:00:00,2025-11-13,01:00,N,24.41,1.0,22664.0,0.5502657569663616
2025-11-13T08:00:00Z,2025-11-13,2,02:00:00,2025-11-13,02:00,N,23.33,1.0,22550.0,0.5302151588135622
2025-11-13T09:00:00Z,2025-11-13,3,03:00:00,2025-11-13,03:00,N,23.02,1.0,21703.0,0.5146018021738903
2025-11-13T10:00:00Z,2025-11-13,4,04:00:00,2025-11-13,04:00,N,23.06,1.0,21166.0,0.5167749106886886
2025-11-13T11:00:00Z,2025-11-13,5,05:00:00,2025-11-13,05:00,N,24.75,1.0,20699.0,0.5510357316864778
2025-11-13T12:00:00Z,2025-11-13,6,06:00:00,2025-11-13,06:00,N,28.99,1.0,19641.0,0.5962018897282457
2025-11-13T13:00:00Z,2025-11-13,7,07:00:00,2025-11-13,07:00,N,30.52,8.0,18023.0,0.6529026296605827
2025-11-13T14:00:00Z,2025-11-13,8,08:00:00,2025-11-13,08:00,N,28.24,3405.0,15958.0,0.6584179849954097
2025-11-13T15:00:00Z,2025-11-13,9,09:00:00,2025-11-13,09:00,N,18.64,16818.0,11914.0,0.4650295274841829
2025-11-13T16:00:00Z,2025-11-13,10,10:00:00,2025-11-13,10:00,N,16.47,23760.0,8796.0,0.40152388722799937
2025-11-13T17:00:00Z,2025-11-13,11,11:00:00,2025-11-13,11:00,N,17.75,24014.0,9234.0,0.4182780784022515
2025-11-13T18:00:00Z,2025-11-13,12,12:00:00,2025-11-13,12:00,N,19.98,22740.0,9274.0,0.4749933108170101
2025-11-13T19:00:00Z,2025-11-13,13,13:00:00,2025-11-13,13:00,N,22.95,22311.0,9426.0,0.49162307753605783
2025-11-13T20:00:00Z,2025-11-13,14,14:00:00,2025-11-13,14:00,N,26.04,22218.0,10608.0,0.470271765704505
2025-11-13T21:00:00Z,2025-11-13,15,15:00:00,2025-11-13,15:00,N,28.36,21931.0,12085.0,0.4594722723533372
2025-11-13T22:00:00Z,2025-11-13,16,16:00:00,2025-11-13,16:00,N,29.97,20769.0,13203.0,0.4496791870732214
2025-11-13T23:00:00Z,2025-11-13,17,17:00:00,2025-11-13,17:00,N,50.4,11571.0,13651.0,0.5746512171214894
2025-11-14T00:00:00Z,2025-11-13,18,18:00:00,2025-11-13,18:00,N,66.15,979.0,13594.0,0.6804358984546205
2025-11-14T01:00:00Z,2025-11-13,19,19:00:00,2025-11-13,19:00,N,46.12,0.0,17092.0,0.688553125256201
2025-11-14T02:00:00Z,2025-11-13,20,20:00:00,2025-11-13,20:00,N,37.58,1.0,20639.0,0.6787998502806184
2025-11-14T03:00:00Z,2025-11-13,21,21:00:00,2025-11-13,21:00,N,30.76,1.0,22695.0,0.647690341571524
2025-11-14T04:00:00Z,2025-11-13,22,22:00:00,2025-11-13,22:00,N,26.66,1.0,23780.0,0.6215354770017714
2025-11-14T05:00:00Z,2025-11-13,23,23:00:00,2025-11-13,23:00,N,25.03,1.0,24062.0,0.6034489878641766
2025-11-14T06:00:00Z,2025-11-13,24,00:00:00,2025-11-13,24:00,N,22.38,1.0,23778.0,0.5831997398217391
2025-11-14T07:00:00Z,2025-11-14,1,01:00:00,2025-11-14,01:00,N,21.63,1.0,23207.0,0.5681505924840317
2025-11-14T08:00:00Z,2025-11-14,2,02:00:00,2025-11-14,02:00,N,20.13,1.0,23061.0,0.544545502832882
2025-11-14T09:00:00Z,2025-11-14,3,03:00:00,2025-11-14,03:00,N,19.81,1.0,22770.0,0.5269954182031154
2025-11-14T10:00:00Z,2025-11-14,4,04:00:00,2025-11-14,04:00,N,20.28,1.0,22115.0,0.5207076508875724
2025-11-14T11:00:00Z,2025-11-14,5,05:00:00,2025-11-14,05:00,N,22.04,1.0,21680.0,0.539012830476124
2025-11-14T12:00:00Z,2025-11-14,6,06:00:00,2025-11-14,06:00,N,26.1,1.0,20981.0,0.5817665763082576
2025-11-14T13:00:00Z,2025-11-14,7,07:00:00,2025-11-14,07:00,N,27.5,8.0,20333.0,0.6319600984451614
2025-11-14T14:00:00Z,2025-11-14,8,08:00:00,2025-11-14,08:00,N,25.43,3147.0,19413.0,0.6069784820827168
2025-11-14T15:00:00Z,2025-11-14,9,09:00:00,2025-11-14,09:00,N,19.88,15770.0,14715.0,0.44258788050904746
2025-11-14T16:00:00Z,2025-11-14,10,10:00:00,2025-11-14,10:00,N,15.67,21765.0,11410.0,0.3832492065175503
2025-11-14T17:00:00Z,2025-11-14,11,11:00:00,2025-11-14,11:00,N,19.0,21650.0,9317.0,0.4748691375941099
2025-11-14T18:00:00Z,2025-11-14,12,12:00:00,2025-11-14,12:00,N,24.08,21771.0,7787.0,0.5396639489579281
2025-11-14T19:00:00Z,2025-11-14,13,13:00:00,2025-11-14,13:00,N,28.09,22542.0,7610.0,0.5411530730422249
2025-11-14T20:00:00Z,2025-11-14,14,14:00:00,2025-11-14,14:00,N,31.0,23283.0,9429.0,0.48621836236181126
2025-11-14T21:00:00Z,2025-11-14,15,15:00:00,2025-11-14,15:00,N,34.35,24187.0,11433.0,0.4295818510656884
2025-11-14T22:00:00Z,2025-11-14,16,16:00:00,2025-11-14,16:00,N,33.69,22462.0,13310.0,0.43015269367611736
2025-11-14T23:00:00Z,2025-11-14,17,17:00:00,2025-11-14,17:00,N,63.53,12312.0,13933.0,0.560405776953159
2025-11-15T00:00:00Z,2025-11-14,18,18:00:00,2025-11-14,18:00,N,72.36,1067.0,14198.0,0.6937093992504512
2025-11-15T01:00:00Z,2025-11-14,19,19:00:00,2025-11-14,19:00,N,47.53,0.0,18577.0,0.6783344187722791
2025-11-15T02:00:00Z,2025-11-14,20,20:00:00,2025-11-14,20:00,N,35.94,1.0,23027.0,0.6363942686495464
2025-11-15T03:00:00Z,2025-11-14,21,21:00:00,2025-11-14,21:00,N,28.97,1.0,25235.0,0.5949260420805709
2025-11-15T04:00:00Z,2025-11-14,22,22:00:00,2025-11-14,22:00,N,26.0,1.0,25662.0,0.5775496220420991
2025-11-15T05:00:00Z,2025-11-14,23,23:00:00,2025-11-14,23:00,N,26.3,1.0,25341.0,0.5636602048559931
2025-11-15T06:00:00Z,2025-11-14,24,00:00:00,2025-11-14,24:00,N,23.56,1.0,25023.0,0.5425686542855787
2025-11-15T07:00:00Z,2025-11-15,1,01:00:00,2025-11-15,01:00,N,23.41,1.0,24251.0,0.5349379747415015
2025-11-15T08:00:00Z,2025-11-15,2,02:00:00,2025-11-15,02:00,N,21.57,1.0,23736.0,0.5311626342033824
2025-11-15T09:00:00Z,2025-11-15,3,03:00:00,2025-11-15,03:00,N,19.94,1.0,23276.0,0.5178184950322304
2025-11-15T10:00:00Z,2025-11-15,4,04:00:00,2025-11-15,04:00,N,19.82,1.0,22436.0,0.5159368398605986
2025-11-15T11:00:00Z,2025-11-15,5,05:00:00,2025-11-15,05:00,N,19.3,1.0,21704.0,0.5282133148391199
2025-11-15T12:00:00Z,2025-11-15,6,06:00:00,2025-11-15,06:00,N,20.49,1.0,21091.0,0.5466500558562689
2025-11-15T13:00:00Z,2025-11-15,7,07:00:00,2025-11-15,07:00,N,22.46,7.0,20122.0,0.564575938377177
2025-11-15T14:00:00Z,2025-11-15,8,08:00:00,2025-11-15,08:00,N,20.59,2951.0,19611.0,0.5455772591678953
2025-11-15T15:00:00Z,2025-11-15,9,09:00:00,2025-11-15,09:00,N,11.48,14392.0,15963.0,0.4222326275584429
2025-11-15T16:00:00Z,2025-11-15,10,10:00:00,2025-11-15,10:00,N,7.94,21052.0,14554.0,0.35119466676272165
2025-11-15T17:00:00Z,2025-11-15,11,11:00:00,2025-11-15,11:00,N,10.13,22055.0,14172.0,0.3473864814809939
2025-11-15T18:00:00Z,2025-11-15,12,12:00:00,2025-11-15,12:00,N,15.56,21599.0,14310.0,0.3566413474108886
2025-11-15T19:00:00Z,2025-11-15,13,13:00:00,2025-11-15,13:00,N,20.84,22033.0,14162.0,0.3813427798965225
2025-11-15T20:00:00Z,2025-11-15,14,14:00:00,2025-11-15,14:00,N,23.41,22612.0,13943.0,0.4022720707453183
2025-11-15T21:00:00Z,2025-11-15,15,15:00:00,2025-11-15,15:00,N,26.39,23315.0,13260.0,0.40166229361777095
2025-11-15T22:00:00Z,2025-11-15,16,16:00:00,2025-11-15,16:00,N,29.88,22066.0,12089.0,0.44770125685258544
2025-11-15T23:00:00Z,2025-11-15,17,17:00:00,2025-11-15,17:00,N,70.08,11560.0,10958.0,0.630651094280823
2025-11-16T00:00:00Z,2025-11-15,18,18:00:00,2025-11-15,18:00,N,79.45,972.0,11406.0,0.7482435124943185
2025-11-16T01:00:00Z,2025-11-15,19,19:00:00,2025-11-15,19:00,N,62.05,0.0,14168.0,0.744187385961695
2025-11-16T02:00:00Z,2025-11-15,20,20:00:00,2025-11-15,20:00,N,43.99,1.0,17182.0,0.7301516265669508
2025-11-16T03:00:00Z,2025-11-15,21,21:00:00,2025-11-15,21:00,N,36.84,1.0,18424.0,0.7144017482350372
2025-11-16T04:00:00Z,2025-11-15,22,22:00:00,2025-11-15,22:00,N,31.19,1.0,18685.0,0.690771118283757
2025-11-16T05:00:00Z,2025-11-15,23,23:00:00,2025-11-15,23:00,N,30.45,1.0,18347.0,0.6736170409410485
2025-11-16T06:00:00Z,2025-11-15,24,00:00:00,2025-11-15,24:00,N,28.36,1.0,17751.0,0.6553144922833857
2025-11-16T07:00:00Z,2025-11-16,1,01:00:00,2025-11-16,01:00,N,27.42,1.0,15936.0,0.6950431602932355
2025-11-16T08:00:00Z,2025-11-16,2,02:00:00,2025-11-16,02:00,N,28.14,1.0,14507.0,0.7145601592564063
2025-11-16T09:00:00Z,2025-11-16,3,03:00:00,2025-11-16,03:00,N,27.96,1.0,13815.0,0.7175516860505486
2025-11-16T10:00:00Z,2025-11-16,4,04:00:00,2025-11-16,04:00,N,29.22,1.0,12594.0,0.7455720162811653
2025-11-16T11:00:00Z,2025-11-16,5,05:00:00,2025-11-16,05:00,N,29.03,1.0,10311.0,0.8260570315441069
2025-11-16T12:00:00Z,2025-11-16,6,06:00:00,2025-11-16,06:00,N,30.0,0.0,8706.0,0.8692147350455504
2025-11-16T13:00:00Z,2025-11-16,7,07:00:00,2025-11-16,07:00,N,29.19,4.0,7867.0,0.8737346634101749
2025-11-16T14:00:00Z,2025-11-16,8,08:00:00,2025-11-16,08:00,N,27.47,2502.0,7237.0,0.8352774771196173
2025-11-16T15:00:00Z,2025-11-16,9,09:00:00,2025-11-16,09:00,N,19.36,13380.0,5507.0,0.6344266668050695
2025-11-16T16:00:00Z,2025-11-16,10,10:00:00,2025-11-16,10:00,N,18.3,20137.0,4217.0,0.542379788411727
2025-11-16T17:00:00Z,2025-11-16,11,11:00:00,2025-11-16,11:00,N,20.07,21748.0,4080.0,0.5430812565332422
2025-11-16T18:00:00Z,2025-11-16,12,12:00:00,2025-11-16,12:00,N,23.09,22207.0,3811.0,0.5265592393327485
2025-11-16T19:00:00Z,2025-11-16,13,13:00:00,2025-11-16,13:00,N,29.72,21534.0,2892.0,0.587329362891197
2025-11-16T20:00:00Z,2025-11-16,14,14:00:00,2025-11-16,14:00,N,37.07,22195.0,2235.0,0.6116010742564167
2025-11-16T21:00:00Z,2025-11-16,15,15:00:00,2025-11-16,15:00,N,38.4,22967.0,2578.0,0.5961349475244133
2025-11-16T22:00:00Z,2025-11-16,16,16:00:00,2025-11-16,16:00,N,42.09,21157.0,3569.0,0.6262743061934819
2025-11-16T23:00:00Z,2025-11-16,17,17:00:00,2025-11-16,17:00,N,100.78,10698.0,4400.0,0.7445301624606563
2025-11-17T00:00:00Z,2025-11-16,18,18:00:00,2025-11-16,18:00,N,138.02,782.0,5424.0,0.8123138590952115
2025-11-17T01:00:00Z,2025-11-16,19,19:00:00,2025-11-16,19:00,N,114.33,0.0,7450.0,0.8157861281331628
2025-11-17T02:00:00Z,2025-11-16,20,20:00:00,2025-11-16,20:00,N,95.15,0.0,9196.0,0.8258096092736491
2025-11-17T03:00:00Z,2025-11-16,21,21:00:00,2025-11-16,21:00,N,73.06,0.0,10195.0,0.8302193445219804
2025-11-17T04:00:00Z,2025-11-16,22,22:00:00,2025-11-16,22:00,N,48.89,0.0,11322.0,0.8165120817503693
2025-11-17T05:00:00Z,2025-11-16,23,23:00:00,2025-11-16,23:00,N,36.88,0.0,13563.0,0.7799530965458478
2025-11-17T06:00:00Z,2025-11-16,24,00:00:00,2025-11-16,24:00,N,28.34,0.0,14683.0,0.7448552654129336
2025-11-17T07:00:00Z,2025-11-17,1,01:00:00,2025-11-17,01:00,N,30.55,1.0,14844.0,0.7328050939242285
2025-11-17T08:00:00Z,2025-11-17,2,02:00:00,2025-11-17,02:00,N,26.85,1.0,15107.0,0.7131577441842722
2025-11-17T09:00:00Z,2025-11-17,3,03:00:00,2025-11-17,03:00,N,24.85,1.0,15104.0,0.7023518875946051
2025-11-17T10:00:00Z,2025-11-17,4,04:00:00,2025-11-17,04:00,N,24.58,1.0,14934.0,0.697431392171783
2025-11-17T11:00:00Z,2025-11-17,5,05:00:00,2025-11-17,05:00,N,24.16,1.0,14815.0,0.7134741954169043
2025-11-17T12:00:00Z,2025-11-17,6,06:00:00,2025-11-17,06:00,N,26.3,1.0,14320.0,0.7386030054249624
2025-11-17T13:00:00Z,2025-11-17,7,07:00:00,2025-11-17,07:00,N,26.33,5.0,14750.0,0.7353159066630236
2025-11-17T14:00:00Z,2025-11-17,8,08:00:00,2025-11-17,08:00,N,26.73,1491.0,14811.0,0.7259486435107172
2025-11-17T15:00:00Z,2025-11-17,9,09:00:00,2025-11-17,09:00,N,22.24,10699.0,12492.0,0.6290918707460077
2025-11-17T16:00:00Z,2025-11-17,10,10:00:00,2025-11-17,10:00,N,19.5,16428.0,10103.0,0.586007484958457
2025-11-17T17:00:00Z,2025-11-17,11,11:00:00,2025-11-17,11:00,N,20.5,18601.0,11267.0,0.551682753538892
2025-11-17T18:00:00Z,2025-11-17,12,12:00:00,2025-11-17,12:00,N,22.19,19364.0,13090.0,0.5293340533124565
2025-11-17T19:00:00Z,2025-11-17,13,13:00:00,2025-11-17,13:00,N,26.59,19788.0,14669.0,0.4958666973579518
2025-11-17T20:00:00Z,2025-11-17,14,14:00:00,2025-11-17,14:00,N,31.3,20649.0,15546.0,0.47040011953319844
2025-11-17T21:00:00Z,2025-11-17,15,15:00:00,2025-11-17,15:00,N,31.95,20303.0,16734.0,0.46762391088784727
2025-11-17T22:00:00Z,2025-11-17,16,16:00:00,2025-11-17,16:00,N,32.67,18077.0,17636.0,0.47934212341549204
2025-11-17T23:00:00Z,2025-11-17,17,17:00:00,2025-11-17,17:00,N,54.65,9657.0,17758.0,0.59739606598514
2025-11-18T00:00:00Z,2025-11-17,18,18:00:00,2025-11-17,18:00,N,76.03,845.0,15680.0,0.7002993781409934
2025-11-18T01:00:00Z,2025-11-17,19,19:00:00,2025-11-17,19:00,N,61.49,0.0,16212.0,0.7170213242956366
2025-11-18T02:00:00Z,2025-11-17,20,20:00:00,2025-11-17,20:00,N,48.82,1.0,17524.0,0.7293661965697971
2025-11-18T03:00:00Z,2025-11-17,21,21:00:00,2025-11-17,21:00,N,42.36,1.0,18786.0,0.7216975902888497
2025-11-18T04:00:00Z,2025-11-17,22,22:00:00,2025-11-17,22:00,N,36.19,1.0,19870.0,0.6996992140468192
2025-11-18T05:00:00Z,2025-11-17,23,23:00:00,2025-11-17,23:00,N,32.83,1.0,19636.0,0.6954284109477162
2025-11-18T06:00:00Z,2025-11-17,24,00:00:00,2025-11-17,24:00,N,29.09,1.0,18723.0,0.692380694926807
2025-11-18T07:00:00Z,2025-11-18,1,01:00:00,2025-11-18,01:00,N,26.35,1.0,17949.0,0.7004872944146738
2025-11-18T08:00:00Z,2025-11-18,2,02:00:00,2025-11-18,02:00,N,25.59,1.0,17267.0,0.7060747568468004
2025-11-18T09:00:00Z,2025-11-18,3,03:00:00,2025-11-18,03:00,N,25.44,1.0,15314.0,0.7480042374509842
2025-11-18T10:00:00Z,2025-11-18,4,04:00:00,2025-11-18,04:00,N,25.32,1.0,14612.0,0.7616751009083701
2025-11-18T11:00:00Z,2025-11-18,5,05:00:00,2025-11-18,05:00,N,27.64,1.0,12885.0,0.7983270246257368
2025-11-18T12:00:00Z,2025-11-18,6,06:00:00,2025-11-18,06:00,N,34.89,1.0,11336.0,0.8377949018600526
2025-11-18T13:00:00Z,2025-11-18,7,07:00:00,2025-11-18,07:00,N,36.86,3.0,9794.0,0.837670656847422
2025-11-18T14:00:00Z,2025-11-18,8,08:00:00,2025-11-18,08:00,N,40.52,2049.0,9069.0,0.824595409386353
2025-11-18T15:00:00Z,2025-11-18,9,09:00:00,2025-11-18,09:00,N,31.24,12605.0,6887.0,0.7197028946656963
2025-11-18T16:00:00Z,2025-11-18,10,10:00:00,2025-11-18,10:00,N,29.95,17749.0,6076.0,0.6589964007219271
2025-11-18T17:00:00Z,2025-11-18,11,11:00:00,2025-11-18,11:00,N,32.8,18033.0,5244.0,0.6741500757595732
2025-11-18T18:00:00Z,2025-11-18,12,12:00:00,2025-11-18,12:00,N,35.94,17943.0,3999.0,0.6975731064385311
2025-11-18T19:00:00Z,2025-11-18,13,13:00:00,2025-11-18,13:00,N,40.6,18569.0,3905.0,0.6980755500482951
2025-11-18T20:00:00Z,2025-11-18,14,14:00:00,2025-11-18,14:00,N,46.83,19234.0,4174.0,0.6858178181071463
2025-11-18T21:00:00Z,2025-11-18,15,15:00:00,2025-11-18,15:00,N,49.24,18075.0,4459.0,0.6961207225836041
2025-11-18T22:00:00Z,2025-11-18,16,16:00:00,2025-11-18,16:00,N,56.72,14792.0,5079.0,0.7219631936122468
2025-11-18T23:00:00Z,2025-11-18,17,17:00:00,2025-11-18,17:00,N,107.91,6403.0,5333.0,0.7988180650093177
2025-11-19T00:00:00Z,2025-11-18,18,18:00:00,2025-11-18,18:00,N,125.63,407.0,5871.0,0.8564502761389228
2025-11-19T01:00:00Z,2025-11-18,19,19:00:00,2025-11-18,19:00,N,107.86,1.0,6499.0,0.8705934037846348
2025-11-19T02:00:00Z,2025-11-18,20,20:00:00,2025-11-18,20:00,N,84.54,0.0,7285.0,0.8964959343457519
2025-11-19T03:00:00Z,2025-11-18,21,21:00:00,2025-11-18,21:00,N,60.74,0.0,8022.0,0.9063374797273382
2025-11-19T04:00:00Z,2025-11-18,22,22:00:00,2025-11-18,22:00,N,47.91,0.0,9264.0,0.8920347430414285
2025-11-19T05:00:00Z,2025-11-18,23,23:00:00,2025-11-18,23:00,N,43.17,0.0,10121.0,0.8771005752104938
2025-11-19T06:00:00Z,2025-11-18,24,00:00:00,2025-11-18,24:00,N,34.33,0.0,10051.0,0.8693689124122713
2025-11-19T07:00:00Z,2025-11-19,1,01:00:00,2025-11-19,01:00,N,32.58,6.0,9688.0,0.8693065191749888
2025-11-19T08:00:00Z,2025-11-19,2,02:00:00,2025-11-19,02:00,N,30.97,1.0,9958.0,0.8607061186438061
2025-11-19T09:00:00Z,2025-11-19,3,03:00:00,2025-11-19,03:00,N,31.99,1.0,9385.0,0.8692311292157369
2025-11-19T10:00:00Z,2025-11-19,4,04:00:00,2025-11-19,04:00,N,35.21,1.0,8631.0,0.8835729922289297
2025-11-19T11:00:00Z,2025-11-19,5,05:00:00,2025-11-19,05:00,N,38.1,1.0,7733.0,0.9036928607921894
2025-11-19T12:00:00Z,2025-11-19,6,06:00:00,2025-11-19,06:00,N,43.53,1.0,7330.0,0.9092952670710683
2025-11-19T13:00:00Z,2025-11-19,7,07:00:00,2025-11-19,07:00,N,46.07,1.0,7009.0,0.8915584791457495
2025-11-19T14:00:00Z,2025-11-19,8,08:00:00,2025-11-19,08:00,N,48.66,858.0,6681.0,0.8758819316392258
2025-11-19T15:00:00Z,2025-11-19,9,09:00:00,2025-11-19,09:00,N,42.58,4825.0,5528.0,0.84264709821723
2025-11-19T16:00:00Z,2025-11-19,10,10:00:00,2025-11-19,10:00,N,37.72,9277.0,5020.0,0.7894808409486442
2025-11-19T17:00:00Z,2025-11-19,11,11:00:00,2025-11-19,11:00,N,35.03,12854.0,5438.0,0.7360172124483703
2025-11-19T18:00:00Z,2025-11-19,12,12:00:00,2025-11-19,12:00,N,34.86,14944.0,6127.0,0.7024924360709277
2025-11-19T19:00:00Z,2025-11-19,13,13:00:00,2025-11-19,13:00,N,37.51,15462.0,6461.0,0.6925398460482787
2025-11-19T20:00:00Z,2025-11-19,14,14:00:00,2025-11-19,14:00,N,48.98,15188.0,7223.0,0.6930672325435381
2025-11-19T21:00:00Z,2025-11-19,15,15:00:00,2025-11-19,15:00,N,60.79,12877.0,7349.0,0.7170069890871694
2025-11-19T22:00:00Z,2025-11-19,16,16:00:00,2025-11-19,16:00,N,74.94,8125.0,8298.0,0.7593986563734534
2025-11-19T23:00:00Z,2025-11-19,17,17:00:00,2025-11-19,17:00,N,98.93,3119.0,8891.0,0.8006763035736487
2025-11-20T00:00:00Z,2025-11-19,18,18:00:00,2025-11-19,18:00,N,88.68,302.0,8678.0,0.8193015809644012
2025-11-20T01:00:00Z,2025-11-19,19,19:00:00,2025-11-19,19:00,N,77.46,0.0,9024.0,0.8303328552921381
2025-11-20T02:00:00Z,2025-11-19,20,20:00:00,2025-11-19,20:00,N,71.77,0.0,9565.0,0.858799945296192
2025-11-20T03:00:00Z,2025-11-19,21,21:00:00,2025-11-19,21:00,N,54.59,1.0,10180.0,0.8588615538765154
2025-11-20T04:00:00Z,2025-11-19,22,22:00:00,2025-11-19,22:00,N,49.08,0.0,10883.0,0.8514278418989378
2025-11-20T05:00:00Z,2025-11-19,23,23:00:00,2025-11-19,23:00,N,45.35,0.0,11671.0,0.8363741604678768
2025-11-20T06:00:00Z,2025-11-19,24,00:00:00,2025-11-19,24:00,N,38.66,0.0,11556.0,0.8366012281907816
2025-11-20T07:00:00Z,2025-11-20,1,01:00:00,2025-11-20,01:00,N,39.3,0.0,11147.0,0.8344411319123235
2025-11-20T08:00:00Z,2025-11-20,2,02:00:00,2025-11-20,02:00,N,35.88,0.0,10791.0,0.8425437332186847
2025-11-20T09:00:00Z,2025-11-20,3,03:00:00,2025-11-20,03:00,N,35.22,0.0,10366.0,0.8492595595284544
2025-11-20T10:00:00Z,2025-11-20,4,04:00:00,2025-11-20,04:00,N,30.6,0.0,10794.0,0.8381552052004504
2025-11-20T11:00:00Z,2025-11-20,5,05:00:00,2025-11-20,05:00,N,30.12,0.0,10381.0,0.8481101584097763
2025-11-20T12:00:00Z,2025-11-20,6,06:00:00,2025-11-20,06:00,N,32.59,0.0,11418.0,0.8344059807311913
2025-11-20T13:00:00Z,2025-11-20,7,07:00:00,2025-11-20,07:00,N,34.63,2.0,13429.0,0.7982970916113291
2025-11-20T14:00:00Z,2025-11-20,8,08:00:00,2025-11-20,08:00,N,36.63,988.0,13957.0,0.7748013561240974
2025-11-20T15:00:00Z,2025-11-20,9,09:00:00,2025-11-20,09:00,N,31.7,4421.0,14298.0,0.7131226461886712
2025-11-20T16:00:00Z,2025-11-20,10,10:00:00,2025-11-20,10:00,N,30.67,6221.0,16217.0,0.6640485849458999
2025-11-20T17:00:00Z,2025-11-20,11,11:00:00,2025-11-20,11:00,N,29.6,7765.0,17046.0,0.6329459218544249
2025-11-20T18:00:00Z,2025-11-20,12,12:00:00,2025-11-20,12:00,N,28.65,9474.0,17396.0,0.6122732282431439
2025-11-20T19:00:00Z,2025-11-20,13,13:00:00,2025-11-20,13:00,N,28.03,10902.0,17533.0,0.5929868869234174
2025-11-20T20:00:00Z,2025-11-20,14,14:00:00,2025-11-20,14:00,N,33.16,12104.0,17868.0,0.5397587149124485
2025-11-20T21:00:00Z,2025-11-20,15,15:00:00,2025-11-20,15:00,N,38.92,11481.0,19046.0,0.5167595258903032
2025-11-20T22:00:00Z,2025-11-20,16,16:00:00,2025-11-20,16:00,N,45.85,8572.0,21017.0,0.5284853384490882
2025-11-20T23:00:00Z,2025-11-20,17,17:00:00,2025-11-20,17:00,N,51.58,4467.0,21199.0,0.5876864734635113
2025-11-21T00:00:00Z,2025-11-20,18,18:00:00,2025-11-20,18:00,N,59.81,380.0,16328.0,0.7345173713236848
2025-11-21T01:00:00Z,2025-11-20,19,19:00:00,2025-11-20,19:00,N,61.93,0.0,12222.0,0.7980702414459054
2025-11-21T02:00:00Z,2025-11-20,20,20:00:00,2025-11-20,20:00,N,86.21,1.0,10194.0,0.8141893264432081
2025-11-21T03:00:00Z,2025-11-20,21,21:00:00,2025-11-20,21:00,N,48.05,0.0,10176.0,0.8444165559332375
2025-11-21T04:00:00Z,2025-11-20,22,22:00:00,2025-11-20,22:00,N,46.22,0.0,10639.0,0.860258550328232
2025-11-21T05:00:00Z,2025-11-20,23,23:00:00,2025-11-20,23:00,N,38.53,0.0,12579.0,0.8350958555207703
2025-11-21T06:00:00Z,2025-11-20,24,00:00:00,2025-11-20,24:00,N,33.17,0.0,13537.0,0.8085010454370621
2025-11-21T07:00:00Z,2025-11-21,1,01:00:00,2025-11-21,01:00,N,34.4,0.0,14090.0,0.7925207882016049
2025-11-21T08:00:00Z,2025-11-21,2,02:00:00,2025-11-21,02:00,N,31.33,0.0,14669.0,0.7741579043684295
2025-11-21T09:00:00Z,2025-11-21,3,03:00:00,2025-11-21,03:00,N,28.87,0.0,16451.0,0.7045468536469549
2025-11-21T10:00:00Z,2025-11-21,4,04:00:00,2025-11-21,04:00,N,28.17,0.0,16850.0,0.6701735284670514
2025-11-21T11:00:00Z,2025-11-21,5,05:00:00,2025-11-21,05:00,N,29.1,1.0,15966.0,0.6988069685076462
2025-11-21T12:00:00Z,2025-11-21,6,06:00:00,2025-11-21,06:00,N,33.29,1.0,15457.0,0.7287725280203001
2025-11-21T13:00:00Z,2025-11-21,7,07:00:00,2025-11-21,07:00,N,33.55,1.0,14568.0,0.7698432151542262
2025-11-21T14:00:00Z,2025-11-21,8,08:00:00,2025-11-21,08:00,N,32.57,1343.0,14420.0,0.7574011741900263
2025-11-21T15:00:00Z,2025-11-21,9,09:00:00,2025-11-21,09:00,N,25.34,10019.0,12597.0,0.6352111376761022
2025-11-21T16:00:00Z,2025-11-21,10,10:00:00,2025-11-21,10:00,N,23.47,15147.0,10396.0,0.6043240723453276
2025-11-21T17:00:00Z,2025-11-21,11,11:00:00,2025-11-21,11:00,N,25.59,16765.0,9842.0,0.6087126814035727
2025-11-21T18:00:00Z,2025-11-21,12,12:00:00,2025-11-21,12:00,N,28.78,18164.0,9202.0,0.5838082937892337
2025-11-21T19:00:00Z,2025-11-21,13,13:00:00,2025-11-21,13:00,N,32.11,19853.0,9272.0,0.5570484938994221
2025-11-21T20:00:00Z,2025-11-21,14,14:00:00,2025-11-21,14:00,N,35.76,21043.0,9001.0,0.5449848681299835
2025-11-21T21:00:00Z,2025-11-21,15,15:00:00,2025-11-21,15:00,N,33.28,21621.0,8729.0,0.5549335712351056
2025-11-21T22:00:00Z,2025-11-21,16,16:00:00,2025-11-21,16:00,N,39.33,20476.0,8007.0,0.5947710450442396
2025-11-21T23:00:00Z,2025-11-21,17,17:00:00,2025-11-21,17:00,N,70.89,10901.0,7263.0,0.7499514500103336
2025-11-22T00:00:00Z,2025-11-21,18,18:00:00,2025-11-21,18:00,N,92.78,968.0,6501.0,0.8549257383841025
2025-11-22T01:00:00Z,2025-11-21,19,19:00:00,2025-11-21,19:00,N,81.71,2.0,6558.0,0.8712948444302978
2025-11-22T02:00:00Z,2025-11-21,20,20:00:00,2025-11-21,20:00,N,79.13,0.0,7068.0,0.8957269497597283
2025-11-22T03:00:00Z,2025-11-21,21,21:00:00,2025-11-21,21:00,N,62.94,0.0,7282.0,0.9184996336673443
2025-11-22T04:00:00Z,2025-11-21,22,22:00:00,2025-11-21,22:00,N,53.45,0.0,6855.0,0.9521305830254637
2025-11-22T05:00:00Z,2025-11-21,23,23:00:00,2025-11-21,23:00,N,51.12,0.0,7194.0,0.9472878447867374
2025-11-22T06:00:00Z,2025-11-21,24,00:00:00,2025-11-21,24:00,N,41.76,0.0,7100.0,0.9500529394385595
2025-11-22T07:00:00Z,2025-11-22,1,01:00:00,2025-11-22,01:00,N,43.63,0.0,6343.0,0.9587909437003904
2025-11-22T08:00:00Z,2025-11-22,2,02:00:00,2025-11-22,02:00,N,41.19,0.0,5967.0,0.9702727778442105
2025-11-22T09:00:00Z,2025-11-22,3,03:00:00,2025-11-22,03:00,N,37.94,0.0,6101.0,0.9720345555922177
2025-11-22T10:00:00Z,2025-11-22,4,04:00:00,2025-11-22,04:00,N,35.19,0.0,5799.0,0.9796054322480044
2025-11-22T11:00:00Z,2025-11-22,5,05:00:00,2025-11-22,05:00,N,35.02,0.0,5336.0,0.98998522507964
2025-11-22T12:00:00Z,2025-11-22,6,06:00:00,2025-11-22,06:00,N,39.07,0.0,4750.0,0.9960286996462776
2025-11-22T13:00:00Z,2025-11-22,7,07:00:00,2025-11-22,07:00,N,36.55,5.0,4246.0,0.9958616604862477
2025-11-22T14:00:00Z,2025-11-22,8,08:00:00,2025-11-22,08:00,N,32.56,2145.0,3830.0,0.9642226151972721
2025-11-22T15:00:00Z,2025-11-22,9,09:00:00,2025-11-22,09:00,N,24.54,13210.0,2665.0,0.7693992608315227
2025-11-22T16:00:00Z,2025-11-22,10,10:00:00,2025-11-22,10:00,N,22.49,20931.0,1473.0,0.6626335039403713
2025-11-22T17:00:00Z,2025-11-22,11,11:00:00,2025-11-22,11:00,N,23.43,21828.0,1480.0,0.6639223909411806
2025-11-22T18:00:00Z,2025-11-22,12,12:00:00,2025-11-22,12:00,N,25.8,22216.0,1303.0,0.6615605508044864
2025-11-22T19:00:00Z,2025-11-22,13,13:00:00,2025-11-22,13:00,N,27.23,22409.0,1123.0,0.6603717926183875
2025-11-22T20:00:00Z,2025-11-22,14,14:00:00,2025-11-22,14:00,N,25.76,22276.0,1323.0,0.6587267842744842
2025-11-22T21:00:00Z,2025-11-22,15,15:00:00,2025-11-22,15:00,N,26.55,22569.0,1568.0,0.6542634220413122
2025-11-22T22:00:00Z,2025-11-22,16,16:00:00,2025-11-22,16:00,N,30.05,20827.0,2414.0,0.6501931595822902
2025-11-22T23:00:00Z,2025-11-22,17,17:00:00,2025-11-22,17:00,N,54.96,9891.0,2858.0,0.7913190391410143
2025-11-23T00:00:00Z,2025-11-22,18,18:00:00,2025-11-22,18:00,N,74.82,613.0,3737.0,0.8676341393335746
2025-11-23T01:00:00Z,2025-11-22,19,19:00:00,2025-11-22,19:00,N,57.75,0.0,5657.0,0.8873228397542492
2025-11-23T02:00:00Z,2025-11-22,20,20:00:00,2025-11-22,20:00,N,50.5,0.0,7042.0,0.9187779655588648
2025-11-23T03:00:00Z,2025-11-22,21,21:00:00,2025-11-22,21:00,N,46.41,0.0,8151.0,0.9241567321513279
2025-11-23T04:00:00Z,2025-11-22,22,22:00:00,2025-11-22,22:00,N,36.47,0.0,8698.0,0.9156435350865856
2025-11-23T05:00:00Z,2025-11-22,23,23:00:00,2025-11-22,23:00,N,41.39,0.0,9085.0,0.9095888855559284
2025-11-23T06:00:00Z,2025-11-22,24,00:00:00,2025-11-22,24:00,N,37.5,0.0,9537.0,0.9042275359806541
2025-11-23T07:00:00Z,2025-11-23,1,01:00:00,2025-11-23,01:00,N,46.51,0.0,10143.0,0.8912922825670708
2025-11-23T08:00:00Z,2025-11-23,2,02:00:00,2025-11-23,02:00,N,40.91,0.0,10669.0,0.8787457760868747
2025-11-23T09:00:00Z,2025-11-23,3,03:00:00,2025-11-23,03:00,N,39.43,0.0,10829.0,0.8734987002848922
2025-11-23T10:00:00Z,2025-11-23,4,04:00:00,2025-11-23,04:00,N,37.34,0.0,10699.0,0.8726229427038017
2025-11-23T11:00:00Z,2025-11-23,5,05:00:00,2025-11-23,05:00,N,36.89,0.0,10956.0,0.8626821435040045
2025-11-23T12:00:00Z,2025-11-23,6,06:00:00,2025-11-23,06:00,N,35.91,0.0,11917.0,0.8344653092470115
2025-11-23T13:00:00Z,2025-11-23,7,07:00:00,2025-11-23,07:00,N,33.2,3.0,12566.0,0.8132555218790277
2025-11-23T14:00:00Z,2025-11-23,8,08:00:00,2025-11-23,08:00,N,29.81,1332.0,13207.0,0.7707459134857556
2025-11-23T15:00:00Z,2025-11-23,9,09:00:00,2025-11-23,09:00,N,26.61,8997.0,13576.0,0.6062186979397827
2025-11-23T16:00:00Z,2025-11-23,10,10:00:00,2025-11-23,10:00,N,26.14,13580.0,13640.0,0.502801414670631
2025-11-23T17:00:00Z,2025-11-23,11,11:00:00,2025-11-23,11:00,N,25.02,13875.0,14063.0,0.478153416309356
2025-11-23T18:00:00Z,2025-11-23,12,12:00:00,2025-11-23,12:00,N,24.34,13441.0,14156.0,0.4759608318098913
2025-11-23T19:00:00Z,2025-11-23,13,13:00:00,2025-11-23,13:00,N,25.75,13151.0,14692.0,0.48422630760878727
2025-11-23T20:00:00Z,2025-11-23,14,14:00:00,2025-11-23,14:00,N,26.55,13594.0,15546.0,0.47197080053211304
2025-11-23T21:00:00Z,2025-11-23,15,15:00:00,2025-11-23,15:00,N,29.01,13498.0,15670.0,0.4598281022511586
2025-11-23T22:00:00Z,2025-11-23,16,16:00:00,2025-11-23,16:00,N,32.57,11174.0,15382.0,0.517289272030568
2025-11-23T23:00:00Z,2025-11-23,17,17:00:00,2025-11-23,17:00,N,45.45,5152.0,15094.0,0.6639976927223143
2025-11-24T00:00:00Z,2025-11-23,18,18:00:00,2025-11-23,18:00,N,52.11,366.0,15337.0,0.7704480434211497
2025-11-24T01:00:00Z,2025-11-23,19,19:00:00,2025-11-23,19:00,N,50.0,0.0,14805.0,0.7809993080108968
2025-11-24T02:00:00Z,2025-11-23,20,20:00:00,2025-11-23,20:00,N,51.02,1.0,13348.0,0.7924951114361398
2025-11-24T03:00:00Z,2025-11-23,21,21:00:00,2025-11-23,21:00,N,48.45,1.0,12032.0,0.8092664990498828
2025-11-24T04:00:00Z,2025-11-23,22,22:00:00,2025-11-23,22:00,N,47.19,1.0,11687.0,0.8145196921989218
2025-11-24T05:00:00Z,2025-11-23,23,23:00:00,2025-11-23,23:00,N,44.11,1.0,11540.0,0.8382171474199717
2025-11-24T06:00:00Z,2025-11-23,24,00:00:00,2025-11-23,24:00,N,38.64,1.0,11417.0,0.8544737917773689
2025-11-24T07:00:00Z,2025-11-24,1,01:00:00,2025-11-24,01:00,N,32.55,1.0,11118.0,0.8553157812505326
2025-11-24T08:00:00Z,2025-11-24,2,02:00:00,2025-11-24,02:00,N,30.5,1.0,11043.0,0.8579546472146041
2025-11-24T09:00:00Z,2025-11-24,3,03:00:00,2025-11-24,03:00,N,29.71,1.0,11420.0,0.8436002122685897
2025-11-24T10:00:00Z,2025-11-24,4,04:00:00,2025-11-24,04:00,N,29.31,1.0,11782.0,0.8362745152575581
2025-11-24T11:00:00Z,2025-11-24,5,05:00:00,2025-11-24,05:00,N,30.38,1.0,12287.0,0.8284098057444078
2025-11-24T12:00:00Z,2025-11-24,6,06:00:00,2025-11-24,06:00,N,34.09,1.0,12881.0,0.821250080310912
2025-11-24T13:00:00Z,2025-11-24,7,07:00:00,2025-11-24,07:00,N,35.41,2.0,12879.0,0.8024099986022915
2025-11-24T14:00:00Z,2025-11-24,8,08:00:00,2025-11-24,08:00,N,35.95,823.0,13065.0,0.7755360882703666
2025-11-24T15:00:00Z,2025-11-24,9,09:00:00,2025-11-24,09:00,N,29.38,5957.0,12321.0,0.7192836007365248
2025-11-24T16:00:00Z,2025-11-24,10,10:00:00,2025-11-24,10:00,N,27.19,10788.0,11121.0,0.6569140298478903
2025-11-24T17:00:00Z,2025-11-24,11,11:00:00,2025-11-24,11:00,N,27.89,12767.0,12030.0,0.6291825157375656
2025-11-24T18:00:00Z,2025-11-24,12,12:00:00,2025-11-24,12:00,N,29.78,12736.0,12744.0,0.6261833611080759
2025-11-24T19:00:00Z,2025-11-24,13,13:00:00,2025-11-24,13:00,N,30.99,12451.0,12884.0,0.6338361130417108
2025-11-24T20:00:00Z,2025-11-24,14,14:00:00,2025-11-24,14:00,N,30.58,13175.0,13040.0,0.6227851715426149
2025-11-24T21:00:00Z,2025-11-24,15,15:00:00,2025-11-24,15:00,N,30.79,13500.0,12917.0,0.6241354922407182
2025-11-24T22:00:00Z,2025-11-24,16,16:00:00,2025-11-24,16:00,N,35.11,13765.0,12700.0,0.6162768347503618
2025-11-24T23:00:00Z,2025-11-24,17,17:00:00,2025-11-24,17:00,N,50.2,8596.0,11674.0,0.686923484055091
2025-11-25T00:00:00Z,2025-11-24,18,18:00:00,2025-11-24,18:00,N,67.8,843.0,8421.0,0.8285248035300341
2025-11-25T01:00:00Z,2025-11-24,19,19:00:00,2025-11-24,19:00,N,69.29,1.0,7678.0,0.8519742432090024
2025-11-25T02:00:00Z,2025-11-24,20,20:00:00,2025-11-24,20:00,N,67.72,1.0,7314.0,0.8740629411927529
2025-11-25T03:00:00Z,2025-11-24,21,21:00:00,2025-11-24,21:00,N,64.45,1.0,6653.0,0.9058325817204619
2025-11-25T04:00:00Z,2025-11-24,22,22:00:00,2025-11-24,22:00,N,66.37,1.0,5945.0,0.9481274172118702
2025-11-25T05:00:00Z,2025-11-24,23,23:00:00,2025-11-24,23:00,N,70.89,1.0,5329.0,0.9719358399464787
2025-11-25T06:00:00Z,2025-11-24,24,00:00:00,2025-11-24,24:00,N,51.56,1.0,4835.0,0.9901080025754236
2025-11-25T07:00:00Z,2025-11-25,1,01:00:00,2025-11-25,01:00,N,54.26,1.0,4591.0,0.991527023921169
2025-11-25T08:00:00Z,2025-11-25,2,02:00:00,2025-11-25,02:00,N,53.25,1.0,4144.0,1.0036088297552257
2025-11-25T09:00:00Z,2025-11-25,3,03:00:00,2025-11-25,03:00,N,51.01,1.0,3575.0,1.0171420284389763
2025-11-25T10:00:00Z,2025-11-25,4,04:00:00,2025-11-25,04:00,N,50.22,1.0,3199.0,1.0269764599418083
2025-11-25T11:00:00Z,2025-11-25,5,05:00:00,2025-11-25,05:00,N,49.05,1.0,2942.0,1.0239944711982447
2025-11-25T12:00:00Z,2025-11-25,6,06:00:00,2025-11-25,06:00,N,60.05,1.0,2733.0,1.0240263795053548
2025-11-25T13:00:00Z,2025-11-25,7,07:00:00,2025-11-25,07:00,N,78.28,1.0,2337.0,0.9868192921721105
2025-11-25T14:00:00Z,2025-11-25,8,08:00:00,2025-11-25,08:00,N,68.76,1825.0,1978.0,0.9553162049346346
2025-11-25T15:00:00Z,2025-11-25,9,09:00:00,2025-11-25,09:00,N,39.4,13139.0,2097.0,0.7776014984524645
2025-11-25T16:00:00Z,2025-11-25,10,10:00:00,2025-11-25,10:00,N,31.42,21314.0,1897.0,0.6414465099801978
2025-11-25T17:00:00Z,2025-11-25,11,11:00:00,2025-11-25,11:00,N,29.4,22440.0,2051.0,0.6304509770873058
2025-11-25T18:00:00Z,2025-11-25,12,12:00:00,2025-11-25,12:00,N,28.71,22112.0,2001.0,0.6420254400812108
2025-11-25T19:00:00Z,2025-11-25,13,13:00:00,2025-11-25,13:00,N,29.2,22244.0,2800.0,0.6192514121508306
2025-11-25T20:00:00Z,2025-11-25,14,14:00:00,2025-11-25,14:00,N,28.57,23392.0,3422.0,0.6048216393989944
2025-11-25T21:00:00Z,2025-11-25,15,15:00:00,2025-11-25,15:00,N,26.53,23683.0,4347.0,0.597204597335804
2025-11-25T22:00:00Z,2025-11-25,16,16:00:00,2025-11-25,16:00,N,28.41,21579.0,5928.0,0.6053477183221733
2025-11-25T23:00:00Z,2025-11-25,17,17:00:00,2025-11-25,17:00,N,55.47,10645.0,8700.0,0.7006690885694847
2025-11-26T00:00:00Z,2025-11-25,18,18:00:00,2025-11-25,18:00,N,64.83,866.0,11661.0,0.7824476812042946
2025-11-26T01:00:00Z,2025-11-25,19,19:00:00,2025-11-25,19:00,N,51.18,1.0,14613.0,0.7743146831769938
2025-11-26T02:00:00Z,2025-11-25,20,20:00:00,2025-11-25,20:00,N,39.97,1.0,18071.0,0.7274224786991698
2025-11-26T03:00:00Z,2025-11-25,21,21:00:00,2025-11-25,21:00,N,31.5,1.0,20354.0,0.6684770509395087
2025-11-26T04:00:00Z,2025-11-25,22,22:00:00,2025-11-25,22:00,N,28.69,1.0,21042.0,0.6443130164962292
2025-11-26T05:00:00Z,2025-11-25,23,23:00:00,2025-11-25,23:00,N,26.45,1.0,21655.0,0.6232184835543465
2025-11-26T06:00:00Z,2025-11-25,24,00:00:00,2025-11-25,24:00,N,24.6,1.0,21110.0,0.6223479319177224
2025-11-26T07:00:00Z,2025-11-26,1,01:00:00,2025-11-26,01:00,N,22.78,1.0,20863.0,0.6007244271985126
2025-11-26T08:00:00Z,2025-11-26,2,02:00:00,2025-11-26,02:00,N,22.38,1.0,20696.0,0.5790732782486496
2025-11-26T09:00:00Z,2025-11-26,3,03:00:00,2025-11-26,03:00,N,22.33,1.0,20769.0,0.5524180148001033
2025-11-26T10:00:00Z,2025-11-26,4,04:00:00,2025-11-26,04:00,N,22.43,1.0,20360.0,0.5421562641202821
2025-11-26T11:00:00Z,2025-11-26,5,05:00:00,2025-11-26,05:00,N,24.96,1.0,18822.0,0.5963805526181258
2025-11-26T12:00:00Z,2025-11-26,6,06:00:00,2025-11-26,06:00,N,32.06,1.0,17986.0,0.6438489069181619
2025-11-26T13:00:00Z,2025-11-26,7,07:00:00,2025-11-26,07:00,N,40.73,1.0,16876.0,0.6850185981942679
2025-11-26T14:00:00Z,2025-11-26,8,08:00:00,2025-11-26,08:00,N,45.85,1901.0,15056.0,0.6841597295406598
2025-11-26T15:00:00Z,2025-11-26,9,09:00:00,2025-11-26,09:00,N,27.64,14140.0,11665.0,0.5280382940918534
2025-11-26T16:00:00Z,2025-11-26,10,10:00:00,2025-11-26,10:00,N,20.52,20948.0,10085.0,0.41295642178520425
2025-11-26T17:00:00Z,2025-11-26,11,11:00:00,2025-11-26,11:00,N,18.58,20915.0,7732.0,0.46031720089308426
2025-11-26T18:00:00Z,2025-11-26,12,12:00:00,2025-11-26,12:00,N,18.53,21090.0,6318.0,0.49083816789623685
2025-11-26T19:00:00Z,2025-11-26,13,13:00:00,2025-11-26,13:00,N,19.16,21644.0,5773.0,0.48828182951891214
2025-11-26T20:00:00Z,2025-11-26,14,14:00:00,2025-11-26,14:00,N,17.71,21871.0,5232.0,0.5069921975807263
2025-11-26T21:00:00Z,2025-11-26,15,15:00:00,2025-11-26,15:00,N,16.39,22774.0,5083.0,0.5126685365029817
2025-11-26T22:00:00Z,2025-11-26,16,16:00:00,2025-11-26,16:00,N,20.16,21500.0,5282.0,0.5028059424841668
2025-11-26T23:00:00Z,2025-11-26,17,17:00:00,2025-11-26,17:00,N,41.54,10737.0,5345.0,0.7091251178855363
2025-11-27T00:00:00Z,2025-11-26,18,18:00:00,2025-11-26,18:00,N,72.91,762.0,5530.0,0.841019072299998
2025-11-27T01:00:00Z,2025-11-26,19,19:00:00,2025-11-26,19:00,N,61.97,1.0,6586.0,0.8507414847643404
2025-11-27T02:00:00Z,2025-11-26,20,20:00:00,2025-11-26,20:00,N,54.03,1.0,8246.0,0.8624562256552721
2025-11-27T03:00:00Z,2025-11-26,21,21:00:00,2025-11-26,21:00,N,43.84,1.0,10307.0,0.8527048627511593
2025-11-27T04:00:00Z,2025-11-26,22,22:00:00,2025-11-26,22:00,N,36.81,1.0,10623.0,0.8479456756043465
2025-11-27T05:00:00Z,2025-11-26,23,23:00:00,2025-11-26,23:00,N,35.6,1.0,10208.0,0.85553374128375
2025-11-27T06:00:00Z,2025-11-26,24,00:00:00,2025-11-26,24:00,N,32.41,1.0,10220.0,0.8530184352370597
2025-11-27T07:00:00Z,2025-11-27,1,01:00:00,2025-11-27,01:00,N,30.77,1.0,9323.0,0.8626320288034289
2025-11-27T08:00:00Z,2025-11-27,2,02:00:00,2025-11-27,02:00,N,30.7,1.0,8625.0,0.8739735274938449
2025-11-27T09:00:00Z,2025-11-27,3,03:00:00,2025-11-27,03:00,N,34.31,1.0,8602.0,0.8801447818565156
2025-11-27T10:00:00Z,2025-11-27,4,04:00:00,2025-11-27,04:00,N,39.14,1.0,8147.0,0.8878495431541059
2025-11-27T11:00:00Z,2025-11-27,5,05:00:00,2025-11-27,05:00,N,44.94,1.0,7620.0,0.8983927211960482
2025-11-27T12:00:00Z,2025-11-27,6,06:00:00,2025-11-27,06:00,N,49.82,1.0,7112.0,0.9002843710169056
2025-11-27T13:00:00Z,2025-11-27,7,07:00:00,2025-11-27,07:00,N,46.9,1.0,6887.0,0.8856876925920156
2025-11-27T14:00:00Z,2025-11-27,8,08:00:00,2025-11-27,08:00,N,42.21,1056.0,7250.0,0.8604719189419684
2025-11-27T15:00:00Z,2025-11-27,9,09:00:00,2025-11-27,09:00,N,28.45,10562.0,6422.0,0.7178182349189134
2025-11-27T16:00:00Z,2025-11-27,10,10:00:00,2025-11-27,10:00,N,26.66,18242.0,3991.0,0.6273129916707352
2025-11-27T17:00:00Z,2025-11-27,11,11:00:00,2025-11-27,11:00,N,23.54,20822.0,3406.0,0.5999792433739469
2025-11-27T18:00:00Z,2025-11-27,12,12:00:00,2025-11-27,12:00,N,21.81,21981.0,3130.0,0.5849072184700104
2025-11-27T19:00:00Z,2025-11-27,13,13:00:00,2025-11-27,13:00,N,19.64,22219.0,2865.0,0.5788413736032699
2025-11-27T20:00:00Z,2025-11-27,14,14:00:00,2025-11-27,14:00,N,16.86,22489.0,2740.0,0.5731613676856813
2025-11-27T21:00:00Z,2025-11-27,15,15:00:00,2025-11-27,15:00,N,14.57,23089.0,3585.0,0.5532065662646706
2025-11-27T22:00:00Z,2025-11-27,16,16:00:00,2025-11-27,16:00,N,16.64,21074.0,4698.0,0.5350141483191105
2025-11-27T23:00:00Z,2025-11-27,17,17:00:00,2025-11-27,17:00,N,33.36,9505.0,5688.0,0.702269937674554
2025-11-28T00:00:00Z,2025-11-27,18,18:00:00,2025-11-27,18:00,N,49.16,514.0,6779.0,0.8154857816793247
2025-11-28T01:00:00Z,2025-11-27,19,19:00:00,2025-11-27,19:00,N,40.95,17.0,10093.0,0.80117059442901
2025-11-28T02:00:00Z,2025-11-27,20,20:00:00,2025-11-27,20:00,N,34.45,17.0,13783.0,0.7755185605657123
2025-11-28T03:00:00Z,2025-11-27,21,21:00:00,2025-11-27,21:00,N,29.08,17.0,16407.0,0.7174769798296458
2025-11-28T04:00:00Z,2025-11-27,22,22:00:00,2025-11-27,22:00,N,26.35,1.0,17513.0,0.6681420079438888
2025-11-28T05:00:00Z,2025-11-27,23,23:00:00,2025-11-27,23:00,N,29.2,1.0,17309.0,0.672356951827765
2025-11-28T06:00:00Z,2025-11-27,24,00:00:00,2025-11-27,24:00,N,28.39,1.0,16982.0,0.680114564795394
2025-11-28T07:00:00Z,2025-11-28,1,01:00:00,2025-11-28,01:00,N,28.54,1.0,16637.0,0.677422013261808
2025-11-28T08:00:00Z,2025-11-28,2,02:00:00,2025-11-28,02:00,N,27.84,1.0,16805.0,0.6771762364731959
2025-11-28T09:00:00Z,2025-11-28,3,03:00:00,2025-11-28,03:00,N,26.93,1.0,17640.0,0.6512807385144068
2025-11-28T10:00:00Z,2025-11-28,4,04:00:00,2025-11-28,04:00,N,26.2,1.0,19650.0,0.5949680134296014
2025-11-28T11:00:00Z,2025-11-28,5,05:00:00,2025-11-28,05:00,N,26.57,1.0,20665.0,0.5691281526536642
2025-11-28T12:00:00Z,2025-11-28,6,06:00:00,2025-11-28,06:00,N,27.67,1.0,21861.0,0.5509051932531961
2025-11-28T13:00:00Z,2025-11-28,7,07:00:00,2025-11-28,07:00,N,26.45,1.0,22721.0,0.5486288136048278
2025-11-28T14:00:00Z,2025-11-28,8,08:00:00,2025-11-28,08:00,N,25.77,956.0,23321.0,0.5202824393144353
2025-11-28T15:00:00Z,2025-11-28,9,09:00:00,2025-11-28,09:00,N,21.33,5897.0,22976.0,0.4235852655667734
2025-11-28T16:00:00Z,2025-11-28,10,10:00:00,2025-11-28,10:00,N,16.67,10966.0,22953.0,0.33392647272419423
2025-11-28T17:00:00Z,2025-11-28,11,11:00:00,2025-11-28,11:00,N,11.25,12970.0,23794.0,0.28371918579575073
2025-11-28T18:00:00Z,2025-11-28,12,12:00:00,2025-11-28,12:00,N,5.91,12879.0,23663.0,0.2719502873494133
2025-11-28T19:00:00Z,2025-11-28,13,13:00:00,2025-11-28,13:00,N,3.78,11272.0,23830.0,0.27670268716346597
2025-11-28T20:00:00Z,2025-11-28,14,14:00:00,2025-11-28,14:00,N,5.54,10324.0,23765.0,0.2818807530046309
2025-11-28T21:00:00Z,2025-11-28,15,15:00:00,2025-11-28,15:00,N,7.92,8430.0,25177.0,0.2960001643965937
2025-11-28T22:00:00Z,2025-11-28,16,16:00:00,2025-11-28,16:00,N,14.44,5090.0,26441.0,0.35690952443595936
2025-11-28T23:00:00Z,2025-11-28,17,17:00:00,2025-11-28,17:00,N,22.84,2394.0,26228.0,0.45724321854788536
2025-11-29T00:00:00Z,2025-11-28,18,18:00:00,2025-11-28,18:00,N,25.75,247.0,26791.0,0.48739784510516393
2025-11-29T01:00:00Z,2025-11-28,19,19:00:00,2025-11-28,19:00,N,25.75,1.0,27166.0,0.47761133163687336
2025-11-29T02:00:00Z,2025-11-28,20,20:00:00,2025-11-28,20:00,N,25.68,1.0,27549.0,0.4752885594036466
2025-11-29T03:00:00Z,2025-11-28,21,21:00:00,2025-11-28,21:00,N,23.55,0.0,27550.0,0.4694035610173434
2025-11-29T04:00:00Z,2025-11-28,22,22:00:00,2025-11-28,22:00,N,21.58,1.0,27179.0,0.466180495928568
2025-11-29T05:00:00Z,2025-11-28,23,23:00:00,2025-11-28,23:00,N,21.5,1.0,27085.0,0.45001442890790877
2025-11-29T06:00:00Z,2025-11-28,24,00:00:00,2025-11-28,24:00,N,19.26,1.0,27064.0,0.43773180189508615
2025-11-29T07:00:00Z,2025-11-29,1,01:00:00,2025-11-29,01:00,N,17.04,1.0,26193.0,0.44006126764147024
2025-11-29T08:00:00Z,2025-11-29,2,02:00:00,2025-11-29,02:00,N,15.89,1.0,25463.0,0.4507402036501311
2025-11-29T09:00:00Z,2025-11-29,3,03:00:00,2025-11-29,03:00,N,15.49,0.0,25087.0,0.44936989890833884
2025-11-29T10:00:00Z,2025-11-29,4,04:00:00,2025-11-29,04:00,N,17.0,0.0,23679.0,0.487758116541428
2025-11-29T11:00:00Z,2025-11-29,5,05:00:00,2025-11-29,05:00,N,17.17,1.0,23296.0,0.5053008657260009
2025-11-29T12:00:00Z,2025-11-29,6,06:00:00,2025-11-29,06:00,N,17.36,1.0,23356.0,0.5206302226294253
2025-11-29T13:00:00Z,2025-11-29,7,07:00:00,2025-11-29,07:00,N,17.61,1.0,22683.0,0.5517065806689593
2025-11-29T14:00:00Z,2025-11-29,8,08:00:00,2025-11-29,08:00,N,19.52,257.0,22035.0,0.5715127644743319
2025-11-29T15:00:00Z,2025-11-29,9,09:00:00,2025-11-29,09:00,N,20.05,4551.0,20735.0,0.5501585224884108
2025-11-29T16:00:00Z,2025-11-29,10,10:00:00,2025-11-29,10:00,N,19.97,10173.0,18890.0,0.491190656752967
2025-11-29T17:00:00Z,2025-11-29,11,11:00:00,2025-11-29,11:00,N,21.31,12255.0,17622.0,0.45476584710283396
2025-11-29T18:00:00Z,2025-11-29,12,12:00:00,2025-11-29,12:00,N,23.63,12819.0,16809.0,0.4655780943688875
2025-11-29T19:00:00Z,2025-11-29,13,13:00:00,2025-11-29,13:00,N,25.86,12912.0,17203.0,0.4539384635829441
2025-11-29T20:00:00Z,2025-11-29,14,14:00:00,2025-11-29,14:00,N,25.95,13909.0,16479.0,0.4315862767744176
2025-11-29T21:00:00Z,2025-11-29,15,15:00:00,2025-11-29,15:00,N,27.33,14021.0,15842.0,0.4371034822458187
2025-11-29T22:00:00Z,2025-11-29,16,16:00:00,2025-11-29,16:00,N,24.71,12517.0,16749.0,0.44290721493126717
2025-11-29T23:00:00Z,2025-11-29,17,17:00:00,2025-11-29,17:00,N,34.54,7266.0,19640.0,0.49630983297488096
2025-11-30T00:00:00Z,2025-11-29,18,18:00:00,2025-11-29,18:00,N,33.08,598.0,21683.0,0.568903656300683
2025-11-30T01:00:00Z,2025-11-29,19,19:00:00,2025-11-29,19:00,N,32.05,1.0,23293.0,0.5800637569375791
2025-11-30T02:00:00Z,2025-11-29,20,20:00:00,2025-11-29,20:00,N,30.78,1.0,24220.0,0.5825927430610566
2025-11-30T03:00:00Z,2025-11-29,21,21:00:00,2025-11-29,21:00,N,28.98,1.0,25009.0,0.5797247179429236
2025-11-30T04:00:00Z,2025-11-29,22,22:00:00,2025-11-29,22:00,N,27.27,1.0,25339.0,0.5712457986235844
2025-11-30T05:00:00Z,2025-11-29,23,23:00:00,2025-11-29,23:00,N,28.86,1.0,25703.0,0.5438251386624076
2025-11-30T06:00:00Z,2025-11-29,24,00:00:00,2025-11-29,24:00,N,27.26,1.0,25129.0,0.5280000127522317
2025-11-30T07:00:00Z,2025-11-30,1,01:00:00,2025-11-30,01:00,N,25.16,1.0,24354.0,0.5025139108998911
2025-11-30T08:00:00Z,2025-11-30,2,02:00:00,2025-11-30,02:00,N,23.65,1.0,23350.0,0.5070485129690069
2025-11-30T09:00:00Z,2025-11-30,3,03:00:00,2025-11-30,03:00,N,24.36,1.0,22157.0,0.5255480188523006
2025-11-30T10:00:00Z,2025-11-30,4,04:00:00,2025-11-30,04:00,N,25.02,1.0,21103.0,0.5512266005935589
2025-11-30T11:00:00Z,2025-11-30,5,05:00:00,2025-11-30,05:00,N,27.32,0.0,20635.0,0.5804738858652996
2025-11-30T12:00:00Z,2025-11-30,6,06:00:00,2025-11-30,06:00,N,28.24,0.0,19711.0,0.6123234007661023
2025-11-30T13:00:00Z,2025-11-30,7,07:00:00,2025-11-30,07:00,N,29.83,0.0,18751.0,0.6440573740613349
2025-11-30T14:00:00Z,2025-11-30,8,08:00:00,2025-11-30,08:00,N,31.07,460.0,17568.0,0.6675259158666828
2025-11-30T15:00:00Z,2025-11-30,9,09:00:00,2025-11-30,09:00,N,28.74,4561.0,16948.0,0.6199675829167739
2025-11-30T16:00:00Z,2025-11-30,10,10:00:00,2025-11-30,10:00,N,28.1,8487.0,15665.0,0.5735068992416383
2025-11-30T17:00:00Z,2025-11-30,11,11:00:00,2025-11-30,11:00,N,31.3,10528.0,13535.0,0.5746494537632625
2025-11-30T18:00:00Z,2025-11-30,12,12:00:00,2025-11-30,12:00,N,32.69,12218.0,11536.0,0.5810413294257704
2025-11-30T19:00:00Z,2025-11-30,13,13:00:00,2025-11-30,13:00,N,33.22,12566.0,10561.0,0.5892959098098018
2025-11-30T20:00:00Z,2025-11-30,14,14:00:00,2025-11-30,14:00,N,36.03,12706.0,9796.0,0.5908779159399529
2025-11-30T21:00:00Z,2025-11-30,15,15:00:00,2025-11-30,15:00,N,38.12,10147.0,9248.0,0.6548938635724563
2025-11-30T22:00:00Z,2025-11-30,16,16:00:00,2025-11-30,16:00,N,37.26,5752.0,8765.0,0.7533870802497246
2025-11-30T23:00:00Z,2025-11-30,17,17:00:00,2025-11-30,17:00,N,49.44,1906.0,8315.0,0.8298260325361951
2025-12-01T00:00:00Z,2025-11-30,18,18:00:00,2025-11-30,18:00,N,53.17,90.0,7836.0,0.8452487766394735
2025-12-01T01:00:00Z,2025-11-30,19,19:00:00,2025-11-30,19:00,N,50.19,0.0,8001.0,0.8352500236014443
2025-12-01T02:00:00Z,2025-11-30,20,20:00:00,2025-11-30,20:00,N,59.61,0.0,7783.0,0.8478240243030581
2025-12-01T03:00:00Z,2025-11-30,21,21:00:00,2025-11-30,21:00,N,58.68,0.0,7594.0,0.8568141765303786
2025-12-01T04:00:00Z,2025-11-30,22,22:00:00,2025-11-30,22:00,N,61.16,0.0,7500.0,0.8747386408958203
2025-12-01T05:00:00Z,2025-11-30,23,23:00:00,2025-11-30,23:00,N,56.5,0.0,6841.0,0.8967999407340667
2025-12-01T06:00:00Z,2025-11-30,24,00:00:00,2025-11-30,24:00,N,51.55,0.0,6044.0,0.9120474144064941
2025-12-01T07:00:00Z,2025-12-01,1,01:00:00,2025-12-01,01:00,N,47.64,1.0,5715.0,0.917778690171874
2025-12-01T08:00:00Z,2025-12-01,2,02:00:00,2025-12-01,02:00,N,48.91,1.0,5159.0,0.9274884040631343
2025-12-01T09:00:00Z,2025-12-01,3,03:00:00,2025-12-01,03:00,N,49.68,1.0,4434.0,0.941415474119718
2025-12-01T10:00:00Z,2025-12-01,4,04:00:00,2025-12-01,04:00,N,49.75,1.0,3902.0,0.9459755592229568
2025-12-01T11:00:00Z,2025-12-01,5,05:00:00,2025-12-01,05:00,N,50.78,1.0,3704.0,0.9525270619197274
2025-12-01T12:00:00Z,2025-12-01,6,06:00:00,2025-12-01,06:00,N,53.98,1.0,3383.0,0.9486018311822786
2025-12-01T13:00:00Z,2025-12-01,7,07:00:00,2025-12-01,07:00,N,69.69,0.0,3335.0,0.9152600735487315
2025-12-01T14:00:00Z,2025-12-01,8,08:00:00,2025-12-01,08:00,N,74.87,114.0,2638.0,0.9016479301989705
2025-12-01T15:00:00Z,2025-12-01,9,09:00:00,2025-12-01,09:00,N,80.07,2955.0,2160.0,0.8960304591675438
2025-12-01T16:00:00Z,2025-12-01,10,10:00:00,2025-12-01,10:00,N,66.52,6538.0,1898.0,0.8576763335542991
2025-12-01T17:00:00Z,2025-12-01,11,11:00:00,2025-12-01,11:00,N,61.53,8066.0,1685.0,0.8402476587742645
2025-12-01T18:00:00Z,2025-12-01,12,12:00:00,2025-12-01,12:00,N,59.45,9756.0,1999.0,0.8082735645763834
2025-12-01T19:00:00Z,2025-12-01,13,13:00:00,2025-12-01,13:00,N,51.87,10475.0,2955.0,0.7844458885828618
2025-12-01T20:00:00Z,2025-12-01,14,14:00:00,2025-12-01,14:00,N,46.1,10426.0,3920.0,0.7692249024710905
2025-12-01T21:00:00Z,2025-12-01,15,15:00:00,2025-12-01,15:00,N,46.46,9991.0,4422.0,0.7690926161357323
2025-12-01T22:00:00Z,2025-12-01,16,16:00:00,2025-12-01,16:00,N,56.54,9303.0,6034.0,0.7510667365294763
2025-12-01T23:00:00Z,2025-12-01,17,17:00:00,2025-12-01,17:00,N,58.88,5621.0,6891.0,0.7968830735386745
2025-12-02T00:00:00Z,2025-12-01,18,18:00:00,2025-12-01,18:00,N,81.63,554.0,5917.0,0.8546057963307879
2025-12-02T01:00:00Z,2025-12-01,19,19:00:00,2025-12-01,19:00,N,75.35,0.0,5991.0,0.8522142625610907
2025-12-02T02:00:00Z,2025-12-01,20,20:00:00,2025-12-01,20:00,N,70.96,1.0,5774.0,0.8821679723997988
2025-12-02T03:00:00Z,2025-12-01,21,21:00:00,2025-12-01,21:00,N,74.61,1.0,5446.0,0.8980450444989526
2025-12-02T04:00:00Z,2025-12-01,22,22:00:00,2025-12-01,22:00,N,73.42,1.0,4934.0,0.9245377756215387
2025-12-02T05:00:00Z,2025-12-01,23,23:00:00,2025-12-01,23:00,N,63.26,1.0,4433.0,0.9501208323627104
2025-12-02T06:00:00Z,2025-12-01,24,00:00:00,2025-12-01,24:00,N,54.84,1.0,4245.0,0.9567837165434148
2025-12-02T07:00:00Z,2025-12-02,1,01:00:00,2025-12-02,01:00,N,62.34,1.0,4253.0,0.9573024610493099
2025-12-02T08:00:00Z,2025-12-02,2,02:00:00,2025-12-02,02:00,N,60.0,1.0,4358.0,0.9524057910409434
2025-12-02T09:00:00Z,2025-12-02,3,03:00:00,2025-12-02,03:00,N,57.68,1.0,5082.0,0.9412978379133217
2025-12-02T10:00:00Z,2025-12-02,4,04:00:00,2025-12-02,04:00,N,53.83,1.0,5834.0,0.9314964495861249
2025-12-02T11:00:00Z,2025-12-02,5,05:00:00,2025-12-02,05:00,N,61.86,1.0,5758.0,0.9299652967928067
2025-12-02T12:00:00Z,2025-12-02,6,06:00:00,2025-12-02,06:00,N,80.27,1.0,6250.0,0.9021458209660597
2025-12-02T13:00:00Z,2025-12-02,7,07:00:00,2025-12-02,07:00,N,90.42,1.0,6759.0,0.8550304920425066
2025-12-02T14:00:00Z,2025-12-02,8,08:00:00,2025-12-02,08:00,N,80.33,1442.0,7329.0,0.8427474565709144
2025-12-02T15:00:00Z,2025-12-02,9,09:00:00,2025-12-02,09:00,N,50.59,14408.0,7371.0,0.681701338049898
2025-12-02T16:00:00Z,2025-12-02,10,10:00:00,2025-12-02,10:00,N,36.22,23913.0,6640.0,0.5295021347769892
2025-12-02T17:00:00Z,2025-12-02,11,11:00:00,2025-12-02,11:00,N,31.39,23751.0,7784.0,0.48939734437154025
2025-12-02T18:00:00Z,2025-12-02,12,12:00:00,2025-12-02,12:00,N,27.35,22567.0,9690.0,0.4569050225238183
2025-12-02T19:00:00Z,2025-12-02,13,13:00:00,2025-12-02,13:00,N,24.13,21972.0,11596.0,0.427765322404548
2025-12-02T20:00:00Z,2025-12-02,14,14:00:00,2025-12-02,14:00,N,19.09,19939.0,13191.0,0.4153829513671273
2025-12-02T21:00:00Z,2025-12-02,15,15:00:00,2025-12-02,15:00,N,15.73,18455.0,13439.0,0.4136379139097134
2025-12-02T22:00:00Z,2025-12-02,16,16:00:00,2025-12-02,16:00,N,15.79,15930.0,13958.0,0.4292672533314668
2025-12-02T23:00:00Z,2025-12-02,17,17:00:00,2025-12-02,17:00,N,31.14,9310.0,16082.0,0.5456894350704272
2025-12-03T00:00:00Z,2025-12-02,18,18:00:00,2025-12-02,18:00,N,44.89,750.0,18438.0,0.6843386778801895
2025-12-03T01:00:00Z,2025-12-02,19,19:00:00,2025-12-02,19:00,N,47.72,1.0,20892.0,0.6836130990041582
2025-12-03T02:00:00Z,2025-12-02,20,20:00:00,2025-12-02,20:00,N,46.15,1.0,21809.0,0.6772298350378748
2025-12-03T03:00:00Z,2025-12-02,21,21:00:00,2025-12-02,21:00,N,40.39,1.0,22101.0,0.6823540266703818
2025-12-03T04:00:00Z,2025-12-02,22,22:00:00,2025-12-02,22:00,N,36.86,1.0,21578.0,0.6880046691818644
2025-12-03T05:00:00Z,2025-12-02,23,23:00:00,2025-12-02,23:00,N,32.37,1.0,21869.0,0.6768619793465402
2025-12-03T06:00:00Z,2025-12-02,24,00:00:00,2025-12-02,24:00,N,29.61,1.0,22243.0,0.6528934513453251
2025-12-03T07:00:00Z,2025-12-03,1,01:00:00,2025-12-03,01:00,N,29.18,1.0,22040.0,
2025-12-03T08:00:00Z,2025-12-03,2,02:00:00,2025-12-03,02:00,N,26.35,1.0,21905.0,
2025-12-03T09:00:00Z,2025-12-03,3,03:00:00,2025-12-03,03:00,N,28.54,1.0,21799.0,
2025-12-03T10:00:00Z,2025-12-03,4,04:00:00,2025-12-03,04:00,N,29.33,1.0,21605.0,
2025-12-03T11:00:00Z,2025-12-03,5,05:00:00,2025-12-03,05:00,N,29.9,1.0,20752.0,
2025-12-03T12:00:00Z,2025-12-03,6,06:00:00,2025-12-03,06:00,N,38.48,1.0,19652.0,
2025-12-03T13:00:00Z,2025-12-03,7,07:00:00,2025-12-03,07:00,N,48.5,1.0,18762.0,
2025-12-03T14:00:00Z,2025-12-03,8,08:00:00,2025-12-03,08:00,N,47.79,381.0,17066.0,
2025-12-03T15:00:00Z,2025-12-03,9,09:00:00,2025-12-03,09:00,N,35.86,4420.0,13116.0,
2025-12-03T16:00:00Z,2025-12-03,10,10:00:00,2025-12-03,10:00,N,30.8,10043.0,9664.0,
2025-12-03T17:00:00Z,2025-12-03,11,11:00:00,2025-12-03,11:00,N,28.41,12367.0,7773.0,
2025-12-03T18:00:00Z,2025-12-03,12,12:00:00,2025-12-03,12:00,N,28.75,12334.0,5851.0,
2025-12-03T19:00:00Z,2025-12-03,13,13:00:00,2025-12-03,13:00,N,28.66,12366.0,4059.0,
2025-12-03T20:00:00Z,2025-12-03,14,14:00:00,2025-12-03,14:00,N,27.89,12066.0,3450.0,
2025-12-03T21:00:00Z,2025-12-03,15,15:00:00,2025-12-03,15:00,N,28.2,11060.0,3620.0,
2025-12-03T22:00:00Z,2025-12-03,16,16:00:00,2025-12-03,16:00,N,30.83,8866.0,4816.0,
2025-12-03T23:00:00Z,2025-12-03,17,17:00:00,2025-12-03,17:00,N,40.53,4293.0,7241.0,
2025-12-04T00:00:00Z,2025-12-03,18,18:00:00,2025-12-03,18:00,N,45.17,370.0,10426.0,
2025-12-04T01:00:00Z,2025-12-03,19,19:00:00,2025-12-03,19:00,N,45.3,1.0,13913.0,
2025-12-04T02:00:00Z,2025-12-03,20,20:00:00,2025-12-03,20:00,N,41.45,1.0,16268.0,
2025-12-04T03:00:00Z,2025-12-03,21,21:00:00,2025-12-03,21:00,N,37.58,1.0,17481.0,
2025-12-04T04:00:00Z,2025-12-03,22,22:00:00,2025-12-03,22:00,N,30.05,1.0,18687.0,
2025-12-04T05:00:00Z,2025-12-03,23,23:00:00,2025-12-03,23:00,N,30.23,1.0,19288.0,
2025-12-04T06:00:00Z,2025-12-03,24,00:00:00,2025-12-03,24:00,N,29.38,1.0,20336.0,
2025-12-04T07:00:00Z,2025-12-04,1,01:00:00,2025-12-04,01:00,N,24.58,0.096472,21280.363466,
2025-12-04T08:00:00Z,2025-12-04,2,02:00:00,2025-12-04,02:00,N,24.39,0.000252,21586.359105,
2025-12-04T09:00:00Z,2025-12-04,3,03:00:00,2025-12-04,03:00,N,24.57,0.026619,22490.996884,
2025-12-04T10:00:00Z,2025-12-04,4,04:00:00,2025-12-04,04:00,N,24.87,0.009253,21357.544757,
2025-12-04T11:00:00Z,2025-12-04,5,05:00:00,2025-12-04,05:00,N,24.86,0.000264,19250.814503,
2025-12-04T12:00:00Z,2025-12-04,6,06:00:00,2025-12-04,06:00,N,29.52,0.000276,16594.616616,
2025-12-04T13:00:00Z,2025-12-04,7,07:00:00,2025-12-04,07:00,N,34.31,0.000186,14215.674866,
2025-12-04T14:00:00Z,2025-12-04,8,08:00:00,2025-12-04,08:00,N,37.02,46.420731,11309.231697,
2025-12-04T15:00:00Z,2025-12-04,9,09:00:00,2025-12-04,09:00,N,40.75,801.428394,8579.573707,
2025-12-04T16:00:00Z,2025-12-04,10,10:00:00,2025-12-04,10:00,N,47.81,2049.716937,6905.537639,
2025-12-04T17:00:00Z,2025-12-04,11,11:00:00,2025-12-04,11:00,N,45.72,3497.376701,6900.290775,
2025-12-04T18:00:00Z,2025-12-04,12,12:00:00,2025-12-04,12:00,N,47.71,5005.620249,7439.346393,
2025-12-04T19:00:00Z,2025-12-04,13,13:00:00,2025-12-04,13:00,N,48.21,6584.335132,8539.953832,
2025-12-04T20:00:00Z,2025-12-04,14,14:00:00,2025-12-04,14:00,N,46.58,6280.637307,8868.669920,
2025-12-04T21:00:00Z,2025-12-04,15,15:00:00,2025-12-04,15:00,N,46.77,5628.620483,9092.378968,
2025-12-04T22:00:00Z,2025-12-04,16,16:00:00,2025-12-04,16:00,N,50.78,4392.245614,8319.109690,
2025-12-04T23:00:00Z,2025-12-04,17,17:00:00,2025-12-04,17:00,N,53.07,2012.311504,6868.437223,
2025-12-05T00:00:00Z,2025-12-04,18,18:00:00,2025-12-04,18:00,N,65.3,166.346957,5700.837000,
2025-12-05T01:00:00Z,2025-12-04,19,19:00:00,2025-12-04,19:00,N,58.03,0.010772,5305.024618,
2025-12-05T02:00:00Z,2025-12-04,20,20:00:00,2025-12-04,20:00,N,61.53,0.003610,5679.661961,
2025-12-05T03:00:00Z,2025-12-04,21,21:00:00,2025-12-04,21:00,N,59.38,0.001960,6673.191763,
2025-12-05T04:00:00Z,2025-12-04,22,22:00:00,2025-12-04,22:00,N,58.14,0.000120,6975.389273,
2025-12-05T05:00:00Z,2025-12-04,23,23:00:00,2025-12-04,23:00,N,59.98,0.001958,7103.146332,
2025-12-05T06:00:00Z,2025-12-04,24,00:00:00,2025-12-04,24:00,N,56.67,0.087080,8215.721899,
2025-12-05T07:00:00Z,2025-12-05,1,01:00:00,2025-12-05,01:00,N,53.39,0.000096,10033.280110,
2025-12-05T08:00:00Z,2025-12-05,2,02:00:00,2025-12-05,02:00,N,44.83,0.002032,10984.728570,
2025-12-05T09:00:00Z,2025-12-05,3,03:00:00,2025-12-05,03:00,N,44.47,0.000054,11025.043454,
2025-12-05T10:00:00Z,2025-12-05,4,04:00:00,2025-12-05,04:00,N,43.17,0.007779,12374.703269,
2025-12-05T11:00:00Z,2025-12-05,5,05:00:00,2025-12-05,05:00,N,43.84,0.032687,13383.110864,
2025-12-05T12:00:00Z,2025-12-05,6,06:00:00,2025-12-05,06:00,N,52.57,0.017053,13429.689199,
2025-12-05T13:00:00Z,2025-12-05,7,07:00:00,2025-12-05,07:00,N,61.07,1.102642,12750.143954,
2025-12-05T14:00:00Z,2025-12-05,8,08:00:00,2025-12-05,08:00,N,62.23,447.761922,11741.607288,
2025-12-05T15:00:00Z,2025-12-05,9,09:00:00,2025-12-05,09:00,N,53.44,5166.968260,11338.222920,
2025-12-05T16:00:00Z,2025-12-05,10,10:00:00,2025-12-05,10:00,N,55.56,10418.841366,8348.419042,
2025-12-05T17:00:00Z,2025-12-05,11,11:00:00,2025-12-05,11:00,N,50.66,12175.887334,6637.455167,
2025-12-05T18:00:00Z,2025-12-05,12,12:00:00,2025-12-05,12:00,N,38.44,13766.851715,5227.177263,
2025-12-05T19:00:00Z,2025-12-05,13,13:00:00,2025-12-05,13:00,N,33.23,13541.185024,4292.849941,
2025-12-05T20:00:00Z,2025-12-05,14,14:00:00,2025-12-05,14:00,N,32.2,12423.759506,4256.570684,
2025-12-05T21:00:00Z,2025-12-05,15,15:00:00,2025-12-05,15:00,N,30.46,10971.569605,4296.903244,
2025-12-05T22:00:00Z,2025-12-05,16,16:00:00,2025-12-05,16:00,N,33.27,8517.454185,4417.851527,
2025-12-05T23:00:00Z,2025-12-05,17,17:00:00,2025-12-05,17:00,N,52.4,4624.586743,4087.417979,
2025-12-06T00:00:00Z,2025-12-05,18,18:00:00,2025-12-05,18:00,N,64.06,361.974596,4415.085695,
2025-12-06T01:00:00Z,2025-12-05,19,19:00:00,2025-12-05,19:00,N,60.03,0.003487,5971.027425,
2025-12-06T02:00:00Z,2025-12-05,20,20:00:00,2025-12-05,20:00,N,54.15,0.000306,8299.429363,
2025-12-06T03:00:00Z,2025-12-05,21,21:00:00,2025-12-05,21:00,N,52.49,0.000276,9714.136655,
2025-12-06T04:00:00Z,2025-12-05,22,22:00:00,2025-12-05,22:00,N,43.93,0.000318,10372.258700,
2025-12-06T05:00:00Z,2025-12-05,23,23:00:00,2025-12-05,23:00,N,40.16,0.023943,9676.828852,
2025-12-06T06:00:00Z,2025-12-05,24,00:00:00,2025-12-05,24:00,N,40.63,0.050218,7896.318053,
2025-12-06T07:00:00Z,2025-12-06,1,01:00:00,2025-12-06,01:00,N,42.66,0.0,6713.0,0.8930041638220904
2025-12-06T08:00:00Z,2025-12-06,2,02:00:00,2025-12-06,02:00,N,43.45,0.0,5381.0,0.9242928039995315
2025-12-06T09:00:00Z,2025-12-06,3,03:00:00,2025-12-06,03:00,N,42.04,0.0,4043.0,0.9364863102840362
2025-12-06T10:00:00Z,2025-12-06,4,04:00:00,2025-12-06,04:00,N,43.92,0.0,3856.0,0.9658581706063806
2025-12-06T11:00:00Z,2025-12-06,5,05:00:00,2025-12-06,05:00,N,44.57,0.0,3998.0,0.9597630838086829
2025-12-06T12:00:00Z,2025-12-06,6,06:00:00,2025-12-06,06:00,N,48.35,0.0,4606.0,0.9351928597469387
2025-12-06T13:00:00Z,2025-12-06,7,07:00:00,2025-12-06,07:00,N,38.93,1.0,5122.0,0.8997988145191489
2025-12-06T14:00:00Z,2025-12-06,8,08:00:00,2025-12-06,08:00,N,38.97,600.0,5301.0,0.871963847881393
2025-12-06T15:00:00Z,2025-12-06,9,09:00:00,2025-12-06,09:00,N,34.7,8936.0,5049.0,0.7924664659357378
2025-12-06T16:00:00Z,2025-12-06,10,10:00:00,2025-12-06,10:00,N,33.99,18061.0,3481.0,0.6667970332237405
2025-12-06T17:00:00Z,2025-12-06,11,11:00:00,2025-12-06,11:00,N,30.78,19104.0,3115.0,0.6401195620753741
2025-12-06T18:00:00Z,2025-12-06,12,12:00:00,2025-12-06,12:00,N,23.14,18899.0,5237.0,0.6079566289338681
2025-12-06T19:00:00Z,2025-12-06,13,13:00:00,2025-12-06,13:00,N,17.08,18973.0,9826.0,0.5097676345888769
2025-12-06T20:00:00Z,2025-12-06,14,14:00:00,2025-12-06,14:00,N,8.46,19116.0,13296.0,0.4050257005127264
2025-12-06T21:00:00Z,2025-12-06,15,15:00:00,2025-12-06,15:00,N,5.69,19413.0,13923.0,0.3772466464239428
2025-12-06T22:00:00Z,2025-12-06,16,16:00:00,2025-12-06,16:00,N,5.74,17129.0,14842.0,0.410086070910674
2025-12-06T23:00:00Z,2025-12-06,17,17:00:00,2025-12-06,17:00,N,27.09,9656.0,14691.0,0.555633286664552
2025-12-07T00:00:00Z,2025-12-06,18,18:00:00,2025-12-06,18:00,N,35.1,702.0,13582.0,0.649587385734659
2025-12-07T01:00:00Z,2025-12-06,19,19:00:00,2025-12-06,19:00,N,35.39,0.0,15444.0,0.6688212164600434
2025-12-07T02:00:00Z,2025-12-06,20,20:00:00,2025-12-06,20:00,N,34.51,0.0,17998.0,0.6951045186721043
2025-12-07T03:00:00Z,2025-12-06,21,21:00:00,2025-12-06,21:00,N,31.84,1.0,18498.0,0.6970426766098913
2025-12-07T04:00:00Z,2025-12-06,22,22:00:00,2025-12-06,22:00,N,30.07,1.0,18131.0,0.7196490311516711
2025-12-07T05:00:00Z,2025-12-06,23,23:00:00,2025-12-06,23:00,N,33.72,1.0,18113.0,0.7236960016615492
2025-12-07T06:00:00Z,2025-12-06,24,00:00:00,2025-12-06,24:00,N,31.37,0.0,17549.0,0.7335022890460767
2025-12-07T07:00:00Z,2025-12-07,1,01:00:00,2025-12-07,01:00,N,31.21,0.0,16425.0,0.7442679333440653
2025-12-07T08:00:00Z,2025-12-07,2,02:00:00,2025-12-07,02:00,N,31.55,0.0,16547.0,0.7396773774711741
2025-12-07T09:00:00Z,2025-12-07,3,03:00:00,2025-12-07,03:00,N,31.41,0.0,17238.0,0.7245639509220261
2025-12-07T10:00:00Z,2025-12-07,4,04:00:00,2025-12-07,04:00,N,32.13,1.0,17319.0,0.7187949952987975
2025-12-07T11:00:00Z,2025-12-07,5,05:00:00,2025-12-07,05:00,N,32.83,0.0,16532.0,0.7289581038215573
2025-12-07T12:00:00Z,2025-12-07,6,06:00:00,2025-12-07,06:00,N,35.21,0.0,15404.0,0.7349760064525853
2025-12-07T13:00:00Z,2025-12-07,7,07:00:00,2025-12-07,07:00,N,33.06,0.0,15328.0,0.7298415234103389
2025-12-07T14:00:00Z,2025-12-07,8,08:00:00,2025-12-07,08:00,N,33.58,383.0,15630.0,0.7135947339464119
2025-12-07T15:00:00Z,2025-12-07,9,09:00:00,2025-12-07,09:00,N,22.55,6032.0,15311.0,0.6546896532880606
2025-12-07T16:00:00Z,2025-12-07,10,10:00:00,2025-12-07,10:00,N,11.36,12392.0,14951.0,0.5430878019770337
2025-12-07T17:00:00Z,2025-12-07,11,11:00:00,2025-12-07,11:00,N,7.35,13498.0,16219.0,0.5190804796270142
2025-12-07T18:00:00Z,2025-12-07,12,12:00:00,2025-12-07,12:00,N,7.8,13482.0,16924.0,0.5253444550386304
2025-12-07T19:00:00Z,2025-12-07,13,13:00:00,2025-12-07,13:00,N,6.61,14342.0,16292.0,0.5059404516078417
2025-12-07T20:00:00Z,2025-12-07,14,14:00:00,2025-12-07,14:00,N,7.01,15438.0,14916.0,0.5106526876215707
2025-12-07T21:00:00Z,2025-12-07,15,15:00:00,2025-12-07,15:00,N,6.34,16824.0,12607.0,0.5317578710612353
2025-12-07T22:00:00Z,2025-12-07,16,16:00:00,2025-12-07,16:00,N,11.5,16284.0,10987.0,0.5529968287860978
2025-12-07T23:00:00Z,2025-12-07,17,17:00:00,2025-12-07,17:00,N,32.73,9065.0,9560.0,0.6931207148337343
2025-12-08T00:00:00Z,2025-12-07,18,18:00:00,2025-12-07,18:00,N,43.66,783.0,8232.0,0.7585729361528201
2025-12-08T01:00:00Z,2025-12-07,19,19:00:00,2025-12-07,19:00,N,44.56,0.0,9078.0,0.778622780948027
2025-12-08T02:00:00Z,2025-12-07,20,20:00:00,2025-12-07,20:00,N,47.04,0.0,10512.0,0.8154889368289913
2025-12-08T03:00:00Z,2025-12-07,21,21:00:00,2025-12-07,21:00,N,44.37,0.0,11466.0,0.8443031254384035
2025-12-08T04:00:00Z,2025-12-07,22,22:00:00,2025-12-07,22:00,N,42.53,0.0,11925.0,0.8439417148145888
2025-12-08T05:00:00Z,2025-12-07,23,23:00:00,2025-12-07,23:00,N,41.82,0.0,11387.0,0.8603996139844323
2025-12-08T06:00:00Z,2025-12-07,24,00:00:00,2025-12-07,24:00,N,37.46,0.0,11527.0,0.8537184059120025
2025-12-08T07:00:00Z,2025-12-08,1,01:00:00,2025-12-08,01:00,N,38.72,0.0,10585.0,0.8687875566532166
2025-12-08T08:00:00Z,2025-12-08,2,02:00:00,2025-12-08,02:00,N,41.17,0.0,10324.0,0.8735736580464455
2025-12-08T09:00:00Z,2025-12-08,3,03:00:00,2025-12-08,03:00,N,42.92,0.0,9678.0,0.8857882489126604
2025-12-08T10:00:00Z,2025-12-08,4,04:00:00,2025-12-08,04:00,N,44.44,0.0,9814.0,0.8836350160952443
2025-12-08T11:00:00Z,2025-12-08,5,05:00:00,2025-12-08,05:00,N,48.69,0.0,9984.0,0.8785926421839871
2025-12-08T12:00:00Z,2025-12-08,6,06:00:00,2025-12-08,06:00,N,55.87,0.0,10006.0,0.8604701071892332
2025-12-08T13:00:00Z,2025-12-08,7,07:00:00,2025-12-08,07:00,N,57.47,0.0,10053.0,0.7713021972561181
2025-12-08T14:00:00Z,2025-12-08,8,08:00:00,2025-12-08,08:00,N,60.55,1222.0,9849.0,0.7662373935260047
2025-12-08T15:00:00Z,2025-12-08,9,09:00:00,2025-12-08,09:00,N,36.31,12497.0,8181.0,0.7131972187744415
2025-12-08T16:00:00Z,2025-12-08,10,10:00:00,2025-12-08,10:00,N,30.67,23387.0,5829.0,0.5778800813654515
2025-12-08T17:00:00Z,2025-12-08,11,11:00:00,2025-12-08,11:00,N,29.05,24771.0,5096.0,0.5461945488373959
2025-12-08T18:00:00Z,2025-12-08,12,12:00:00,2025-12-08,12:00,N,23.66,24016.0,5519.0,0.5385068940228999
2025-12-08T19:00:00Z,2025-12-08,13,13:00:00,2025-12-08,13:00,N,19.81,23537.0,6404.0,0.4834654879798441
2025-12-08T20:00:00Z,2025-12-08,14,14:00:00,2025-12-08,14:00,N,15.29,23915.0,7163.0,0.4434746416103881
2025-12-08T21:00:00Z,2025-12-08,15,15:00:00,2025-12-08,15:00,N,10.99,24493.0,7440.0,0.42297770149298625
2025-12-08T22:00:00Z,2025-12-08,16,16:00:00,2025-12-08,16:00,N,8.79,22480.0,7791.0,0.4221247200817
2025-12-08T23:00:00Z,2025-12-08,17,17:00:00,2025-12-08,17:00,N,32.1,12110.0,8396.0,0.59346447196489
2025-12-09T00:00:00Z,2025-12-08,18,18:00:00,2025-12-08,18:00,N,47.23,837.0,8652.0,0.7519696137966396
2025-12-09T01:00:00Z,2025-12-08,19,19:00:00,2025-12-08,19:00,N,47.29,4.0,12696.0,0.7740734400603051
2025-12-09T02:00:00Z,2025-12-08,20,20:00:00,2025-12-08,20:00,N,42.12,0.0,15880.0,0.7704209201112222
2025-12-09T03:00:00Z,2025-12-08,21,21:00:00,2025-12-08,21:00,N,38.45,1.0,18416.0,0.7539256507939353
2025-12-09T04:00:00Z,2025-12-08,22,22:00:00,2025-12-08,22:00,N,34.86,1.0,19798.0,0.7307445690091313
2025-12-09T05:00:00Z,2025-12-08,23,23:00:00,2025-12-08,23:00,N,37.56,1.0,19985.0,0.7238448946024569
2025-12-09T06:00:00Z,2025-12-08,24,00:00:00,2025-12-08,24:00,N,34.53,1.0,20056.0,0.700223798433304
2025-12-09T07:00:00Z,2025-12-09,1,01:00:00,2025-12-09,01:00,N,32.92,1.0,19822.0,0.6874686401652498
2025-12-09T08:00:00Z,2025-12-09,2,02:00:00,2025-12-09,02:00,N,33.46,1.0,20187.0,0.6735677723063305
2025-12-09T09:00:00Z,2025-12-09,3,03:00:00,2025-12-09,03:00,N,32.24,1.0,19964.0,0.6742042475072808
2025-12-09T10:00:00Z,2025-12-09,4,04:00:00,2025-12-09,04:00,N,33.41,0.0,19861.0,0.6737363559481675
2025-12-09T11:00:00Z,2025-12-09,5,05:00:00,2025-12-09,05:00,N,35.74,1.0,19768.0,0.6846712567776654
2025-12-09T12:00:00Z,2025-12-09,6,06:00:00,2025-12-09,06:00,N,40.89,1.0,19980.0,0.6806992399207917
2025-12-09T13:00:00Z,2025-12-09,7,07:00:00,2025-12-09,07:00,N,59.05,1.0,19507.0,0.6310305291524803
2025-12-09T14:00:00Z,2025-12-09,8,08:00:00,2025-12-09,08:00,N,57.47,1156.0,18928.0,0.6062622536618087
2025-12-09T15:00:00Z,2025-12-09,9,09:00:00,2025-12-09,09:00,N,40.26,12755.0,16803.0,0.5336048693131926
2025-12-09T16:00:00Z,2025-12-09,10,10:00:00,2025-12-09,10:00,N,31.95,21806.0,12423.0,0.4221608237633939
2025-12-09T17:00:00Z,2025-12-09,11,11:00:00,2025-12-09,11:00,N,26.31,23277.0,11315.0,0.3910731848638281
2025-12-09T18:00:00Z,2025-12-09,12,12:00:00,2025-12-09,12:00,N,23.16,23281.0,11402.0,0.3399626255069837
2025-12-09T19:00:00Z,2025-12-09,13,13:00:00,2025-12-09,13:00,N,15.47,22331.0,12010.0,0.3229075795463436
2025-12-09T20:00:00Z,2025-12-09,14,14:00:00,2025-12-09,14:00,N,12.7,21276.0,13408.0,0.3174587576287706
2025-12-09T21:00:00Z,2025-12-09,15,15:00:00,2025-12-09,15:00,N,8.18,20058.0,15098.0,0.3130947647356039
2025-12-09T22:00:00Z,2025-12-09,16,16:00:00,2025-12-09,16:00,N,8.5,18392.0,16272.0,0.3043366524120884
2025-12-09T23:00:00Z,2025-12-09,17,17:00:00,2025-12-09,17:00,N,28.15,10221.0,17898.0,0.4063067919863285
2025-12-10T00:00:00Z,2025-12-09,18,18:00:00,2025-12-09,18:00,N,46.4,808.0,19231.0,0.5283582461800855
2025-12-10T01:00:00Z,2025-12-09,19,19:00:00,2025-12-09,19:00,N,40.54,1.0,21871.0,0.551974549387502
2025-12-10T02:00:00Z,2025-12-09,20,20:00:00,2025-12-09,20:00,N,35.57,0.0,24609.0,0.5609128996236643
2025-12-10T03:00:00Z,2025-12-09,21,21:00:00,2025-12-09,21:00,N,32.93,0.0,26001.0,0.5558589236777766
2025-12-10T04:00:00Z,2025-12-09,22,22:00:00,2025-12-09,22:00,N,31.09,0.0,26624.0,0.5380031889652136
2025-12-10T05:00:00Z,2025-12-09,23,23:00:00,2025-12-09,23:00,N,26.77,0.0,26645.0,0.5048725739397444
2025-12-10T06:00:00Z,2025-12-09,24,00:00:00,2025-12-09,24:00,N,24.35,0.0,26329.0,0.4752346885915543
2025-12-10T07:00:00Z,2025-12-10,1,01:00:00,2025-12-10,01:00,N,25.65,0.0,25843.0,0.44375229589793497
2025-12-10T08:00:00Z,2025-12-10,2,02:00:00,2025-12-10,02:00,N,25.78,0.0,24597.0,0.4618785332416163
2025-12-10T09:00:00Z,2025-12-10,3,03:00:00,2025-12-10,03:00,N,27.34,0.0,22387.0,0.5334171931575574
2025-12-10T10:00:00Z,2025-12-10,4,04:00:00,2025-12-10,04:00,N,28.91,0.0,20674.0,0.5856272952364306
2025-12-10T11:00:00Z,2025-12-10,5,05:00:00,2025-12-10,05:00,N,32.45,0.0,20547.0,0.5963006678208419
2025-12-10T12:00:00Z,2025-12-10,6,06:00:00,2025-12-10,06:00,N,41.35,1.0,23049.0,0.5543606079266532
2025-12-10T13:00:00Z,2025-12-10,7,07:00:00,2025-12-10,07:00,N,39.28,0.0,24414.0,0.5121479809434798
2025-12-10T14:00:00Z,2025-12-10,8,08:00:00,2025-12-10,08:00,N,35.81,985.0,23906.0,0.5037883143025379
2025-12-10T15:00:00Z,2025-12-10,9,09:00:00,2025-12-10,09:00,N,26.11,11036.0,21829.0,0.42685988176270073
2025-12-10T16:00:00Z,2025-12-10,10,10:00:00,2025-12-10,10:00,N,11.47,17987.0,19730.0,0.30075307560058107
2025-12-10T17:00:00Z,2025-12-10,11,11:00:00,2025-12-10,11:00,N,10.01,17503.0,19821.0,0.28357193987480334
2025-12-10T18:00:00Z,2025-12-10,12,12:00:00,2025-12-10,12:00,N,8.81,16311.0,19262.0,0.29023309564607574
2025-12-10T19:00:00Z,2025-12-10,13,13:00:00,2025-12-10,13:00,N,7.82,17553.0,16963.0,0.29562108044847346
2025-12-10T20:00:00Z,2025-12-10,14,14:00:00,2025-12-10,14:00,N,12.45,19225.0,14487.0,0.31192645582037076
2025-12-10T21:00:00Z,2025-12-10,15,15:00:00,2025-12-10,15:00,N,11.67,21852.0,10842.0,0.33066152441835994
2025-12-10T22:00:00Z,2025-12-10,16,16:00:00,2025-12-10,16:00,N,21.19,21332.0,7386.0,0.404122504431247
2025-12-10T23:00:00Z,2025-12-10,17,17:00:00,2025-12-10,17:00,N,37.07,11242.0,5361.0,0.622988090419778
2025-12-11T00:00:00Z,2025-12-10,18,18:00:00,2025-12-10,18:00,N,63.16,789.0,4646.0,0.7619593086652627
2025-12-11T01:00:00Z,2025-12-10,19,19:00:00,2025-12-10,19:00,N,64.42,0.0,5525.0,0.8013474443444161
2025-12-11T02:00:00Z,2025-12-10,20,20:00:00,2025-12-10,20:00,N,60.05,0.0,6589.0,0.82142845051872
2025-12-11T03:00:00Z,2025-12-10,21,21:00:00,2025-12-10,21:00,N,63.34,0.0,7580.0,0.8302865844089738
2025-12-11T04:00:00Z,2025-12-10,22,22:00:00,2025-12-10,22:00,N,57.15,76.0,7837.0,0.8395412558502547
2025-12-11T05:00:00Z,2025-12-10,23,23:00:00,2025-12-10,23:00,N,49.72,56.0,7743.0,0.8566427843262117
2025-12-11T06:00:00Z,2025-12-10,24,00:00:00,2025-12-10,24:00,N,43.61,0.0,8286.0,0.8379118208384116
2025-12-11T07:00:00Z,2025-12-11,1,01:00:00,2025-12-11,01:00,N,41.52,0.0,9255.0,0.8043571084219023
2025-12-11T08:00:00Z,2025-12-11,2,02:00:00,2025-12-11,02:00,N,38.83,0.0,10399.0,0.7836016870265593
2025-12-11T09:00:00Z,2025-12-11,3,03:00:00,2025-12-11,03:00,N,36.28,0.0,11320.0,0.7686092157475276
2025-12-11T10:00:00Z,2025-12-11,4,04:00:00,2025-12-11,04:00,N,31.26,0.0,14027.0,0.7196508151668747
2025-12-11T11:00:00Z,2025-12-11,5,05:00:00,2025-12-11,05:00,N,31.36,0.0,16962.0,0.6672556531749881
2025-12-11T12:00:00Z,2025-12-11,6,06:00:00,2025-12-11,06:00,N,33.83,1.0,18850.0,0.6375346236441125
2025-12-11T13:00:00Z,2025-12-11,7,07:00:00,2025-12-11,07:00,N,42.53,1.0,20873.0,0.5975020264754394
2025-12-11T14:00:00Z,2025-12-11,8,08:00:00,2025-12-11,08:00,N,38.91,1177.0,21859.0,0.5607012355468158
2025-12-11T15:00:00Z,2025-12-11,9,09:00:00,2025-12-11,09:00,N,26.75,12620.0,19425.0,0.435923662536553
2025-12-11T16:00:00Z,2025-12-11,10,10:00:00,2025-12-11,10:00,N,16.26,21266.0,15229.0,0.337805536230878
2025-12-11T17:00:00Z,2025-12-11,11,11:00:00,2025-12-11,11:00,N,12.29,22581.0,14045.0,0.32392443337499505
2025-12-11T18:00:00Z,2025-12-11,12,12:00:00,2025-12-11,12:00,N,11.82,22184.0,13861.0,0.3099046607465285
2025-12-11T19:00:00Z,2025-12-11,13,13:00:00,2025-12-11,13:00,N,11.38,21921.0,12735.0,0.2918517373616066
2025-12-11T20:00:00Z,2025-12-11,14,14:00:00,2025-12-11,14:00,N,10.83,22217.0,12298.0,0.3000070710194962
2025-12-11T21:00:00Z,2025-12-11,15,15:00:00,2025-12-11,15:00,N,8.43,23037.0,11650.0,0.3204163763650366
2025-12-11T22:00:00Z,2025-12-11,16,16:00:00,2025-12-11,16:00,N,10.03,21432.0,11316.0,0.34598059823384186
2025-12-11T23:00:00Z,2025-12-11,17,17:00:00,2025-12-11,17:00,N,29.9,11593.0,12016.0,0.4683487078698514
2025-12-12T00:00:00Z,2025-12-11,18,18:00:00,2025-12-11,18:00,N,43.94,833.0,13569.0,0.5567634631097661
2025-12-12T01:00:00Z,2025-12-11,19,19:00:00,2025-12-11,19:00,N,37.9,1.0,19010.0,0.5592102198020877
2025-12-12T02:00:00Z,2025-12-11,20,20:00:00,2025-12-11,20:00,N,32.51,1.0,22261.0,0.5611260019391665
2025-12-12T03:00:00Z,2025-12-11,21,21:00:00,2025-12-11,21:00,N,30.7,1.0,23527.0,0.5550523718232937
2025-12-12T04:00:00Z,2025-12-11,22,22:00:00,2025-12-11,22:00,N,28.85,1.0,23778.0,0.5501825833663991
2025-12-12T05:00:00Z,2025-12-11,23,23:00:00,2025-12-11,23:00,N,28.05,1.0,24736.0,0.5291958420669826
2025-12-12T06:00:00Z,2025-12-11,24,00:00:00,2025-12-11,24:00,N,26.17,1.0,25370.0,0.5105428610257321
2025-12-12T07:00:00Z,2025-12-12,1,01:00:00,2025-12-12,01:00,N,26.77,1.0,24750.0,0.48813490850637814
2025-12-12T08:00:00Z,2025-12-12,2,02:00:00,2025-12-12,02:00,N,27.11,0.0,23695.0,0.4792059306650303
2025-12-12T09:00:00Z,2025-12-12,3,03:00:00,2025-12-12,03:00,N,27.65,1.0,21944.0,0.4931984218075876
2025-12-12T10:00:00Z,2025-12-12,4,04:00:00,2025-12-12,04:00,N,29.9,3.0,20216.0,0.539198117144553
2025-12-12T11:00:00Z,2025-12-12,5,05:00:00,2025-12-12,05:00,N,34.16,0.0,17980.0,0.6015808333484998
2025-12-12T12:00:00Z,2025-12-12,6,06:00:00,2025-12-12,06:00,N,44.7,0.0,16643.0,0.6282123073227763
2025-12-12T13:00:00Z,2025-12-12,7,07:00:00,2025-12-12,07:00,N,48.49,0.0,15388.0,0.5855584842579905
2025-12-12T14:00:00Z,2025-12-12,8,08:00:00,2025-12-12,08:00,N,59.08,358.0,13674.0,0.5693391055820072
2025-12-12T15:00:00Z,2025-12-12,9,09:00:00,2025-12-12,09:00,N,34.12,6189.0,11722.0,0.6048481282364319
2025-12-12T16:00:00Z,2025-12-12,10,10:00:00,2025-12-12,10:00,N,23.37,13702.0,8763.0,0.5670836789032124
2025-12-12T17:00:00Z,2025-12-12,11,11:00:00,2025-12-12,11:00,N,20.23,16773.0,8669.0,0.5283836242100193
2025-12-12T18:00:00Z,2025-12-12,12,12:00:00,2025-12-12,12:00,N,16.44,18335.0,9985.0,0.48658814152500685
2025-12-12T19:00:00Z,2025-12-12,13,13:00:00,2025-12-12,13:00,N,17.82,18605.0,9708.0,0.4885241877348688
2025-12-12T20:00:00Z,2025-12-12,14,14:00:00,2025-12-12,14:00,N,19.86,19178.0,8853.0,0.48686153246940866
2025-12-12T21:00:00Z,2025-12-12,15,15:00:00,2025-12-12,15:00,N,20.69,19719.0,8452.0,0.4873256700249956
2025-12-12T22:00:00Z,2025-12-12,16,16:00:00,2025-12-12,16:00,N,23.14,18662.0,8188.0,0.502851471349188
2025-12-12T23:00:00Z,2025-12-12,17,17:00:00,2025-12-12,17:00,N,37.58,9835.0,8060.0,0.6256544753298602
2025-12-13T00:00:00Z,2025-12-12,18,18:00:00,2025-12-12,18:00,N,53.65,739.0,9236.0,0.7154083311339653
2025-12-13T01:00:00Z,2025-12-12,19,19:00:00,2025-12-12,19:00,N,47.66,0.0,11707.0,0.7645132925421945
2025-12-13T02:00:00Z,2025-12-12,20,20:00:00,2025-12-12,20:00,N,46.6,0.0,13338.0,0.7589743689568235
2025-12-13T03:00:00Z,2025-12-12,21,21:00:00,2025-12-12,21:00,N,45.71,0.0,13445.0,0.7577106161326788
2025-12-13T04:00:00Z,2025-12-12,22,22:00:00,2025-12-12,22:00,N,47.77,0.0,12461.0,0.769863820292677
2025-12-13T05:00:00Z,2025-12-12,23,23:00:00,2025-12-12,23:00,N,52.78,0.0,11111.0,0.7889352133056344
2025-12-13T06:00:00Z,2025-12-12,24,00:00:00,2025-12-12,24:00,N,52.39,0.0,9411.0,0.8158291307726989
2025-12-13T07:00:00Z,2025-12-13,1,01:00:00,2025-12-13,01:00,N,48.15,0.0,8119.0,0.8341978541175589
2025-12-13T08:00:00Z,2025-12-13,2,02:00:00,2025-12-13,02:00,N,46.56,0.0,6660.0,0.8656067863066353
2025-12-13T09:00:00Z,2025-12-13,3,03:00:00,2025-12-13,03:00,N,47.32,0.0,5320.0,0.8899255501618366
2025-12-13T10:00:00Z,2025-12-13,4,04:00:00,2025-12-13,04:00,N,47.02,0.0,4067.0,0.9038559471917682
2025-12-13T11:00:00Z,2025-12-13,5,05:00:00,2025-12-13,05:00,N,47.44,0.0,3280.0,0.917587291012852
2025-12-13T12:00:00Z,2025-12-13,6,06:00:00,2025-12-13,06:00,N,50.14,0.0,2946.0,0.887880207457353
2025-12-13T13:00:00Z,2025-12-13,7,07:00:00,2025-12-13,07:00,N,47.76,0.0,3206.0,0.8589555179270628
2025-12-13T14:00:00Z,2025-12-13,8,08:00:00,2025-12-13,08:00,N,49.17,217.0,3402.0,0.8203066532259107
2025-12-13T15:00:00Z,2025-12-13,9,09:00:00,2025-12-13,09:00,N,45.57,4758.0,3463.0,0.8187900208697695
2025-12-13T16:00:00Z,2025-12-13,10,10:00:00,2025-12-13,10:00,N,34.03,11283.0,3101.0,0.7326129674755584
2025-12-13T17:00:00Z,2025-12-13,11,11:00:00,2025-12-13,11:00,N,35.33,13386.0,3463.0,0.7030907492523526
2025-12-13T18:00:00Z,2025-12-13,12,12:00:00,2025-12-13,12:00,N,30.84,14526.0,4089.0,0.678197845939785
2025-12-13T19:00:00Z,2025-12-13,13,13:00:00,2025-12-13,13:00,N,28.96,15840.0,4752.0,0.6180957220644041
2025-12-13T20:00:00Z,2025-12-13,14,14:00:00,2025-12-13,14:00,N,30.29,15893.0,5450.0,0.5793507623381093
2025-12-13T21:00:00Z,2025-12-13,15,15:00:00,2025-12-13,15:00,N,29.17,16636.0,5435.0,0.5714403202171862
2025-12-13T22:00:00Z,2025-12-13,16,16:00:00,2025-12-13,16:00,N,30.29,16276.0,4589.0,0.5933985883811032
2025-12-13T23:00:00Z,2025-12-13,17,17:00:00,2025-12-13,17:00,N,43.84,8176.0,5712.0,0.715964662308796
2025-12-14T00:00:00Z,2025-12-13,18,18:00:00,2025-12-13,18:00,N,50.79,563.0,8349.0,0.7506949823971233
2025-12-14T01:00:00Z,2025-12-13,19,19:00:00,2025-12-13,19:00,N,49.06,1.0,11232.0,0.7265369604275952
2025-12-14T02:00:00Z,2025-12-13,20,20:00:00,2025-12-13,20:00,N,45.49,1.0,13756.0,0.7281864256864867
2025-12-14T03:00:00Z,2025-12-13,21,21:00:00,2025-12-13,21:00,N,34.78,1.0,17474.0,0.6797091065055025
2025-12-14T04:00:00Z,2025-12-13,22,22:00:00,2025-12-13,22:00,N,31.17,1.0,19896.0,0.6191719589105208
2025-12-14T05:00:00Z,2025-12-13,23,23:00:00,2025-12-13,23:00,N,27.66,1.0,21187.0,0.5833166372298537
2025-12-14T06:00:00Z,2025-12-13,24,00:00:00,2025-12-13,24:00,N,24.45,1.0,22318.0,0.5537285403224773
2025-12-14T07:00:00Z,2025-12-14,1,01:00:00,2025-12-14,01:00,N,19.73,1.0,22325.0,0.5513919494797681
2025-12-14T08:00:00Z,2025-12-14,2,02:00:00,2025-12-14,02:00,N,19.15,1.0,22102.0,0.5472812172556943
2025-12-14T09:00:00Z,2025-12-14,3,03:00:00,2025-12-14,03:00,N,19.02,1.0,22229.0,0.5521071727572979
2025-12-14T10:00:00Z,2025-12-14,4,04:00:00,2025-12-14,04:00,N,18.49,1.0,22146.0,0.5503234460213557
2025-12-14T11:00:00Z,2025-12-14,5,05:00:00,2025-12-14,05:00,N,19.44,1.0,21768.0,0.5474168662773274
2025-12-14T12:00:00Z,2025-12-14,6,06:00:00,2025-12-14,06:00,N,21.09,1.0,20284.0,0.5784324926373688
2025-12-14T13:00:00Z,2025-12-14,7,07:00:00,2025-12-14,07:00,N,22.84,1.0,19007.0,0.6304778247679408
2025-12-14T14:00:00Z,2025-12-14,8,08:00:00,2025-12-14,08:00,N,25.96,139.0,17794.0,0.6770531135017755
2025-12-14T15:00:00Z,2025-12-14,9,09:00:00,2025-12-14,09:00,N,25.72,2133.0,16639.0,0.6924036088562479
2025-12-14T16:00:00Z,2025-12-14,10,10:00:00,2025-12-14,10:00,N,24.05,5399.0,15240.0,0.6647728589324399
2025-12-14T17:00:00Z,2025-12-14,11,11:00:00,2025-12-14,11:00,N,23.79,8682.0,12820.0,0.6682930177329948
2025-12-14T18:00:00Z,2025-12-14,12,12:00:00,2025-12-14,12:00,N,24.52,11222.0,11747.0,0.6441784890289101
2025-12-14T19:00:00Z,2025-12-14,13,13:00:00,2025-12-14,13:00,N,24.19,12377.0,10481.0,0.6420690394379936
2025-12-14T20:00:00Z,2025-12-14,14,14:00:00,2025-12-14,14:00,N,23.38,12552.0,9308.0,0.6573078353815903
2025-12-14T21:00:00Z,2025-12-14,15,15:00:00,2025-12-14,15:00,N,22.87,12122.0,8438.0,0.6756735433771878
2025-12-14T22:00:00Z,2025-12-14,16,16:00:00,2025-12-14,16:00,N,23.19,11363.0,7455.0,0.7026137173722036
2025-12-14T23:00:00Z,2025-12-14,17,17:00:00,2025-12-14,17:00,N,45.05,5624.0,7059.0,0.7828266886268804
2025-12-15T00:00:00Z,2025-12-14,18,18:00:00,2025-12-14,18:00,N,56.56,296.0,6924.0,0.7966511238813296
2025-12-15T01:00:00Z,2025-12-14,19,19:00:00,2025-12-14,19:00,N,64.69,0.0,7332.0,0.8045719958606311
2025-12-15T02:00:00Z,2025-12-14,20,20:00:00,2025-12-14,20:00,N,60.86,0.0,7571.0,0.830150038484465
2025-12-15T03:00:00Z,2025-12-14,21,21:00:00,2025-12-14,21:00,N,58.93,0.0,7566.0,0.8662813142905493
2025-12-15T04:00:00Z,2025-12-14,22,22:00:00,2025-12-14,22:00,N,53.08,0.0,7274.0,0.8963495391723062
2025-12-15T05:00:00Z,2025-12-14,23,23:00:00,2025-12-14,23:00,N,49.43,0.0,7135.0,0.9233663246189816
2025-12-15T06:00:00Z,2025-12-14,24,00:00:00,2025-12-14,24:00,N,40.76,0.0,6945.0,0.9357952561321159
2025-12-15T07:00:00Z,2025-12-15,1,01:00:00,2025-12-15,01:00,N,40.26,0.0,6759.0,0.9424577147787034
2025-12-15T08:00:00Z,2025-12-15,2,02:00:00,2025-12-15,02:00,N,46.43,0.0,6223.0,0.9492338643845483
2025-12-15T09:00:00Z,2025-12-15,3,03:00:00,2025-12-15,03:00,N,46.41,0.0,6447.0,0.9449526301183838
2025-12-15T10:00:00Z,2025-12-15,4,04:00:00,2025-12-15,04:00,N,47.23,0.0,6672.0,0.9421075862661138
2025-12-15T11:00:00Z,2025-12-15,5,05:00:00,2025-12-15,05:00,N,49.65,0.0,7234.0,0.9318635952053659
2025-12-15T12:00:00Z,2025-12-15,6,06:00:00,2025-12-15,06:00,N,62.09,0.0,7675.0,0.9004343394144979
2025-12-15T13:00:00Z,2025-12-15,7,07:00:00,2025-12-15,07:00,N,81.0,0.0,7944.0,0.8520958969020375
2025-12-15T14:00:00Z,2025-12-15,8,08:00:00,2025-12-15,08:00,N,63.48,1006.0,8832.0,0.8228804402628908
2025-12-15T15:00:00Z,2025-12-15,9,09:00:00,2025-12-15,09:00,N,41.71,9482.0,8216.0,0.7540281553595144
2025-12-15T16:00:00Z,2025-12-15,10,10:00:00,2025-12-15,10:00,N,31.01,16902.0,8532.0,0.6365918721767896
2025-12-15T17:00:00Z,2025-12-15,11,11:00:00,2025-12-15,11:00,N,26.3,18688.0,9020.0,0.5807761905447951
2025-12-15T18:00:00Z,2025-12-15,12,12:00:00,2025-12-15,12:00,N,23.93,19652.0,9462.0,0.5255060756613639
2025-12-15T19:00:00Z,2025-12-15,13,13:00:00,2025-12-15,13:00,N,20.82,19973.0,9028.0,0.5145053364981376
2025-12-15T20:00:00Z,2025-12-15,14,14:00:00,2025-12-15,14:00,N,19.01,20288.0,8933.0,0.5021199232369491
2025-12-15T21:00:00Z,2025-12-15,15,15:00:00,2025-12-15,15:00,N,18.21,19770.0,9533.0,0.49596765935277015
2025-12-15T22:00:00Z,2025-12-15,16,16:00:00,2025-12-15,16:00,N,19.37,15979.0,10267.0,0.5364569983816838
2025-12-15T23:00:00Z,2025-12-15,17,17:00:00,2025-12-15,17:00,N,31.93,5864.0,10806.0,0.6964655766051264
2025-12-16T00:00:00Z,2025-12-15,18,18:00:00,2025-12-15,18:00,N,46.79,324.0,11785.0,0.7720836131214012
2025-12-16T01:00:00Z,2025-12-15,19,19:00:00,2025-12-15,19:00,N,42.97,1.0,14647.0,0.7638997541324667
2025-12-16T02:00:00Z,2025-12-15,20,20:00:00,2025-12-15,20:00,N,36.87,1.0,17604.0,0.7444406548342911
2025-12-16T03:00:00Z,2025-12-15,21,21:00:00,2025-12-15,21:00,N,31.76,1.0,19621.0,0.7101760749694257
2025-12-16T04:00:00Z,2025-12-15,22,22:00:00,2025-12-15,22:00,N,29.0,1.0,20345.0,0.6848745852999129
2025-12-16T05:00:00Z,2025-12-15,23,23:00:00,2025-12-15,23:00,N,27.38,0.0,20966.0,0.651867698431415
2025-12-16T06:00:00Z,2025-12-15,24,00:00:00,2025-12-15,24:00,N,25.6,0.0,20575.0,0.641110871718602
2025-12-16T07:00:00Z,2025-12-16,1,01:00:00,2025-12-16,01:00,N,25.59,0.0,20058.0,0.6307062980659678
2025-12-16T08:00:00Z,2025-12-16,2,02:00:00,2025-12-16,02:00,N,24.6,0.0,19215.0,0.6368536756353151
2025-12-16T09:00:00Z,2025-12-16,3,03:00:00,2025-12-16,03:00,N,24.77,0.0,18012.0,0.6678737993932561
2025-12-16T10:00:00Z,2025-12-16,4,04:00:00,2025-12-16,04:00,N,24.34,0.0,16961.0,0.686188267147507
2025-12-16T11:00:00Z,2025-12-16,5,05:00:00,2025-12-16,05:00,N,27.24,0.0,16208.0,0.7236218538326041
2025-12-16T12:00:00Z,2025-12-16,6,06:00:00,2025-12-16,06:00,N,31.22,0.0,16262.0,0.742997292120694
2025-12-16T13:00:00Z,2025-12-16,7,07:00:00,2025-12-16,07:00,N,38.86,1.0,16300.0,0.7281093589715636
2025-12-16T14:00:00Z,2025-12-16,8,08:00:00,2025-12-16,08:00,N,41.21,269.0,16414.0,0.7192250752838714
2025-12-16T15:00:00Z,2025-12-16,9,09:00:00,2025-12-16,09:00,N,34.39,4619.0,16757.0,0.6830789587635314
2025-12-16T16:00:00Z,2025-12-16,10,10:00:00,2025-12-16,10:00,N,33.53,11966.0,14762.0,0.5905496335819622
2025-12-16T17:00:00Z,2025-12-16,11,11:00:00,2025-12-16,11:00,N,30.06,14646.0,13502.0,0.5365231366822226
2025-12-16T18:00:00Z,2025-12-16,12,12:00:00,2025-12-16,12:00,N,24.58,15486.0,13279.0,0.4999267297945467
2025-12-16T19:00:00Z,2025-12-16,13,13:00:00,2025-12-16,13:00,N,23.12,15181.0,13653.0,0.4761670976322849
2025-12-16T20:00:00Z,2025-12-16,14,14:00:00,2025-12-16,14:00,N,22.93,14163.0,14366.0,0.47483316283579585
2025-12-16T21:00:00Z,2025-12-16,15,15:00:00,2025-12-16,15:00,N,21.78,12853.0,14069.0,0.512747770152051
2025-12-16T22:00:00Z,2025-12-16,16,16:00:00,2025-12-16,16:00,N,23.3,11213.0,14431.0,0.5507417892105968
2025-12-16T23:00:00Z,2025-12-16,17,17:00:00,2025-12-16,17:00,N,33.46,6533.0,15051.0,0.627368456582401
2025-12-17T00:00:00Z,2025-12-16,18,18:00:00,2025-12-16,18:00,N,43.6,699.0,15876.0,0.7082808346187484
2025-12-17T01:00:00Z,2025-12-16,19,19:00:00,2025-12-16,19:00,N,39.38,1.0,17588.0,0.689928390531583
2025-12-17T02:00:00Z,2025-12-16,20,20:00:00,2025-12-16,20:00,N,34.41,1.0,17730.0,0.6940562512628823
2025-12-17T03:00:00Z,2025-12-16,21,21:00:00,2025-12-16,21:00,N,31.15,1.0,17832.0,0.7076721583182857
2025-12-17T04:00:00Z,2025-12-16,22,22:00:00,2025-12-16,22:00,N,26.87,1.0,17817.0,0.6932926738279965
2025-12-17T05:00:00Z,2025-12-16,23,23:00:00,2025-12-16,23:00,N,27.24,1.0,16908.0,0.6785196569395983
2025-12-17T06:00:00Z,2025-12-16,24,00:00:00,2025-12-16,24:00,N,27.7,1.0,15323.0,0.6928299931084657
2025-12-17T07:00:00Z,2025-12-17,1,01:00:00,2025-12-17,01:00,N,21.42,1.0,14162.0,0.7052272882714758
2025-12-17T08:00:00Z,2025-12-17,2,02:00:00,2025-12-17,02:00,N,22.24,1.0,12691.0,0.7366394211775138
2025-12-17T09:00:00Z,2025-12-17,3,03:00:00,2025-12-17,03:00,N,23.35,1.0,11213.0,0.770622473910384
2025-12-17T10:00:00Z,2025-12-17,4,04:00:00,2025-12-17,04:00,N,23.54,0.0,9975.0,0.8135675158625388
2025-12-17T11:00:00Z,2025-12-17,5,05:00:00,2025-12-17,05:00,N,25.23,1.0,8449.0,0.8581189745721016
2025-12-17T12:00:00Z,2025-12-17,6,06:00:00,2025-12-17,06:00,N,29.05,1.0,6971.0,0.8958560135470104
2025-12-17T13:00:00Z,2025-12-17,7,07:00:00,2025-12-17,07:00,N,42.34,1.0,6157.0,0.8993223432195502
2025-12-17T14:00:00Z,2025-12-17,8,08:00:00,2025-12-17,08:00,N,44.11,55.0,4855.0,0.9105972809331346
2025-12-17T15:00:00Z,2025-12-17,9,09:00:00,2025-12-17,09:00,N,40.66,3174.0,3879.0,0.9096769294810517
2025-12-17T16:00:00Z,2025-12-17,10,10:00:00,2025-12-17,10:00,N,38.01,8675.0,2567.0,0.8527348454136321
2025-12-17T17:00:00Z,2025-12-17,11,11:00:00,2025-12-17,11:00,N,35.14,10590.0,1415.0,0.8279004465039874
2025-12-17T18:00:00Z,2025-12-17,12,12:00:00,2025-12-17,12:00,N,33.73,11418.0,1232.0,0.8101532954264058
2025-12-17T19:00:00Z,2025-12-17,13,13:00:00,2025-12-17,13:00,N,30.68,11987.0,1715.0,0.789448424049466
2025-12-17T20:00:00Z,2025-12-17,14,14:00:00,2025-12-17,14:00,N,26.24,11984.0,3118.0,0.7585824834643241
2025-12-17T21:00:00Z,2025-12-17,15,15:00:00,2025-12-17,15:00,N,27.08,11165.0,5381.0,0.7122449157639906
2025-12-17T22:00:00Z,2025-12-17,16,16:00:00,2025-12-17,16:00,N,24.96,10170.0,6339.0,0.7175288670600498
2025-12-17T23:00:00Z,2025-12-17,17,17:00:00,2025-12-17,17:00,N,32.27,6471.0,7506.0,0.7714832987835858
2025-12-18T00:00:00Z,2025-12-17,18,18:00:00,2025-12-17,18:00,N,39.78,754.0,9818.0,0.8046756549413853
2025-12-18T01:00:00Z,2025-12-17,19,19:00:00,2025-12-17,19:00,N,43.24,0.0,14603.0,0.7250387832191774
2025-12-18T02:00:00Z,2025-12-17,20,20:00:00,2025-12-17,20:00,N,32.48,0.0,18829.0,0.6408403646685018
2025-12-18T03:00:00Z,2025-12-17,21,21:00:00,2025-12-17,21:00,N,27.7,0.0,20075.0,0.6123502291578357
2025-12-18T04:00:00Z,2025-12-17,22,22:00:00,2025-12-17,22:00,N,23.9,1.0,22144.0,0.5649856622345595
2025-12-18T05:00:00Z,2025-12-17,23,23:00:00,2025-12-17,23:00,N,23.85,1.0,22617.0,0.5424952728345083
2025-12-18T06:00:00Z,2025-12-17,24,00:00:00,2025-12-17,24:00,N,22.18,1.0,22742.0,0.5170737379800899
2025-12-18T07:00:00Z,2025-12-18,1,01:00:00,2025-12-18,01:00,N,21.19,1.0,22605.0,0.4944846118357862
2025-12-18T08:00:00Z,2025-12-18,2,02:00:00,2025-12-18,02:00,N,19.98,1.0,21909.0,0.4996285917153878
2025-12-18T09:00:00Z,2025-12-18,3,03:00:00,2025-12-18,03:00,N,18.53,1.0,21631.0,0.49991460819261235
2025-12-18T10:00:00Z,2025-12-18,4,04:00:00,2025-12-18,04:00,N,18.72,1.0,21070.0,0.5111164020690893
2025-12-18T11:00:00Z,2025-12-18,5,05:00:00,2025-12-18,05:00,N,19.89,1.0,20806.0,0.5292666419474156
2025-12-18T12:00:00Z,2025-12-18,6,06:00:00,2025-12-18,06:00,N,26.22,0.0,21176.0,0.53896011520886
2025-12-18T13:00:00Z,2025-12-18,7,07:00:00,2025-12-18,07:00,N,28.42,0.0,20654.0,0.5371633215579047
2025-12-18T14:00:00Z,2025-12-18,8,08:00:00,2025-12-18,08:00,N,28.38,303.0,20931.0,0.546600969280025
2025-12-18T15:00:00Z,2025-12-18,9,09:00:00,2025-12-18,09:00,N,22.75,6261.0,19750.0,0.5152614279413626
2025-12-18T16:00:00Z,2025-12-18,10,10:00:00,2025-12-18,10:00,N,17.14,12724.0,17372.0,0.448106430414472
2025-12-18T17:00:00Z,2025-12-18,11,11:00:00,2025-12-18,11:00,N,10.83,14959.0,17613.0,0.40042088329488024
2025-12-18T18:00:00Z,2025-12-18,12,12:00:00,2025-12-18,12:00,N,7.44,17170.0,18418.0,0.33546791396533293
2025-12-18T19:00:00Z,2025-12-18,13,13:00:00,2025-12-18,13:00,N,6.05,17497.0,18451.0,0.32061107394363747
2025-12-18T20:00:00Z,2025-12-18,14,14:00:00,2025-12-18,14:00,N,5.85,17864.0,18297.0,0.31589579797606093
2025-12-18T21:00:00Z,2025-12-18,15,15:00:00,2025-12-18,15:00,N,5.92,17613.0,17171.0,0.33100545374442136
2025-12-18T22:00:00Z,2025-12-18,16,16:00:00,2025-12-18,16:00,N,10.06,16015.0,16198.0,0.3685776252167502
2025-12-18T23:00:00Z,2025-12-18,17,17:00:00,2025-12-18,17:00,N,24.18,10058.0,16178.0,0.4705222823751093
2025-12-19T00:00:00Z,2025-12-18,18,18:00:00,2025-12-18,18:00,N,47.78,888.0,12918.0,0.6948342647924973
2025-12-19T01:00:00Z,2025-12-18,19,19:00:00,2025-12-18,19:00,N,45.39,0.0,12620.0,0.7453127590914064
2025-12-19T02:00:00Z,2025-12-18,20,20:00:00,2025-12-18,20:00,N,44.05,0.0,13356.0,0.7440277223298222
2025-12-19T03:00:00Z,2025-12-18,21,21:00:00,2025-12-18,21:00,N,39.45,0.0,13005.0,0.744105125384309
2025-12-19T04:00:00Z,2025-12-18,22,22:00:00,2025-12-18,22:00,N,41.96,0.0,11322.0,0.7520685000694529
2025-12-19T05:00:00Z,2025-12-18,23,23:00:00,2025-12-18,23:00,N,32.35,0.0,10699.0,0.7826574997618515
2025-12-19T06:00:00Z,2025-12-18,24,00:00:00,2025-12-18,24:00,N,26.61,0.0,10607.0,0.7999757253254066
2025-12-19T07:00:00Z,2025-12-19,1,01:00:00,2025-12-19,01:00,N,28.36,0.0,11039.0,0.7970492770491966
2025-12-19T08:00:00Z,2025-12-19,2,02:00:00,2025-12-19,02:00,N,26.27,0.0,11773.0,0.7816409077927526
2025-12-19T09:00:00Z,2025-12-19,3,03:00:00,2025-12-19,03:00,N,24.23,0.0,13373.0,0.7468973024185588
2025-12-19T10:00:00Z,2025-12-19,4,04:00:00,2025-12-19,04:00,N,23.29,0.0,14843.0,0.7024563731953155
2025-12-19T11:00:00Z,2025-12-19,5,05:00:00,2025-12-19,05:00,N,25.14,0.0,15632.0,0.6972113171960471
2025-12-19T12:00:00Z,2025-12-19,6,06:00:00,2025-12-19,06:00,N,27.73,0.0,17914.0,0.6567623294855093
2025-12-19T13:00:00Z,2025-12-19,7,07:00:00,2025-12-19,07:00,N,27.51,0.0,19597.0,0.6408416697628213
2025-12-19T14:00:00Z,2025-12-19,8,08:00:00,2025-12-19,08:00,N,25.02,870.0,22121.0,0.6082907373591467
2025-12-19T15:00:00Z,2025-12-19,9,09:00:00,2025-12-19,09:00,N,22.34,11082.0,21465.0,0.44802507005939607
2025-12-19T16:00:00Z,2025-12-19,10,10:00:00,2025-12-19,10:00,N,14.38,19286.0,18637.0,0.33577143495286993
2025-12-19T17:00:00Z,2025-12-19,11,11:00:00,2025-12-19,11:00,N,7.33,19982.0,18799.0,0.3190240746734545
2025-12-19T18:00:00Z,2025-12-19,12,12:00:00,2025-12-19,12:00,N,5.51,19486.0,19036.0,0.317555348267029
2025-12-19T19:00:00Z,2025-12-19,13,13:00:00,2025-12-19,13:00,N,4.31,18382.0,18466.0,0.3210987298485085
2025-12-19T20:00:00Z,2025-12-19,14,14:00:00,2025-12-19,14:00,N,3.48,18041.0,17995.0,0.3105910588579976
2025-12-19T21:00:00Z,2025-12-19,15,15:00:00,2025-12-19,15:00,N,3.63,17740.0,17808.0,0.31787358594840487
2025-12-19T22:00:00Z,2025-12-19,16,16:00:00,2025-12-19,16:00,N,3.78,17277.0,17820.0,0.3301770724603429
2025-12-19T23:00:00Z,2025-12-19,17,17:00:00,2025-12-19,17:00,N,20.42,10196.0,18909.0,0.4425586307778137
2025-12-20T00:00:00Z,2025-12-19,18,18:00:00,2025-12-19,18:00,N,26.1,1008.0,21763.0,0.5916920550770176
2025-12-20T01:00:00Z,2025-12-19,19,19:00:00,2025-12-19,19:00,N,29.04,1.0,23743.0,0.59095370261531
2025-12-20T02:00:00Z,2025-12-19,20,20:00:00,2025-12-19,20:00,N,30.62,1.0,24809.0,0.5453014556642879
2025-12-20T03:00:00Z,2025-12-19,21,21:00:00,2025-12-19,21:00,N,29.52,1.0,25376.0,0.5420240363129355
2025-12-20T04:00:00Z,2025-12-19,22,22:00:00,2025-12-19,22:00,N,24.87,1.0,26037.0,0.5467988311680497
2025-12-20T05:00:00Z,2025-12-19,23,23:00:00,2025-12-19,23:00,N,23.48,1.0,25972.0,0.5385785800067335
2025-12-20T06:00:00Z,2025-12-19,24,00:00:00,2025-12-19,24:00,N,22.38,1.0,25764.0,0.5123420572943753
2025-12-20T07:00:00Z,2025-12-20,1,01:00:00,2025-12-20,01:00,N,20.4,1.0,25807.0,0.5075553449734027
2025-12-20T08:00:00Z,2025-12-20,2,02:00:00,2025-12-20,02:00,N,17.55,1.0,25931.0,0.48179741980453694
2025-12-20T09:00:00Z,2025-12-20,3,03:00:00,2025-12-20,03:00,N,16.69,1.0,25535.0,0.4708013451573515
2025-12-20T10:00:00Z,2025-12-20,4,04:00:00,2025-12-20,04:00,N,16.77,1.0,25090.0,0.47904004046021453
2025-12-20T11:00:00Z,2025-12-20,5,05:00:00,2025-12-20,05:00,N,18.23,1.0,24825.0,0.49065521486391783
2025-12-20T12:00:00Z,2025-12-20,6,06:00:00,2025-12-20,06:00,N,21.01,1.0,24737.0,0.5030521264318556
2025-12-20T13:00:00Z,2025-12-20,7,07:00:00,2025-12-20,07:00,N,21.05,1.0,25497.0,0.49584604695827894
2025-12-20T14:00:00Z,2025-12-20,8,08:00:00,2025-12-20,08:00,N,21.19,395.0,25293.0,0.49411429612865354
2025-12-20T15:00:00Z,2025-12-20,9,09:00:00,2025-12-20,09:00,N,16.82,6874.0,22732.0,0.452828848418081
2025-12-20T16:00:00Z,2025-12-20,10,10:00:00,2025-12-20,10:00,N,10.03,14711.0,18340.0,0.38402730189184664
2025-12-20T17:00:00Z,2025-12-20,11,11:00:00,2025-12-20,11:00,N,9.38,17493.0,16382.0,0.36224696070713386
2025-12-20T18:00:00Z,2025-12-20,12,12:00:00,2025-12-20,12:00,N,9.32,17976.0,16581.0,0.35431599369655653
2025-12-20T19:00:00Z,2025-12-20,13,13:00:00,2025-12-20,13:00,N,8.91,17267.0,17689.0,0.34484511163571463
2025-12-20T20:00:00Z,2025-12-20,14,14:00:00,2025-12-20,14:00,N,8.33,17012.0,17291.0,0.33133864218078074
2025-12-20T21:00:00Z,2025-12-20,15,15:00:00,2025-12-20,15:00,N,8.29,16214.0,16602.0,0.35071267472426687
2025-12-20T22:00:00Z,2025-12-20,16,16:00:00,2025-12-20,16:00,N,11.15,15288.0,16473.0,0.3759820810191456
2025-12-20T23:00:00Z,2025-12-20,17,17:00:00,2025-12-20,17:00,N,26.96,9683.0,16476.0,0.4835670405168871
2025-12-21T00:00:00Z,2025-12-20,18,18:00:00,2025-12-20,18:00,N,37.32,965.0,16688.0,0.6491439281620603
2025-12-21T01:00:00Z,2025-12-20,19,19:00:00,2025-12-20,19:00,N,33.06,0.0,19536.0,0.6554883518460539
2025-12-21T02:00:00Z,2025-12-20,20,20:00:00,2025-12-20,20:00,N,28.0,0.0,20031.0,0.6679186359527546
2025-12-21T03:00:00Z,2025-12-20,21,21:00:00,2025-12-20,21:00,N,26.15,0.0,22742.0,0.6056784011988666
2025-12-21T04:00:00Z,2025-12-20,22,22:00:00,2025-12-20,22:00,N,26.12,0.0,23736.0,0.5748796468984697
2025-12-21T05:00:00Z,2025-12-20,23,23:00:00,2025-12-20,23:00,N,24.66,0.0,23294.0,0.5770785361711795
2025-12-21T06:00:00Z,2025-12-20,24,00:00:00,2025-12-20,24:00,N,22.63,0.0,21238.0,0.615834465245961
2025-12-21T07:00:00Z,2025-12-21,1,01:00:00,2025-12-21,01:00,N,22.73,0.0,18456.0,0.6602949847475031
2025-12-21T08:00:00Z,2025-12-21,2,02:00:00,2025-12-21,02:00,N,25.86,0.0,17268.0,0.6686924824041987
2025-12-21T09:00:00Z,2025-12-21,3,03:00:00,2025-12-21,03:00,N,25.51,0.0,16302.0,0.6822352692480278
2025-12-21T10:00:00Z,2025-12-21,4,04:00:00,2025-12-21,04:00,N,25.38,0.0,16592.0,0.6726998042914258
2025-12-21T11:00:00Z,2025-12-21,5,05:00:00,2025-12-21,05:00,N,23.3,0.0,16133.0,0.6804936130715853
2025-12-21T12:00:00Z,2025-12-21,6,06:00:00,2025-12-21,06:00,N,23.75,0.0,14763.0,0.7069668990165403
2025-12-21T13:00:00Z,2025-12-21,7,07:00:00,2025-12-21,07:00,N,24.28,1.0,11885.0,0.7926970522299563
2025-12-21T14:00:00Z,2025-12-21,8,08:00:00,2025-12-21,08:00,N,29.13,181.0,9818.0,0.8590515626904008
2025-12-21T15:00:00Z,2025-12-21,9,09:00:00,2025-12-21,09:00,N,27.83,5028.0,8166.0,0.8308636843352761
2025-12-21T16:00:00Z,2025-12-21,10,10:00:00,2025-12-21,10:00,N,24.41,12280.0,4846.0,0.7612250299627316
2025-12-21T17:00:00Z,2025-12-21,11,11:00:00,2025-12-21,11:00,N,27.01,14233.0,3425.0,0.7542152681791612
2025-12-21T18:00:00Z,2025-12-21,12,12:00:00,2025-12-21,12:00,N,26.49,15125.0,2446.0,0.7597330957130247
2025-12-21T19:00:00Z,2025-12-21,13,13:00:00,2025-12-21,13:00,N,26.18,15774.0,1529.0,0.7738254720527018
2025-12-21T20:00:00Z,2025-12-21,14,14:00:00,2025-12-21,14:00,N,26.2,16766.0,1289.0,0.7510924555031734
2025-12-21T21:00:00Z,2025-12-21,15,15:00:00,2025-12-21,15:00,N,26.19,16380.0,1280.0,0.7705043530775694
2025-12-21T22:00:00Z,2025-12-21,16,16:00:00,2025-12-21,16:00,N,26.57,15341.0,1572.0,0.7871619427838532
2025-12-21T23:00:00Z,2025-12-21,17,17:00:00,2025-12-21,17:00,N,37.86,9100.0,2561.0,0.8791802487071784
2025-12-22T00:00:00Z,2025-12-21,18,18:00:00,2025-12-21,18:00,N,53.82,955.0,4223.0,0.9468583090061065
2025-12-22T01:00:00Z,2025-12-21,19,19:00:00,2025-12-21,19:00,N,51.72,0.0,5831.0,0.9341101972855614
2025-12-22T02:00:00Z,2025-12-21,20,20:00:00,2025-12-21,20:00,N,49.4,0.0,6763.0,0.9402956346144759
2025-12-22T03:00:00Z,2025-12-21,21,21:00:00,2025-12-21,21:00,N,40.75,0.0,7620.0,0.9407605153353161
2025-12-22T04:00:00Z,2025-12-21,22,22:00:00,2025-12-21,22:00,N,36.91,0.0,9001.0,0.9338492828171105
2025-12-22T05:00:00Z,2025-12-21,23,23:00:00,2025-12-21,23:00,N,30.92,0.0,11099.0,0.8753176237946797
2025-12-22T06:00:00Z,2025-12-21,24,00:00:00,2025-12-21,24:00,N,28.27,1.0,13605.0,0.7895608576685285
2025-12-22T07:00:00Z,2025-12-22,1,01:00:00,2025-12-22,01:00,N,24.44,1.0,15250.0,0.7338550979444923
2025-12-22T08:00:00Z,2025-12-22,2,02:00:00,2025-12-22,02:00,N,23.27,1.0,15860.0,0.7175861612272985
2025-12-22T09:00:00Z,2025-12-22,3,03:00:00,2025-12-22,03:00,N,23.55,0.0,16331.0,0.6963756467286123
2025-12-22T10:00:00Z,2025-12-22,4,04:00:00,2025-12-22,04:00,N,21.86,0.0,16778.0,0.6875911672232913
2025-12-22T11:00:00Z,2025-12-22,5,05:00:00,2025-12-22,05:00,N,21.95,0.0,16856.0,0.6878765264320089
2025-12-22T12:00:00Z,2025-12-22,6,06:00:00,2025-12-22,06:00,N,23.63,1.0,16198.0,0.7120725456246562
2025-12-22T13:00:00Z,2025-12-22,7,07:00:00,2025-12-22,07:00,N,23.33,0.0,16213.0,0.7154436387818398
2025-12-22T14:00:00Z,2025-12-22,8,08:00:00,2025-12-22,08:00,N,24.1,124.0,16146.0,0.728584380018462
2025-12-22T15:00:00Z,2025-12-22,9,09:00:00,2025-12-22,09:00,N,22.03,4379.0,15442.0,0.6942695316390833
2025-12-22T16:00:00Z,2025-12-22,10,10:00:00,2025-12-22,10:00,N,19.33,11745.0,12295.0,0.6128876874383961
2025-12-22T17:00:00Z,2025-12-22,11,11:00:00,2025-12-22,11:00,N,20.92,15138.0,11478.0,0.5677748960434708
2025-12-22T18:00:00Z,2025-12-22,12,12:00:00,2025-12-22,12:00,N,20.93,17128.0,13500.0,0.49842264574068346
2025-12-22T19:00:00Z,2025-12-22,13,13:00:00,2025-12-22,13:00,N,20.34,18431.0,14521.0,0.44899652976593585
2025-12-22T20:00:00Z,2025-12-22,14,14:00:00,2025-12-22,14:00,N,19.94,18012.0,15373.0,0.44643850223756826
2025-12-22T21:00:00Z,2025-12-22,15,15:00:00,2025-12-22,15:00,N,19.28,17437.0,15772.0,0.44697152471961343
2025-12-22T22:00:00Z,2025-12-22,16,16:00:00,2025-12-22,16:00,N,18.31,16431.0,16566.0,0.4677038545806378
2025-12-22T23:00:00Z,2025-12-22,17,17:00:00,2025-12-22,17:00,N,23.1,10140.0,18022.0,0.5530690406222112
2025-12-23T00:00:00Z,2025-12-22,18,18:00:00,2025-12-22,18:00,N,27.81,1025.0,20202.0,0.6609603818244489
2025-12-23T01:00:00Z,2025-12-22,19,19:00:00,2025-12-22,19:00,N,26.44,0.0,23490.0,0.65285258036787
2025-12-23T02:00:00Z,2025-12-22,20,20:00:00,2025-12-22,20:00,N,24.84,1.0,25156.0,0.6205806992380597
2025-12-23T03:00:00Z,2025-12-22,21,21:00:00,2025-12-22,21:00,N,23.58,1.0,25140.0,0.6105433041845796
2025-12-23T04:00:00Z,2025-12-22,22,22:00:00,2025-12-22,22:00,N,21.31,0.0,25044.0,0.6071700606298972
2025-12-23T05:00:00Z,2025-12-22,23,23:00:00,2025-12-22,23:00,N,20.93,0.0,25090.0,0.58658069790847
2025-12-23T06:00:00Z,2025-12-22,24,00:00:00,2025-12-22,24:00,N,17.65,0.0,24581.0,0.5636520318921189
2025-12-23T07:00:00Z,2025-12-23,1,01:00:00,2025-12-23,01:00,N,17.4,0.0,24393.0,0.5397379201481806
2025-12-23T08:00:00Z,2025-12-23,2,02:00:00,2025-12-23,02:00,N,15.83,0.0,24604.0,0.5290380028580564
2025-12-23T09:00:00Z,2025-12-23,3,03:00:00,2025-12-23,03:00,N,15.09,0.0,23981.0,0.5235522473879539
2025-12-23T10:00:00Z,2025-12-23,4,04:00:00,2025-12-23,04:00,N,15.92,0.0,22990.0,0.5253027456135665
2025-12-23T11:00:00Z,2025-12-23,5,05:00:00,2025-12-23,05:00,N,16.8,0.0,22363.0,0.541631676126462
2025-12-23T12:00:00Z,2025-12-23,6,06:00:00,2025-12-23,06:00,N,20.23,0.0,21811.0,0.5749702368063511
2025-12-23T13:00:00Z,2025-12-23,7,07:00:00,2025-12-23,07:00,N,22.11,0.0,21327.0,0.6168397721305396
2025-12-23T14:00:00Z,2025-12-23,8,08:00:00,2025-12-23,08:00,N,23.47,153.0,20171.0,0.6557378666392621
2025-12-23T15:00:00Z,2025-12-23,9,09:00:00,2025-12-23,09:00,N,22.27,4629.0,18758.0,0.6470194263868843
2025-12-23T16:00:00Z,2025-12-23,10,10:00:00,2025-12-23,10:00,N,21.1,13159.0,15105.0,0.5525539301316097
2025-12-23T17:00:00Z,2025-12-23,11,11:00:00,2025-12-23,11:00,N,21.83,16968.0,14323.0,0.5056155191329494
2025-12-23T18:00:00Z,2025-12-23,12,12:00:00,2025-12-23,12:00,N,21.37,17920.0,14675.0,0.48491309315649256
2025-12-23T19:00:00Z,2025-12-23,13,13:00:00,2025-12-23,13:00,N,21.3,18528.0,14540.0,0.487479865021071
2025-12-23T20:00:00Z,2025-12-23,14,14:00:00,2025-12-23,14:00,N,21.08,18035.0,13899.0,0.5246507363211675
2025-12-23T21:00:00Z,2025-12-23,15,15:00:00,2025-12-23,15:00,N,21.49,18064.0,13085.0,0.5596437060927346
2025-12-23T22:00:00Z,2025-12-23,16,16:00:00,2025-12-23,16:00,N,21.42,17949.0,13100.0,0.5763793850450738
2025-12-23T23:00:00Z,2025-12-23,17,17:00:00,2025-12-23,17:00,N,30.82,11223.0,13382.0,0.6368541304208732
2025-12-24T00:00:00Z,2025-12-23,18,18:00:00,2025-12-23,18:00,N,40.0,1077.0,13014.0,0.7021541646221965
2025-12-24T01:00:00Z,2025-12-23,19,19:00:00,2025-12-23,19:00,N,31.34,0.0,16391.0,0.7506926257952548
2025-12-24T02:00:00Z,2025-12-23,20,20:00:00,2025-12-23,20:00,N,25.3,0.0,20968.0,0.7262797348451414
2025-12-24T03:00:00Z,2025-12-23,21,21:00:00,2025-12-23,21:00,N,22.22,0.0,23778.0,0.6683472611122038
2025-12-24T04:00:00Z,2025-12-23,22,22:00:00,2025-12-23,22:00,N,21.6,1.0,24849.0,0.6281388150991627
2025-12-24T05:00:00Z,2025-12-23,23,23:00:00,2025-12-23,23:00,N,22.04,0.0,24713.0,0.6031637009100083
2025-12-24T06:00:00Z,2025-12-23,24,00:00:00,2025-12-23,24:00,N,18.21,1.0,24177.0,0.589191333834004
2025-12-24T07:00:00Z,2025-12-24,1,01:00:00,2025-12-24,01:00,N,17.74,1.0,23623.0,0.5882605595249579
2025-12-24T08:00:00Z,2025-12-24,2,02:00:00,2025-12-24,02:00,N,16.04,0.0,22870.0,0.5936138146611427
2025-12-24T09:00:00Z,2025-12-24,3,03:00:00,2025-12-24,03:00,N,16.29,0.0,21677.0,0.6006327460060993
2025-12-24T10:00:00Z,2025-12-24,4,04:00:00,2025-12-24,04:00,N,17.08,0.0,19744.0,0.6114029689681189
2025-12-24T11:00:00Z,2025-12-24,5,05:00:00,2025-12-24,05:00,N,18.19,0.0,17610.0,0.6605797662054727
2025-12-24T12:00:00Z,2025-12-24,6,06:00:00,2025-12-24,06:00,N,21.63,0.0,16596.0,0.6929445926917732
2025-12-24T13:00:00Z,2025-12-24,7,07:00:00,2025-12-24,07:00,N,23.49,0.0,16677.0,0.6852795988083785
2025-12-24T14:00:00Z,2025-12-24,8,08:00:00,2025-12-24,08:00,N,26.42,107.0,17074.0,0.6591708718697821
2025-12-24T15:00:00Z,2025-12-24,9,09:00:00,2025-12-24,09:00,N,23.31,2589.0,15866.0,0.6560161074077832
2025-12-24T16:00:00Z,2025-12-24,10,10:00:00,2025-12-24,10:00,N,21.42,7974.0,13566.0,0.644413715293009
2025-12-24T17:00:00Z,2025-12-24,11,11:00:00,2025-12-24,11:00,N,18.85,13517.0,15185.0,0.5014020086208
2025-12-24T18:00:00Z,2025-12-24,12,12:00:00,2025-12-24,12:00,N,18.05,16779.0,16113.0,0.42118482123324924
2025-12-24T19:00:00Z,2025-12-24,13,13:00:00,2025-12-24,13:00,N,16.83,18733.0,15181.0,0.409832262863139
2025-12-24T20:00:00Z,2025-12-24,14,14:00:00,2025-12-24,14:00,N,17.47,19220.0,14314.0,0.42559134570358553
2025-12-24T21:00:00Z,2025-12-24,15,15:00:00,2025-12-24,15:00,N,17.87,19713.0,13839.0,0.4378811526121838
2025-12-24T22:00:00Z,2025-12-24,16,16:00:00,2025-12-24,16:00,N,19.83,17912.0,13638.0,0.48527382497082194
2025-12-24T23:00:00Z,2025-12-24,17,17:00:00,2025-12-24,17:00,N,32.02,9327.0,13354.0,0.6071671078202199
2025-12-25T00:00:00Z,2025-12-24,18,18:00:00,2025-12-24,18:00,N,38.42,852.0,13741.0,0.690842927569454
2025-12-25T01:00:00Z,2025-12-24,19,19:00:00,2025-12-24,19:00,N,27.99,0.0,17415.0,0.7046685621205347
2025-12-25T02:00:00Z,2025-12-24,20,20:00:00,2025-12-24,20:00,N,24.48,0.0,21269.0,0.6738810438137569
2025-12-25T03:00:00Z,2025-12-24,21,21:00:00,2025-12-24,21:00,N,22.27,0.0,23586.0,0.5964471504097311
2025-12-25T04:00:00Z,2025-12-24,22,22:00:00,2025-12-24,22:00,N,20.38,0.0,23881.0,0.5701382613760204
2025-12-25T05:00:00Z,2025-12-24,23,23:00:00,2025-12-24,23:00,N,20.45,0.0,23686.0,0.5461057531436975
2025-12-25T06:00:00Z,2025-12-24,24,00:00:00,2025-12-24,24:00,N,18.34,0.0,23696.0,0.5276201122835819
2025-12-25T07:00:00Z,2025-12-25,1,01:00:00,2025-12-25,01:00,N,16.99,0.0,23492.0,0.5142647142724922
2025-12-25T08:00:00Z,2025-12-25,2,02:00:00,2025-12-25,02:00,N,16.52,0.0,22797.0,0.522356014673642
2025-12-25T09:00:00Z,2025-12-25,3,03:00:00,2025-12-25,03:00,N,16.63,0.0,21723.0,0.527941888724452
2025-12-25T10:00:00Z,2025-12-25,4,04:00:00,2025-12-25,04:00,N,16.85,0.0,20862.0,0.5247866514082289
2025-12-25T11:00:00Z,2025-12-25,5,05:00:00,2025-12-25,05:00,N,16.57,0.0,19955.0,0.5241137546975221
2025-12-25T12:00:00Z,2025-12-25,6,06:00:00,2025-12-25,06:00,N,17.3,0.0,19020.0,0.5519061258478818
2025-12-25T13:00:00Z,2025-12-25,7,07:00:00,2025-12-25,07:00,N,15.47,0.0,17846.0,0.6004779937984437
2025-12-25T14:00:00Z,2025-12-25,8,08:00:00,2025-12-25,08:00,N,18.26,125.0,16970.0,0.6284996728869348
2025-12-25T15:00:00Z,2025-12-25,9,09:00:00,2025-12-25,09:00,N,17.2,3431.0,15773.0,0.6082572189924594
2025-12-25T16:00:00Z,2025-12-25,10,10:00:00,2025-12-25,10:00,N,14.54,9829.0,12765.0,0.559712528657349
2025-12-25T17:00:00Z,2025-12-25,11,11:00:00,2025-12-25,11:00,N,15.32,14332.0,10921.0,0.5116874334162016
2025-12-25T18:00:00Z,2025-12-25,12,12:00:00,2025-12-25,12:00,N,15.93,16305.0,10467.0,0.4824464799157296
2025-12-25T19:00:00Z,2025-12-25,13,13:00:00,2025-12-25,13:00,N,16.15,17227.0,9634.0,0.48573630887174984
2025-12-25T20:00:00Z,2025-12-25,14,14:00:00,2025-12-25,14:00,N,16.63,16733.0,9720.0,0.5107261001021285
2025-12-25T21:00:00Z,2025-12-25,15,15:00:00,2025-12-25,15:00,N,17.29,16736.0,10744.0,0.5038239276183595
2025-12-25T22:00:00Z,2025-12-25,16,16:00:00,2025-12-25,16:00,N,18.35,15727.0,12025.0,0.5058445381173396
2025-12-25T23:00:00Z,2025-12-25,17,17:00:00,2025-12-25,17:00,N,24.56,9772.0,12598.0,0.585185832683412
2025-12-26T00:00:00Z,2025-12-25,18,18:00:00,2025-12-25,18:00,N,37.69,986.0,14087.0,0.6876414392413492
2025-12-26T01:00:00Z,2025-12-25,19,19:00:00,2025-12-25,19:00,N,29.13,0.0,18198.0,0.6586442368731863
2025-12-26T02:00:00Z,2025-12-25,20,20:00:00,2025-12-25,20:00,N,22.44,0.0,21981.0,0.5980888869441748
2025-12-26T03:00:00Z,2025-12-25,21,21:00:00,2025-12-25,21:00,N,19.72,0.0,23827.0,0.5388546332416329
2025-12-26T04:00:00Z,2025-12-25,22,22:00:00,2025-12-25,22:00,N,18.22,0.0,23870.0,0.518902370769877
2025-12-26T05:00:00Z,2025-12-25,23,23:00:00,2025-12-25,23:00,N,17.34,0.0,23289.0,0.516027444217089
2025-12-26T06:00:00Z,2025-12-25,24,00:00:00,2025-12-25,24:00,N,15.93,0.0,22893.0,0.5145415929328143
2025-12-26T07:00:00Z,2025-12-26,1,01:00:00,2025-12-26,01:00,N,15.13,0.0,21733.0,0.5215116060247171
2025-12-26T08:00:00Z,2025-12-26,2,02:00:00,2025-12-26,02:00,N,14.98,0.0,20118.0,0.5425175527658763
2025-12-26T09:00:00Z,2025-12-26,3,03:00:00,2025-12-26,03:00,N,14.67,0.0,18879.0,0.5663148307802945
2025-12-26T10:00:00Z,2025-12-26,4,04:00:00,2025-12-26,04:00,N,14.06,0.0,17998.0,0.579332650430803
2025-12-26T11:00:00Z,2025-12-26,5,05:00:00,2025-12-26,05:00,N,14.4,0.0,17573.0,0.5861904016161913
2025-12-26T12:00:00Z,2025-12-26,6,06:00:00,2025-12-26,06:00,N,16.24,0.0,16918.0,0.6162301686975421
2025-12-26T13:00:00Z,2025-12-26,7,07:00:00,2025-12-26,07:00,N,18.67,0.0,16014.0,0.6547158949720818
2025-12-26T14:00:00Z,2025-12-26,8,08:00:00,2025-12-26,08:00,N,20.55,272.0,14731.0,0.6820057107662019
2025-12-26T15:00:00Z,2025-12-26,9,09:00:00,2025-12-26,09:00,N,19.55,5865.0,12584.0,0.6341660612124294
2025-12-26T16:00:00Z,2025-12-26,10,10:00:00,2025-12-26,10:00,N,18.44,14342.0,7861.0,0.5678321373249334
2025-12-26T17:00:00Z,2025-12-26,11,11:00:00,2025-12-26,11:00,N,20.54,18265.0,5354.0,0.5670550698762602
2025-12-26T18:00:00Z,2025-12-26,12,12:00:00,2025-12-26,12:00,N,21.48,20428.0,5437.0,0.5286233160952337
2025-12-26T19:00:00Z,2025-12-26,13,13:00:00,2025-12-26,13:00,N,22.64,20820.0,5395.0,0.5400940038128553
2025-12-26T20:00:00Z,2025-12-26,14,14:00:00,2025-12-26,14:00,N,22.83,20989.0,5492.0,0.5539655120141203
2025-12-26T21:00:00Z,2025-12-26,15,15:00:00,2025-12-26,15:00,N,23.58,21654.0,6200.0,0.5372110176143217
2025-12-26T22:00:00Z,2025-12-26,16,16:00:00,2025-12-26,16:00,N,22.61,20979.0,7270.0,0.5375527426916317
2025-12-26T23:00:00Z,2025-12-26,17,17:00:00,2025-12-26,17:00,N,44.43,11990.0,7874.0,0.6594021573125138
2025-12-27T00:00:00Z,2025-12-26,18,18:00:00,2025-12-26,18:00,N,60.57,1207.0,7693.0,0.7898798006089596
2025-12-27T01:00:00Z,2025-12-26,19,19:00:00,2025-12-26,19:00,N,41.51,0.0,9609.0,0.8246791915139796
2025-12-27T02:00:00Z,2025-12-26,20,20:00:00,2025-12-26,20:00,N,27.61,0.0,13154.0,0.8124375931447565
2025-12-27T03:00:00Z,2025-12-26,21,21:00:00,2025-12-26,21:00,N,24.9,0.0,15828.0,0.7692104996231403
2025-12-27T04:00:00Z,2025-12-26,22,22:00:00,2025-12-26,22:00,N,22.4,0.0,17794.0,0.7257806801365282
2025-12-27T05:00:00Z,2025-12-26,23,23:00:00,2025-12-26,23:00,N,18.9,0.0,20036.0,0.6616326081493763
2025-12-27T06:00:00Z,2025-12-26,24,00:00:00,2025-12-26,24:00,N,16.28,0.0,21609.0,0.6094875518057262
2025-12-27T07:00:00Z,2025-12-27,1,01:00:00,2025-12-27,01:00,N,16.69,0.0,22790.0,0.554617042458341
2025-12-27T08:00:00Z,2025-12-27,2,02:00:00,2025-12-27,02:00,N,14.85,0.0,23795.0,0.5098557588371192
2025-12-27T09:00:00Z,2025-12-27,3,03:00:00,2025-12-27,03:00,N,14.12,0.0,24002.0,0.49302612109886823
2025-12-27T10:00:00Z,2025-12-27,4,04:00:00,2025-12-27,04:00,N,12.69,0.0,23703.0,0.4924533274456916
2025-12-27T11:00:00Z,2025-12-27,5,05:00:00,2025-12-27,05:00,N,12.79,0.0,22903.0,0.4948366388438381
2025-12-27T12:00:00Z,2025-12-27,6,06:00:00,2025-12-27,06:00,N,13.8,0.0,22299.0,0.5028082925596558
2025-12-27T13:00:00Z,2025-12-27,7,07:00:00,2025-12-27,07:00,N,12.61,0.0,21891.0,0.5141813246465099
2025-12-27T14:00:00Z,2025-12-27,8,08:00:00,2025-12-27,08:00,N,12.83,177.0,21234.0,0.5185331375965976
2025-12-27T15:00:00Z,2025-12-27,9,09:00:00,2025-12-27,09:00,N,11.84,4898.0,19839.0,0.4933224789289456
2025-12-27T16:00:00Z,2025-12-27,10,10:00:00,2025-12-27,10:00,N,10.09,12613.0,16435.0,0.43355159170494356
2025-12-27T17:00:00Z,2025-12-27,11,11:00:00,2025-12-27,11:00,N,10.62,15401.0,16840.0,0.40202478496410676
2025-12-27T18:00:00Z,2025-12-27,12,12:00:00,2025-12-27,12:00,N,10.45,17073.0,17568.0,0.3766247191621357
2025-12-27T19:00:00Z,2025-12-27,13,13:00:00,2025-12-27,13:00,N,9.52,17437.0,18307.0,0.35593979049983054
2025-12-27T20:00:00Z,2025-12-27,14,14:00:00,2025-12-27,14:00,N,10.19,17633.0,19483.0,0.3419875270305203
2025-12-27T21:00:00Z,2025-12-27,15,15:00:00,2025-12-27,15:00,N,9.83,17181.0,20796.0,0.33743706343303925
2025-12-27T22:00:00Z,2025-12-27,16,16:00:00,2025-12-27,16:00,N,9.82,15559.0,21665.0,0.35179484947743966
2025-12-27T23:00:00Z,2025-12-27,17,17:00:00,2025-12-27,17:00,N,17.06,8701.0,23526.0,0.42721690047590977
2025-12-28T00:00:00Z,2025-12-27,18,18:00:00,2025-12-27,18:00,N,25.3,938.0,23937.0,0.5371102883826692
2025-12-28T01:00:00Z,2025-12-27,19,19:00:00,2025-12-27,19:00,N,21.76,0.0,25783.0,0.5324685401038795
2025-12-28T02:00:00Z,2025-12-27,20,20:00:00,2025-12-27,20:00,N,19.41,0.0,27152.0,0.5019954996560413
2025-12-28T03:00:00Z,2025-12-27,21,21:00:00,2025-12-27,21:00,N,16.77,0.0,27199.0,0.4993935066386322
2025-12-28T04:00:00Z,2025-12-27,22,22:00:00,2025-12-27,22:00,N,14.99,0.0,26502.0,0.5158553951228133
2025-12-28T05:00:00Z,2025-12-27,23,23:00:00,2025-12-27,23:00,N,16.47,0.0,26384.0,0.49673837229679363
2025-12-28T06:00:00Z,2025-12-27,24,00:00:00,2025-12-27,24:00,N,14.85,0.0,25965.0,0.4820488359319549
2025-12-28T07:00:00Z,2025-12-28,1,01:00:00,2025-12-28,01:00,N,12.53,0.0,25026.0,0.490500397914373
2025-12-28T08:00:00Z,2025-12-28,2,02:00:00,2025-12-28,02:00,N,9.74,0.0,24285.0,0.4954837570986927
2025-12-28T09:00:00Z,2025-12-28,3,03:00:00,2025-12-28,03:00,N,8.12,0.0,23178.0,0.5059221913356436
2025-12-28T10:00:00Z,2025-12-28,4,04:00:00,2025-12-28,04:00,N,8.22,0.0,21172.0,0.5370444392653031
2025-12-28T11:00:00Z,2025-12-28,5,05:00:00,2025-12-28,05:00,N,10.09,0.0,19155.0,0.5825170008461349
2025-12-28T12:00:00Z,2025-12-28,6,06:00:00,2025-12-28,06:00,N,12.58,0.0,18211.0,0.6064772829561198
2025-12-28T13:00:00Z,2025-12-28,7,07:00:00,2025-12-28,07:00,N,12.25,1.0,16886.0,0.623452827444515
2025-12-28T14:00:00Z,2025-12-28,8,08:00:00,2025-12-28,08:00,N,14.01,241.0,15198.0,0.6363111125663455
2025-12-28T15:00:00Z,2025-12-28,9,09:00:00,2025-12-28,09:00,N,15.08,5490.0,14033.0,0.6003101710729332
2025-12-28T16:00:00Z,2025-12-28,10,10:00:00,2025-12-28,10:00,N,13.36,13337.0,13215.0,0.4774014396771316
2025-12-28T17:00:00Z,2025-12-28,11,11:00:00,2025-12-28,11:00,N,11.41,15167.0,15823.0,0.4169956311561402
2025-12-28T18:00:00Z,2025-12-28,12,12:00:00,2025-12-28,12:00,N,10.49,16698.0,17015.0,0.38992136337275746
2025-12-28T19:00:00Z,2025-12-28,13,13:00:00,2025-12-28,13:00,N,9.82,18062.0,16469.0,0.38437881474934266
2025-12-28T20:00:00Z,2025-12-28,14,14:00:00,2025-12-28,14:00,N,9.7,18624.0,15922.0,0.39329822881062315
2025-12-28T21:00:00Z,2025-12-28,15,15:00:00,2025-12-28,15:00,N,12.5,19039.0,16298.0,0.38528212419483365
2025-12-28T22:00:00Z,2025-12-28,16,16:00:00,2025-12-28,16:00,N,13.09,16372.0,17482.0,0.4175152506002711
2025-12-28T23:00:00Z,2025-12-28,17,17:00:00,2025-12-28,17:00,N,17.96,8606.0,19496.0,0.5048226975737728
2025-12-29T00:00:00Z,2025-12-28,18,18:00:00,2025-12-28,18:00,N,21.21,854.0,22662.0,0.5739890841084877
2025-12-29T01:00:00Z,2025-12-28,19,19:00:00,2025-12-28,19:00,N,20.91,0.0,23644.0,0.5890361592550296
2025-12-29T02:00:00Z,2025-12-28,20,20:00:00,2025-12-28,20:00,N,19.25,0.0,23992.0,0.6125451679843102
2025-12-29T03:00:00Z,2025-12-28,21,21:00:00,2025-12-28,21:00,N,16.23,0.0,23560.0,0.6048875152162748
2025-12-29T04:00:00Z,2025-12-28,22,22:00:00,2025-12-28,22:00,N,15.14,0.0,22217.0,0.6323477938571379
2025-12-29T05:00:00Z,2025-12-28,23,23:00:00,2025-12-28,23:00,N,16.38,0.0,20809.0,0.646504998613248
2025-12-29T06:00:00Z,2025-12-28,24,00:00:00,2025-12-28,24:00,N,14.87,0.0,19924.0,0.6517646857793885
2025-12-29T07:00:00Z,2025-12-29,1,01:00:00,2025-12-29,01:00,N,18.16,0.0,19711.0,0.6316730043750722
2025-12-29T08:00:00Z,2025-12-29,2,02:00:00,2025-12-29,02:00,N,19.31,0.0,19139.0,0.6207216461264815
2025-12-29T09:00:00Z,2025-12-29,3,03:00:00,2025-12-29,03:00,N,18.68,0.0,16876.0,0.6706128460288262
2025-12-29T10:00:00Z,2025-12-29,4,04:00:00,2025-12-29,04:00,N,19.27,1.0,14931.0,0.725759141912252
2025-12-29T11:00:00Z,2025-12-29,5,05:00:00,2025-12-29,05:00,N,19.19,0.0,14287.0,0.7478332661370559
2025-12-29T12:00:00Z,2025-12-29,6,06:00:00,2025-12-29,06:00,N,20.66,0.0,14624.0,0.7652745883254803
2025-12-29T13:00:00Z,2025-12-29,7,07:00:00,2025-12-29,07:00,N,23.24,0.0,14812.0,0.7760350913957528
2025-12-29T14:00:00Z,2025-12-29,8,08:00:00,2025-12-29,08:00,N,27.96,174.0,15432.0,0.749732216011671
2025-12-29T15:00:00Z,2025-12-29,9,09:00:00,2025-12-29,09:00,N,25.82,3147.0,14945.0,0.7420123790522946
2025-12-29T16:00:00Z,2025-12-29,10,10:00:00,2025-12-29,10:00,N,20.84,7868.0,14710.0,0.6823278868826331
2025-12-29T17:00:00Z,2025-12-29,11,11:00:00,2025-12-29,11:00,N,17.92,9711.0,16771.0,0.6116128921940008
2025-12-29T18:00:00Z,2025-12-29,12,12:00:00,2025-12-29,12:00,N,16.59,10486.0,16230.0,0.6115835652342327
2025-12-29T19:00:00Z,2025-12-29,13,13:00:00,2025-12-29,13:00,N,15.7,10257.0,14270.0,0.660244954253683
2025-12-29T20:00:00Z,2025-12-29,14,14:00:00,2025-12-29,14:00,N,17.7,9244.0,13309.0,0.6910318919628725
2025-12-29T21:00:00Z,2025-12-29,15,15:00:00,2025-12-29,15:00,N,20.09,8038.0,12005.0,0.7300841413897081
2025-12-29T22:00:00Z,2025-12-29,16,16:00:00,2025-12-29,16:00,N,24.14,6513.0,10958.0,0.7722591991773632
2025-12-29T23:00:00Z,2025-12-29,17,17:00:00,2025-12-29,17:00,N,31.01,2926.0,9475.0,0.851791866358461
2025-12-30T00:00:00Z,2025-12-29,18,18:00:00,2025-12-29,18:00,N,36.19,231.0,7811.0,0.9014057842368203
2025-12-30T01:00:00Z,2025-12-29,19,19:00:00,2025-12-29,19:00,N,44.61,0.0,7129.0,0.9128552764027891
2025-12-30T02:00:00Z,2025-12-29,20,20:00:00,2025-12-29,20:00,N,54.41,0.0,7296.0,0.9223594523313462
2025-12-30T03:00:00Z,2025-12-29,21,21:00:00,2025-12-29,21:00,N,54.69,0.0,7113.0,0.9275429922511285
2025-12-30T04:00:00Z,2025-12-29,22,22:00:00,2025-12-29,22:00,N,48.48,0.0,7093.0,0.9406212461459843
2025-12-30T05:00:00Z,2025-12-29,23,23:00:00,2025-12-29,23:00,N,36.08,0.0,7295.0,0.937038277771433
2025-12-30T06:00:00Z,2025-12-29,24,00:00:00,2025-12-29,24:00,N,33.54,0.0,8137.0,0.9210314984071442
2025-12-30T07:00:00Z,2025-12-30,1,01:00:00,2025-12-30,01:00,N,33.77,0.0,8851.0,0.903071336949502
2025-12-30T08:00:00Z,2025-12-30,2,02:00:00,2025-12-30,02:00,N,32.59,0.0,9172.0,0.8921153098591765
2025-12-30T09:00:00Z,2025-12-30,3,03:00:00,2025-12-30,03:00,N,32.33,0.0,9335.0,0.8888501991242803
2025-12-30T10:00:00Z,2025-12-30,4,04:00:00,2025-12-30,04:00,N,33.51,0.0,9489.0,0.8908491168944074
2025-12-30T11:00:00Z,2025-12-30,5,05:00:00,2025-12-30,05:00,N,35.33,1.0,8743.0,0.9113711999829162
2025-12-30T12:00:00Z,2025-12-30,6,06:00:00,2025-12-30,06:00,N,40.86,0.0,8148.0,0.924930538421229
2025-12-30T13:00:00Z,2025-12-30,7,07:00:00,2025-12-30,07:00,N,56.22,0.0,6989.0,0.8982186433329883
2025-12-30T14:00:00Z,2025-12-30,8,08:00:00,2025-12-30,08:00,N,61.05,481.0,5762.0,0.8633559069688094
2025-12-30T15:00:00Z,2025-12-30,9,09:00:00,2025-12-30,09:00,N,30.59,10142.0,5418.0,0.7801991336614738
2025-12-30T16:00:00Z,2025-12-30,10,10:00:00,2025-12-30,10:00,N,22.18,22518.0,4250.0,0.5968122698806224
2025-12-30T17:00:00Z,2025-12-30,11,11:00:00,2025-12-30,11:00,N,19.76,24122.0,3032.0,0.576190079211485
2025-12-30T18:00:00Z,2025-12-30,12,12:00:00,2025-12-30,12:00,N,17.64,23821.0,3388.0,0.5555294308950676
2025-12-30T19:00:00Z,2025-12-30,13,13:00:00,2025-12-30,13:00,N,15.18,23503.0,3988.0,0.5420082306348667
2025-12-30T20:00:00Z,2025-12-30,14,14:00:00,2025-12-30,14:00,N,13.34,23938.0,4268.0,0.5218354281460212
2025-12-30T21:00:00Z,2025-12-30,15,15:00:00,2025-12-30,15:00,N,10.11,24886.0,3578.0,0.5210969575213387
2025-12-30T22:00:00Z,2025-12-30,16,16:00:00,2025-12-30,16:00,N,10.45,24421.0,3145.0,0.504824014840056
2025-12-30T23:00:00Z,2025-12-30,17,17:00:00,2025-12-30,17:00,N,23.62,14017.0,3439.0,0.6857610144125742
2025-12-31T00:00:00Z,2025-12-30,18,18:00:00,2025-12-30,18:00,N,42.22,1308.0,4215.0,0.8784467723175008
2025-12-31T01:00:00Z,2025-12-30,19,19:00:00,2025-12-30,19:00,N,42.52,0.0,6198.0,0.8802166106414768
2025-12-31T02:00:00Z,2025-12-30,20,20:00:00,2025-12-30,20:00,N,37.88,0.0,8633.0,0.8770824438706973
2025-12-31T03:00:00Z,2025-12-30,21,21:00:00,2025-12-30,21:00,N,35.47,0.0,9869.0,0.870290133018502
2025-12-31T04:00:00Z,2025-12-30,22,22:00:00,2025-12-30,22:00,N,30.77,0.0,10389.0,0.8644016592428189
2025-12-31T05:00:00Z,2025-12-30,23,23:00:00,2025-12-30,23:00,N,28.17,0.0,11431.0,0.8550107992965759
2025-12-31T06:00:00Z,2025-12-30,24,00:00:00,2025-12-30,24:00,N,26.33,0.0,12032.0,0.8379803242430405
2025-12-31T07:00:00Z,2025-12-31,1,01:00:00,2025-12-31,01:00,N,27.47,0.0,11566.0,0.8420366073341099
2025-12-31T08:00:00Z,2025-12-31,2,02:00:00,2025-12-31,02:00,N,27.03,0.0,10842.0,0.8557587752184823
2025-12-31T09:00:00Z,2025-12-31,3,03:00:00,2025-12-31,03:00,N,26.92,0.0,9457.0,0.879328498388356
2025-12-31T10:00:00Z,2025-12-31,4,04:00:00,2025-12-31,04:00,N,28.0,0.0,8253.0,0.8989776084964511
2025-12-31T11:00:00Z,2025-12-31,5,05:00:00,2025-12-31,05:00,N,34.97,0.0,7428.0,0.9035792464590422
2025-12-31T12:00:00Z,2025-12-31,6,06:00:00,2025-12-31,06:00,N,42.24,0.0,6620.0,0.9075804142064205
2025-12-31T13:00:00Z,2025-12-31,7,07:00:00,2025-12-31,07:00,N,45.34,0.0,5896.0,0.874077987764438
2025-12-31T14:00:00Z,2025-12-31,8,08:00:00,2025-12-31,08:00,N,43.17,577.0,5391.0,0.844136188751023
2025-12-31T15:00:00Z,2025-12-31,9,09:00:00,2025-12-31,09:00,N,26.38,10372.0,4634.0,0.7833408759999564
2025-12-31T16:00:00Z,2025-12-31,10,10:00:00,2025-12-31,10:00,N,22.07,24423.0,3165.0,0.5631383104659607
2025-12-31T17:00:00Z,2025-12-31,11,11:00:00,2025-12-31,11:00,N,19.59,25678.0,1979.0,0.5442112434511155
2025-12-31T18:00:00Z,2025-12-31,12,12:00:00,2025-12-31,12:00,N,18.02,24741.0,2168.0,0.5552292811597277
2025-12-31T19:00:00Z,2025-12-31,13,13:00:00,2025-12-31,13:00,N,16.53,24037.0,3376.0,0.5275975469685225
2025-12-31T20:00:00Z,2025-12-31,14,14:00:00,2025-12-31,14:00,N,14.21,24089.0,4409.0,0.49569062668577196
2025-12-31T21:00:00Z,2025-12-31,15,15:00:00,2025-12-31,15:00,N,11.52,24944.0,4629.0,0.47887034620546326
2025-12-31T22:00:00Z,2025-12-31,16,16:00:00,2025-12-31,16:00,N,10.39,24427.0,4350.0,0.4892026281429831
2025-12-31T23:00:00Z,2025-12-31,17,17:00:00,2025-12-31,17:00,N,23.52,14600.0,4394.0,0.6353910690272944
2026-01-01T00:00:00Z,2025-12-31,18,18:00:00,2025-12-31,18:00,N,47.27,1707.0,4902.0,0.7776657710676981
2026-01-01T01:00:00Z,2025-12-31,19,19:00:00,2025-12-31,19:00,N,43.1,0.0,7333.0,0.7998882233282332
2026-01-01T02:00:00Z,2025-12-31,20,20:00:00,2025-12-31,20:00,N,33.14,0.0,9984.0,0.8206766491882272
2026-01-01T03:00:00Z,2025-12-31,21,21:00:00,2025-12-31,21:00,N,26.29,0.0,13079.0,0.8109462773515526
2026-01-01T04:00:00Z,2025-12-31,22,22:00:00,2025-12-31,22:00,N,22.29,0.0,15601.0,0.7589822929595001
2026-01-01T05:00:00Z,2025-12-31,23,23:00:00,2025-12-31,23:00,N,23.8,0.0,17983.0,0.6846362702986278
2026-01-01T06:00:00Z,2025-12-31,24,00:00:00,2025-12-31,24:00,N,22.49,0.0,19806.0,0.6292952856216716
